target_id,representative_id,product_id,target_month,target_amount
1,FR0001,P016,2026-01-01,61053.96
2,FR0001,P029,2026-01-01,111748.96
3,FR0001,P015,2026-01-01,177979.93
4,FR0001,P021,2026-01-01,117478.08
5,FR0001,P016,2026-02-01,92094.54
6,FR0001,P029,2026-02-01,248202.55
7,FR0001,P015,2026-02-01,64247.23
8,FR0001,P021,2026-02-01,89167.94
9,FR0001,P016,2026-03-01,205244.63
10,FR0001,P029,2026-03-01,102437.94
11,FR0001,P015,2026-03-01,80270.49
12,FR0001,P021,2026-03-01,84417.69
13,FR0001,P016,2026-04-01,120288.36
14,FR0001,P029,2026-04-01,85081.95
15,FR0001,P015,2026-04-01,177662.89
16,FR0001,P021,2026-04-01,164939.94
17,FR0001,P016,2026-05-01,160844.33
18,FR0001,P029,2026-05-01,126379.47
19,FR0001,P015,2026-05-01,188130.48
20,FR0001,P021,2026-05-01,101666.56
21,FR0001,P016,2026-06-01,123345.71
22,FR0001,P029,2026-06-01,118385.96
23,FR0001,P015,2026-06-01,179147.12
24,FR0001,P021,2026-06-01,175295.73
25,FR0001,P016,2026-07-01,115303.14
26,FR0001,P029,2026-07-01,217634.81
27,FR0001,P015,2026-07-01,149613.5
28,FR0001,P021,2026-07-01,107743.54
29,FR0002,P018,2026-01-01,81202.59
30,FR0002,P012,2026-01-01,180016.62
31,FR0002,P014,2026-01-01,111606.82
32,FR0002,P011,2026-01-01,81139.71
33,FR0002,P018,2026-02-01,225833.64
34,FR0002,P012,2026-02-01,103932.27
35,FR0002,P014,2026-02-01,137553.21
36,FR0002,P011,2026-02-01,80890.79
37,FR0002,P018,2026-03-01,198882.17
38,FR0002,P012,2026-03-01,206421.62
39,FR0002,P014,2026-03-01,54734.2
40,FR0002,P011,2026-03-01,75436.84
41,FR0002,P018,2026-04-01,105040.17
42,FR0002,P012,2026-04-01,50705.63
43,FR0002,P014,2026-04-01,108514.09
44,FR0002,P011,2026-04-01,164167.23
45,FR0002,P018,2026-05-01,58392.6
46,FR0002,P012,2026-05-01,82386.47
47,FR0002,P014,2026-05-01,118091.05
48,FR0002,P011,2026-05-01,192814.13
49,FR0002,P018,2026-06-01,240792.95
50,FR0002,P012,2026-06-01,225225.38
51,FR0002,P014,2026-06-01,71370.77
52,FR0002,P011,2026-06-01,105718.74
53,FR0002,P018,2026-07-01,142265.67
54,FR0002,P012,2026-07-01,59419.84
55,FR0002,P014,2026-07-01,132239.45
56,FR0002,P011,2026-07-01,240119.28
57,FR0003,P015,2026-01-01,60989.13
58,FR0003,P006,2026-01-01,97724.64
59,FR0003,P012,2026-01-01,82159.01
60,FR0003,P002,2026-01-01,73443.04
61,FR0003,P015,2026-02-01,164589.79
62,FR0003,P006,2026-02-01,127944.66
63,FR0003,P012,2026-02-01,217891.82
64,FR0003,P002,2026-02-01,174426.02
65,FR0003,P015,2026-03-01,207843.91
66,FR0003,P006,2026-03-01,61841.79
67,FR0003,P012,2026-03-01,196493.74
68,FR0003,P002,2026-03-01,134495.0
69,FR0003,P015,2026-04-01,119474.88
70,FR0003,P006,2026-04-01,129392.2
71,FR0003,P012,2026-04-01,163665.31
72,FR0003,P002,2026-04-01,232080.1
73,FR0003,P015,2026-05-01,72702.88
74,FR0003,P006,2026-05-01,194162.65
75,FR0003,P012,2026-05-01,246186.91
76,FR0003,P002,2026-05-01,233054.64
77,FR0003,P015,2026-06-01,153967.31
78,FR0003,P006,2026-06-01,104506.09
79,FR0003,P012,2026-06-01,120247.51
80,FR0003,P002,2026-06-01,93484.16
81,FR0003,P015,2026-07-01,100009.0
82,FR0003,P006,2026-07-01,231393.55
83,FR0003,P012,2026-07-01,64438.02
84,FR0003,P002,2026-07-01,231094.82
85,FR0004,P001,2026-01-01,185481.75
86,FR0004,P026,2026-01-01,56637.47
87,FR0004,P002,2026-01-01,163945.43
88,FR0004,P029,2026-01-01,148334.97
89,FR0004,P001,2026-02-01,199347.69
90,FR0004,P026,2026-02-01,109495.18
91,FR0004,P002,2026-02-01,239528.7
92,FR0004,P029,2026-02-01,132384.48
93,FR0004,P001,2026-03-01,98990.62
94,FR0004,P026,2026-03-01,87300.22
95,FR0004,P002,2026-03-01,217301.42
96,FR0004,P029,2026-03-01,73963.84
97,FR0004,P001,2026-04-01,242648.45
98,FR0004,P026,2026-04-01,143249.6
99,FR0004,P002,2026-04-01,74921.79
100,FR0004,P029,2026-04-01,125261.55
101,FR0004,P001,2026-05-01,168048.14
102,FR0004,P026,2026-05-01,85766.56
103,FR0004,P002,2026-05-01,165315.89
104,FR0004,P029,2026-05-01,55492.53
105,FR0004,P001,2026-06-01,154602.16
106,FR0004,P026,2026-06-01,120729.11
107,FR0004,P002,2026-06-01,66123.01
108,FR0004,P029,2026-06-01,104122.24
109,FR0004,P001,2026-07-01,209315.43
110,FR0004,P026,2026-07-01,104096.59
111,FR0004,P002,2026-07-01,85627.42
112,FR0004,P029,2026-07-01,56561.24
113,FR0005,P027,2026-01-01,93397.68
114,FR0005,P002,2026-01-01,208005.56
115,FR0005,P029,2026-01-01,59050.04
116,FR0005,P010,2026-01-01,141086.06
117,FR0005,P027,2026-02-01,83674.47
118,FR0005,P002,2026-02-01,78681.56
119,FR0005,P029,2026-02-01,143356.54
120,FR0005,P010,2026-02-01,173579.78
121,FR0005,P027,2026-03-01,239862.73
122,FR0005,P002,2026-03-01,224074.98
123,FR0005,P029,2026-03-01,232506.99
124,FR0005,P010,2026-03-01,163282.25
125,FR0005,P027,2026-04-01,196774.47
126,FR0005,P002,2026-04-01,147327.65
127,FR0005,P029,2026-04-01,108611.45
128,FR0005,P010,2026-04-01,158147.43
129,FR0005,P027,2026-05-01,129501.18
130,FR0005,P002,2026-05-01,66408.29
131,FR0005,P029,2026-05-01,204750.58
132,FR0005,P010,2026-05-01,246895.78
133,FR0005,P027,2026-06-01,188190.62
134,FR0005,P002,2026-06-01,144234.25
135,FR0005,P029,2026-06-01,223291.68
136,FR0005,P010,2026-06-01,140043.62
137,FR0005,P027,2026-07-01,92684.94
138,FR0005,P002,2026-07-01,150532.53
139,FR0005,P029,2026-07-01,225059.83
140,FR0005,P010,2026-07-01,61470.76
141,FR0006,P004,2026-01-01,56617.2
142,FR0006,P003,2026-01-01,120014.23
143,FR0006,P026,2026-01-01,187407.94
144,FR0006,P007,2026-01-01,166106.97
145,FR0006,P004,2026-02-01,238995.97
146,FR0006,P003,2026-02-01,155926.14
147,FR0006,P026,2026-02-01,122821.97
148,FR0006,P007,2026-02-01,243010.46
149,FR0006,P004,2026-03-01,79589.18
150,FR0006,P003,2026-03-01,143091.45
151,FR0006,P026,2026-03-01,117085.1
152,FR0006,P007,2026-03-01,103951.87
153,FR0006,P004,2026-04-01,209131.51
154,FR0006,P003,2026-04-01,210377.68
155,FR0006,P026,2026-04-01,129506.59
156,FR0006,P007,2026-04-01,98430.84
157,FR0006,P004,2026-05-01,87423.13
158,FR0006,P003,2026-05-01,105731.41
159,FR0006,P026,2026-05-01,186252.82
160,FR0006,P007,2026-05-01,129824.44
161,FR0006,P004,2026-06-01,100069.29
162,FR0006,P003,2026-06-01,56928.68
163,FR0006,P026,2026-06-01,218847.61
164,FR0006,P007,2026-06-01,235253.47
165,FR0006,P004,2026-07-01,192581.66
166,FR0006,P003,2026-07-01,133624.15
167,FR0006,P026,2026-07-01,129203.33
168,FR0006,P007,2026-07-01,198714.79
169,FR0007,P011,2026-01-01,143416.61
170,FR0007,P021,2026-01-01,99526.35
171,FR0007,P010,2026-01-01,181737.76
172,FR0007,P005,2026-01-01,164161.06
173,FR0007,P011,2026-02-01,61138.34
174,FR0007,P021,2026-02-01,74153.39
175,FR0007,P010,2026-02-01,226770.1
176,FR0007,P005,2026-02-01,184067.7
177,FR0007,P011,2026-03-01,65479.86
178,FR0007,P021,2026-03-01,127105.58
179,FR0007,P010,2026-03-01,215852.46
180,FR0007,P005,2026-03-01,201575.03
181,FR0007,P011,2026-04-01,112374.0
182,FR0007,P021,2026-04-01,183878.5
183,FR0007,P010,2026-04-01,64572.09
184,FR0007,P005,2026-04-01,79763.19
185,FR0007,P011,2026-05-01,172143.48
186,FR0007,P021,2026-05-01,135453.37
187,FR0007,P010,2026-05-01,201568.62
188,FR0007,P005,2026-05-01,179838.89
189,FR0007,P011,2026-06-01,123348.64
190,FR0007,P021,2026-06-01,108750.81
191,FR0007,P010,2026-06-01,167400.14
192,FR0007,P005,2026-06-01,58899.77
193,FR0007,P011,2026-07-01,209240.71
194,FR0007,P021,2026-07-01,89681.81
195,FR0007,P010,2026-07-01,142983.71
196,FR0007,P005,2026-07-01,56624.12
197,FR0008,P020,2026-01-01,234926.21
198,FR0008,P022,2026-01-01,56576.46
199,FR0008,P014,2026-01-01,52122.08
200,FR0008,P015,2026-01-01,114277.35
201,FR0008,P020,2026-02-01,205703.18
202,FR0008,P022,2026-02-01,216402.4
203,FR0008,P014,2026-02-01,97532.72
204,FR0008,P015,2026-02-01,140220.72
205,FR0008,P020,2026-03-01,87368.84
206,FR0008,P022,2026-03-01,200601.84
207,FR0008,P014,2026-03-01,129398.17
208,FR0008,P015,2026-03-01,103704.41
209,FR0008,P020,2026-04-01,115099.53
210,FR0008,P022,2026-04-01,248156.5
211,FR0008,P014,2026-04-01,129444.66
212,FR0008,P015,2026-04-01,108821.23
213,FR0008,P020,2026-05-01,202006.31
214,FR0008,P022,2026-05-01,228016.18
215,FR0008,P014,2026-05-01,224464.9
216,FR0008,P015,2026-05-01,67005.53
217,FR0008,P020,2026-06-01,168632.62
218,FR0008,P022,2026-06-01,232282.55
219,FR0008,P014,2026-06-01,114045.18
220,FR0008,P015,2026-06-01,128583.74
221,FR0008,P020,2026-07-01,97063.89
222,FR0008,P022,2026-07-01,222294.39
223,FR0008,P014,2026-07-01,184657.55
224,FR0008,P015,2026-07-01,147043.68
225,FR0009,P003,2026-01-01,148277.03
226,FR0009,P025,2026-01-01,117357.06
227,FR0009,P004,2026-01-01,85941.13
228,FR0009,P027,2026-01-01,170556.23
229,FR0009,P003,2026-02-01,84273.05
230,FR0009,P025,2026-02-01,140821.04
231,FR0009,P004,2026-02-01,209303.2
232,FR0009,P027,2026-02-01,166343.99
233,FR0009,P003,2026-03-01,131084.25
234,FR0009,P025,2026-03-01,108233.89
235,FR0009,P004,2026-03-01,77923.38
236,FR0009,P027,2026-03-01,79166.73
237,FR0009,P003,2026-04-01,226067.6
238,FR0009,P025,2026-04-01,171385.56
239,FR0009,P004,2026-04-01,234810.57
240,FR0009,P027,2026-04-01,99352.48
241,FR0009,P003,2026-05-01,101449.42
242,FR0009,P025,2026-05-01,160391.8
243,FR0009,P004,2026-05-01,116069.81
244,FR0009,P027,2026-05-01,222214.17
245,FR0009,P003,2026-06-01,243329.27
246,FR0009,P025,2026-06-01,128052.44
247,FR0009,P004,2026-06-01,147991.87
248,FR0009,P027,2026-06-01,124873.35
249,FR0009,P003,2026-07-01,146912.6
250,FR0009,P025,2026-07-01,81975.4
251,FR0009,P004,2026-07-01,101670.75
252,FR0009,P027,2026-07-01,232748.94
253,FR0010,P012,2026-01-01,213651.56
254,FR0010,P027,2026-01-01,245372.08
255,FR0010,P017,2026-01-01,225318.13
256,FR0010,P029,2026-01-01,137199.5
257,FR0010,P012,2026-02-01,52812.16
258,FR0010,P027,2026-02-01,167061.36
259,FR0010,P017,2026-02-01,93257.66
260,FR0010,P029,2026-02-01,249416.11
261,FR0010,P012,2026-03-01,106526.82
262,FR0010,P027,2026-03-01,152755.25
263,FR0010,P017,2026-03-01,196615.81
264,FR0010,P029,2026-03-01,210528.54
265,FR0010,P012,2026-04-01,144380.87
266,FR0010,P027,2026-04-01,93628.21
267,FR0010,P017,2026-04-01,220056.36
268,FR0010,P029,2026-04-01,72477.04
269,FR0010,P012,2026-05-01,216640.74
270,FR0010,P027,2026-05-01,165260.6
271,FR0010,P017,2026-05-01,220379.9
272,FR0010,P029,2026-05-01,132929.61
273,FR0010,P012,2026-06-01,131162.48
274,FR0010,P027,2026-06-01,178889.89
275,FR0010,P017,2026-06-01,54719.15
276,FR0010,P029,2026-06-01,238912.05
277,FR0010,P012,2026-07-01,146265.91
278,FR0010,P027,2026-07-01,123844.03
279,FR0010,P017,2026-07-01,117180.3
280,FR0010,P029,2026-07-01,60170.26
281,FR0011,P002,2026-01-01,146907.6
282,FR0011,P006,2026-01-01,122919.14
283,FR0011,P026,2026-01-01,173182.61
284,FR0011,P005,2026-01-01,188384.72
285,FR0011,P002,2026-02-01,181802.72
286,FR0011,P006,2026-02-01,53151.3
287,FR0011,P026,2026-02-01,144067.86
288,FR0011,P005,2026-02-01,51145.42
289,FR0011,P002,2026-03-01,81077.68
290,FR0011,P006,2026-03-01,57130.73
291,FR0011,P026,2026-03-01,228956.64
292,FR0011,P005,2026-03-01,140520.78
293,FR0011,P002,2026-04-01,67399.12
294,FR0011,P006,2026-04-01,78402.54
295,FR0011,P026,2026-04-01,72292.23
296,FR0011,P005,2026-04-01,210895.23
297,FR0011,P002,2026-05-01,107736.8
298,FR0011,P006,2026-05-01,214803.59
299,FR0011,P026,2026-05-01,149764.25
300,FR0011,P005,2026-05-01,163748.05
301,FR0011,P002,2026-06-01,165756.89
302,FR0011,P006,2026-06-01,176171.9
303,FR0011,P026,2026-06-01,187047.72
304,FR0011,P005,2026-06-01,247872.17
305,FR0011,P002,2026-07-01,190676.71
306,FR0011,P006,2026-07-01,174420.33
307,FR0011,P026,2026-07-01,224806.97
308,FR0011,P005,2026-07-01,115545.67
309,FR0012,P006,2026-01-01,198285.41
310,FR0012,P016,2026-01-01,75192.35
311,FR0012,P027,2026-01-01,99275.56
312,FR0012,P014,2026-01-01,195780.88
313,FR0012,P006,2026-02-01,99309.52
314,FR0012,P016,2026-02-01,129044.06
315,FR0012,P027,2026-02-01,164821.58
316,FR0012,P014,2026-02-01,243195.63
317,FR0012,P006,2026-03-01,92853.24
318,FR0012,P016,2026-03-01,200400.81
319,FR0012,P027,2026-03-01,55955.81
320,FR0012,P014,2026-03-01,144265.8
321,FR0012,P006,2026-04-01,209641.1
322,FR0012,P016,2026-04-01,153012.23
323,FR0012,P027,2026-04-01,206396.07
324,FR0012,P014,2026-04-01,173412.03
325,FR0012,P006,2026-05-01,119124.9
326,FR0012,P016,2026-05-01,150468.37
327,FR0012,P027,2026-05-01,176124.96
328,FR0012,P014,2026-05-01,183415.2
329,FR0012,P006,2026-06-01,234033.68
330,FR0012,P016,2026-06-01,182958.69
331,FR0012,P027,2026-06-01,55091.06
332,FR0012,P014,2026-06-01,209885.45
333,FR0012,P006,2026-07-01,213771.85
334,FR0012,P016,2026-07-01,56162.41
335,FR0012,P027,2026-07-01,156851.96
336,FR0012,P014,2026-07-01,194766.2
337,FR0013,P009,2026-01-01,96224.92
338,FR0013,P001,2026-01-01,194635.3
339,FR0013,P020,2026-01-01,137518.29
340,FR0013,P007,2026-01-01,249055.48
341,FR0013,P009,2026-02-01,205541.93
342,FR0013,P001,2026-02-01,115861.93
343,FR0013,P020,2026-02-01,75404.83
344,FR0013,P007,2026-02-01,146780.8
345,FR0013,P009,2026-03-01,170458.74
346,FR0013,P001,2026-03-01,77217.15
347,FR0013,P020,2026-03-01,147705.19
348,FR0013,P007,2026-03-01,209451.94
349,FR0013,P009,2026-04-01,187900.97
350,FR0013,P001,2026-04-01,192174.93
351,FR0013,P020,2026-04-01,146874.95
352,FR0013,P007,2026-04-01,87073.78
353,FR0013,P009,2026-05-01,79540.81
354,FR0013,P001,2026-05-01,210092.64
355,FR0013,P020,2026-05-01,249333.88
356,FR0013,P007,2026-05-01,97622.52
357,FR0013,P009,2026-06-01,114017.19
358,FR0013,P001,2026-06-01,205428.76
359,FR0013,P020,2026-06-01,128470.3
360,FR0013,P007,2026-06-01,223018.1
361,FR0013,P009,2026-07-01,87519.37
362,FR0013,P001,2026-07-01,224751.03
363,FR0013,P020,2026-07-01,163339.65
364,FR0013,P007,2026-07-01,231519.97
365,FR0014,P009,2026-01-01,190924.31
366,FR0014,P012,2026-01-01,128926.38
367,FR0014,P004,2026-01-01,212962.6
368,FR0014,P003,2026-01-01,247737.77
369,FR0014,P009,2026-02-01,206272.51
370,FR0014,P012,2026-02-01,134416.59
371,FR0014,P004,2026-02-01,159329.2
372,FR0014,P003,2026-02-01,84698.05
373,FR0014,P009,2026-03-01,241824.42
374,FR0014,P012,2026-03-01,216648.74
375,FR0014,P004,2026-03-01,206653.38
376,FR0014,P003,2026-03-01,225749.21
377,FR0014,P009,2026-04-01,94947.61
378,FR0014,P012,2026-04-01,166212.32
379,FR0014,P004,2026-04-01,135219.08
380,FR0014,P003,2026-04-01,194310.02
381,FR0014,P009,2026-05-01,239868.49
382,FR0014,P012,2026-05-01,240074.41
383,FR0014,P004,2026-05-01,215588.2
384,FR0014,P003,2026-05-01,114741.45
385,FR0014,P009,2026-06-01,79788.17
386,FR0014,P012,2026-06-01,164992.41
387,FR0014,P004,2026-06-01,129023.14
388,FR0014,P003,2026-06-01,110965.17
389,FR0014,P009,2026-07-01,241920.97
390,FR0014,P012,2026-07-01,63139.44
391,FR0014,P004,2026-07-01,186039.49
392,FR0014,P003,2026-07-01,152407.26
393,FR0015,P007,2026-01-01,181670.99
394,FR0015,P030,2026-01-01,140694.9
395,FR0015,P029,2026-01-01,88661.71
396,FR0015,P005,2026-01-01,164670.11
397,FR0015,P007,2026-02-01,166590.2
398,FR0015,P030,2026-02-01,67453.56
399,FR0015,P029,2026-02-01,102617.82
400,FR0015,P005,2026-02-01,129923.0
401,FR0015,P007,2026-03-01,235285.22
402,FR0015,P030,2026-03-01,222073.73
403,FR0015,P029,2026-03-01,205055.93
404,FR0015,P005,2026-03-01,237452.32
405,FR0015,P007,2026-04-01,136526.22
406,FR0015,P030,2026-04-01,189012.05
407,FR0015,P029,2026-04-01,221544.48
408,FR0015,P005,2026-04-01,118043.92
409,FR0015,P007,2026-05-01,231143.32
410,FR0015,P030,2026-05-01,62670.19
411,FR0015,P029,2026-05-01,125643.54
412,FR0015,P005,2026-05-01,226448.46
413,FR0015,P007,2026-06-01,224022.96
414,FR0015,P030,2026-06-01,179760.97
415,FR0015,P029,2026-06-01,122133.28
416,FR0015,P005,2026-06-01,174010.41
417,FR0015,P007,2026-07-01,237805.55
418,FR0015,P030,2026-07-01,166092.33
419,FR0015,P029,2026-07-01,238309.04
420,FR0015,P005,2026-07-01,169389.11
421,FR0016,P027,2026-01-01,131194.61
422,FR0016,P014,2026-01-01,198127.97
423,FR0016,P019,2026-01-01,77582.32
424,FR0016,P015,2026-01-01,125647.75
425,FR0016,P027,2026-02-01,246688.29
426,FR0016,P014,2026-02-01,164420.16
427,FR0016,P019,2026-02-01,164670.27
428,FR0016,P015,2026-02-01,209741.03
429,FR0016,P027,2026-03-01,187256.47
430,FR0016,P014,2026-03-01,219509.26
431,FR0016,P019,2026-03-01,96899.3
432,FR0016,P015,2026-03-01,183325.84
433,FR0016,P027,2026-04-01,197590.47
434,FR0016,P014,2026-04-01,89420.44
435,FR0016,P019,2026-04-01,185973.76
436,FR0016,P015,2026-04-01,244767.02
437,FR0016,P027,2026-05-01,109351.57
438,FR0016,P014,2026-05-01,70717.42
439,FR0016,P019,2026-05-01,133618.25
440,FR0016,P015,2026-05-01,135965.04
441,FR0016,P027,2026-06-01,73928.18
442,FR0016,P014,2026-06-01,143583.61
443,FR0016,P019,2026-06-01,202790.03
444,FR0016,P015,2026-06-01,191640.48
445,FR0016,P027,2026-07-01,104682.77
446,FR0016,P014,2026-07-01,86221.28
447,FR0016,P019,2026-07-01,69753.03
448,FR0016,P015,2026-07-01,87185.97
449,FR0017,P010,2026-01-01,212016.73
450,FR0017,P005,2026-01-01,208791.71
451,FR0017,P021,2026-01-01,218280.39
452,FR0017,P004,2026-01-01,88359.81
453,FR0017,P010,2026-02-01,152642.79
454,FR0017,P005,2026-02-01,183630.59
455,FR0017,P021,2026-02-01,224775.07
456,FR0017,P004,2026-02-01,186495.12
457,FR0017,P010,2026-03-01,55651.1
458,FR0017,P005,2026-03-01,96514.91
459,FR0017,P021,2026-03-01,138751.38
460,FR0017,P004,2026-03-01,70791.4
461,FR0017,P010,2026-04-01,115332.62
462,FR0017,P005,2026-04-01,56251.0
463,FR0017,P021,2026-04-01,85331.37
464,FR0017,P004,2026-04-01,235622.74
465,FR0017,P010,2026-05-01,158089.82
466,FR0017,P005,2026-05-01,195748.33
467,FR0017,P021,2026-05-01,115385.59
468,FR0017,P004,2026-05-01,151223.34
469,FR0017,P010,2026-06-01,91157.86
470,FR0017,P005,2026-06-01,83658.32
471,FR0017,P021,2026-06-01,70224.31
472,FR0017,P004,2026-06-01,109684.15
473,FR0017,P010,2026-07-01,91454.11
474,FR0017,P005,2026-07-01,241195.16
475,FR0017,P021,2026-07-01,67515.37
476,FR0017,P004,2026-07-01,93517.53
477,FR0018,P021,2026-01-01,246940.71
478,FR0018,P014,2026-01-01,191793.31
479,FR0018,P024,2026-01-01,249245.29
480,FR0018,P007,2026-01-01,63087.68
481,FR0018,P021,2026-02-01,137899.18
482,FR0018,P014,2026-02-01,65569.74
483,FR0018,P024,2026-02-01,184741.68
484,FR0018,P007,2026-02-01,176557.18
485,FR0018,P021,2026-03-01,62901.5
486,FR0018,P014,2026-03-01,249998.88
487,FR0018,P024,2026-03-01,96046.67
488,FR0018,P007,2026-03-01,211281.48
489,FR0018,P021,2026-04-01,201940.05
490,FR0018,P014,2026-04-01,102238.38
491,FR0018,P024,2026-04-01,175643.66
492,FR0018,P007,2026-04-01,190314.73
493,FR0018,P021,2026-05-01,224326.45
494,FR0018,P014,2026-05-01,223070.23
495,FR0018,P024,2026-05-01,92235.4
496,FR0018,P007,2026-05-01,237357.3
497,FR0018,P021,2026-06-01,176751.84
498,FR0018,P014,2026-06-01,239002.69
499,FR0018,P024,2026-06-01,83274.93
500,FR0018,P007,2026-06-01,110538.69
501,FR0018,P021,2026-07-01,146952.93
502,FR0018,P014,2026-07-01,132033.4
503,FR0018,P024,2026-07-01,164288.79
504,FR0018,P007,2026-07-01,78148.41
505,FR0019,P022,2026-01-01,234609.06
506,FR0019,P005,2026-01-01,76590.29
507,FR0019,P002,2026-01-01,239318.4
508,FR0019,P013,2026-01-01,168373.51
509,FR0019,P022,2026-02-01,195166.46
510,FR0019,P005,2026-02-01,118198.38
511,FR0019,P002,2026-02-01,160211.23
512,FR0019,P013,2026-02-01,58310.98
513,FR0019,P022,2026-03-01,235849.82
514,FR0019,P005,2026-03-01,236237.95
515,FR0019,P002,2026-03-01,119314.34
516,FR0019,P013,2026-03-01,73699.29
517,FR0019,P022,2026-04-01,161331.25
518,FR0019,P005,2026-04-01,164580.74
519,FR0019,P002,2026-04-01,187338.25
520,FR0019,P013,2026-04-01,69995.85
521,FR0019,P022,2026-05-01,162837.81
522,FR0019,P005,2026-05-01,178880.95
523,FR0019,P002,2026-05-01,244371.23
524,FR0019,P013,2026-05-01,135444.04
525,FR0019,P022,2026-06-01,85199.04
526,FR0019,P005,2026-06-01,238286.18
527,FR0019,P002,2026-06-01,169384.4
528,FR0019,P013,2026-06-01,89094.81
529,FR0019,P022,2026-07-01,234056.2
530,FR0019,P005,2026-07-01,114448.61
531,FR0019,P002,2026-07-01,195930.19
532,FR0019,P013,2026-07-01,117742.4
533,FR0020,P007,2026-01-01,72195.81
534,FR0020,P030,2026-01-01,94607.35
535,FR0020,P017,2026-01-01,143189.16
536,FR0020,P014,2026-01-01,108157.4
537,FR0020,P007,2026-02-01,127205.96
538,FR0020,P030,2026-02-01,136215.21
539,FR0020,P017,2026-02-01,135869.3
540,FR0020,P014,2026-02-01,52169.56
541,FR0020,P007,2026-03-01,104540.93
542,FR0020,P030,2026-03-01,95303.36
543,FR0020,P017,2026-03-01,186390.51
544,FR0020,P014,2026-03-01,146819.96
545,FR0020,P007,2026-04-01,183638.22
546,FR0020,P030,2026-04-01,188866.82
547,FR0020,P017,2026-04-01,97385.18
548,FR0020,P014,2026-04-01,143924.02
549,FR0020,P007,2026-05-01,75410.74
550,FR0020,P030,2026-05-01,190159.02
551,FR0020,P017,2026-05-01,146776.57
552,FR0020,P014,2026-05-01,133520.86
553,FR0020,P007,2026-06-01,200578.22
554,FR0020,P030,2026-06-01,220885.09
555,FR0020,P017,2026-06-01,242652.09
556,FR0020,P014,2026-06-01,210917.57
557,FR0020,P007,2026-07-01,84815.94
558,FR0020,P030,2026-07-01,140685.94
559,FR0020,P017,2026-07-01,155729.59
560,FR0020,P014,2026-07-01,203178.28
561,FR0021,P010,2026-01-01,187493.66
562,FR0021,P028,2026-01-01,174358.65
563,FR0021,P001,2026-01-01,140210.26
564,FR0021,P022,2026-01-01,247455.25
565,FR0021,P010,2026-02-01,135236.82
566,FR0021,P028,2026-02-01,247191.0
567,FR0021,P001,2026-02-01,220809.55
568,FR0021,P022,2026-02-01,104570.44
569,FR0021,P010,2026-03-01,160922.26
570,FR0021,P028,2026-03-01,83940.66
571,FR0021,P001,2026-03-01,89075.44
572,FR0021,P022,2026-03-01,173172.17
573,FR0021,P010,2026-04-01,245547.07
574,FR0021,P028,2026-04-01,178972.45
575,FR0021,P001,2026-04-01,227773.81
576,FR0021,P022,2026-04-01,160390.79
577,FR0021,P010,2026-05-01,227066.18
578,FR0021,P028,2026-05-01,140452.96
579,FR0021,P001,2026-05-01,198677.71
580,FR0021,P022,2026-05-01,237201.04
581,FR0021,P010,2026-06-01,127025.34
582,FR0021,P028,2026-06-01,101569.36
583,FR0021,P001,2026-06-01,242914.24
584,FR0021,P022,2026-06-01,52854.74
585,FR0021,P010,2026-07-01,205826.94
586,FR0021,P028,2026-07-01,73404.17
587,FR0021,P001,2026-07-01,214133.34
588,FR0021,P022,2026-07-01,177637.43
589,FR0022,P012,2026-01-01,140610.22
590,FR0022,P008,2026-01-01,116974.9
591,FR0022,P029,2026-01-01,209851.32
592,FR0022,P004,2026-01-01,102099.35
593,FR0022,P012,2026-02-01,217585.53
594,FR0022,P008,2026-02-01,136891.27
595,FR0022,P029,2026-02-01,108992.02
596,FR0022,P004,2026-02-01,96794.34
597,FR0022,P012,2026-03-01,219135.45
598,FR0022,P008,2026-03-01,230515.23
599,FR0022,P029,2026-03-01,104370.67
600,FR0022,P004,2026-03-01,95338.89
601,FR0022,P012,2026-04-01,224609.21
602,FR0022,P008,2026-04-01,75140.06
603,FR0022,P029,2026-04-01,125727.33
604,FR0022,P004,2026-04-01,117259.96
605,FR0022,P012,2026-05-01,119138.84
606,FR0022,P008,2026-05-01,133633.05
607,FR0022,P029,2026-05-01,167791.2
608,FR0022,P004,2026-05-01,61483.26
609,FR0022,P012,2026-06-01,108854.52
610,FR0022,P008,2026-06-01,101599.73
611,FR0022,P029,2026-06-01,121156.84
612,FR0022,P004,2026-06-01,182015.75
613,FR0022,P012,2026-07-01,62361.77
614,FR0022,P008,2026-07-01,120526.82
615,FR0022,P029,2026-07-01,89324.25
616,FR0022,P004,2026-07-01,185444.7
617,FR0023,P002,2026-01-01,179265.15
618,FR0023,P007,2026-01-01,82092.75
619,FR0023,P017,2026-01-01,201147.03
620,FR0023,P011,2026-01-01,87208.72
621,FR0023,P002,2026-02-01,73177.23
622,FR0023,P007,2026-02-01,92024.7
623,FR0023,P017,2026-02-01,173548.43
624,FR0023,P011,2026-02-01,248343.04
625,FR0023,P002,2026-03-01,147238.4
626,FR0023,P007,2026-03-01,93237.26
627,FR0023,P017,2026-03-01,214594.72
628,FR0023,P011,2026-03-01,111735.56
629,FR0023,P002,2026-04-01,236695.34
630,FR0023,P007,2026-04-01,157156.3
631,FR0023,P017,2026-04-01,186625.5
632,FR0023,P011,2026-04-01,122952.86
633,FR0023,P002,2026-05-01,165789.89
634,FR0023,P007,2026-05-01,224290.02
635,FR0023,P017,2026-05-01,142648.35
636,FR0023,P011,2026-05-01,205044.36
637,FR0023,P002,2026-06-01,131858.68
638,FR0023,P007,2026-06-01,152449.28
639,FR0023,P017,2026-06-01,152362.83
640,FR0023,P011,2026-06-01,128361.71
641,FR0023,P002,2026-07-01,210168.89
642,FR0023,P007,2026-07-01,165115.25
643,FR0023,P017,2026-07-01,78351.84
644,FR0023,P011,2026-07-01,192525.12
645,FR0024,P023,2026-01-01,188463.01
646,FR0024,P009,2026-01-01,89229.63
647,FR0024,P008,2026-01-01,131049.21
648,FR0024,P016,2026-01-01,150517.99
649,FR0024,P023,2026-02-01,69390.7
650,FR0024,P009,2026-02-01,142291.78
651,FR0024,P008,2026-02-01,73174.93
652,FR0024,P016,2026-02-01,211527.1
653,FR0024,P023,2026-03-01,124182.88
654,FR0024,P009,2026-03-01,92436.33
655,FR0024,P008,2026-03-01,177384.23
656,FR0024,P016,2026-03-01,169393.77
657,FR0024,P023,2026-04-01,116567.61
658,FR0024,P009,2026-04-01,245446.04
659,FR0024,P008,2026-04-01,171099.01
660,FR0024,P016,2026-04-01,235049.18
661,FR0024,P023,2026-05-01,211357.73
662,FR0024,P009,2026-05-01,134998.25
663,FR0024,P008,2026-05-01,163624.03
664,FR0024,P016,2026-05-01,173067.1
665,FR0024,P023,2026-06-01,150510.56
666,FR0024,P009,2026-06-01,181464.72
667,FR0024,P008,2026-06-01,171383.29
668,FR0024,P016,2026-06-01,157623.79
669,FR0024,P023,2026-07-01,97094.36
670,FR0024,P009,2026-07-01,210423.54
671,FR0024,P008,2026-07-01,171347.99
672,FR0024,P016,2026-07-01,196202.96
673,FR0025,P023,2026-01-01,115054.19
674,FR0025,P005,2026-01-01,175574.45
675,FR0025,P017,2026-01-01,74280.18
676,FR0025,P011,2026-01-01,166077.46
677,FR0025,P023,2026-02-01,190161.64
678,FR0025,P005,2026-02-01,203746.21
679,FR0025,P017,2026-02-01,109840.6
680,FR0025,P011,2026-02-01,93867.79
681,FR0025,P023,2026-03-01,112446.36
682,FR0025,P005,2026-03-01,163194.5
683,FR0025,P017,2026-03-01,73742.62
684,FR0025,P011,2026-03-01,81777.72
685,FR0025,P023,2026-04-01,64245.56
686,FR0025,P005,2026-04-01,100486.66
687,FR0025,P017,2026-04-01,194442.06
688,FR0025,P011,2026-04-01,245758.82
689,FR0025,P023,2026-05-01,56634.99
690,FR0025,P005,2026-05-01,130275.96
691,FR0025,P017,2026-05-01,218526.88
692,FR0025,P011,2026-05-01,79406.44
693,FR0025,P023,2026-06-01,231955.99
694,FR0025,P005,2026-06-01,160049.17
695,FR0025,P017,2026-06-01,240414.8
696,FR0025,P011,2026-06-01,148924.71
697,FR0025,P023,2026-07-01,56598.83
698,FR0025,P005,2026-07-01,54518.03
699,FR0025,P017,2026-07-01,205603.73
700,FR0025,P011,2026-07-01,81776.87
701,FR0026,P022,2026-01-01,188145.61
702,FR0026,P023,2026-01-01,248363.11
703,FR0026,P016,2026-01-01,208054.29
704,FR0026,P021,2026-01-01,90211.99
705,FR0026,P022,2026-02-01,100297.52
706,FR0026,P023,2026-02-01,142376.71
707,FR0026,P016,2026-02-01,126071.94
708,FR0026,P021,2026-02-01,212701.22
709,FR0026,P022,2026-03-01,212874.2
710,FR0026,P023,2026-03-01,59998.43
711,FR0026,P016,2026-03-01,140555.43
712,FR0026,P021,2026-03-01,242917.3
713,FR0026,P022,2026-04-01,226305.03
714,FR0026,P023,2026-04-01,164067.72
715,FR0026,P016,2026-04-01,171532.04
716,FR0026,P021,2026-04-01,114094.3
717,FR0026,P022,2026-05-01,183420.31
718,FR0026,P023,2026-05-01,50092.55
719,FR0026,P016,2026-05-01,55631.8
720,FR0026,P021,2026-05-01,190798.61
721,FR0026,P022,2026-06-01,120727.19
722,FR0026,P023,2026-06-01,213398.15
723,FR0026,P016,2026-06-01,232031.16
724,FR0026,P021,2026-06-01,174291.79
725,FR0026,P022,2026-07-01,106589.1
726,FR0026,P023,2026-07-01,147533.13
727,FR0026,P016,2026-07-01,215312.82
728,FR0026,P021,2026-07-01,243255.77
729,FR0027,P009,2026-01-01,122510.4
730,FR0027,P026,2026-01-01,58351.06
731,FR0027,P014,2026-01-01,73668.71
732,FR0027,P004,2026-01-01,198086.0
733,FR0027,P009,2026-02-01,149804.92
734,FR0027,P026,2026-02-01,152674.8
735,FR0027,P014,2026-02-01,162717.92
736,FR0027,P004,2026-02-01,77831.65
737,FR0027,P009,2026-03-01,167507.22
738,FR0027,P026,2026-03-01,214585.1
739,FR0027,P014,2026-03-01,67608.16
740,FR0027,P004,2026-03-01,189998.77
741,FR0027,P009,2026-04-01,173636.91
742,FR0027,P026,2026-04-01,50874.54
743,FR0027,P014,2026-04-01,167028.57
744,FR0027,P004,2026-04-01,121179.26
745,FR0027,P009,2026-05-01,62805.02
746,FR0027,P026,2026-05-01,197216.99
747,FR0027,P014,2026-05-01,110770.08
748,FR0027,P004,2026-05-01,101342.97
749,FR0027,P009,2026-06-01,184888.31
750,FR0027,P026,2026-06-01,219168.56
751,FR0027,P014,2026-06-01,85296.92
752,FR0027,P004,2026-06-01,164437.99
753,FR0027,P009,2026-07-01,191658.72
754,FR0027,P026,2026-07-01,249843.5
755,FR0027,P014,2026-07-01,114400.3
756,FR0027,P004,2026-07-01,98127.57
757,FR0028,P017,2026-01-01,55582.89
758,FR0028,P007,2026-01-01,172639.43
759,FR0028,P023,2026-01-01,233051.4
760,FR0028,P020,2026-01-01,118986.41
761,FR0028,P017,2026-02-01,190449.4
762,FR0028,P007,2026-02-01,108591.67
763,FR0028,P023,2026-02-01,125348.7
764,FR0028,P020,2026-02-01,158837.14
765,FR0028,P017,2026-03-01,106710.6
766,FR0028,P007,2026-03-01,214938.72
767,FR0028,P023,2026-03-01,96378.08
768,FR0028,P020,2026-03-01,92147.38
769,FR0028,P017,2026-04-01,238703.05
770,FR0028,P007,2026-04-01,205368.07
771,FR0028,P023,2026-04-01,220175.41
772,FR0028,P020,2026-04-01,161620.57
773,FR0028,P017,2026-05-01,228324.84
774,FR0028,P007,2026-05-01,226863.05
775,FR0028,P023,2026-05-01,223302.29
776,FR0028,P020,2026-05-01,118529.93
777,FR0028,P017,2026-06-01,164146.4
778,FR0028,P007,2026-06-01,58408.59
779,FR0028,P023,2026-06-01,192588.9
780,FR0028,P020,2026-06-01,162290.74
781,FR0028,P017,2026-07-01,208396.6
782,FR0028,P007,2026-07-01,161830.71
783,FR0028,P023,2026-07-01,108917.67
784,FR0028,P020,2026-07-01,91690.72
785,FR0029,P004,2026-01-01,131117.52
786,FR0029,P014,2026-01-01,204191.51
787,FR0029,P026,2026-01-01,100935.56
788,FR0029,P002,2026-01-01,221540.03
789,FR0029,P004,2026-02-01,102589.21
790,FR0029,P014,2026-02-01,166331.07
791,FR0029,P026,2026-02-01,90269.28
792,FR0029,P002,2026-02-01,177764.62
793,FR0029,P004,2026-03-01,163193.78
794,FR0029,P014,2026-03-01,224885.13
795,FR0029,P026,2026-03-01,108131.59
796,FR0029,P002,2026-03-01,236531.07
797,FR0029,P004,2026-04-01,243038.16
798,FR0029,P014,2026-04-01,186570.0
799,FR0029,P026,2026-04-01,197857.46
800,FR0029,P002,2026-04-01,175051.61
801,FR0029,P004,2026-05-01,88890.45
802,FR0029,P014,2026-05-01,106941.08
803,FR0029,P026,2026-05-01,187453.85
804,FR0029,P002,2026-05-01,96744.51
805,FR0029,P004,2026-06-01,200188.34
806,FR0029,P014,2026-06-01,176096.44
807,FR0029,P026,2026-06-01,241423.45
808,FR0029,P002,2026-06-01,190708.44
809,FR0029,P004,2026-07-01,233312.71
810,FR0029,P014,2026-07-01,140776.87
811,FR0029,P026,2026-07-01,159409.63
812,FR0029,P002,2026-07-01,213561.98
813,FR0030,P027,2026-01-01,156263.51
814,FR0030,P004,2026-01-01,68404.44
815,FR0030,P021,2026-01-01,126581.18
816,FR0030,P028,2026-01-01,53374.45
817,FR0030,P027,2026-02-01,136766.67
818,FR0030,P004,2026-02-01,87669.98
819,FR0030,P021,2026-02-01,82992.43
820,FR0030,P028,2026-02-01,93948.33
821,FR0030,P027,2026-03-01,155616.89
822,FR0030,P004,2026-03-01,125241.81
823,FR0030,P021,2026-03-01,248280.35
824,FR0030,P028,2026-03-01,183160.85
825,FR0030,P027,2026-04-01,72698.26
826,FR0030,P004,2026-04-01,66991.22
827,FR0030,P021,2026-04-01,211116.48
828,FR0030,P028,2026-04-01,55454.63
829,FR0030,P027,2026-05-01,210484.47
830,FR0030,P004,2026-05-01,235807.58
831,FR0030,P021,2026-05-01,80850.29
832,FR0030,P028,2026-05-01,224022.06
833,FR0030,P027,2026-06-01,233680.94
834,FR0030,P004,2026-06-01,161421.79
835,FR0030,P021,2026-06-01,227464.62
836,FR0030,P028,2026-06-01,249445.04
837,FR0030,P027,2026-07-01,185984.87
838,FR0030,P004,2026-07-01,231966.87
839,FR0030,P021,2026-07-01,204070.99
840,FR0030,P028,2026-07-01,78086.92
841,FR0031,P027,2026-01-01,139946.28
842,FR0031,P022,2026-01-01,226550.45
843,FR0031,P026,2026-01-01,97954.2
844,FR0031,P012,2026-01-01,121541.54
845,FR0031,P027,2026-02-01,111921.79
846,FR0031,P022,2026-02-01,181871.2
847,FR0031,P026,2026-02-01,230703.53
848,FR0031,P012,2026-02-01,171144.82
849,FR0031,P027,2026-03-01,186320.31
850,FR0031,P022,2026-03-01,119735.92
851,FR0031,P026,2026-03-01,231981.72
852,FR0031,P012,2026-03-01,140271.44
853,FR0031,P027,2026-04-01,86963.34
854,FR0031,P022,2026-04-01,128138.42
855,FR0031,P026,2026-04-01,168366.7
856,FR0031,P012,2026-04-01,163112.83
857,FR0031,P027,2026-05-01,128429.54
858,FR0031,P022,2026-05-01,111232.98
859,FR0031,P026,2026-05-01,53332.13
860,FR0031,P012,2026-05-01,81362.03
861,FR0031,P027,2026-06-01,150439.82
862,FR0031,P022,2026-06-01,102485.52
863,FR0031,P026,2026-06-01,174601.32
864,FR0031,P012,2026-06-01,61516.1
865,FR0031,P027,2026-07-01,64063.68
866,FR0031,P022,2026-07-01,176735.1
867,FR0031,P026,2026-07-01,174608.04
868,FR0031,P012,2026-07-01,102269.35
869,FR0032,P001,2026-01-01,54713.87
870,FR0032,P020,2026-01-01,88249.42
871,FR0032,P002,2026-01-01,184976.65
872,FR0032,P021,2026-01-01,203420.96
873,FR0032,P001,2026-02-01,77687.95
874,FR0032,P020,2026-02-01,228996.36
875,FR0032,P002,2026-02-01,173142.74
876,FR0032,P021,2026-02-01,172973.43
877,FR0032,P001,2026-03-01,97111.18
878,FR0032,P020,2026-03-01,240153.7
879,FR0032,P002,2026-03-01,206440.61
880,FR0032,P021,2026-03-01,225516.66
881,FR0032,P001,2026-04-01,67926.18
882,FR0032,P020,2026-04-01,126589.14
883,FR0032,P002,2026-04-01,193584.74
884,FR0032,P021,2026-04-01,95296.05
885,FR0032,P001,2026-05-01,92614.1
886,FR0032,P020,2026-05-01,153939.86
887,FR0032,P002,2026-05-01,138928.87
888,FR0032,P021,2026-05-01,244038.56
889,FR0032,P001,2026-06-01,113992.12
890,FR0032,P020,2026-06-01,93280.04
891,FR0032,P002,2026-06-01,202203.5
892,FR0032,P021,2026-06-01,158048.11
893,FR0032,P001,2026-07-01,60493.38
894,FR0032,P020,2026-07-01,85601.01
895,FR0032,P002,2026-07-01,109989.62
896,FR0032,P021,2026-07-01,127840.71
897,FR0033,P017,2026-01-01,84253.95
898,FR0033,P020,2026-01-01,242569.16
899,FR0033,P019,2026-01-01,122438.65
900,FR0033,P023,2026-01-01,119017.9
901,FR0033,P017,2026-02-01,116240.01
902,FR0033,P020,2026-02-01,86483.77
903,FR0033,P019,2026-02-01,64685.28
904,FR0033,P023,2026-02-01,186019.27
905,FR0033,P017,2026-03-01,72380.68
906,FR0033,P020,2026-03-01,176892.78
907,FR0033,P019,2026-03-01,240158.79
908,FR0033,P023,2026-03-01,188519.14
909,FR0033,P017,2026-04-01,212373.54
910,FR0033,P020,2026-04-01,122828.7
911,FR0033,P019,2026-04-01,112020.41
912,FR0033,P023,2026-04-01,204758.37
913,FR0033,P017,2026-05-01,160113.68
914,FR0033,P020,2026-05-01,112008.65
915,FR0033,P019,2026-05-01,168926.75
916,FR0033,P023,2026-05-01,50782.72
917,FR0033,P017,2026-06-01,104205.05
918,FR0033,P020,2026-06-01,123287.57
919,FR0033,P019,2026-06-01,209707.61
920,FR0033,P023,2026-06-01,214725.81
921,FR0033,P017,2026-07-01,159873.46
922,FR0033,P020,2026-07-01,244116.16
923,FR0033,P019,2026-07-01,52784.4
924,FR0033,P023,2026-07-01,87755.98
925,FR0034,P005,2026-01-01,180343.83
926,FR0034,P006,2026-01-01,141252.69
927,FR0034,P004,2026-01-01,173068.61
928,FR0034,P024,2026-01-01,60930.26
929,FR0034,P005,2026-02-01,118879.22
930,FR0034,P006,2026-02-01,100228.19
931,FR0034,P004,2026-02-01,229377.02
932,FR0034,P024,2026-02-01,169399.94
933,FR0034,P005,2026-03-01,249249.41
934,FR0034,P006,2026-03-01,98220.47
935,FR0034,P004,2026-03-01,64888.0
936,FR0034,P024,2026-03-01,242232.6
937,FR0034,P005,2026-04-01,91760.68
938,FR0034,P006,2026-04-01,51247.38
939,FR0034,P004,2026-04-01,104861.21
940,FR0034,P024,2026-04-01,194621.07
941,FR0034,P005,2026-05-01,95910.4
942,FR0034,P006,2026-05-01,147357.01
943,FR0034,P004,2026-05-01,151639.85
944,FR0034,P024,2026-05-01,63513.82
945,FR0034,P005,2026-06-01,247453.4
946,FR0034,P006,2026-06-01,231820.13
947,FR0034,P004,2026-06-01,226267.42
948,FR0034,P024,2026-06-01,140776.47
949,FR0034,P005,2026-07-01,169087.85
950,FR0034,P006,2026-07-01,213509.44
951,FR0034,P004,2026-07-01,139610.06
952,FR0034,P024,2026-07-01,248710.73
953,FR0035,P029,2026-01-01,92921.07
954,FR0035,P004,2026-01-01,61167.76
955,FR0035,P005,2026-01-01,61155.58
956,FR0035,P014,2026-01-01,202526.57
957,FR0035,P029,2026-02-01,135269.63
958,FR0035,P004,2026-02-01,235391.81
959,FR0035,P005,2026-02-01,181046.55
960,FR0035,P014,2026-02-01,92310.96
961,FR0035,P029,2026-03-01,190389.41
962,FR0035,P004,2026-03-01,209351.09
963,FR0035,P005,2026-03-01,81672.16
964,FR0035,P014,2026-03-01,70695.05
965,FR0035,P029,2026-04-01,127425.18
966,FR0035,P004,2026-04-01,137381.01
967,FR0035,P005,2026-04-01,156507.42
968,FR0035,P014,2026-04-01,172231.47
969,FR0035,P029,2026-05-01,73615.9
970,FR0035,P004,2026-05-01,82846.48
971,FR0035,P005,2026-05-01,107134.31
972,FR0035,P014,2026-05-01,82075.8
973,FR0035,P029,2026-06-01,220656.09
974,FR0035,P004,2026-06-01,92816.81
975,FR0035,P005,2026-06-01,122884.32
976,FR0035,P014,2026-06-01,228111.11
977,FR0035,P029,2026-07-01,119524.03
978,FR0035,P004,2026-07-01,85416.78
979,FR0035,P005,2026-07-01,174512.64
980,FR0035,P014,2026-07-01,123505.26
981,FR0036,P013,2026-01-01,62786.35
982,FR0036,P030,2026-01-01,240877.28
983,FR0036,P012,2026-01-01,169585.66
984,FR0036,P006,2026-01-01,195074.69
985,FR0036,P013,2026-02-01,218995.92
986,FR0036,P030,2026-02-01,56575.53
987,FR0036,P012,2026-02-01,229235.9
988,FR0036,P006,2026-02-01,163364.08
989,FR0036,P013,2026-03-01,224961.89
990,FR0036,P030,2026-03-01,65017.05
991,FR0036,P012,2026-03-01,109710.31
992,FR0036,P006,2026-03-01,122895.92
993,FR0036,P013,2026-04-01,91608.12
994,FR0036,P030,2026-04-01,137798.46
995,FR0036,P012,2026-04-01,219194.25
996,FR0036,P006,2026-04-01,201057.36
997,FR0036,P013,2026-05-01,202168.74
998,FR0036,P030,2026-05-01,231421.73
999,FR0036,P012,2026-05-01,245816.08
1000,FR0036,P006,2026-05-01,85074.84
1001,FR0036,P013,2026-06-01,242263.81
1002,FR0036,P030,2026-06-01,237038.01
1003,FR0036,P012,2026-06-01,203929.58
1004,FR0036,P006,2026-06-01,120778.77
1005,FR0036,P013,2026-07-01,135682.15
1006,FR0036,P030,2026-07-01,112346.74
1007,FR0036,P012,2026-07-01,149541.99
1008,FR0036,P006,2026-07-01,133538.65
1009,FR0037,P012,2026-01-01,185396.68
1010,FR0037,P029,2026-01-01,147220.11
1011,FR0037,P022,2026-01-01,50895.12
1012,FR0037,P011,2026-01-01,73522.3
1013,FR0037,P012,2026-02-01,131366.71
1014,FR0037,P029,2026-02-01,123071.27
1015,FR0037,P022,2026-02-01,216328.76
1016,FR0037,P011,2026-02-01,129262.36
1017,FR0037,P012,2026-03-01,169815.32
1018,FR0037,P029,2026-03-01,204819.79
1019,FR0037,P022,2026-03-01,132711.63
1020,FR0037,P011,2026-03-01,106010.15
1021,FR0037,P012,2026-04-01,117421.97
1022,FR0037,P029,2026-04-01,69887.09
1023,FR0037,P022,2026-04-01,167179.52
1024,FR0037,P011,2026-04-01,51049.11
1025,FR0037,P012,2026-05-01,173249.0
1026,FR0037,P029,2026-05-01,224701.18
1027,FR0037,P022,2026-05-01,218659.88
1028,FR0037,P011,2026-05-01,132566.04
1029,FR0037,P012,2026-06-01,141273.6
1030,FR0037,P029,2026-06-01,112081.32
1031,FR0037,P022,2026-06-01,83138.32
1032,FR0037,P011,2026-06-01,102468.11
1033,FR0037,P012,2026-07-01,241485.49
1034,FR0037,P029,2026-07-01,149903.83
1035,FR0037,P022,2026-07-01,121422.0
1036,FR0037,P011,2026-07-01,219615.58
1037,FR0038,P018,2026-01-01,109880.83
1038,FR0038,P002,2026-01-01,129485.72
1039,FR0038,P026,2026-01-01,217852.38
1040,FR0038,P025,2026-01-01,188524.52
1041,FR0038,P018,2026-02-01,175614.29
1042,FR0038,P002,2026-02-01,94074.41
1043,FR0038,P026,2026-02-01,190824.51
1044,FR0038,P025,2026-02-01,213780.78
1045,FR0038,P018,2026-03-01,86708.02
1046,FR0038,P002,2026-03-01,124256.12
1047,FR0038,P026,2026-03-01,193205.19
1048,FR0038,P025,2026-03-01,70442.14
1049,FR0038,P018,2026-04-01,78443.89
1050,FR0038,P002,2026-04-01,142937.19
1051,FR0038,P026,2026-04-01,50011.64
1052,FR0038,P025,2026-04-01,209725.18
1053,FR0038,P018,2026-05-01,177843.6
1054,FR0038,P002,2026-05-01,55520.56
1055,FR0038,P026,2026-05-01,172908.82
1056,FR0038,P025,2026-05-01,86103.04
1057,FR0038,P018,2026-06-01,84956.25
1058,FR0038,P002,2026-06-01,86888.53
1059,FR0038,P026,2026-06-01,205082.18
1060,FR0038,P025,2026-06-01,94842.62
1061,FR0038,P018,2026-07-01,52501.32
1062,FR0038,P002,2026-07-01,166170.14
1063,FR0038,P026,2026-07-01,184396.53
1064,FR0038,P025,2026-07-01,106341.48
1065,FR0039,P023,2026-01-01,218379.98
1066,FR0039,P027,2026-01-01,229605.75
1067,FR0039,P013,2026-01-01,125606.64
1068,FR0039,P029,2026-01-01,114836.38
1069,FR0039,P023,2026-02-01,193787.92
1070,FR0039,P027,2026-02-01,227372.46
1071,FR0039,P013,2026-02-01,108728.87
1072,FR0039,P029,2026-02-01,142807.11
1073,FR0039,P023,2026-03-01,168022.28
1074,FR0039,P027,2026-03-01,144258.31
1075,FR0039,P013,2026-03-01,68322.1
1076,FR0039,P029,2026-03-01,184074.27
1077,FR0039,P023,2026-04-01,76310.75
1078,FR0039,P027,2026-04-01,169474.56
1079,FR0039,P013,2026-04-01,115761.23
1080,FR0039,P029,2026-04-01,123940.58
1081,FR0039,P023,2026-05-01,211094.64
1082,FR0039,P027,2026-05-01,169658.75
1083,FR0039,P013,2026-05-01,196025.42
1084,FR0039,P029,2026-05-01,159237.38
1085,FR0039,P023,2026-06-01,94720.81
1086,FR0039,P027,2026-06-01,176413.01
1087,FR0039,P013,2026-06-01,223138.1
1088,FR0039,P029,2026-06-01,116299.33
1089,FR0039,P023,2026-07-01,222739.47
1090,FR0039,P027,2026-07-01,108658.64
1091,FR0039,P013,2026-07-01,171821.07
1092,FR0039,P029,2026-07-01,217197.05
1093,FR0040,P022,2026-01-01,63308.14
1094,FR0040,P020,2026-01-01,168077.94
1095,FR0040,P027,2026-01-01,94568.15
1096,FR0040,P025,2026-01-01,119635.52
1097,FR0040,P022,2026-02-01,202361.04
1098,FR0040,P020,2026-02-01,179548.33
1099,FR0040,P027,2026-02-01,192461.45
1100,FR0040,P025,2026-02-01,78630.55
1101,FR0040,P022,2026-03-01,160024.89
1102,FR0040,P020,2026-03-01,144696.21
1103,FR0040,P027,2026-03-01,185909.95
1104,FR0040,P025,2026-03-01,65833.55
1105,FR0040,P022,2026-04-01,248285.75
1106,FR0040,P020,2026-04-01,164268.39
1107,FR0040,P027,2026-04-01,58832.36
1108,FR0040,P025,2026-04-01,159641.52
1109,FR0040,P022,2026-05-01,149307.92
1110,FR0040,P020,2026-05-01,110385.67
1111,FR0040,P027,2026-05-01,165033.13
1112,FR0040,P025,2026-05-01,99885.6
1113,FR0040,P022,2026-06-01,62654.06
1114,FR0040,P020,2026-06-01,65912.02
1115,FR0040,P027,2026-06-01,228737.08
1116,FR0040,P025,2026-06-01,134654.46
1117,FR0040,P022,2026-07-01,91990.06
1118,FR0040,P020,2026-07-01,220122.11
1119,FR0040,P027,2026-07-01,162906.22
1120,FR0040,P025,2026-07-01,172032.03
1121,FR0041,P004,2026-01-01,112901.77
1122,FR0041,P030,2026-01-01,50584.66
1123,FR0041,P028,2026-01-01,184511.36
1124,FR0041,P002,2026-01-01,200270.49
1125,FR0041,P004,2026-02-01,171032.97
1126,FR0041,P030,2026-02-01,127901.7
1127,FR0041,P028,2026-02-01,219920.05
1128,FR0041,P002,2026-02-01,173690.29
1129,FR0041,P004,2026-03-01,140456.83
1130,FR0041,P030,2026-03-01,179767.88
1131,FR0041,P028,2026-03-01,103838.17
1132,FR0041,P002,2026-03-01,55599.72
1133,FR0041,P004,2026-04-01,190969.98
1134,FR0041,P030,2026-04-01,173401.51
1135,FR0041,P028,2026-04-01,123404.87
1136,FR0041,P002,2026-04-01,153964.5
1137,FR0041,P004,2026-05-01,102345.02
1138,FR0041,P030,2026-05-01,184477.65
1139,FR0041,P028,2026-05-01,108171.37
1140,FR0041,P002,2026-05-01,170086.18
1141,FR0041,P004,2026-06-01,104510.39
1142,FR0041,P030,2026-06-01,67802.4
1143,FR0041,P028,2026-06-01,193217.1
1144,FR0041,P002,2026-06-01,82581.92
1145,FR0041,P004,2026-07-01,185181.39
1146,FR0041,P030,2026-07-01,230968.35
1147,FR0041,P028,2026-07-01,212728.81
1148,FR0041,P002,2026-07-01,225283.05
1149,FR0042,P006,2026-01-01,239845.82
1150,FR0042,P018,2026-01-01,114107.56
1151,FR0042,P021,2026-01-01,164054.78
1152,FR0042,P030,2026-01-01,216631.88
1153,FR0042,P006,2026-02-01,159437.96
1154,FR0042,P018,2026-02-01,84813.67
1155,FR0042,P021,2026-02-01,115790.01
1156,FR0042,P030,2026-02-01,191218.39
1157,FR0042,P006,2026-03-01,112166.46
1158,FR0042,P018,2026-03-01,116918.91
1159,FR0042,P021,2026-03-01,227375.96
1160,FR0042,P030,2026-03-01,171243.39
1161,FR0042,P006,2026-04-01,164753.14
1162,FR0042,P018,2026-04-01,141601.52
1163,FR0042,P021,2026-04-01,216982.78
1164,FR0042,P030,2026-04-01,201826.09
1165,FR0042,P006,2026-05-01,246276.54
1166,FR0042,P018,2026-05-01,246460.94
1167,FR0042,P021,2026-05-01,220971.89
1168,FR0042,P030,2026-05-01,215679.8
1169,FR0042,P006,2026-06-01,165852.18
1170,FR0042,P018,2026-06-01,125814.75
1171,FR0042,P021,2026-06-01,230538.91
1172,FR0042,P030,2026-06-01,247389.84
1173,FR0042,P006,2026-07-01,186352.6
1174,FR0042,P018,2026-07-01,68535.22
1175,FR0042,P021,2026-07-01,184084.42
1176,FR0042,P030,2026-07-01,167392.17
1177,FR0043,P004,2026-01-01,213254.81
1178,FR0043,P007,2026-01-01,84367.11
1179,FR0043,P025,2026-01-01,158395.03
1180,FR0043,P012,2026-01-01,207635.89
1181,FR0043,P004,2026-02-01,161320.61
1182,FR0043,P007,2026-02-01,125975.46
1183,FR0043,P025,2026-02-01,170189.35
1184,FR0043,P012,2026-02-01,245653.08
1185,FR0043,P004,2026-03-01,206965.63
1186,FR0043,P007,2026-03-01,167593.5
1187,FR0043,P025,2026-03-01,122898.13
1188,FR0043,P012,2026-03-01,243880.24
1189,FR0043,P004,2026-04-01,146875.61
1190,FR0043,P007,2026-04-01,197412.27
1191,FR0043,P025,2026-04-01,188634.91
1192,FR0043,P012,2026-04-01,166605.24
1193,FR0043,P004,2026-05-01,219307.88
1194,FR0043,P007,2026-05-01,227239.29
1195,FR0043,P025,2026-05-01,133171.56
1196,FR0043,P012,2026-05-01,217760.92
1197,FR0043,P004,2026-06-01,72083.85
1198,FR0043,P007,2026-06-01,124917.69
1199,FR0043,P025,2026-06-01,162670.76
1200,FR0043,P012,2026-06-01,184277.69
1201,FR0043,P004,2026-07-01,100365.49
1202,FR0043,P007,2026-07-01,55724.68
1203,FR0043,P025,2026-07-01,227283.54
1204,FR0043,P012,2026-07-01,220184.05
1205,FR0044,P021,2026-01-01,74883.65
1206,FR0044,P006,2026-01-01,52153.85
1207,FR0044,P016,2026-01-01,192328.19
1208,FR0044,P014,2026-01-01,120823.65
1209,FR0044,P021,2026-02-01,65391.51
1210,FR0044,P006,2026-02-01,77501.21
1211,FR0044,P016,2026-02-01,234578.85
1212,FR0044,P014,2026-02-01,202560.5
1213,FR0044,P021,2026-03-01,101764.51
1214,FR0044,P006,2026-03-01,248538.77
1215,FR0044,P016,2026-03-01,191694.09
1216,FR0044,P014,2026-03-01,126748.08
1217,FR0044,P021,2026-04-01,71935.61
1218,FR0044,P006,2026-04-01,240296.25
1219,FR0044,P016,2026-04-01,143867.36
1220,FR0044,P014,2026-04-01,190780.15
1221,FR0044,P021,2026-05-01,170180.19
1222,FR0044,P006,2026-05-01,226162.13
1223,FR0044,P016,2026-05-01,162493.84
1224,FR0044,P014,2026-05-01,235458.33
1225,FR0044,P021,2026-06-01,182089.31
1226,FR0044,P006,2026-06-01,90087.63
1227,FR0044,P016,2026-06-01,145331.14
1228,FR0044,P014,2026-06-01,163417.73
1229,FR0044,P021,2026-07-01,152383.07
1230,FR0044,P006,2026-07-01,194229.71
1231,FR0044,P016,2026-07-01,168451.35
1232,FR0044,P014,2026-07-01,67004.47
1233,FR0045,P024,2026-01-01,191346.86
1234,FR0045,P018,2026-01-01,149602.46
1235,FR0045,P016,2026-01-01,50543.69
1236,FR0045,P029,2026-01-01,162232.38
1237,FR0045,P024,2026-02-01,67713.44
1238,FR0045,P018,2026-02-01,206691.6
1239,FR0045,P016,2026-02-01,187702.92
1240,FR0045,P029,2026-02-01,191000.48
1241,FR0045,P024,2026-03-01,67481.26
1242,FR0045,P018,2026-03-01,194171.58
1243,FR0045,P016,2026-03-01,96729.86
1244,FR0045,P029,2026-03-01,144650.53
1245,FR0045,P024,2026-04-01,115160.01
1246,FR0045,P018,2026-04-01,183700.31
1247,FR0045,P016,2026-04-01,81967.2
1248,FR0045,P029,2026-04-01,90407.35
1249,FR0045,P024,2026-05-01,103189.88
1250,FR0045,P018,2026-05-01,83284.94
1251,FR0045,P016,2026-05-01,66307.53
1252,FR0045,P029,2026-05-01,231047.75
1253,FR0045,P024,2026-06-01,52490.41
1254,FR0045,P018,2026-06-01,143062.32
1255,FR0045,P016,2026-06-01,201689.44
1256,FR0045,P029,2026-06-01,69657.02
1257,FR0045,P024,2026-07-01,147934.42
1258,FR0045,P018,2026-07-01,147032.03
1259,FR0045,P016,2026-07-01,170338.56
1260,FR0045,P029,2026-07-01,97997.86
1261,FR0046,P024,2026-01-01,212599.38
1262,FR0046,P017,2026-01-01,179176.24
1263,FR0046,P016,2026-01-01,218335.91
1264,FR0046,P025,2026-01-01,194931.0
1265,FR0046,P024,2026-02-01,88396.38
1266,FR0046,P017,2026-02-01,239501.9
1267,FR0046,P016,2026-02-01,84535.4
1268,FR0046,P025,2026-02-01,60102.34
1269,FR0046,P024,2026-03-01,151498.05
1270,FR0046,P017,2026-03-01,78342.97
1271,FR0046,P016,2026-03-01,225838.0
1272,FR0046,P025,2026-03-01,111047.4
1273,FR0046,P024,2026-04-01,153811.85
1274,FR0046,P017,2026-04-01,181761.79
1275,FR0046,P016,2026-04-01,193261.67
1276,FR0046,P025,2026-04-01,222305.04
1277,FR0046,P024,2026-05-01,72443.09
1278,FR0046,P017,2026-05-01,148161.7
1279,FR0046,P016,2026-05-01,205261.57
1280,FR0046,P025,2026-05-01,205660.6
1281,FR0046,P024,2026-06-01,69618.73
1282,FR0046,P017,2026-06-01,226141.48
1283,FR0046,P016,2026-06-01,167225.8
1284,FR0046,P025,2026-06-01,145162.19
1285,FR0046,P024,2026-07-01,210624.77
1286,FR0046,P017,2026-07-01,56877.65
1287,FR0046,P016,2026-07-01,108182.23
1288,FR0046,P025,2026-07-01,78246.23
1289,FR0047,P028,2026-01-01,53411.47
1290,FR0047,P011,2026-01-01,190660.56
1291,FR0047,P020,2026-01-01,223117.42
1292,FR0047,P019,2026-01-01,87275.54
1293,FR0047,P028,2026-02-01,108931.21
1294,FR0047,P011,2026-02-01,76622.23
1295,FR0047,P020,2026-02-01,202972.6
1296,FR0047,P019,2026-02-01,149712.64
1297,FR0047,P028,2026-03-01,191300.43
1298,FR0047,P011,2026-03-01,157835.03
1299,FR0047,P020,2026-03-01,206235.81
1300,FR0047,P019,2026-03-01,215834.19
1301,FR0047,P028,2026-04-01,246904.92
1302,FR0047,P011,2026-04-01,220369.86
1303,FR0047,P020,2026-04-01,207052.64
1304,FR0047,P019,2026-04-01,97711.68
1305,FR0047,P028,2026-05-01,148438.9
1306,FR0047,P011,2026-05-01,105154.07
1307,FR0047,P020,2026-05-01,101488.93
1308,FR0047,P019,2026-05-01,94833.02
1309,FR0047,P028,2026-06-01,227942.62
1310,FR0047,P011,2026-06-01,61855.77
1311,FR0047,P020,2026-06-01,118278.67
1312,FR0047,P019,2026-06-01,183513.87
1313,FR0047,P028,2026-07-01,164794.64
1314,FR0047,P011,2026-07-01,116418.72
1315,FR0047,P020,2026-07-01,211369.34
1316,FR0047,P019,2026-07-01,68176.21
1317,FR0048,P008,2026-01-01,73043.73
1318,FR0048,P030,2026-01-01,131701.16
1319,FR0048,P012,2026-01-01,82658.44
1320,FR0048,P017,2026-01-01,82450.68
1321,FR0048,P008,2026-02-01,66339.53
1322,FR0048,P030,2026-02-01,225715.86
1323,FR0048,P012,2026-02-01,221333.92
1324,FR0048,P017,2026-02-01,172639.79
1325,FR0048,P008,2026-03-01,235486.99
1326,FR0048,P030,2026-03-01,147301.64
1327,FR0048,P012,2026-03-01,133691.21
1328,FR0048,P017,2026-03-01,123603.49
1329,FR0048,P008,2026-04-01,107550.53
1330,FR0048,P030,2026-04-01,85137.01
1331,FR0048,P012,2026-04-01,68482.71
1332,FR0048,P017,2026-04-01,240613.62
1333,FR0048,P008,2026-05-01,51738.31
1334,FR0048,P030,2026-05-01,60708.52
1335,FR0048,P012,2026-05-01,82825.74
1336,FR0048,P017,2026-05-01,152831.33
1337,FR0048,P008,2026-06-01,239001.97
1338,FR0048,P030,2026-06-01,214689.34
1339,FR0048,P012,2026-06-01,103565.62
1340,FR0048,P017,2026-06-01,141412.26
1341,FR0048,P008,2026-07-01,205008.19
1342,FR0048,P030,2026-07-01,125498.35
1343,FR0048,P012,2026-07-01,106895.65
1344,FR0048,P017,2026-07-01,177343.34
1345,FR0049,P011,2026-01-01,127774.72
1346,FR0049,P022,2026-01-01,215626.09
1347,FR0049,P027,2026-01-01,75573.85
1348,FR0049,P007,2026-01-01,201271.19
1349,FR0049,P011,2026-02-01,99047.78
1350,FR0049,P022,2026-02-01,194749.75
1351,FR0049,P027,2026-02-01,58765.46
1352,FR0049,P007,2026-02-01,220736.16
1353,FR0049,P011,2026-03-01,70974.56
1354,FR0049,P022,2026-03-01,104172.59
1355,FR0049,P027,2026-03-01,234803.15
1356,FR0049,P007,2026-03-01,125395.26
1357,FR0049,P011,2026-04-01,233813.78
1358,FR0049,P022,2026-04-01,245763.57
1359,FR0049,P027,2026-04-01,226381.77
1360,FR0049,P007,2026-04-01,165993.43
1361,FR0049,P011,2026-05-01,55411.7
1362,FR0049,P022,2026-05-01,76516.93
1363,FR0049,P027,2026-05-01,162683.98
1364,FR0049,P007,2026-05-01,218370.02
1365,FR0049,P011,2026-06-01,155328.24
1366,FR0049,P022,2026-06-01,151746.87
1367,FR0049,P027,2026-06-01,167091.09
1368,FR0049,P007,2026-06-01,168695.16
1369,FR0049,P011,2026-07-01,121194.32
1370,FR0049,P022,2026-07-01,183720.29
1371,FR0049,P027,2026-07-01,194294.88
1372,FR0049,P007,2026-07-01,105601.13
1373,FR0050,P020,2026-01-01,108948.62
1374,FR0050,P015,2026-01-01,218528.39
1375,FR0050,P005,2026-01-01,181742.65
1376,FR0050,P012,2026-01-01,202709.78
1377,FR0050,P020,2026-02-01,107768.89
1378,FR0050,P015,2026-02-01,100141.26
1379,FR0050,P005,2026-02-01,216874.4
1380,FR0050,P012,2026-02-01,248326.04
1381,FR0050,P020,2026-03-01,185777.56
1382,FR0050,P015,2026-03-01,139553.67
1383,FR0050,P005,2026-03-01,122144.02
1384,FR0050,P012,2026-03-01,96186.51
1385,FR0050,P020,2026-04-01,101426.15
1386,FR0050,P015,2026-04-01,50379.09
1387,FR0050,P005,2026-04-01,102575.96
1388,FR0050,P012,2026-04-01,126854.94
1389,FR0050,P020,2026-05-01,70178.25
1390,FR0050,P015,2026-05-01,106700.35
1391,FR0050,P005,2026-05-01,101719.09
1392,FR0050,P012,2026-05-01,134128.91
1393,FR0050,P020,2026-06-01,210192.72
1394,FR0050,P015,2026-06-01,146998.14
1395,FR0050,P005,2026-06-01,153362.29
1396,FR0050,P012,2026-06-01,209642.58
1397,FR0050,P020,2026-07-01,197848.55
1398,FR0050,P015,2026-07-01,82010.21
1399,FR0050,P005,2026-07-01,76926.1
1400,FR0050,P012,2026-07-01,227476.15
1401,FR0051,P025,2026-01-01,209442.72
1402,FR0051,P017,2026-01-01,109598.2
1403,FR0051,P018,2026-01-01,113600.38
1404,FR0051,P022,2026-01-01,53434.89
1405,FR0051,P025,2026-02-01,162051.81
1406,FR0051,P017,2026-02-01,95867.5
1407,FR0051,P018,2026-02-01,54977.5
1408,FR0051,P022,2026-02-01,97646.06
1409,FR0051,P025,2026-03-01,66442.86
1410,FR0051,P017,2026-03-01,235686.81
1411,FR0051,P018,2026-03-01,108749.19
1412,FR0051,P022,2026-03-01,65288.16
1413,FR0051,P025,2026-04-01,237826.61
1414,FR0051,P017,2026-04-01,69583.54
1415,FR0051,P018,2026-04-01,205372.1
1416,FR0051,P022,2026-04-01,190581.0
1417,FR0051,P025,2026-05-01,173490.83
1418,FR0051,P017,2026-05-01,149849.98
1419,FR0051,P018,2026-05-01,102126.51
1420,FR0051,P022,2026-05-01,93757.78
1421,FR0051,P025,2026-06-01,92931.1
1422,FR0051,P017,2026-06-01,146978.74
1423,FR0051,P018,2026-06-01,229091.66
1424,FR0051,P022,2026-06-01,76501.37
1425,FR0051,P025,2026-07-01,205439.27
1426,FR0051,P017,2026-07-01,138259.71
1427,FR0051,P018,2026-07-01,74396.38
1428,FR0051,P022,2026-07-01,122409.86
1429,FR0052,P027,2026-01-01,73117.12
1430,FR0052,P005,2026-01-01,249106.82
1431,FR0052,P006,2026-01-01,244137.95
1432,FR0052,P009,2026-01-01,247667.02
1433,FR0052,P027,2026-02-01,50300.0
1434,FR0052,P005,2026-02-01,90712.48
1435,FR0052,P006,2026-02-01,155411.06
1436,FR0052,P009,2026-02-01,92112.75
1437,FR0052,P027,2026-03-01,201454.04
1438,FR0052,P005,2026-03-01,87207.58
1439,FR0052,P006,2026-03-01,144961.35
1440,FR0052,P009,2026-03-01,86085.53
1441,FR0052,P027,2026-04-01,244931.35
1442,FR0052,P005,2026-04-01,221095.36
1443,FR0052,P006,2026-04-01,232750.97
1444,FR0052,P009,2026-04-01,58713.39
1445,FR0052,P027,2026-05-01,109504.44
1446,FR0052,P005,2026-05-01,63767.82
1447,FR0052,P006,2026-05-01,146603.32
1448,FR0052,P009,2026-05-01,93306.94
1449,FR0052,P027,2026-06-01,145501.47
1450,FR0052,P005,2026-06-01,238593.14
1451,FR0052,P006,2026-06-01,60391.56
1452,FR0052,P009,2026-06-01,135919.34
1453,FR0052,P027,2026-07-01,82238.99
1454,FR0052,P005,2026-07-01,169152.14
1455,FR0052,P006,2026-07-01,234934.68
1456,FR0052,P009,2026-07-01,161409.2
1457,FR0053,P021,2026-01-01,237601.12
1458,FR0053,P018,2026-01-01,91947.44
1459,FR0053,P029,2026-01-01,241208.57
1460,FR0053,P016,2026-01-01,81859.92
1461,FR0053,P021,2026-02-01,248446.49
1462,FR0053,P018,2026-02-01,156195.59
1463,FR0053,P029,2026-02-01,233213.39
1464,FR0053,P016,2026-02-01,87837.94
1465,FR0053,P021,2026-03-01,178031.87
1466,FR0053,P018,2026-03-01,123141.25
1467,FR0053,P029,2026-03-01,186477.18
1468,FR0053,P016,2026-03-01,159214.54
1469,FR0053,P021,2026-04-01,207069.51
1470,FR0053,P018,2026-04-01,85845.09
1471,FR0053,P029,2026-04-01,133011.57
1472,FR0053,P016,2026-04-01,95273.2
1473,FR0053,P021,2026-05-01,239499.42
1474,FR0053,P018,2026-05-01,155489.57
1475,FR0053,P029,2026-05-01,106229.44
1476,FR0053,P016,2026-05-01,247561.77
1477,FR0053,P021,2026-06-01,203174.66
1478,FR0053,P018,2026-06-01,225803.95
1479,FR0053,P029,2026-06-01,195452.13
1480,FR0053,P016,2026-06-01,161354.62
1481,FR0053,P021,2026-07-01,119333.08
1482,FR0053,P018,2026-07-01,151480.01
1483,FR0053,P029,2026-07-01,191166.14
1484,FR0053,P016,2026-07-01,165684.72
1485,FR0054,P023,2026-01-01,74493.25
1486,FR0054,P022,2026-01-01,69942.17
1487,FR0054,P003,2026-01-01,240850.76
1488,FR0054,P017,2026-01-01,174070.96
1489,FR0054,P023,2026-02-01,86268.8
1490,FR0054,P022,2026-02-01,74021.0
1491,FR0054,P003,2026-02-01,213580.61
1492,FR0054,P017,2026-02-01,192156.02
1493,FR0054,P023,2026-03-01,97029.65
1494,FR0054,P022,2026-03-01,76980.62
1495,FR0054,P003,2026-03-01,178505.19
1496,FR0054,P017,2026-03-01,132347.66
1497,FR0054,P023,2026-04-01,87939.95
1498,FR0054,P022,2026-04-01,181604.61
1499,FR0054,P003,2026-04-01,167646.3
1500,FR0054,P017,2026-04-01,181181.38
1501,FR0054,P023,2026-05-01,246402.1
1502,FR0054,P022,2026-05-01,117880.4
1503,FR0054,P003,2026-05-01,212151.32
1504,FR0054,P017,2026-05-01,89093.3
1505,FR0054,P023,2026-06-01,106758.44
1506,FR0054,P022,2026-06-01,185438.15
1507,FR0054,P003,2026-06-01,192457.39
1508,FR0054,P017,2026-06-01,203730.67
1509,FR0054,P023,2026-07-01,138962.32
1510,FR0054,P022,2026-07-01,175089.1
1511,FR0054,P003,2026-07-01,104077.73
1512,FR0054,P017,2026-07-01,215730.01
1513,FR0055,P028,2026-01-01,87048.78
1514,FR0055,P019,2026-01-01,79663.35
1515,FR0055,P022,2026-01-01,205035.14
1516,FR0055,P007,2026-01-01,215591.02
1517,FR0055,P028,2026-02-01,244229.11
1518,FR0055,P019,2026-02-01,217272.32
1519,FR0055,P022,2026-02-01,56386.95
1520,FR0055,P007,2026-02-01,54883.82
1521,FR0055,P028,2026-03-01,179042.57
1522,FR0055,P019,2026-03-01,186137.73
1523,FR0055,P022,2026-03-01,243157.88
1524,FR0055,P007,2026-03-01,141909.31
1525,FR0055,P028,2026-04-01,72318.34
1526,FR0055,P019,2026-04-01,88543.07
1527,FR0055,P022,2026-04-01,76755.48
1528,FR0055,P007,2026-04-01,179588.48
1529,FR0055,P028,2026-05-01,50759.91
1530,FR0055,P019,2026-05-01,153154.18
1531,FR0055,P022,2026-05-01,209269.74
1532,FR0055,P007,2026-05-01,149590.19
1533,FR0055,P028,2026-06-01,242145.29
1534,FR0055,P019,2026-06-01,111156.27
1535,FR0055,P022,2026-06-01,146024.28
1536,FR0055,P007,2026-06-01,97823.41
1537,FR0055,P028,2026-07-01,164567.34
1538,FR0055,P019,2026-07-01,55680.61
1539,FR0055,P022,2026-07-01,147187.94
1540,FR0055,P007,2026-07-01,229119.58
1541,FR0056,P003,2026-01-01,123160.86
1542,FR0056,P030,2026-01-01,173884.64
1543,FR0056,P029,2026-01-01,157938.13
1544,FR0056,P006,2026-01-01,167610.29
1545,FR0056,P003,2026-02-01,236908.07
1546,FR0056,P030,2026-02-01,246933.8
1547,FR0056,P029,2026-02-01,59970.02
1548,FR0056,P006,2026-02-01,110657.62
1549,FR0056,P003,2026-03-01,72297.33
1550,FR0056,P030,2026-03-01,247852.4
1551,FR0056,P029,2026-03-01,217211.09
1552,FR0056,P006,2026-03-01,181808.92
1553,FR0056,P003,2026-04-01,144151.81
1554,FR0056,P030,2026-04-01,82566.88
1555,FR0056,P029,2026-04-01,106196.59
1556,FR0056,P006,2026-04-01,180290.24
1557,FR0056,P003,2026-05-01,121990.52
1558,FR0056,P030,2026-05-01,249915.0
1559,FR0056,P029,2026-05-01,138130.64
1560,FR0056,P006,2026-05-01,164108.0
1561,FR0056,P003,2026-06-01,175701.84
1562,FR0056,P030,2026-06-01,65418.57
1563,FR0056,P029,2026-06-01,78669.09
1564,FR0056,P006,2026-06-01,231202.58
1565,FR0056,P003,2026-07-01,92100.74
1566,FR0056,P030,2026-07-01,68004.83
1567,FR0056,P029,2026-07-01,204844.67
1568,FR0056,P006,2026-07-01,142702.43
1569,FR0057,P017,2026-01-01,135245.67
1570,FR0057,P019,2026-01-01,121655.46
1571,FR0057,P012,2026-01-01,232827.0
1572,FR0057,P004,2026-01-01,236244.55
1573,FR0057,P017,2026-02-01,225845.54
1574,FR0057,P019,2026-02-01,59663.3
1575,FR0057,P012,2026-02-01,124486.91
1576,FR0057,P004,2026-02-01,109351.67
1577,FR0057,P017,2026-03-01,54168.1
1578,FR0057,P019,2026-03-01,78785.39
1579,FR0057,P012,2026-03-01,137515.44
1580,FR0057,P004,2026-03-01,61819.09
1581,FR0057,P017,2026-04-01,183074.07
1582,FR0057,P019,2026-04-01,75291.19
1583,FR0057,P012,2026-04-01,69460.84
1584,FR0057,P004,2026-04-01,77523.14
1585,FR0057,P017,2026-05-01,218722.07
1586,FR0057,P019,2026-05-01,123578.44
1587,FR0057,P012,2026-05-01,54900.71
1588,FR0057,P004,2026-05-01,56726.03
1589,FR0057,P017,2026-06-01,93121.33
1590,FR0057,P019,2026-06-01,222054.26
1591,FR0057,P012,2026-06-01,200080.21
1592,FR0057,P004,2026-06-01,119762.6
1593,FR0057,P017,2026-07-01,222188.24
1594,FR0057,P019,2026-07-01,97831.02
1595,FR0057,P012,2026-07-01,205745.54
1596,FR0057,P004,2026-07-01,247166.61
1597,FR0058,P021,2026-01-01,221522.86
1598,FR0058,P008,2026-01-01,140205.74
1599,FR0058,P018,2026-01-01,177778.19
1600,FR0058,P009,2026-01-01,208833.29
1601,FR0058,P021,2026-02-01,199017.34
1602,FR0058,P008,2026-02-01,159356.93
1603,FR0058,P018,2026-02-01,210385.8
1604,FR0058,P009,2026-02-01,123220.45
1605,FR0058,P021,2026-03-01,64906.34
1606,FR0058,P008,2026-03-01,127681.29
1607,FR0058,P018,2026-03-01,222197.68
1608,FR0058,P009,2026-03-01,235176.63
1609,FR0058,P021,2026-04-01,71431.0
1610,FR0058,P008,2026-04-01,168448.58
1611,FR0058,P018,2026-04-01,65557.58
1612,FR0058,P009,2026-04-01,81787.33
1613,FR0058,P021,2026-05-01,131409.54
1614,FR0058,P008,2026-05-01,246465.72
1615,FR0058,P018,2026-05-01,144915.82
1616,FR0058,P009,2026-05-01,76819.71
1617,FR0058,P021,2026-06-01,215075.63
1618,FR0058,P008,2026-06-01,68674.23
1619,FR0058,P018,2026-06-01,169150.73
1620,FR0058,P009,2026-06-01,154258.95
1621,FR0058,P021,2026-07-01,56257.14
1622,FR0058,P008,2026-07-01,224098.36
1623,FR0058,P018,2026-07-01,241006.07
1624,FR0058,P009,2026-07-01,194017.1
1625,FR0059,P002,2026-01-01,138132.26
1626,FR0059,P005,2026-01-01,122585.76
1627,FR0059,P013,2026-01-01,126718.61
1628,FR0059,P008,2026-01-01,140872.0
1629,FR0059,P002,2026-02-01,108964.23
1630,FR0059,P005,2026-02-01,194540.27
1631,FR0059,P013,2026-02-01,84882.55
1632,FR0059,P008,2026-02-01,120086.58
1633,FR0059,P002,2026-03-01,222754.06
1634,FR0059,P005,2026-03-01,80481.31
1635,FR0059,P013,2026-03-01,81945.48
1636,FR0059,P008,2026-03-01,106270.23
1637,FR0059,P002,2026-04-01,227978.6
1638,FR0059,P005,2026-04-01,128663.04
1639,FR0059,P013,2026-04-01,240744.17
1640,FR0059,P008,2026-04-01,201088.17
1641,FR0059,P002,2026-05-01,184480.57
1642,FR0059,P005,2026-05-01,148862.42
1643,FR0059,P013,2026-05-01,94507.86
1644,FR0059,P008,2026-05-01,65374.38
1645,FR0059,P002,2026-06-01,170382.09
1646,FR0059,P005,2026-06-01,109378.95
1647,FR0059,P013,2026-06-01,120780.1
1648,FR0059,P008,2026-06-01,169033.52
1649,FR0059,P002,2026-07-01,218474.92
1650,FR0059,P005,2026-07-01,91260.51
1651,FR0059,P013,2026-07-01,117665.39
1652,FR0059,P008,2026-07-01,120999.92
1653,FR0060,P024,2026-01-01,106427.43
1654,FR0060,P030,2026-01-01,216602.09
1655,FR0060,P028,2026-01-01,90804.73
1656,FR0060,P029,2026-01-01,81841.44
1657,FR0060,P024,2026-02-01,245501.3
1658,FR0060,P030,2026-02-01,137397.73
1659,FR0060,P028,2026-02-01,140379.08
1660,FR0060,P029,2026-02-01,126795.0
1661,FR0060,P024,2026-03-01,219002.67
1662,FR0060,P030,2026-03-01,83472.73
1663,FR0060,P028,2026-03-01,232302.31
1664,FR0060,P029,2026-03-01,146367.29
1665,FR0060,P024,2026-04-01,64775.1
1666,FR0060,P030,2026-04-01,110826.41
1667,FR0060,P028,2026-04-01,138043.06
1668,FR0060,P029,2026-04-01,52373.53
1669,FR0060,P024,2026-05-01,210949.33
1670,FR0060,P030,2026-05-01,249007.77
1671,FR0060,P028,2026-05-01,117066.9
1672,FR0060,P029,2026-05-01,83225.1
1673,FR0060,P024,2026-06-01,78563.48
1674,FR0060,P030,2026-06-01,194812.26
1675,FR0060,P028,2026-06-01,84139.91
1676,FR0060,P029,2026-06-01,58647.05
1677,FR0060,P024,2026-07-01,169474.35
1678,FR0060,P030,2026-07-01,135354.67
1679,FR0060,P028,2026-07-01,244017.92
1680,FR0060,P029,2026-07-01,79464.01
1681,FR0061,P010,2026-01-01,60519.75
1682,FR0061,P020,2026-01-01,104362.78
1683,FR0061,P015,2026-01-01,146457.31
1684,FR0061,P018,2026-01-01,173477.05
1685,FR0061,P010,2026-02-01,238535.57
1686,FR0061,P020,2026-02-01,180999.76
1687,FR0061,P015,2026-02-01,129631.92
1688,FR0061,P018,2026-02-01,188920.82
1689,FR0061,P010,2026-03-01,87808.86
1690,FR0061,P020,2026-03-01,220094.69
1691,FR0061,P015,2026-03-01,210720.52
1692,FR0061,P018,2026-03-01,174473.28
1693,FR0061,P010,2026-04-01,232506.34
1694,FR0061,P020,2026-04-01,94422.93
1695,FR0061,P015,2026-04-01,71705.43
1696,FR0061,P018,2026-04-01,59277.48
1697,FR0061,P010,2026-05-01,119595.46
1698,FR0061,P020,2026-05-01,219174.19
1699,FR0061,P015,2026-05-01,96910.35
1700,FR0061,P018,2026-05-01,226826.09
1701,FR0061,P010,2026-06-01,170596.42
1702,FR0061,P020,2026-06-01,87025.8
1703,FR0061,P015,2026-06-01,68384.9
1704,FR0061,P018,2026-06-01,204447.85
1705,FR0061,P010,2026-07-01,177836.36
1706,FR0061,P020,2026-07-01,239669.75
1707,FR0061,P015,2026-07-01,113589.76
1708,FR0061,P018,2026-07-01,212354.83
1709,FR0062,P009,2026-01-01,54582.85
1710,FR0062,P001,2026-01-01,198265.88
1711,FR0062,P003,2026-01-01,92735.27
1712,FR0062,P012,2026-01-01,177864.92
1713,FR0062,P009,2026-02-01,172213.12
1714,FR0062,P001,2026-02-01,207789.72
1715,FR0062,P003,2026-02-01,190749.54
1716,FR0062,P012,2026-02-01,133178.52
1717,FR0062,P009,2026-03-01,159611.85
1718,FR0062,P001,2026-03-01,156244.75
1719,FR0062,P003,2026-03-01,152345.06
1720,FR0062,P012,2026-03-01,117680.51
1721,FR0062,P009,2026-04-01,193654.65
1722,FR0062,P001,2026-04-01,123845.68
1723,FR0062,P003,2026-04-01,120458.47
1724,FR0062,P012,2026-04-01,150531.06
1725,FR0062,P009,2026-05-01,239475.67
1726,FR0062,P001,2026-05-01,94880.93
1727,FR0062,P003,2026-05-01,102172.13
1728,FR0062,P012,2026-05-01,102582.14
1729,FR0062,P009,2026-06-01,162367.25
1730,FR0062,P001,2026-06-01,124611.39
1731,FR0062,P003,2026-06-01,172585.87
1732,FR0062,P012,2026-06-01,164892.03
1733,FR0062,P009,2026-07-01,204389.31
1734,FR0062,P001,2026-07-01,192263.28
1735,FR0062,P003,2026-07-01,101988.25
1736,FR0062,P012,2026-07-01,119888.22
1737,FR0063,P010,2026-01-01,166181.46
1738,FR0063,P030,2026-01-01,246702.07
1739,FR0063,P006,2026-01-01,196243.55
1740,FR0063,P021,2026-01-01,219628.85
1741,FR0063,P010,2026-02-01,92599.25
1742,FR0063,P030,2026-02-01,156039.41
1743,FR0063,P006,2026-02-01,209452.51
1744,FR0063,P021,2026-02-01,115323.3
1745,FR0063,P010,2026-03-01,153026.28
1746,FR0063,P030,2026-03-01,167038.39
1747,FR0063,P006,2026-03-01,148949.23
1748,FR0063,P021,2026-03-01,184378.64
1749,FR0063,P010,2026-04-01,115560.57
1750,FR0063,P030,2026-04-01,211359.86
1751,FR0063,P006,2026-04-01,227966.0
1752,FR0063,P021,2026-04-01,140624.8
1753,FR0063,P010,2026-05-01,222369.95
1754,FR0063,P030,2026-05-01,224800.53
1755,FR0063,P006,2026-05-01,231480.36
1756,FR0063,P021,2026-05-01,146241.73
1757,FR0063,P010,2026-06-01,86262.46
1758,FR0063,P030,2026-06-01,113487.31
1759,FR0063,P006,2026-06-01,61345.38
1760,FR0063,P021,2026-06-01,152316.66
1761,FR0063,P010,2026-07-01,116710.11
1762,FR0063,P030,2026-07-01,51140.9
1763,FR0063,P006,2026-07-01,221706.48
1764,FR0063,P021,2026-07-01,242683.06
1765,FR0064,P017,2026-01-01,227235.84
1766,FR0064,P022,2026-01-01,102307.86
1767,FR0064,P025,2026-01-01,71661.56
1768,FR0064,P030,2026-01-01,219223.12
1769,FR0064,P017,2026-02-01,229045.48
1770,FR0064,P022,2026-02-01,230598.55
1771,FR0064,P025,2026-02-01,185865.23
1772,FR0064,P030,2026-02-01,221268.04
1773,FR0064,P017,2026-03-01,210692.06
1774,FR0064,P022,2026-03-01,132545.63
1775,FR0064,P025,2026-03-01,64205.55
1776,FR0064,P030,2026-03-01,192778.02
1777,FR0064,P017,2026-04-01,162536.92
1778,FR0064,P022,2026-04-01,168682.49
1779,FR0064,P025,2026-04-01,142832.13
1780,FR0064,P030,2026-04-01,84215.7
1781,FR0064,P017,2026-05-01,137820.89
1782,FR0064,P022,2026-05-01,71100.25
1783,FR0064,P025,2026-05-01,225401.49
1784,FR0064,P030,2026-05-01,194771.41
1785,FR0064,P017,2026-06-01,195637.43
1786,FR0064,P022,2026-06-01,174538.01
1787,FR0064,P025,2026-06-01,208397.46
1788,FR0064,P030,2026-06-01,223692.21
1789,FR0064,P017,2026-07-01,178125.95
1790,FR0064,P022,2026-07-01,88106.66
1791,FR0064,P025,2026-07-01,64747.8
1792,FR0064,P030,2026-07-01,203274.7
1793,FR0065,P028,2026-01-01,61117.6
1794,FR0065,P016,2026-01-01,90781.97
1795,FR0065,P012,2026-01-01,86226.44
1796,FR0065,P015,2026-01-01,162542.82
1797,FR0065,P028,2026-02-01,99137.05
1798,FR0065,P016,2026-02-01,65261.29
1799,FR0065,P012,2026-02-01,186800.88
1800,FR0065,P015,2026-02-01,54026.48
1801,FR0065,P028,2026-03-01,107702.16
1802,FR0065,P016,2026-03-01,211399.64
1803,FR0065,P012,2026-03-01,104718.68
1804,FR0065,P015,2026-03-01,243027.4
1805,FR0065,P028,2026-04-01,174355.63
1806,FR0065,P016,2026-04-01,146476.96
1807,FR0065,P012,2026-04-01,192008.8
1808,FR0065,P015,2026-04-01,216253.58
1809,FR0065,P028,2026-05-01,181300.97
1810,FR0065,P016,2026-05-01,64196.21
1811,FR0065,P012,2026-05-01,61468.56
1812,FR0065,P015,2026-05-01,135473.75
1813,FR0065,P028,2026-06-01,115621.5
1814,FR0065,P016,2026-06-01,240592.23
1815,FR0065,P012,2026-06-01,127521.01
1816,FR0065,P015,2026-06-01,206130.34
1817,FR0065,P028,2026-07-01,94426.89
1818,FR0065,P016,2026-07-01,191832.01
1819,FR0065,P012,2026-07-01,204404.03
1820,FR0065,P015,2026-07-01,194618.85
1821,FR0066,P029,2026-01-01,64169.14
1822,FR0066,P019,2026-01-01,68278.68
1823,FR0066,P009,2026-01-01,65522.59
1824,FR0066,P002,2026-01-01,87919.65
1825,FR0066,P029,2026-02-01,56772.54
1826,FR0066,P019,2026-02-01,99685.08
1827,FR0066,P009,2026-02-01,191380.53
1828,FR0066,P002,2026-02-01,55591.46
1829,FR0066,P029,2026-03-01,141980.98
1830,FR0066,P019,2026-03-01,155805.39
1831,FR0066,P009,2026-03-01,132421.64
1832,FR0066,P002,2026-03-01,141774.14
1833,FR0066,P029,2026-04-01,61414.81
1834,FR0066,P019,2026-04-01,143052.15
1835,FR0066,P009,2026-04-01,209937.3
1836,FR0066,P002,2026-04-01,96825.61
1837,FR0066,P029,2026-05-01,93229.15
1838,FR0066,P019,2026-05-01,177394.35
1839,FR0066,P009,2026-05-01,244940.46
1840,FR0066,P002,2026-05-01,210392.09
1841,FR0066,P029,2026-06-01,208930.92
1842,FR0066,P019,2026-06-01,139486.27
1843,FR0066,P009,2026-06-01,171923.51
1844,FR0066,P002,2026-06-01,148067.68
1845,FR0066,P029,2026-07-01,132755.99
1846,FR0066,P019,2026-07-01,59461.89
1847,FR0066,P009,2026-07-01,58626.9
1848,FR0066,P002,2026-07-01,243895.23
1849,FR0067,P021,2026-01-01,138504.21
1850,FR0067,P020,2026-01-01,108411.3
1851,FR0067,P030,2026-01-01,50323.89
1852,FR0067,P027,2026-01-01,187807.98
1853,FR0067,P021,2026-02-01,61009.26
1854,FR0067,P020,2026-02-01,152726.8
1855,FR0067,P030,2026-02-01,76453.03
1856,FR0067,P027,2026-02-01,175943.93
1857,FR0067,P021,2026-03-01,187812.26
1858,FR0067,P020,2026-03-01,129645.56
1859,FR0067,P030,2026-03-01,198733.83
1860,FR0067,P027,2026-03-01,64269.42
1861,FR0067,P021,2026-04-01,51737.11
1862,FR0067,P020,2026-04-01,68750.25
1863,FR0067,P030,2026-04-01,155329.48
1864,FR0067,P027,2026-04-01,117746.47
1865,FR0067,P021,2026-05-01,98734.87
1866,FR0067,P020,2026-05-01,140753.47
1867,FR0067,P030,2026-05-01,51294.64
1868,FR0067,P027,2026-05-01,62472.02
1869,FR0067,P021,2026-06-01,54136.35
1870,FR0067,P020,2026-06-01,51234.23
1871,FR0067,P030,2026-06-01,79933.28
1872,FR0067,P027,2026-06-01,78093.55
1873,FR0067,P021,2026-07-01,194980.32
1874,FR0067,P020,2026-07-01,83854.81
1875,FR0067,P030,2026-07-01,129153.13
1876,FR0067,P027,2026-07-01,215753.26
1877,FR0068,P028,2026-01-01,69159.68
1878,FR0068,P020,2026-01-01,199039.8
1879,FR0068,P002,2026-01-01,74378.93
1880,FR0068,P011,2026-01-01,243297.29
1881,FR0068,P028,2026-02-01,65331.01
1882,FR0068,P020,2026-02-01,232892.26
1883,FR0068,P002,2026-02-01,159211.07
1884,FR0068,P011,2026-02-01,63632.59
1885,FR0068,P028,2026-03-01,125760.64
1886,FR0068,P020,2026-03-01,89186.32
1887,FR0068,P002,2026-03-01,103721.78
1888,FR0068,P011,2026-03-01,167604.42
1889,FR0068,P028,2026-04-01,51038.24
1890,FR0068,P020,2026-04-01,126405.89
1891,FR0068,P002,2026-04-01,142640.36
1892,FR0068,P011,2026-04-01,173199.16
1893,FR0068,P028,2026-05-01,230199.34
1894,FR0068,P020,2026-05-01,218617.53
1895,FR0068,P002,2026-05-01,57933.22
1896,FR0068,P011,2026-05-01,246146.56
1897,FR0068,P028,2026-06-01,106322.5
1898,FR0068,P020,2026-06-01,110983.11
1899,FR0068,P002,2026-06-01,66312.62
1900,FR0068,P011,2026-06-01,210656.13
1901,FR0068,P028,2026-07-01,205391.73
1902,FR0068,P020,2026-07-01,135109.18
1903,FR0068,P002,2026-07-01,217189.13
1904,FR0068,P011,2026-07-01,161728.55
1905,FR0069,P024,2026-01-01,163483.96
1906,FR0069,P005,2026-01-01,101458.23
1907,FR0069,P012,2026-01-01,77023.72
1908,FR0069,P004,2026-01-01,243988.14
1909,FR0069,P024,2026-02-01,168014.72
1910,FR0069,P005,2026-02-01,115871.3
1911,FR0069,P012,2026-02-01,176224.45
1912,FR0069,P004,2026-02-01,74308.58
1913,FR0069,P024,2026-03-01,139213.4
1914,FR0069,P005,2026-03-01,71709.55
1915,FR0069,P012,2026-03-01,229648.57
1916,FR0069,P004,2026-03-01,146936.4
1917,FR0069,P024,2026-04-01,223526.17
1918,FR0069,P005,2026-04-01,81186.73
1919,FR0069,P012,2026-04-01,115352.1
1920,FR0069,P004,2026-04-01,220759.69
1921,FR0069,P024,2026-05-01,207338.68
1922,FR0069,P005,2026-05-01,169013.26
1923,FR0069,P012,2026-05-01,113229.1
1924,FR0069,P004,2026-05-01,57206.72
1925,FR0069,P024,2026-06-01,81409.78
1926,FR0069,P005,2026-06-01,105082.95
1927,FR0069,P012,2026-06-01,197764.26
1928,FR0069,P004,2026-06-01,230209.98
1929,FR0069,P024,2026-07-01,66725.69
1930,FR0069,P005,2026-07-01,153651.07
1931,FR0069,P012,2026-07-01,242882.0
1932,FR0069,P004,2026-07-01,78384.41
1933,FR0070,P011,2026-01-01,177302.77
1934,FR0070,P027,2026-01-01,60080.25
1935,FR0070,P026,2026-01-01,189063.22
1936,FR0070,P009,2026-01-01,239505.96
1937,FR0070,P011,2026-02-01,173537.68
1938,FR0070,P027,2026-02-01,244180.25
1939,FR0070,P026,2026-02-01,50394.74
1940,FR0070,P009,2026-02-01,226026.93
1941,FR0070,P011,2026-03-01,108879.86
1942,FR0070,P027,2026-03-01,243678.17
1943,FR0070,P026,2026-03-01,180169.66
1944,FR0070,P009,2026-03-01,77663.68
1945,FR0070,P011,2026-04-01,93053.91
1946,FR0070,P027,2026-04-01,242970.64
1947,FR0070,P026,2026-04-01,85887.48
1948,FR0070,P009,2026-04-01,73073.72
1949,FR0070,P011,2026-05-01,142589.17
1950,FR0070,P027,2026-05-01,114068.95
1951,FR0070,P026,2026-05-01,150637.26
1952,FR0070,P009,2026-05-01,149547.47
1953,FR0070,P011,2026-06-01,74989.47
1954,FR0070,P027,2026-06-01,187259.27
1955,FR0070,P026,2026-06-01,88858.99
1956,FR0070,P009,2026-06-01,50476.18
1957,FR0070,P011,2026-07-01,53326.51
1958,FR0070,P027,2026-07-01,68019.55
1959,FR0070,P026,2026-07-01,91271.64
1960,FR0070,P009,2026-07-01,210396.51
1961,FR0071,P005,2026-01-01,205629.42
1962,FR0071,P001,2026-01-01,133064.17
1963,FR0071,P008,2026-01-01,135062.3
1964,FR0071,P004,2026-01-01,196407.64
1965,FR0071,P005,2026-02-01,213326.92
1966,FR0071,P001,2026-02-01,106014.92
1967,FR0071,P008,2026-02-01,153612.54
1968,FR0071,P004,2026-02-01,83443.15
1969,FR0071,P005,2026-03-01,152056.09
1970,FR0071,P001,2026-03-01,147839.23
1971,FR0071,P008,2026-03-01,52175.5
1972,FR0071,P004,2026-03-01,232403.93
1973,FR0071,P005,2026-04-01,172988.25
1974,FR0071,P001,2026-04-01,58779.41
1975,FR0071,P008,2026-04-01,216814.75
1976,FR0071,P004,2026-04-01,109856.82
1977,FR0071,P005,2026-05-01,136479.74
1978,FR0071,P001,2026-05-01,56257.94
1979,FR0071,P008,2026-05-01,165721.99
1980,FR0071,P004,2026-05-01,127338.64
1981,FR0071,P005,2026-06-01,128281.52
1982,FR0071,P001,2026-06-01,139822.54
1983,FR0071,P008,2026-06-01,217345.29
1984,FR0071,P004,2026-06-01,84926.94
1985,FR0071,P005,2026-07-01,125668.4
1986,FR0071,P001,2026-07-01,176553.43
1987,FR0071,P008,2026-07-01,239464.29
1988,FR0071,P004,2026-07-01,191811.73
1989,FR0072,P028,2026-01-01,218868.5
1990,FR0072,P014,2026-01-01,169643.6
1991,FR0072,P021,2026-01-01,231385.07
1992,FR0072,P010,2026-01-01,177487.32
1993,FR0072,P028,2026-02-01,101403.7
1994,FR0072,P014,2026-02-01,192954.15
1995,FR0072,P021,2026-02-01,74601.76
1996,FR0072,P010,2026-02-01,133005.47
1997,FR0072,P028,2026-03-01,214347.86
1998,FR0072,P014,2026-03-01,169070.9
1999,FR0072,P021,2026-03-01,222982.86
2000,FR0072,P010,2026-03-01,247485.55
2001,FR0072,P028,2026-04-01,244020.05
2002,FR0072,P014,2026-04-01,177590.01
2003,FR0072,P021,2026-04-01,219740.78
2004,FR0072,P010,2026-04-01,196581.72
2005,FR0072,P028,2026-05-01,231857.34
2006,FR0072,P014,2026-05-01,118834.48
2007,FR0072,P021,2026-05-01,142363.42
2008,FR0072,P010,2026-05-01,239317.45
2009,FR0072,P028,2026-06-01,99023.48
2010,FR0072,P014,2026-06-01,213044.55
2011,FR0072,P021,2026-06-01,176655.98
2012,FR0072,P010,2026-06-01,72252.11
2013,FR0072,P028,2026-07-01,89504.13
2014,FR0072,P014,2026-07-01,83462.44
2015,FR0072,P021,2026-07-01,150397.07
2016,FR0072,P010,2026-07-01,166402.66
2017,FR0073,P021,2026-01-01,231784.23
2018,FR0073,P027,2026-01-01,142852.28
2019,FR0073,P006,2026-01-01,92995.86
2020,FR0073,P017,2026-01-01,237456.72
2021,FR0073,P021,2026-02-01,205370.13
2022,FR0073,P027,2026-02-01,211164.74
2023,FR0073,P006,2026-02-01,203502.09
2024,FR0073,P017,2026-02-01,135249.99
2025,FR0073,P021,2026-03-01,114082.63
2026,FR0073,P027,2026-03-01,201236.89
2027,FR0073,P006,2026-03-01,156858.97
2028,FR0073,P017,2026-03-01,107906.25
2029,FR0073,P021,2026-04-01,149923.88
2030,FR0073,P027,2026-04-01,111023.81
2031,FR0073,P006,2026-04-01,168808.35
2032,FR0073,P017,2026-04-01,209799.57
2033,FR0073,P021,2026-05-01,246155.88
2034,FR0073,P027,2026-05-01,187718.62
2035,FR0073,P006,2026-05-01,118552.39
2036,FR0073,P017,2026-05-01,105027.42
2037,FR0073,P021,2026-06-01,61720.59
2038,FR0073,P027,2026-06-01,228446.39
2039,FR0073,P006,2026-06-01,56013.67
2040,FR0073,P017,2026-06-01,55582.81
2041,FR0073,P021,2026-07-01,178640.09
2042,FR0073,P027,2026-07-01,219957.97
2043,FR0073,P006,2026-07-01,96736.14
2044,FR0073,P017,2026-07-01,133143.36
2045,FR0074,P025,2026-01-01,108777.1
2046,FR0074,P028,2026-01-01,229824.13
2047,FR0074,P029,2026-01-01,90249.16
2048,FR0074,P019,2026-01-01,248013.15
2049,FR0074,P025,2026-02-01,84440.22
2050,FR0074,P028,2026-02-01,245700.86
2051,FR0074,P029,2026-02-01,77290.06
2052,FR0074,P019,2026-02-01,99767.54
2053,FR0074,P025,2026-03-01,207892.51
2054,FR0074,P028,2026-03-01,116580.15
2055,FR0074,P029,2026-03-01,98939.24
2056,FR0074,P019,2026-03-01,119821.79
2057,FR0074,P025,2026-04-01,133446.95
2058,FR0074,P028,2026-04-01,211811.45
2059,FR0074,P029,2026-04-01,247169.37
2060,FR0074,P019,2026-04-01,204838.56
2061,FR0074,P025,2026-05-01,154771.12
2062,FR0074,P028,2026-05-01,242653.31
2063,FR0074,P029,2026-05-01,203035.66
2064,FR0074,P019,2026-05-01,213193.59
2065,FR0074,P025,2026-06-01,204073.01
2066,FR0074,P028,2026-06-01,184168.96
2067,FR0074,P029,2026-06-01,110653.21
2068,FR0074,P019,2026-06-01,230326.05
2069,FR0074,P025,2026-07-01,79751.8
2070,FR0074,P028,2026-07-01,51059.45
2071,FR0074,P029,2026-07-01,207444.81
2072,FR0074,P019,2026-07-01,94216.24
2073,FR0075,P023,2026-01-01,72608.36
2074,FR0075,P020,2026-01-01,96552.07
2075,FR0075,P018,2026-01-01,177111.8
2076,FR0075,P001,2026-01-01,177765.9
2077,FR0075,P023,2026-02-01,64645.01
2078,FR0075,P020,2026-02-01,172298.0
2079,FR0075,P018,2026-02-01,230039.28
2080,FR0075,P001,2026-02-01,184398.11
2081,FR0075,P023,2026-03-01,146364.23
2082,FR0075,P020,2026-03-01,51605.8
2083,FR0075,P018,2026-03-01,232845.0
2084,FR0075,P001,2026-03-01,225329.65
2085,FR0075,P023,2026-04-01,73039.98
2086,FR0075,P020,2026-04-01,65797.16
2087,FR0075,P018,2026-04-01,199738.97
2088,FR0075,P001,2026-04-01,155665.52
2089,FR0075,P023,2026-05-01,177341.66
2090,FR0075,P020,2026-05-01,217545.69
2091,FR0075,P018,2026-05-01,92372.78
2092,FR0075,P001,2026-05-01,120731.35
2093,FR0075,P023,2026-06-01,171910.83
2094,FR0075,P020,2026-06-01,82091.6
2095,FR0075,P018,2026-06-01,64662.06
2096,FR0075,P001,2026-06-01,121637.9
2097,FR0075,P023,2026-07-01,142529.37
2098,FR0075,P020,2026-07-01,194484.32
2099,FR0075,P018,2026-07-01,131002.19
2100,FR0075,P001,2026-07-01,57810.48
2101,FR0076,P025,2026-01-01,229672.18
2102,FR0076,P003,2026-01-01,139697.74
2103,FR0076,P013,2026-01-01,177517.62
2104,FR0076,P007,2026-01-01,54536.01
2105,FR0076,P025,2026-02-01,227396.64
2106,FR0076,P003,2026-02-01,214054.55
2107,FR0076,P013,2026-02-01,171100.6
2108,FR0076,P007,2026-02-01,207113.38
2109,FR0076,P025,2026-03-01,77421.38
2110,FR0076,P003,2026-03-01,224350.66
2111,FR0076,P013,2026-03-01,124128.65
2112,FR0076,P007,2026-03-01,57694.51
2113,FR0076,P025,2026-04-01,237709.01
2114,FR0076,P003,2026-04-01,161332.5
2115,FR0076,P013,2026-04-01,68495.48
2116,FR0076,P007,2026-04-01,56085.51
2117,FR0076,P025,2026-05-01,165649.59
2118,FR0076,P003,2026-05-01,102960.43
2119,FR0076,P013,2026-05-01,94191.97
2120,FR0076,P007,2026-05-01,57098.44
2121,FR0076,P025,2026-06-01,141886.02
2122,FR0076,P003,2026-06-01,95057.44
2123,FR0076,P013,2026-06-01,200002.99
2124,FR0076,P007,2026-06-01,185466.98
2125,FR0076,P025,2026-07-01,117179.62
2126,FR0076,P003,2026-07-01,163172.01
2127,FR0076,P013,2026-07-01,79207.19
2128,FR0076,P007,2026-07-01,178648.46
2129,FR0077,P021,2026-01-01,216842.61
2130,FR0077,P007,2026-01-01,155228.77
2131,FR0077,P018,2026-01-01,126529.64
2132,FR0077,P001,2026-01-01,89534.23
2133,FR0077,P021,2026-02-01,82992.24
2134,FR0077,P007,2026-02-01,128715.12
2135,FR0077,P018,2026-02-01,139052.22
2136,FR0077,P001,2026-02-01,197317.76
2137,FR0077,P021,2026-03-01,188995.23
2138,FR0077,P007,2026-03-01,70091.57
2139,FR0077,P018,2026-03-01,111879.17
2140,FR0077,P001,2026-03-01,65832.17
2141,FR0077,P021,2026-04-01,62281.01
2142,FR0077,P007,2026-04-01,117941.07
2143,FR0077,P018,2026-04-01,221909.26
2144,FR0077,P001,2026-04-01,150587.78
2145,FR0077,P021,2026-05-01,220647.37
2146,FR0077,P007,2026-05-01,222226.06
2147,FR0077,P018,2026-05-01,248500.37
2148,FR0077,P001,2026-05-01,105264.24
2149,FR0077,P021,2026-06-01,103226.98
2150,FR0077,P007,2026-06-01,245353.31
2151,FR0077,P018,2026-06-01,87189.87
2152,FR0077,P001,2026-06-01,194241.37
2153,FR0077,P021,2026-07-01,108367.76
2154,FR0077,P007,2026-07-01,168383.95
2155,FR0077,P018,2026-07-01,56147.51
2156,FR0077,P001,2026-07-01,125279.27
2157,FR0078,P026,2026-01-01,227722.02
2158,FR0078,P009,2026-01-01,106257.53
2159,FR0078,P024,2026-01-01,89750.47
2160,FR0078,P013,2026-01-01,196740.54
2161,FR0078,P026,2026-02-01,216745.76
2162,FR0078,P009,2026-02-01,195562.58
2163,FR0078,P024,2026-02-01,224416.11
2164,FR0078,P013,2026-02-01,62648.44
2165,FR0078,P026,2026-03-01,149444.41
2166,FR0078,P009,2026-03-01,191735.53
2167,FR0078,P024,2026-03-01,76872.82
2168,FR0078,P013,2026-03-01,158042.95
2169,FR0078,P026,2026-04-01,169013.46
2170,FR0078,P009,2026-04-01,112595.36
2171,FR0078,P024,2026-04-01,112127.58
2172,FR0078,P013,2026-04-01,60222.38
2173,FR0078,P026,2026-05-01,156460.42
2174,FR0078,P009,2026-05-01,181328.07
2175,FR0078,P024,2026-05-01,101912.96
2176,FR0078,P013,2026-05-01,161529.23
2177,FR0078,P026,2026-06-01,166791.52
2178,FR0078,P009,2026-06-01,147713.86
2179,FR0078,P024,2026-06-01,117209.75
2180,FR0078,P013,2026-06-01,209292.52
2181,FR0078,P026,2026-07-01,239728.88
2182,FR0078,P009,2026-07-01,146864.48
2183,FR0078,P024,2026-07-01,214719.16
2184,FR0078,P013,2026-07-01,180338.12
2185,FR0079,P011,2026-01-01,232498.73
2186,FR0079,P027,2026-01-01,161170.55
2187,FR0079,P020,2026-01-01,167920.33
2188,FR0079,P015,2026-01-01,85701.57
2189,FR0079,P011,2026-02-01,235153.57
2190,FR0079,P027,2026-02-01,107547.1
2191,FR0079,P020,2026-02-01,118964.68
2192,FR0079,P015,2026-02-01,109019.48
2193,FR0079,P011,2026-03-01,195616.87
2194,FR0079,P027,2026-03-01,237551.45
2195,FR0079,P020,2026-03-01,80275.66
2196,FR0079,P015,2026-03-01,54265.85
2197,FR0079,P011,2026-04-01,72553.05
2198,FR0079,P027,2026-04-01,177235.63
2199,FR0079,P020,2026-04-01,172217.44
2200,FR0079,P015,2026-04-01,73690.61
2201,FR0079,P011,2026-05-01,202213.54
2202,FR0079,P027,2026-05-01,217365.52
2203,FR0079,P020,2026-05-01,139104.64
2204,FR0079,P015,2026-05-01,114344.62
2205,FR0079,P011,2026-06-01,105953.1
2206,FR0079,P027,2026-06-01,91748.55
2207,FR0079,P020,2026-06-01,197781.85
2208,FR0079,P015,2026-06-01,179781.79
2209,FR0079,P011,2026-07-01,194259.86
2210,FR0079,P027,2026-07-01,138037.1
2211,FR0079,P020,2026-07-01,173989.14
2212,FR0079,P015,2026-07-01,126055.33
2213,FR0080,P030,2026-01-01,168911.07
2214,FR0080,P005,2026-01-01,219917.48
2215,FR0080,P024,2026-01-01,92990.66
2216,FR0080,P014,2026-01-01,163303.65
2217,FR0080,P030,2026-02-01,210241.17
2218,FR0080,P005,2026-02-01,235277.71
2219,FR0080,P024,2026-02-01,196196.34
2220,FR0080,P014,2026-02-01,51678.74
2221,FR0080,P030,2026-03-01,199211.31
2222,FR0080,P005,2026-03-01,175767.05
2223,FR0080,P024,2026-03-01,75570.14
2224,FR0080,P014,2026-03-01,119281.84
2225,FR0080,P030,2026-04-01,120249.4
2226,FR0080,P005,2026-04-01,89066.25
2227,FR0080,P024,2026-04-01,116934.96
2228,FR0080,P014,2026-04-01,181753.36
2229,FR0080,P030,2026-05-01,223271.13
2230,FR0080,P005,2026-05-01,123846.5
2231,FR0080,P024,2026-05-01,188638.65
2232,FR0080,P014,2026-05-01,140886.09
2233,FR0080,P030,2026-06-01,214456.69
2234,FR0080,P005,2026-06-01,183638.62
2235,FR0080,P024,2026-06-01,93639.22
2236,FR0080,P014,2026-06-01,85142.18
2237,FR0080,P030,2026-07-01,121759.4
2238,FR0080,P005,2026-07-01,112291.01
2239,FR0080,P024,2026-07-01,156166.99
2240,FR0080,P014,2026-07-01,218054.29
2241,FR0081,P026,2026-01-01,249962.63
2242,FR0081,P002,2026-01-01,197617.93
2243,FR0081,P004,2026-01-01,73394.52
2244,FR0081,P008,2026-01-01,138981.62
2245,FR0081,P026,2026-02-01,74384.35
2246,FR0081,P002,2026-02-01,97523.2
2247,FR0081,P004,2026-02-01,91247.79
2248,FR0081,P008,2026-02-01,161436.83
2249,FR0081,P026,2026-03-01,132251.23
2250,FR0081,P002,2026-03-01,228322.68
2251,FR0081,P004,2026-03-01,216461.38
2252,FR0081,P008,2026-03-01,176395.69
2253,FR0081,P026,2026-04-01,74866.32
2254,FR0081,P002,2026-04-01,67308.71
2255,FR0081,P004,2026-04-01,135748.04
2256,FR0081,P008,2026-04-01,111805.1
2257,FR0081,P026,2026-05-01,94055.66
2258,FR0081,P002,2026-05-01,149094.39
2259,FR0081,P004,2026-05-01,159527.76
2260,FR0081,P008,2026-05-01,63983.32
2261,FR0081,P026,2026-06-01,236361.93
2262,FR0081,P002,2026-06-01,96196.05
2263,FR0081,P004,2026-06-01,240184.35
2264,FR0081,P008,2026-06-01,226802.43
2265,FR0081,P026,2026-07-01,93150.29
2266,FR0081,P002,2026-07-01,229209.3
2267,FR0081,P004,2026-07-01,183809.44
2268,FR0081,P008,2026-07-01,186171.22
2269,FR0082,P003,2026-01-01,206691.79
2270,FR0082,P030,2026-01-01,105721.1
2271,FR0082,P002,2026-01-01,229320.66
2272,FR0082,P012,2026-01-01,205222.8
2273,FR0082,P003,2026-02-01,84820.95
2274,FR0082,P030,2026-02-01,136643.76
2275,FR0082,P002,2026-02-01,194316.9
2276,FR0082,P012,2026-02-01,146781.91
2277,FR0082,P003,2026-03-01,172182.41
2278,FR0082,P030,2026-03-01,207210.21
2279,FR0082,P002,2026-03-01,89821.43
2280,FR0082,P012,2026-03-01,205748.99
2281,FR0082,P003,2026-04-01,221126.52
2282,FR0082,P030,2026-04-01,136092.21
2283,FR0082,P002,2026-04-01,203448.97
2284,FR0082,P012,2026-04-01,50039.45
2285,FR0082,P003,2026-05-01,169892.97
2286,FR0082,P030,2026-05-01,78239.92
2287,FR0082,P002,2026-05-01,159878.23
2288,FR0082,P012,2026-05-01,182187.45
2289,FR0082,P003,2026-06-01,182242.65
2290,FR0082,P030,2026-06-01,190734.51
2291,FR0082,P002,2026-06-01,161671.04
2292,FR0082,P012,2026-06-01,80634.0
2293,FR0082,P003,2026-07-01,188928.61
2294,FR0082,P030,2026-07-01,146282.44
2295,FR0082,P002,2026-07-01,70579.85
2296,FR0082,P012,2026-07-01,94446.52
2297,FR0083,P022,2026-01-01,59427.92
2298,FR0083,P015,2026-01-01,167984.57
2299,FR0083,P026,2026-01-01,222264.28
2300,FR0083,P005,2026-01-01,199726.12
2301,FR0083,P022,2026-02-01,120743.38
2302,FR0083,P015,2026-02-01,215377.32
2303,FR0083,P026,2026-02-01,125100.11
2304,FR0083,P005,2026-02-01,168556.73
2305,FR0083,P022,2026-03-01,186813.51
2306,FR0083,P015,2026-03-01,178330.04
2307,FR0083,P026,2026-03-01,249363.26
2308,FR0083,P005,2026-03-01,159304.54
2309,FR0083,P022,2026-04-01,243161.7
2310,FR0083,P015,2026-04-01,197646.36
2311,FR0083,P026,2026-04-01,153597.44
2312,FR0083,P005,2026-04-01,163074.69
2313,FR0083,P022,2026-05-01,105058.17
2314,FR0083,P015,2026-05-01,65744.25
2315,FR0083,P026,2026-05-01,107126.92
2316,FR0083,P005,2026-05-01,164371.58
2317,FR0083,P022,2026-06-01,91092.16
2318,FR0083,P015,2026-06-01,203171.22
2319,FR0083,P026,2026-06-01,66758.92
2320,FR0083,P005,2026-06-01,113968.33
2321,FR0083,P022,2026-07-01,201356.75
2322,FR0083,P015,2026-07-01,191502.4
2323,FR0083,P026,2026-07-01,113542.28
2324,FR0083,P005,2026-07-01,242862.37
2325,FR0084,P006,2026-01-01,75036.39
2326,FR0084,P013,2026-01-01,153579.49
2327,FR0084,P024,2026-01-01,128636.06
2328,FR0084,P027,2026-01-01,188637.77
2329,FR0084,P006,2026-02-01,206991.9
2330,FR0084,P013,2026-02-01,193153.26
2331,FR0084,P024,2026-02-01,200038.98
2332,FR0084,P027,2026-02-01,131764.51
2333,FR0084,P006,2026-03-01,83956.28
2334,FR0084,P013,2026-03-01,186948.27
2335,FR0084,P024,2026-03-01,197940.67
2336,FR0084,P027,2026-03-01,159972.82
2337,FR0084,P006,2026-04-01,223393.81
2338,FR0084,P013,2026-04-01,78922.81
2339,FR0084,P024,2026-04-01,181834.99
2340,FR0084,P027,2026-04-01,135508.15
2341,FR0084,P006,2026-05-01,120820.93
2342,FR0084,P013,2026-05-01,68654.66
2343,FR0084,P024,2026-05-01,189050.4
2344,FR0084,P027,2026-05-01,62366.55
2345,FR0084,P006,2026-06-01,138043.02
2346,FR0084,P013,2026-06-01,212365.71
2347,FR0084,P024,2026-06-01,209900.94
2348,FR0084,P027,2026-06-01,153112.09
2349,FR0084,P006,2026-07-01,137556.63
2350,FR0084,P013,2026-07-01,179597.03
2351,FR0084,P024,2026-07-01,108195.58
2352,FR0084,P027,2026-07-01,107826.01
2353,FR0085,P011,2026-01-01,223950.65
2354,FR0085,P009,2026-01-01,55931.01
2355,FR0085,P010,2026-01-01,142841.14
2356,FR0085,P030,2026-01-01,108450.22
2357,FR0085,P011,2026-02-01,117385.09
2358,FR0085,P009,2026-02-01,185092.6
2359,FR0085,P010,2026-02-01,229484.98
2360,FR0085,P030,2026-02-01,140145.77
2361,FR0085,P011,2026-03-01,147730.34
2362,FR0085,P009,2026-03-01,234056.07
2363,FR0085,P010,2026-03-01,74221.19
2364,FR0085,P030,2026-03-01,227728.3
2365,FR0085,P011,2026-04-01,229739.64
2366,FR0085,P009,2026-04-01,214365.87
2367,FR0085,P010,2026-04-01,199654.69
2368,FR0085,P030,2026-04-01,208287.67
2369,FR0085,P011,2026-05-01,223563.36
2370,FR0085,P009,2026-05-01,150285.26
2371,FR0085,P010,2026-05-01,69418.3
2372,FR0085,P030,2026-05-01,98897.11
2373,FR0085,P011,2026-06-01,201553.65
2374,FR0085,P009,2026-06-01,227130.21
2375,FR0085,P010,2026-06-01,94338.21
2376,FR0085,P030,2026-06-01,207052.52
2377,FR0085,P011,2026-07-01,227775.93
2378,FR0085,P009,2026-07-01,191158.09
2379,FR0085,P010,2026-07-01,89370.59
2380,FR0085,P030,2026-07-01,116503.65
2381,FR0086,P024,2026-01-01,151129.36
2382,FR0086,P012,2026-01-01,125949.09
2383,FR0086,P015,2026-01-01,224952.15
2384,FR0086,P023,2026-01-01,140642.86
2385,FR0086,P024,2026-02-01,61671.3
2386,FR0086,P012,2026-02-01,215458.05
2387,FR0086,P015,2026-02-01,223272.88
2388,FR0086,P023,2026-02-01,54645.65
2389,FR0086,P024,2026-03-01,193813.77
2390,FR0086,P012,2026-03-01,126358.37
2391,FR0086,P015,2026-03-01,135351.37
2392,FR0086,P023,2026-03-01,237268.64
2393,FR0086,P024,2026-04-01,165115.81
2394,FR0086,P012,2026-04-01,184756.38
2395,FR0086,P015,2026-04-01,53856.15
2396,FR0086,P023,2026-04-01,237299.21
2397,FR0086,P024,2026-05-01,192367.29
2398,FR0086,P012,2026-05-01,135307.46
2399,FR0086,P015,2026-05-01,239714.37
2400,FR0086,P023,2026-05-01,134172.23
2401,FR0086,P024,2026-06-01,173256.37
2402,FR0086,P012,2026-06-01,124490.45
2403,FR0086,P015,2026-06-01,221902.81
2404,FR0086,P023,2026-06-01,197049.73
2405,FR0086,P024,2026-07-01,77189.01
2406,FR0086,P012,2026-07-01,202648.79
2407,FR0086,P015,2026-07-01,100928.1
2408,FR0086,P023,2026-07-01,104228.65
2409,FR0087,P004,2026-01-01,62822.28
2410,FR0087,P021,2026-01-01,184497.62
2411,FR0087,P023,2026-01-01,52800.03
2412,FR0087,P009,2026-01-01,200511.7
2413,FR0087,P004,2026-02-01,101999.08
2414,FR0087,P021,2026-02-01,163760.94
2415,FR0087,P023,2026-02-01,154077.24
2416,FR0087,P009,2026-02-01,152959.46
2417,FR0087,P004,2026-03-01,92070.03
2418,FR0087,P021,2026-03-01,166613.51
2419,FR0087,P023,2026-03-01,204392.7
2420,FR0087,P009,2026-03-01,60016.82
2421,FR0087,P004,2026-04-01,51069.14
2422,FR0087,P021,2026-04-01,63450.98
2423,FR0087,P023,2026-04-01,182017.49
2424,FR0087,P009,2026-04-01,81076.32
2425,FR0087,P004,2026-05-01,230335.03
2426,FR0087,P021,2026-05-01,147653.9
2427,FR0087,P023,2026-05-01,127495.52
2428,FR0087,P009,2026-05-01,93346.19
2429,FR0087,P004,2026-06-01,227477.46
2430,FR0087,P021,2026-06-01,74350.51
2431,FR0087,P023,2026-06-01,93104.81
2432,FR0087,P009,2026-06-01,185400.51
2433,FR0087,P004,2026-07-01,176280.93
2434,FR0087,P021,2026-07-01,79019.13
2435,FR0087,P023,2026-07-01,66244.73
2436,FR0087,P009,2026-07-01,69018.0
2437,FR0088,P019,2026-01-01,218201.74
2438,FR0088,P026,2026-01-01,71156.95
2439,FR0088,P008,2026-01-01,172070.32
2440,FR0088,P018,2026-01-01,145574.96
2441,FR0088,P019,2026-02-01,170786.4
2442,FR0088,P026,2026-02-01,69264.8
2443,FR0088,P008,2026-02-01,116494.39
2444,FR0088,P018,2026-02-01,69465.34
2445,FR0088,P019,2026-03-01,154946.54
2446,FR0088,P026,2026-03-01,64801.49
2447,FR0088,P008,2026-03-01,197404.3
2448,FR0088,P018,2026-03-01,141319.98
2449,FR0088,P019,2026-04-01,198893.5
2450,FR0088,P026,2026-04-01,70509.24
2451,FR0088,P008,2026-04-01,56397.07
2452,FR0088,P018,2026-04-01,153984.72
2453,FR0088,P019,2026-05-01,192558.78
2454,FR0088,P026,2026-05-01,186734.89
2455,FR0088,P008,2026-05-01,113881.36
2456,FR0088,P018,2026-05-01,75024.8
2457,FR0088,P019,2026-06-01,132299.38
2458,FR0088,P026,2026-06-01,111242.59
2459,FR0088,P008,2026-06-01,206535.33
2460,FR0088,P018,2026-06-01,116758.27
2461,FR0088,P019,2026-07-01,187224.89
2462,FR0088,P026,2026-07-01,172934.61
2463,FR0088,P008,2026-07-01,83611.05
2464,FR0088,P018,2026-07-01,71470.82
2465,FR0089,P026,2026-01-01,137296.86
2466,FR0089,P027,2026-01-01,208725.77
2467,FR0089,P013,2026-01-01,66084.99
2468,FR0089,P028,2026-01-01,239624.18
2469,FR0089,P026,2026-02-01,90183.17
2470,FR0089,P027,2026-02-01,91245.41
2471,FR0089,P013,2026-02-01,219149.96
2472,FR0089,P028,2026-02-01,203550.61
2473,FR0089,P026,2026-03-01,142178.06
2474,FR0089,P027,2026-03-01,107928.73
2475,FR0089,P013,2026-03-01,99195.42
2476,FR0089,P028,2026-03-01,97857.89
2477,FR0089,P026,2026-04-01,77524.65
2478,FR0089,P027,2026-04-01,244281.91
2479,FR0089,P013,2026-04-01,198766.45
2480,FR0089,P028,2026-04-01,185273.45
2481,FR0089,P026,2026-05-01,135345.2
2482,FR0089,P027,2026-05-01,86473.11
2483,FR0089,P013,2026-05-01,210302.12
2484,FR0089,P028,2026-05-01,118537.35
2485,FR0089,P026,2026-06-01,99407.6
2486,FR0089,P027,2026-06-01,148370.77
2487,FR0089,P013,2026-06-01,181847.81
2488,FR0089,P028,2026-06-01,62521.88
2489,FR0089,P026,2026-07-01,222273.35
2490,FR0089,P027,2026-07-01,225629.39
2491,FR0089,P013,2026-07-01,114097.62
2492,FR0089,P028,2026-07-01,200690.97
2493,FR0090,P014,2026-01-01,72050.1
2494,FR0090,P021,2026-01-01,92899.61
2495,FR0090,P025,2026-01-01,71942.35
2496,FR0090,P011,2026-01-01,83901.38
2497,FR0090,P014,2026-02-01,69127.82
2498,FR0090,P021,2026-02-01,115943.21
2499,FR0090,P025,2026-02-01,156960.34
2500,FR0090,P011,2026-02-01,88858.54
2501,FR0090,P014,2026-03-01,84431.02
2502,FR0090,P021,2026-03-01,68600.36
2503,FR0090,P025,2026-03-01,197612.94
2504,FR0090,P011,2026-03-01,239011.77
2505,FR0090,P014,2026-04-01,107465.0
2506,FR0090,P021,2026-04-01,96854.69
2507,FR0090,P025,2026-04-01,116749.54
2508,FR0090,P011,2026-04-01,87565.9
2509,FR0090,P014,2026-05-01,106650.13
2510,FR0090,P021,2026-05-01,52475.05
2511,FR0090,P025,2026-05-01,144678.01
2512,FR0090,P011,2026-05-01,248345.3
2513,FR0090,P014,2026-06-01,133163.61
2514,FR0090,P021,2026-06-01,176940.62
2515,FR0090,P025,2026-06-01,151002.4
2516,FR0090,P011,2026-06-01,115152.72
2517,FR0090,P014,2026-07-01,110304.48
2518,FR0090,P021,2026-07-01,198980.28
2519,FR0090,P025,2026-07-01,135578.85
2520,FR0090,P011,2026-07-01,113060.68
2521,FR0091,P023,2026-01-01,72980.07
2522,FR0091,P009,2026-01-01,219468.95
2523,FR0091,P018,2026-01-01,221002.37
2524,FR0091,P005,2026-01-01,147685.41
2525,FR0091,P023,2026-02-01,172958.07
2526,FR0091,P009,2026-02-01,161544.96
2527,FR0091,P018,2026-02-01,85378.68
2528,FR0091,P005,2026-02-01,201628.84
2529,FR0091,P023,2026-03-01,228857.52
2530,FR0091,P009,2026-03-01,231099.25
2531,FR0091,P018,2026-03-01,152020.71
2532,FR0091,P005,2026-03-01,237886.43
2533,FR0091,P023,2026-04-01,241680.7
2534,FR0091,P009,2026-04-01,105899.08
2535,FR0091,P018,2026-04-01,57997.18
2536,FR0091,P005,2026-04-01,205798.59
2537,FR0091,P023,2026-05-01,61616.82
2538,FR0091,P009,2026-05-01,203905.5
2539,FR0091,P018,2026-05-01,118088.32
2540,FR0091,P005,2026-05-01,91599.52
2541,FR0091,P023,2026-06-01,202829.44
2542,FR0091,P009,2026-06-01,125848.99
2543,FR0091,P018,2026-06-01,60777.33
2544,FR0091,P005,2026-06-01,190924.77
2545,FR0091,P023,2026-07-01,133157.67
2546,FR0091,P009,2026-07-01,188661.88
2547,FR0091,P018,2026-07-01,173931.84
2548,FR0091,P005,2026-07-01,233951.14
2549,FR0092,P023,2026-01-01,148077.57
2550,FR0092,P024,2026-01-01,103297.85
2551,FR0092,P008,2026-01-01,145863.86
2552,FR0092,P018,2026-01-01,148391.67
2553,FR0092,P023,2026-02-01,95694.51
2554,FR0092,P024,2026-02-01,67355.73
2555,FR0092,P008,2026-02-01,117892.75
2556,FR0092,P018,2026-02-01,97670.9
2557,FR0092,P023,2026-03-01,210329.33
2558,FR0092,P024,2026-03-01,217167.59
2559,FR0092,P008,2026-03-01,234428.38
2560,FR0092,P018,2026-03-01,205360.8
2561,FR0092,P023,2026-04-01,99780.93
2562,FR0092,P024,2026-04-01,222783.91
2563,FR0092,P008,2026-04-01,67454.51
2564,FR0092,P018,2026-04-01,134786.57
2565,FR0092,P023,2026-05-01,205307.1
2566,FR0092,P024,2026-05-01,215401.89
2567,FR0092,P008,2026-05-01,77068.18
2568,FR0092,P018,2026-05-01,196066.78
2569,FR0092,P023,2026-06-01,245494.11
2570,FR0092,P024,2026-06-01,174154.56
2571,FR0092,P008,2026-06-01,139107.07
2572,FR0092,P018,2026-06-01,217774.79
2573,FR0092,P023,2026-07-01,123336.89
2574,FR0092,P024,2026-07-01,202886.71
2575,FR0092,P008,2026-07-01,239848.95
2576,FR0092,P018,2026-07-01,204665.34
2577,FR0093,P029,2026-01-01,176354.64
2578,FR0093,P014,2026-01-01,223401.99
2579,FR0093,P027,2026-01-01,228393.38
2580,FR0093,P016,2026-01-01,96619.29
2581,FR0093,P029,2026-02-01,245792.08
2582,FR0093,P014,2026-02-01,138120.02
2583,FR0093,P027,2026-02-01,186020.07
2584,FR0093,P016,2026-02-01,140829.29
2585,FR0093,P029,2026-03-01,112278.68
2586,FR0093,P014,2026-03-01,68991.79
2587,FR0093,P027,2026-03-01,222467.08
2588,FR0093,P016,2026-03-01,229198.6
2589,FR0093,P029,2026-04-01,186740.0
2590,FR0093,P014,2026-04-01,100385.38
2591,FR0093,P027,2026-04-01,167081.94
2592,FR0093,P016,2026-04-01,230402.12
2593,FR0093,P029,2026-05-01,199869.39
2594,FR0093,P014,2026-05-01,202383.14
2595,FR0093,P027,2026-05-01,153954.4
2596,FR0093,P016,2026-05-01,247250.19
2597,FR0093,P029,2026-06-01,60993.88
2598,FR0093,P014,2026-06-01,52448.49
2599,FR0093,P027,2026-06-01,184253.46
2600,FR0093,P016,2026-06-01,232917.54
2601,FR0093,P029,2026-07-01,57034.65
2602,FR0093,P014,2026-07-01,197147.66
2603,FR0093,P027,2026-07-01,117066.38
2604,FR0093,P016,2026-07-01,201059.41
2605,FR0094,P006,2026-01-01,72670.7
2606,FR0094,P016,2026-01-01,226554.12
2607,FR0094,P024,2026-01-01,89619.46
2608,FR0094,P022,2026-01-01,195978.36
2609,FR0094,P006,2026-02-01,77041.93
2610,FR0094,P016,2026-02-01,241915.35
2611,FR0094,P024,2026-02-01,60595.84
2612,FR0094,P022,2026-02-01,65946.91
2613,FR0094,P006,2026-03-01,52152.96
2614,FR0094,P016,2026-03-01,129476.29
2615,FR0094,P024,2026-03-01,106287.55
2616,FR0094,P022,2026-03-01,137117.35
2617,FR0094,P006,2026-04-01,121927.68
2618,FR0094,P016,2026-04-01,218509.29
2619,FR0094,P024,2026-04-01,150312.01
2620,FR0094,P022,2026-04-01,103355.89
2621,FR0094,P006,2026-05-01,151754.94
2622,FR0094,P016,2026-05-01,151642.25
2623,FR0094,P024,2026-05-01,193229.04
2624,FR0094,P022,2026-05-01,178498.94
2625,FR0094,P006,2026-06-01,143400.59
2626,FR0094,P016,2026-06-01,159821.51
2627,FR0094,P024,2026-06-01,247608.73
2628,FR0094,P022,2026-06-01,119931.26
2629,FR0094,P006,2026-07-01,150114.07
2630,FR0094,P016,2026-07-01,190908.02
2631,FR0094,P024,2026-07-01,148320.11
2632,FR0094,P022,2026-07-01,196492.01
2633,FR0095,P012,2026-01-01,145417.92
2634,FR0095,P015,2026-01-01,69790.72
2635,FR0095,P023,2026-01-01,224759.77
2636,FR0095,P019,2026-01-01,67320.79
2637,FR0095,P012,2026-02-01,233476.35
2638,FR0095,P015,2026-02-01,170323.23
2639,FR0095,P023,2026-02-01,108741.72
2640,FR0095,P019,2026-02-01,63407.28
2641,FR0095,P012,2026-03-01,223505.69
2642,FR0095,P015,2026-03-01,60832.17
2643,FR0095,P023,2026-03-01,125114.85
2644,FR0095,P019,2026-03-01,191694.81
2645,FR0095,P012,2026-04-01,238011.31
2646,FR0095,P015,2026-04-01,209983.67
2647,FR0095,P023,2026-04-01,177723.41
2648,FR0095,P019,2026-04-01,164213.75
2649,FR0095,P012,2026-05-01,120870.12
2650,FR0095,P015,2026-05-01,54150.23
2651,FR0095,P023,2026-05-01,222060.67
2652,FR0095,P019,2026-05-01,242548.64
2653,FR0095,P012,2026-06-01,194540.68
2654,FR0095,P015,2026-06-01,197179.12
2655,FR0095,P023,2026-06-01,90843.94
2656,FR0095,P019,2026-06-01,76579.32
2657,FR0095,P012,2026-07-01,148634.74
2658,FR0095,P015,2026-07-01,153349.09
2659,FR0095,P023,2026-07-01,129541.81
2660,FR0095,P019,2026-07-01,154044.89
2661,FR0096,P014,2026-01-01,164260.37
2662,FR0096,P018,2026-01-01,110334.05
2663,FR0096,P022,2026-01-01,53548.05
2664,FR0096,P020,2026-01-01,95795.32
2665,FR0096,P014,2026-02-01,238413.2
2666,FR0096,P018,2026-02-01,237863.92
2667,FR0096,P022,2026-02-01,116191.81
2668,FR0096,P020,2026-02-01,178295.35
2669,FR0096,P014,2026-03-01,249207.71
2670,FR0096,P018,2026-03-01,225646.15
2671,FR0096,P022,2026-03-01,233172.57
2672,FR0096,P020,2026-03-01,102305.42
2673,FR0096,P014,2026-04-01,69328.03
2674,FR0096,P018,2026-04-01,200981.21
2675,FR0096,P022,2026-04-01,57867.36
2676,FR0096,P020,2026-04-01,138596.05
2677,FR0096,P014,2026-05-01,131400.83
2678,FR0096,P018,2026-05-01,218781.22
2679,FR0096,P022,2026-05-01,249690.67
2680,FR0096,P020,2026-05-01,94591.04
2681,FR0096,P014,2026-06-01,117461.79
2682,FR0096,P018,2026-06-01,217831.03
2683,FR0096,P022,2026-06-01,106446.55
2684,FR0096,P020,2026-06-01,124712.49
2685,FR0096,P014,2026-07-01,137448.54
2686,FR0096,P018,2026-07-01,99741.66
2687,FR0096,P022,2026-07-01,247901.29
2688,FR0096,P020,2026-07-01,200626.33
2689,FR0097,P014,2026-01-01,248765.07
2690,FR0097,P028,2026-01-01,157988.45
2691,FR0097,P023,2026-01-01,207311.62
2692,FR0097,P003,2026-01-01,238377.46
2693,FR0097,P014,2026-02-01,185942.16
2694,FR0097,P028,2026-02-01,82917.37
2695,FR0097,P023,2026-02-01,193699.95
2696,FR0097,P003,2026-02-01,145570.69
2697,FR0097,P014,2026-03-01,110204.69
2698,FR0097,P028,2026-03-01,113467.86
2699,FR0097,P023,2026-03-01,154301.66
2700,FR0097,P003,2026-03-01,134831.77
2701,FR0097,P014,2026-04-01,138844.1
2702,FR0097,P028,2026-04-01,63971.96
2703,FR0097,P023,2026-04-01,188950.78
2704,FR0097,P003,2026-04-01,163559.68
2705,FR0097,P014,2026-05-01,132235.23
2706,FR0097,P028,2026-05-01,125349.99
2707,FR0097,P023,2026-05-01,72706.85
2708,FR0097,P003,2026-05-01,177335.7
2709,FR0097,P014,2026-06-01,221478.19
2710,FR0097,P028,2026-06-01,117054.3
2711,FR0097,P023,2026-06-01,176204.31
2712,FR0097,P003,2026-06-01,130805.32
2713,FR0097,P014,2026-07-01,63649.05
2714,FR0097,P028,2026-07-01,106148.82
2715,FR0097,P023,2026-07-01,95335.95
2716,FR0097,P003,2026-07-01,220149.3
2717,FR0098,P012,2026-01-01,183028.3
2718,FR0098,P024,2026-01-01,152421.97
2719,FR0098,P007,2026-01-01,88233.8
2720,FR0098,P030,2026-01-01,225879.67
2721,FR0098,P012,2026-02-01,161694.47
2722,FR0098,P024,2026-02-01,216988.25
2723,FR0098,P007,2026-02-01,165276.29
2724,FR0098,P030,2026-02-01,167208.88
2725,FR0098,P012,2026-03-01,223230.23
2726,FR0098,P024,2026-03-01,99005.06
2727,FR0098,P007,2026-03-01,235951.91
2728,FR0098,P030,2026-03-01,85650.45
2729,FR0098,P012,2026-04-01,246956.21
2730,FR0098,P024,2026-04-01,60104.65
2731,FR0098,P007,2026-04-01,153960.71
2732,FR0098,P030,2026-04-01,116354.24
2733,FR0098,P012,2026-05-01,234524.65
2734,FR0098,P024,2026-05-01,112362.5
2735,FR0098,P007,2026-05-01,244475.5
2736,FR0098,P030,2026-05-01,55907.42
2737,FR0098,P012,2026-06-01,85074.01
2738,FR0098,P024,2026-06-01,70800.35
2739,FR0098,P007,2026-06-01,185481.26
2740,FR0098,P030,2026-06-01,56402.48
2741,FR0098,P012,2026-07-01,130890.64
2742,FR0098,P024,2026-07-01,100305.69
2743,FR0098,P007,2026-07-01,226890.77
2744,FR0098,P030,2026-07-01,209643.88
2745,FR0099,P024,2026-01-01,90911.42
2746,FR0099,P008,2026-01-01,213449.98
2747,FR0099,P007,2026-01-01,79820.71
2748,FR0099,P003,2026-01-01,62521.25
2749,FR0099,P024,2026-02-01,226887.65
2750,FR0099,P008,2026-02-01,137965.56
2751,FR0099,P007,2026-02-01,210375.51
2752,FR0099,P003,2026-02-01,164468.91
2753,FR0099,P024,2026-03-01,146469.46
2754,FR0099,P008,2026-03-01,215275.01
2755,FR0099,P007,2026-03-01,82489.83
2756,FR0099,P003,2026-03-01,64971.4
2757,FR0099,P024,2026-04-01,146065.01
2758,FR0099,P008,2026-04-01,226474.5
2759,FR0099,P007,2026-04-01,171108.59
2760,FR0099,P003,2026-04-01,235411.72
2761,FR0099,P024,2026-05-01,212917.63
2762,FR0099,P008,2026-05-01,195436.51
2763,FR0099,P007,2026-05-01,108865.44
2764,FR0099,P003,2026-05-01,78221.94
2765,FR0099,P024,2026-06-01,239290.07
2766,FR0099,P008,2026-06-01,171939.72
2767,FR0099,P007,2026-06-01,69709.23
2768,FR0099,P003,2026-06-01,213129.42
2769,FR0099,P024,2026-07-01,149002.34
2770,FR0099,P008,2026-07-01,149145.92
2771,FR0099,P007,2026-07-01,103513.28
2772,FR0099,P003,2026-07-01,203390.52
2773,FR0100,P003,2026-01-01,67378.96
2774,FR0100,P023,2026-01-01,146028.74
2775,FR0100,P011,2026-01-01,117416.99
2776,FR0100,P029,2026-01-01,53957.14
2777,FR0100,P003,2026-02-01,236634.63
2778,FR0100,P023,2026-02-01,186771.28
2779,FR0100,P011,2026-02-01,134366.08
2780,FR0100,P029,2026-02-01,66035.49
2781,FR0100,P003,2026-03-01,78754.25
2782,FR0100,P023,2026-03-01,187485.52
2783,FR0100,P011,2026-03-01,182487.5
2784,FR0100,P029,2026-03-01,195313.46
2785,FR0100,P003,2026-04-01,104888.32
2786,FR0100,P023,2026-04-01,127896.89
2787,FR0100,P011,2026-04-01,66058.96
2788,FR0100,P029,2026-04-01,230066.94
2789,FR0100,P003,2026-05-01,189819.13
2790,FR0100,P023,2026-05-01,244764.43
2791,FR0100,P011,2026-05-01,113797.3
2792,FR0100,P029,2026-05-01,172065.89
2793,FR0100,P003,2026-06-01,128433.79
2794,FR0100,P023,2026-06-01,146284.69
2795,FR0100,P011,2026-06-01,105270.37
2796,FR0100,P029,2026-06-01,146847.16
2797,FR0100,P003,2026-07-01,247815.33
2798,FR0100,P023,2026-07-01,113282.79
2799,FR0100,P011,2026-07-01,188023.77
2800,FR0100,P029,2026-07-01,230347.52
