sale_id,representative_id,doctor_id,product_id,sale_date,sales_amount,quantity,selling_territory_id,status
1,FR0001,D000100,P015,2026-01-26,50477.51,33,T007,Valid
2,FR0001,D000142,P015,2026-01-10,50477.51,33,T007,Valid
3,FR0001,D000142,P015,2026-02-12,26931.17,18,T007,Valid
4,FR0001,D000100,P015,2026-02-17,26931.17,18,T007,Valid
5,FR0001,D000801,P015,2026-02-22,26931.17,18,T007,Valid
6,FR0001,D000883,P015,2026-02-09,26931.17,18,T007,Valid
7,FR0001,D000896,P015,2026-03-26,18918.63,12,T007,Valid
8,FR0001,D000176,P015,2026-03-05,18918.63,12,T007,Valid
9,FR0001,D000020,P015,2026-03-01,18918.63,12,T007,Valid
10,FR0001,D000883,P015,2026-03-27,18918.63,12,T007,Valid
11,FR0001,D000834,P015,2026-03-08,18918.63,12,T007,Valid
12,FR0001,D000240,P015,2026-04-01,51536.28,34,T007,Valid
13,FR0001,D000100,P015,2026-04-07,51536.28,34,T007,Valid
14,FR0001,D000100,P015,2026-05-06,24208.85,16,T007,Valid
15,FR0001,D000020,P015,2026-05-14,24208.85,16,T007,Valid
16,FR0001,D000176,P015,2026-05-24,24208.85,16,T007,Valid
17,FR0001,D000883,P015,2026-05-16,24208.85,16,T007,Valid
18,FR0001,D000240,P015,2026-06-05,34557.04,22,T007,Valid
19,FR0001,D000896,P015,2026-06-20,34557.04,22,T007,Valid
20,FR0001,D000176,P015,2026-06-20,34557.04,22,T007,Valid
21,FR0001,D000020,P015,2026-07-14,21065.72,14,T007,Valid
22,FR0001,D000100,P015,2026-07-21,21065.72,14,T007,Valid
23,FR0001,D000142,P015,2026-07-17,21065.72,14,T007,Valid
24,FR0001,D000176,P015,2026-07-21,21065.72,14,T007,Valid
25,FR0001,D000883,P015,2026-07-18,21065.72,14,T007,Valid
26,FR0001,D000896,P011,2026-01-06,10644.45,5,T007,Valid
27,FR0001,D000801,P011,2026-01-11,10644.45,5,T007,Valid
28,FR0001,D000176,P011,2026-01-08,10644.45,5,T007,Valid
29,FR0001,D000142,P011,2026-01-26,10644.45,5,T007,Valid
30,FR0001,D000176,P011,2026-02-22,11410.58,5,T007,Valid
31,FR0001,D000142,P011,2026-02-09,11410.58,5,T007,Valid
32,FR0001,D000020,P011,2026-02-27,11410.58,5,T007,Valid
33,FR0001,D000100,P011,2026-02-24,11410.58,5,T007,Valid
34,FR0001,D000801,P011,2026-03-11,9387.72,4,T007,Valid
35,FR0001,D000142,P011,2026-03-24,9387.72,4,T007,Valid
36,FR0001,D000100,P011,2026-03-12,9387.72,4,T007,Valid
37,FR0001,D000834,P011,2026-03-01,9387.72,4,T007,Valid
38,FR0001,D000240,P011,2026-03-23,9387.72,4,T007,Valid
39,FR0001,D000883,P011,2026-04-16,14453.19,7,T007,Valid
40,FR0001,D000240,P011,2026-04-03,14453.19,7,T007,Valid
41,FR0001,D000100,P011,2026-04-08,14453.19,7,T007,Valid
42,FR0001,D000176,P011,2026-05-02,7168.9,3,T007,Valid
43,FR0001,D000142,P011,2026-05-05,7168.9,3,T007,Valid
44,FR0001,D000883,P011,2026-05-23,7168.9,3,T007,Valid
45,FR0001,D000801,P011,2026-05-25,7168.9,3,T007,Valid
46,FR0001,D000100,P011,2026-05-17,7168.9,3,T007,Valid
47,FR0001,D000834,P011,2026-05-03,7168.9,3,T007,Valid
48,FR0001,D000240,P011,2026-06-24,11069.36,5,T007,Valid
49,FR0001,D000801,P011,2026-06-26,11069.36,5,T007,Valid
50,FR0001,D000100,P011,2026-06-16,11069.36,5,T007,Valid
51,FR0001,D000834,P011,2026-06-11,11069.36,5,T007,Valid
52,FR0001,D000801,P011,2026-07-10,7224.06,3,T007,Valid
53,FR0001,D000176,P011,2026-07-23,7224.06,3,T007,Valid
54,FR0001,D000896,P011,2026-07-05,7224.06,3,T007,Valid
55,FR0001,D000240,P011,2026-07-24,7224.06,3,T007,Valid
56,FR0001,D000100,P011,2026-07-23,7224.06,3,T007,Valid
57,FR0001,D000883,P011,2026-07-13,7224.06,3,T007,Valid
58,FR0001,D000100,P014,2026-01-11,57271.28,41,T007,Valid
59,FR0001,D000883,P014,2026-01-03,57271.28,41,T007,Valid
60,FR0001,D000896,P014,2026-01-12,57271.28,41,T007,Valid
61,FR0001,D000883,P014,2026-02-08,42647.35,31,T007,Valid
62,FR0001,D000020,P014,2026-02-03,42647.35,31,T007,Valid
63,FR0001,D000142,P014,2026-02-09,42647.35,31,T007,Valid
64,FR0001,D000100,P014,2026-02-04,42647.35,31,T007,Valid
65,FR0001,D000834,P014,2026-03-26,30694.02,22,T007,Valid
66,FR0001,D000801,P014,2026-03-22,30694.02,22,T007,Valid
67,FR0001,D000240,P014,2026-03-26,30694.02,22,T006,Valid
68,FR0001,D000176,P014,2026-03-09,30694.02,22,T020,Valid
69,FR0001,D000020,P014,2026-03-13,30694.02,22,T016,Valid
70,FR0001,D000801,P014,2026-04-23,79496.54,57,T007,Valid
71,FR0001,D000883,P014,2026-04-14,79496.54,57,T007,Valid
72,FR0001,D000801,P014,2026-05-07,85370.68,61,T007,Valid
73,FR0001,D000176,P014,2026-05-23,85370.68,61,T007,Valid
74,FR0001,D000240,P014,2026-06-13,41316.0,30,T007,Valid
75,FR0001,D000176,P014,2026-06-18,41316.0,30,T007,Valid
76,FR0001,D000020,P014,2026-06-16,41316.0,30,T007,Valid
77,FR0001,D000834,P014,2026-06-02,41316.0,30,T007,Valid
78,FR0001,D000142,P014,2026-07-10,75326.66,54,T004,Valid
79,FR0001,D000240,P014,2026-07-22,75326.66,54,T009,Valid
80,FR0001,D000020,P014,2026-07-13,75326.66,54,T001,Valid
81,FR0001,D000176,P004,2026-01-05,19224.97,11,T007,Valid
82,FR0001,D000240,P004,2026-01-23,19224.97,11,T007,Valid
83,FR0001,D000883,P004,2026-01-04,19224.97,11,T007,Valid
84,FR0001,D000020,P004,2026-01-22,19224.97,11,T007,Valid
85,FR0001,D000896,P004,2026-02-13,27922.76,16,T007,Valid
86,FR0001,D000020,P004,2026-02-17,27922.76,16,T007,Valid
87,FR0001,D000834,P004,2026-02-18,27922.76,16,T007,Valid
88,FR0001,D000240,P004,2026-03-17,16979.91,10,T007,Valid
89,FR0001,D000100,P004,2026-03-17,16979.91,10,T007,Valid
90,FR0001,D000176,P004,2026-03-19,16979.91,10,T007,Valid
91,FR0001,D000801,P004,2026-03-20,16979.91,10,T007,Valid
92,FR0001,D000020,P004,2026-03-04,16979.91,10,T007,Valid
93,FR0001,D000176,P004,2026-04-14,31239.32,18,T007,Valid
94,FR0001,D000142,P004,2026-04-22,31239.32,18,T007,Valid
95,FR0001,D000020,P004,2026-04-07,31239.32,18,T007,Valid
96,FR0001,D000100,P004,2026-05-18,45790.2,26,T007,Valid
97,FR0001,D000834,P004,2026-05-18,45790.2,26,T007,Valid
98,FR0001,D000896,P004,2026-06-04,42866.89,25,T007,Valid
99,FR0001,D000834,P004,2026-06-05,42866.89,25,T007,Valid
100,FR0001,D000100,P004,2026-07-26,43452.53,25,T007,Valid
101,FR0001,D000896,P004,2026-07-18,43452.53,25,T007,Valid
102,FR0002,D000021,P009,2026-01-02,20050.1,8,T018,Valid
103,FR0002,D000894,P009,2026-01-16,20050.1,8,T018,Valid
104,FR0002,D000366,P009,2026-01-12,20050.1,8,T018,Valid
105,FR0002,D000980,P009,2026-01-11,20050.1,8,T018,Valid
106,FR0002,D000995,P009,2026-01-26,20050.1,8,T018,Valid
107,FR0002,D000247,P009,2026-02-10,52515.96,22,T018,Valid
108,FR0002,D000995,P009,2026-02-15,52515.96,22,T018,Valid
109,FR0002,D000247,P009,2026-03-07,46412.28,19,T018,Valid
110,FR0002,D000894,P009,2026-03-14,46412.28,19,T018,Valid
111,FR0002,D000980,P009,2026-04-03,49042.27,20,T018,Valid
112,FR0002,D000247,P009,2026-04-23,49042.27,20,T018,Valid
113,FR0002,D000021,P009,2026-05-02,17284.17,7,T018,Valid
114,FR0002,D000247,P009,2026-05-02,17284.17,7,T018,Valid
115,FR0002,D000980,P009,2026-05-23,17284.17,7,T018,Valid
116,FR0002,D000995,P009,2026-05-09,17284.17,7,T018,Valid
117,FR0002,D000366,P009,2026-05-27,17284.17,7,T018,Valid
118,FR0002,D000894,P009,2026-05-17,17284.17,7,T018,Valid
119,FR0002,D000894,P009,2026-06-16,22431.52,9,T018,Valid
120,FR0002,D000980,P009,2026-06-18,22431.52,9,T018,Valid
121,FR0002,D000995,P009,2026-06-12,22431.52,9,T018,Valid
122,FR0002,D000021,P009,2026-06-27,22431.52,9,T018,Valid
123,FR0002,D000021,P009,2026-07-22,20350.72,8,T018,Valid
124,FR0002,D000247,P009,2026-07-09,20350.72,8,T018,Valid
125,FR0002,D000980,P009,2026-07-14,20350.72,8,T018,Valid
126,FR0002,D000995,P009,2026-07-01,20350.72,8,T018,Valid
127,FR0002,D000366,P009,2026-07-25,20350.72,8,T018,Valid
128,FR0002,D000980,P013,2026-01-13,10598.06,23,T018,Valid
129,FR0002,D000366,P013,2026-01-15,10598.06,23,T018,Valid
130,FR0002,D000995,P013,2026-01-07,10598.06,23,T018,Valid
131,FR0002,D000247,P013,2026-01-10,10598.06,23,T018,Valid
132,FR0002,D000980,P013,2026-02-18,21297.6,46,T018,Valid
133,FR0002,D000366,P013,2026-02-20,21297.6,46,T018,Valid
134,FR0002,D000366,P013,2026-03-21,10786.15,23,T018,Valid
135,FR0002,D000995,P013,2026-03-21,10786.15,23,T018,Valid
136,FR0002,D000980,P013,2026-03-07,10786.15,23,T018,Valid
137,FR0002,D000247,P013,2026-03-17,10786.15,23,T018,Valid
138,FR0002,D000894,P013,2026-04-10,6245.66,13,T018,Valid
139,FR0002,D000366,P013,2026-04-14,6245.66,13,T018,Valid
140,FR0002,D000247,P013,2026-04-13,6245.66,13,T018,Valid
141,FR0002,D000980,P013,2026-04-02,6245.66,13,T018,Valid
142,FR0002,D000021,P013,2026-04-23,6245.66,13,T018,Valid
143,FR0002,D000995,P013,2026-04-27,6245.66,13,T018,Valid
144,FR0002,D000995,P013,2026-05-10,8681.24,19,T018,Valid
145,FR0002,D000366,P013,2026-05-16,8681.24,19,T018,Valid
146,FR0002,D000980,P013,2026-05-24,8681.24,19,T018,Valid
147,FR0002,D000021,P013,2026-05-24,8681.24,19,T018,Valid
148,FR0002,D000894,P013,2026-05-18,8681.24,19,T018,Valid
149,FR0002,D000247,P013,2026-06-08,22758.17,49,T018,Valid
150,FR0002,D000366,P013,2026-06-10,22758.17,49,T018,Valid
151,FR0002,D000894,P013,2026-07-21,9988.6,21,T018,Valid
152,FR0002,D000021,P013,2026-07-19,9988.6,21,T018,Valid
153,FR0002,D000995,P013,2026-07-03,9988.6,21,T018,Valid
154,FR0002,D000980,P013,2026-07-07,9988.6,21,T018,Valid
155,FR0002,D000247,P021,2026-01-14,17960.73,9,T018,Valid
156,FR0002,D000995,P021,2026-01-15,17960.73,9,T018,Valid
157,FR0002,D000366,P021,2026-01-11,17960.73,9,T018,Valid
158,FR0002,D000366,P021,2026-02-15,16635.63,8,T018,Valid
159,FR0002,D000021,P021,2026-02-07,16635.63,8,T018,Valid
160,FR0002,D000980,P021,2026-02-25,16635.63,8,T018,Valid
161,FR0002,D000247,P021,2026-03-14,25417.75,12,T018,Valid
162,FR0002,D000980,P021,2026-03-14,25417.75,12,T018,Valid
163,FR0002,D000247,P021,2026-04-22,9108.55,4,T018,Valid
164,FR0002,D000366,P021,2026-04-21,9108.55,4,T018,Valid
165,FR0002,D000021,P021,2026-04-08,9108.55,4,T018,Valid
166,FR0002,D000995,P021,2026-04-23,9108.55,4,T018,Valid
167,FR0002,D000894,P021,2026-04-10,9108.55,4,T018,Valid
168,FR0002,D000980,P021,2026-04-04,9108.55,4,T018,Valid
169,FR0002,D000366,P021,2026-05-15,26301.11,13,T018,Valid
170,FR0002,D000995,P021,2026-05-17,26301.11,13,T018,Valid
171,FR0002,D000366,P021,2026-06-25,18042.71,9,T018,Valid
172,FR0002,D000894,P021,2026-06-06,18042.71,9,T018,Valid
173,FR0002,D000995,P021,2026-06-13,18042.71,9,T018,Valid
174,FR0002,D000980,P021,2026-07-06,28819.67,14,T018,Valid
175,FR0002,D000995,P021,2026-07-12,28819.67,14,T018,Valid
176,FR0002,D000980,P016,2026-01-22,56451.15,385,T018,Valid
177,FR0002,D000021,P016,2026-01-21,56451.15,385,T018,Valid
178,FR0002,D000021,P016,2026-02-22,233387.35,1590,T018,Valid
179,FR0002,D000894,P016,2026-03-10,37756.94,257,T018,Valid
180,FR0002,D000021,P016,2026-03-26,37756.94,257,T018,Valid
181,FR0002,D000980,P016,2026-03-16,37756.94,257,T018,Valid
182,FR0002,D000366,P016,2026-04-06,42155.09,287,T018,Valid
183,FR0002,D000894,P016,2026-04-18,42155.09,287,T018,Valid
184,FR0002,D000995,P016,2026-04-07,42155.09,287,T018,Valid
185,FR0002,D000021,P016,2026-05-22,57422.77,391,T018,Valid
186,FR0002,D000980,P016,2026-05-05,57422.77,391,T018,Valid
187,FR0002,D000995,P016,2026-06-09,27051.92,184,T018,Valid
188,FR0002,D000247,P016,2026-06-02,27051.92,184,T018,Valid
189,FR0002,D000894,P016,2026-06-27,27051.92,184,T018,Valid
190,FR0002,D000980,P016,2026-06-02,27051.92,184,T018,Valid
191,FR0002,D000021,P016,2026-07-01,61918.44,422,T018,Valid
192,FR0002,D000995,P016,2026-07-22,61918.44,422,T018,Valid
193,FR0002,D000366,P019,2026-01-06,31343.15,14,T018,Valid
194,FR0002,D000995,P019,2026-01-13,31343.15,14,T018,Valid
195,FR0002,D000894,P019,2026-02-06,11606.22,5,T018,Valid
196,FR0002,D000247,P019,2026-02-14,11606.22,5,T018,Valid
197,FR0002,D000021,P019,2026-02-16,11606.22,5,T018,Valid
198,FR0002,D000995,P019,2026-02-19,11606.22,5,T018,Valid
199,FR0002,D000366,P019,2026-02-15,11606.22,5,T018,Valid
200,FR0002,D000894,P019,2026-03-14,21593.13,10,T018,Valid
201,FR0002,D000995,P019,2026-03-02,21593.13,10,T018,Valid
202,FR0002,D000021,P019,2026-03-09,21593.13,10,T018,Valid
203,FR0002,D000995,P019,2026-04-14,10631.19,5,T018,Valid
204,FR0002,D000980,P019,2026-04-24,10631.19,5,T018,Valid
205,FR0002,D000247,P019,2026-04-16,10631.19,5,T018,Valid
206,FR0002,D000366,P019,2026-04-22,10631.19,5,T018,Valid
207,FR0002,D000894,P019,2026-04-21,10631.19,5,T018,Valid
208,FR0002,D000021,P019,2026-04-05,10631.19,5,T018,Valid
209,FR0002,D000995,P019,2026-05-17,33140.55,15,T018,Valid
210,FR0002,D000247,P019,2026-05-16,33140.55,15,T018,Valid
211,FR0002,D000021,P019,2026-06-26,39425.62,18,T018,Valid
212,FR0002,D000894,P019,2026-06-15,39425.62,18,T018,Valid
213,FR0002,D000980,P019,2026-06-16,39425.62,18,T018,Valid
214,FR0002,D000021,P019,2026-07-14,33729.87,15,T018,Valid
215,FR0002,D000894,P019,2026-07-18,33729.87,15,T018,Valid
216,FR0002,D000980,P020,2026-01-27,6911.48,23,T018,Valid
217,FR0002,D000247,P020,2026-01-15,6911.48,23,T018,Valid
218,FR0002,D000894,P020,2026-01-18,6911.48,23,T018,Valid
219,FR0002,D000995,P020,2026-01-20,6911.48,23,T018,Valid
220,FR0002,D000366,P020,2026-01-16,6911.48,23,T018,Valid
221,FR0002,D000021,P020,2026-01-22,6911.48,23,T018,Valid
222,FR0002,D000021,P020,2026-02-27,12340.75,40,T018,Valid
223,FR0002,D000366,P020,2026-02-26,12340.75,40,T018,Valid
224,FR0002,D000980,P020,2026-02-18,12340.75,40,T018,Valid
225,FR0002,D000247,P020,2026-03-07,7390.89,24,T018,Valid
226,FR0002,D000894,P020,2026-03-13,7390.89,24,T018,Valid
227,FR0002,D000021,P020,2026-03-15,7390.89,24,T018,Valid
228,FR0002,D000995,P020,2026-03-26,7390.89,24,T018,Valid
229,FR0002,D000980,P020,2026-03-23,7390.89,24,T018,Valid
230,FR0002,D000021,P020,2026-04-01,6611.25,22,T018,Valid
231,FR0002,D000894,P020,2026-04-24,6611.25,22,T018,Valid
232,FR0002,D000980,P020,2026-04-18,6611.25,22,T018,Valid
233,FR0002,D000366,P020,2026-04-27,6611.25,22,T018,Valid
234,FR0002,D000995,P020,2026-04-16,6611.25,22,T018,Valid
235,FR0002,D000247,P020,2026-04-25,6611.25,22,T018,Valid
236,FR0002,D000894,P020,2026-05-20,18773.61,61,T018,Valid
237,FR0002,D000980,P020,2026-05-17,18773.61,61,T018,Valid
238,FR0002,D000366,P020,2026-06-10,13793.4,45,T018,Valid
239,FR0002,D000894,P020,2026-06-26,13793.4,45,T018,Valid
240,FR0002,D000995,P020,2026-06-05,13793.4,45,T018,Valid
241,FR0002,D000366,P020,2026-07-22,7303.82,24,T018,Valid
242,FR0002,D000980,P020,2026-07-22,7303.82,24,T018,Valid
243,FR0002,D000247,P020,2026-07-23,7303.82,24,T018,Valid
244,FR0002,D000021,P020,2026-07-06,7303.82,24,T018,Valid
245,FR0002,D000995,P020,2026-07-18,7303.82,24,T018,Valid
246,FR0002,D000894,P020,2026-07-21,7303.82,24,T018,Valid
247,FR0003,D000330,P025,2026-01-13,16141.35,7,T014,Valid
248,FR0003,D000537,P025,2026-01-02,16141.35,7,T014,Valid
249,FR0003,D000014,P025,2026-01-02,16141.35,7,T014,Valid
250,FR0003,D000641,P025,2026-01-09,16141.35,7,T014,Valid
251,FR0003,D000050,P025,2026-01-26,16141.35,7,T014,Valid
252,FR0003,D000700,P025,2026-01-10,16141.35,7,T014,Valid
253,FR0003,D000327,P025,2026-02-27,26477.84,11,T014,Valid
254,FR0003,D000641,P025,2026-02-04,26477.84,11,T014,Valid
255,FR0003,D000014,P025,2026-02-22,26477.84,11,T014,Valid
256,FR0003,D000338,P025,2026-02-18,26477.84,11,T014,Valid
257,FR0003,D000788,P025,2026-03-13,24984.26,10,T014,Valid
258,FR0003,D000700,P025,2026-03-26,24984.26,10,T014,Valid
259,FR0003,D000014,P025,2026-03-11,24984.26,10,T014,Valid
260,FR0003,D000537,P025,2026-03-02,24984.26,10,T014,Valid
261,FR0003,D000327,P025,2026-04-24,18448.52,8,T014,Valid
262,FR0003,D000700,P025,2026-04-07,18448.52,8,T014,Valid
263,FR0003,D000788,P025,2026-04-24,18448.52,8,T014,Valid
264,FR0003,D000338,P025,2026-04-10,18448.52,8,T014,Valid
265,FR0003,D000641,P025,2026-04-06,18448.52,8,T014,Valid
266,FR0003,D000537,P025,2026-05-06,54277.81,22,T001,Valid
267,FR0003,D000330,P025,2026-05-01,54277.81,22,T014,Valid
268,FR0003,D000674,P025,2026-06-27,27004.75,11,T014,Valid
269,FR0003,D000014,P025,2026-06-10,27004.75,11,T014,Valid
270,FR0003,D000700,P025,2026-06-26,27004.75,11,T014,Valid
271,FR0003,D000818,P025,2026-06-18,27004.75,11,T014,Valid
272,FR0003,D000818,P025,2026-07-06,51541.1,21,T014,Valid
273,FR0003,D000641,P025,2026-07-18,51541.1,21,T014,Valid
274,FR0003,D000327,P012,2026-01-18,23117.76,11,T014,Valid
275,FR0003,D000674,P012,2026-01-25,23117.76,11,T014,Valid
276,FR0003,D000641,P012,2026-01-01,23117.76,11,T014,Valid
277,FR0003,D000585,P012,2026-01-22,23117.76,11,T014,Valid
278,FR0003,D000327,P012,2026-02-13,16193.61,8,T014,Valid
279,FR0003,D000014,P012,2026-02-18,16193.61,8,T014,Valid
280,FR0003,D000700,P012,2026-02-10,16193.61,8,T014,Valid
281,FR0003,D000338,P012,2026-02-17,16193.61,8,T014,Valid
282,FR0003,D000537,P012,2026-02-25,16193.61,8,T014,Valid
283,FR0003,D000050,P012,2026-02-17,16193.61,8,T014,Valid
284,FR0003,D000338,P012,2026-03-04,29679.17,14,T014,Valid
285,FR0003,D000641,P012,2026-03-25,29679.17,14,T014,Valid
286,FR0003,D000050,P012,2026-03-18,29679.17,14,T014,Valid
287,FR0003,D000700,P012,2026-04-07,27889.6,13,T014,Valid
288,FR0003,D000537,P012,2026-04-27,27889.6,13,T014,Valid
289,FR0003,D000050,P012,2026-04-24,27889.6,13,T014,Valid
290,FR0003,D000014,P012,2026-05-02,31818.36,15,T014,Valid
291,FR0003,D000585,P012,2026-05-03,31818.36,15,T014,Valid
292,FR0003,D000338,P012,2026-05-06,31818.36,15,T014,Valid
293,FR0003,D000537,P012,2026-06-14,20234.79,10,T014,Valid
294,FR0003,D000818,P012,2026-06-01,20234.79,10,T014,Valid
295,FR0003,D000585,P012,2026-06-22,20234.79,10,T014,Valid
296,FR0003,D000788,P012,2026-06-18,20234.79,10,T014,Valid
297,FR0003,D000014,P012,2026-07-10,15266.01,7,T014,Valid
298,FR0003,D000788,P012,2026-07-22,15266.01,7,T014,Valid
299,FR0003,D000050,P012,2026-07-20,15266.01,7,T014,Valid
300,FR0003,D000338,P012,2026-07-10,15266.01,7,T014,Valid
301,FR0003,D000641,P012,2026-07-15,15266.01,7,T014,Valid
302,FR0003,D000700,P012,2026-07-13,15266.01,7,T014,Valid
303,FR0003,D000330,P018,2026-01-18,18489.53,27,T014,Valid
304,FR0003,D000700,P018,2026-01-05,18489.53,27,T014,Valid
305,FR0003,D000246,P018,2026-01-02,18489.53,27,T014,Valid
306,FR0003,D000818,P018,2026-01-19,18489.53,27,T014,Valid
307,FR0003,D000338,P018,2026-01-13,18489.53,27,T014,Valid
308,FR0003,D000014,P018,2026-01-18,18489.53,27,T014,Valid
309,FR0003,D000327,P018,2026-02-05,31748.93,47,T014,Valid
310,FR0003,D000537,P018,2026-02-06,31748.93,47,T014,Valid
311,FR0003,D000700,P018,2026-02-20,31748.93,47,T014,Valid
312,FR0003,D000641,P018,2026-02-09,31748.93,47,T014,Valid
313,FR0003,D000818,P018,2026-03-15,62483.32,93,T014,Valid
314,FR0003,D000641,P018,2026-03-18,62483.32,93,T014,Valid
315,FR0003,D000585,P018,2026-04-10,18187.65,27,T014,Valid
316,FR0003,D000338,P018,2026-04-03,18187.65,27,T014,Valid
317,FR0003,D000788,P018,2026-04-11,18187.65,27,T014,Valid
318,FR0003,D000246,P018,2026-04-15,18187.65,27,T014,Valid
319,FR0003,D000327,P018,2026-04-20,18187.65,27,T014,Valid
320,FR0003,D000050,P018,2026-04-10,18187.65,27,T014,Valid
321,FR0003,D000537,P018,2026-05-08,30549.98,45,T014,Valid
322,FR0003,D000246,P018,2026-05-08,30549.98,45,T014,Valid
323,FR0003,D000014,P018,2026-05-24,30549.98,45,T014,Valid
324,FR0003,D000338,P018,2026-05-14,30549.98,45,T014,Valid
325,FR0003,D000585,P018,2026-06-18,22176.54,33,T014,Valid
326,FR0003,D000818,P018,2026-06-06,22176.54,33,T014,Valid
327,FR0003,D000338,P018,2026-06-20,22176.54,33,T014,Valid
328,FR0003,D000330,P018,2026-06-27,22176.54,33,T014,Valid
329,FR0003,D000788,P018,2026-06-27,22176.54,33,T014,Valid
330,FR0003,D000788,P018,2026-07-01,56256.54,83,T014,Valid
331,FR0003,D000050,P018,2026-07-21,56256.54,83,T014,Valid
332,FR0004,D000251,P019,2026-01-17,14880.0,7,T008,Valid
333,FR0004,D000898,P019,2026-01-03,14880.0,7,T008,Valid
334,FR0004,D000477,P019,2026-01-12,14880.0,7,T008,Valid
335,FR0004,D000170,P019,2026-01-01,14880.0,7,T008,Valid
336,FR0004,D000917,P019,2026-01-08,14880.0,7,T008,Valid
337,FR0004,D000694,P019,2026-02-19,24958.13,11,T008,Valid
338,FR0004,D000251,P019,2026-02-22,24958.13,11,T008,Valid
339,FR0004,D000898,P019,2026-02-24,24958.13,11,T008,Valid
340,FR0004,D000251,P019,2026-03-02,13954.51,6,T008,Valid
341,FR0004,D000170,P019,2026-03-07,13954.51,6,T008,Valid
342,FR0004,D000477,P019,2026-03-26,13954.51,6,T008,Valid
343,FR0004,D000917,P019,2026-03-13,13954.51,6,T008,Valid
344,FR0004,D000898,P019,2026-03-15,13954.51,6,T008,Valid
345,FR0004,D000917,P019,2026-04-27,74315.61,34,T008,Valid
346,FR0004,D000694,P019,2026-05-17,11674.58,5,T008,Valid
347,FR0004,D000477,P019,2026-05-15,11674.58,5,T008,Valid
348,FR0004,D000898,P019,2026-05-08,11674.58,5,T008,Valid
349,FR0004,D000251,P019,2026-05-17,11674.58,5,T008,Valid
350,FR0004,D000917,P019,2026-05-09,11674.58,5,T008,Valid
351,FR0004,D000170,P019,2026-05-05,11674.58,5,T008,Valid
352,FR0004,D000694,P019,2026-06-16,24528.8,11,T008,Valid
353,FR0004,D000477,P019,2026-06-16,24528.8,11,T008,Valid
354,FR0004,D000170,P019,2026-06-07,24528.8,11,T008,Valid
355,FR0004,D000251,P019,2026-07-19,38606.98,17,T008,Valid
356,FR0004,D000898,P019,2026-07-05,38606.98,17,T008,Valid
357,FR0004,D000694,P013,2026-01-07,15846.74,34,T008,Valid
358,FR0004,D000898,P013,2026-01-20,15846.74,34,T008,Valid
359,FR0004,D000170,P013,2026-01-16,15846.74,34,T008,Valid
360,FR0004,D000477,P013,2026-01-08,15846.74,34,T008,Valid
361,FR0004,D000251,P013,2026-01-14,15846.74,34,T008,Valid
362,FR0004,D000917,P013,2026-01-05,15846.74,34,T008,Valid
363,FR0004,D000477,P013,2026-02-13,18084.4,39,T008,Valid
364,FR0004,D000251,P013,2026-02-05,18084.4,39,T008,Valid
365,FR0004,D000917,P013,2026-02-01,18084.4,39,T008,Valid
366,FR0004,D000898,P013,2026-02-17,18084.4,39,T008,Valid
367,FR0004,D000170,P013,2026-02-22,18084.4,39,T008,Valid
368,FR0004,D000694,P013,2026-02-27,18084.4,39,T008,Valid
369,FR0004,D000170,P013,2026-03-20,15887.99,34,T008,Valid
370,FR0004,D000898,P013,2026-03-27,15887.99,34,T008,Valid
371,FR0004,D000917,P013,2026-03-25,15887.99,34,T008,Valid
372,FR0004,D000694,P013,2026-03-21,15887.99,34,T008,Valid
373,FR0004,D000251,P013,2026-03-17,15887.99,34,T008,Valid
374,FR0004,D000477,P013,2026-03-12,15887.99,34,T008,Valid
375,FR0004,D000694,P013,2026-04-09,20189.13,43,T008,Valid
376,FR0004,D000477,P013,2026-04-25,20189.13,43,T008,Valid
377,FR0004,D000170,P013,2026-04-03,20189.13,43,T008,Valid
378,FR0004,D000251,P013,2026-04-20,20189.13,43,T008,Valid
379,FR0004,D000917,P013,2026-04-14,20189.13,43,T008,Valid
380,FR0004,D000898,P013,2026-05-14,17867.23,38,T008,Valid
381,FR0004,D000170,P013,2026-05-04,17867.23,38,T008,Valid
382,FR0004,D000917,P013,2026-05-14,17867.23,38,T008,Valid
383,FR0004,D000251,P013,2026-05-19,17867.23,38,T008,Valid
384,FR0004,D000694,P013,2026-05-09,17867.23,38,T008,Valid
385,FR0004,D000477,P013,2026-05-14,17867.23,38,T008,Valid
386,FR0004,D000694,P013,2026-06-06,32506.58,70,T008,Valid
387,FR0004,D000898,P013,2026-06-18,32506.58,70,T008,Valid
388,FR0004,D000917,P013,2026-06-16,32506.58,70,T008,Valid
389,FR0004,D000917,P013,2026-07-15,20853.31,45,T008,Valid
390,FR0004,D000251,P013,2026-07-23,20853.31,45,T008,Valid
391,FR0004,D000170,P013,2026-07-04,20853.31,45,T008,Valid
392,FR0004,D000477,P013,2026-07-17,20853.31,45,T008,Valid
393,FR0004,D000694,P013,2026-07-26,20853.31,45,T008,Valid
394,FR0004,D000170,P025,2026-01-16,62025.4,26,T008,Valid
395,FR0004,D000251,P025,2026-01-14,62025.4,26,T008,Valid
396,FR0004,D000898,P025,2026-02-27,25826.51,11,T008,Valid
397,FR0004,D000917,P025,2026-02-01,25826.51,11,T020,Valid
398,FR0004,D000477,P025,2026-02-26,25826.51,11,T008,Valid
399,FR0004,D000694,P025,2026-02-26,25826.51,11,T014,Valid
400,FR0004,D000170,P025,2026-02-08,25826.51,11,T015,Valid
401,FR0004,D000251,P025,2026-03-09,61785.98,26,T008,Valid
402,FR0004,D000170,P025,2026-03-13,61785.98,26,T008,Valid
403,FR0004,D000917,P025,2026-04-03,67316.22,28,T008,Valid
404,FR0004,D000170,P025,2026-04-10,67316.22,28,T008,Valid
405,FR0004,D000251,P025,2026-05-13,37472.47,16,T008,Valid
406,FR0004,D000898,P025,2026-05-01,37472.47,16,T008,Valid
407,FR0004,D000917,P025,2026-05-06,37472.47,16,T008,Valid
408,FR0004,D000694,P025,2026-05-17,37472.47,16,T008,Valid
409,FR0004,D000898,P025,2026-06-18,68779.18,28,T008,Valid
410,FR0004,D000477,P025,2026-06-26,68779.18,28,T008,Valid
411,FR0004,D000251,P025,2026-07-19,27149.96,11,T008,Valid
412,FR0004,D000477,P025,2026-07-16,27149.96,11,T008,Valid
413,FR0004,D000694,P025,2026-07-09,27149.96,11,T008,Valid
414,FR0004,D000898,P025,2026-07-13,27149.96,11,T008,Valid
415,FR0004,D000917,P025,2026-07-26,27149.96,11,T008,Valid
416,FR0004,D000917,P030,2026-01-08,67294.41,265,T008,Valid
417,FR0004,D000477,P030,2026-01-03,67294.41,265,T008,Valid
418,FR0004,D000694,P030,2026-02-07,43668.36,172,T008,Valid
419,FR0004,D000477,P030,2026-02-09,43668.36,172,T008,Valid
420,FR0004,D000898,P030,2026-02-24,43668.36,172,T008,Valid
421,FR0004,D000917,P030,2026-03-07,38059.49,150,T008,Valid
422,FR0004,D000251,P030,2026-03-07,38059.49,150,T008,Valid
423,FR0004,D000477,P030,2026-03-08,38059.49,150,T008,Valid
424,FR0004,D000917,P030,2026-04-20,56633.54,223,T008,Valid
425,FR0004,D000694,P030,2026-04-25,56633.54,223,T008,Valid
426,FR0004,D000694,P030,2026-05-06,32930.87,130,T008,Valid
427,FR0004,D000898,P030,2026-05-17,32930.87,130,T008,Valid
428,FR0004,D000477,P030,2026-05-13,32930.87,130,T008,Valid
429,FR0004,D000251,P030,2026-05-25,32930.87,130,T008,Valid
430,FR0004,D000170,P030,2026-06-04,20521.37,81,T008,Valid
431,FR0004,D000898,P030,2026-06-17,20521.37,81,T008,Valid
432,FR0004,D000477,P030,2026-06-11,20521.37,81,T008,Valid
433,FR0004,D000251,P030,2026-06-01,20521.37,81,T008,Valid
434,FR0004,D000917,P030,2026-06-22,20521.37,81,T008,Valid
435,FR0004,D000694,P030,2026-06-13,20521.37,81,T008,Valid
436,FR0004,D000898,P030,2026-07-09,39583.57,156,T008,Valid
437,FR0004,D000477,P030,2026-07-20,39583.57,156,T008,Valid
438,FR0004,D000251,P030,2026-07-12,39583.57,156,T008,Valid
439,FR0004,D000694,P007,2026-01-22,24511.47,51,T008,Valid
440,FR0004,D000251,P007,2026-01-27,24511.47,51,T008,Valid
441,FR0004,D000898,P007,2026-01-24,24511.47,51,T008,Valid
442,FR0004,D000477,P007,2026-01-26,24511.47,51,T008,Valid
443,FR0004,D000694,P007,2026-02-14,36226.05,76,T008,Valid
444,FR0004,D000170,P007,2026-02-05,36226.05,76,T008,Valid
445,FR0004,D000251,P007,2026-02-17,36226.05,76,T008,Valid
446,FR0004,D000898,P007,2026-03-07,17853.16,37,T008,Valid
447,FR0004,D000170,P007,2026-03-09,17853.16,37,T008,Valid
448,FR0004,D000694,P007,2026-03-27,17853.16,37,T008,Valid
449,FR0004,D000917,P007,2026-03-04,17853.16,37,T008,Valid
450,FR0004,D000477,P007,2026-03-24,17853.16,37,T008,Valid
451,FR0004,D000251,P007,2026-03-09,17853.16,37,T008,Valid
452,FR0004,D000170,P007,2026-04-22,25528.47,53,T008,Valid
453,FR0004,D000694,P007,2026-04-07,25528.47,53,T008,Valid
454,FR0004,D000917,P007,2026-04-19,25528.47,53,T008,Valid
455,FR0004,D000251,P007,2026-04-21,25528.47,53,T008,Valid
456,FR0004,D000694,P007,2026-05-21,17834.77,37,T008,Valid
457,FR0004,D000917,P007,2026-05-06,17834.77,37,T008,Valid
458,FR0004,D000170,P007,2026-05-26,17834.77,37,T008,Valid
459,FR0004,D000251,P007,2026-05-14,17834.77,37,T008,Valid
460,FR0004,D000477,P007,2026-05-20,17834.77,37,T008,Valid
461,FR0004,D000898,P007,2026-05-13,17834.77,37,T008,Valid
462,FR0004,D000898,P007,2026-06-01,97415.76,203,T016,Valid
463,FR0004,D000251,P007,2026-07-13,52205.08,109,T008,Valid
464,FR0004,D000917,P007,2026-07-04,52205.08,109,T008,Valid
465,FR0004,D000170,P002,2026-01-08,92921.7,68,T008,Valid
466,FR0004,D000694,P002,2026-01-24,92921.7,68,T008,Valid
467,FR0004,D000477,P002,2026-01-15,92921.7,68,T008,Valid
468,FR0004,D000917,P002,2026-02-11,77418.05,57,T008,Valid
469,FR0004,D000477,P002,2026-02-15,77418.05,57,T008,Valid
470,FR0004,D000251,P002,2026-03-12,25927.86,19,T008,Valid
471,FR0004,D000898,P002,2026-03-18,25927.86,19,T008,Valid
472,FR0004,D000694,P002,2026-03-26,25927.86,19,T008,Valid
473,FR0004,D000477,P002,2026-03-15,25927.86,19,T008,Valid
474,FR0004,D000917,P002,2026-03-12,25927.86,19,T008,Valid
475,FR0004,D000170,P002,2026-03-09,25927.86,19,T008,Valid
476,FR0004,D000477,P002,2026-04-18,45725.6,33,T008,Valid
477,FR0004,D000917,P002,2026-04-23,45725.6,33,T008,Valid
478,FR0004,D000694,P002,2026-04-25,45725.6,33,T008,Valid
479,FR0004,D000251,P002,2026-05-13,27142.39,20,T008,Valid
480,FR0004,D000170,P002,2026-05-06,27142.39,20,T008,Valid
481,FR0004,D000477,P002,2026-05-24,27142.39,20,T008,Valid
482,FR0004,D000898,P002,2026-05-13,27142.39,20,T008,Valid
483,FR0004,D000917,P002,2026-05-13,27142.39,20,T008,Valid
484,FR0004,D000694,P002,2026-05-09,27142.39,20,T008,Valid
485,FR0004,D000917,P002,2026-06-07,24201.09,18,T008,Valid
486,FR0004,D000477,P002,2026-06-06,24201.09,18,T008,Valid
487,FR0004,D000898,P002,2026-06-10,24201.09,18,T008,Valid
488,FR0004,D000694,P002,2026-06-21,24201.09,18,T008,Valid
489,FR0004,D000251,P002,2026-06-20,24201.09,18,T008,Valid
490,FR0004,D000170,P002,2026-06-09,24201.09,18,T008,Valid
491,FR0004,D000898,P002,2026-07-06,71735.27,52,T008,Valid
492,FR0004,D000170,P002,2026-07-10,71735.27,52,T008,Valid
493,FR0004,D000917,P018,2026-01-03,50595.71,75,T008,Valid
494,FR0004,D000170,P018,2026-02-27,10254.41,15,T008,Valid
495,FR0004,D000898,P018,2026-02-27,10254.41,15,T008,Valid
496,FR0004,D000694,P018,2026-02-27,10254.41,15,T008,Valid
497,FR0004,D000917,P018,2026-02-04,10254.41,15,T008,Valid
498,FR0004,D000477,P018,2026-02-23,10254.41,15,T008,Valid
499,FR0004,D000251,P018,2026-03-24,30651.2,45,T008,Valid
500,FR0004,D000694,P018,2026-03-04,30651.2,45,T008,Valid
501,FR0004,D000477,P018,2026-04-18,13006.66,19,T008,Valid
502,FR0004,D000251,P018,2026-04-04,13006.66,19,T008,Valid
503,FR0004,D000170,P018,2026-04-16,13006.66,19,T008,Valid
504,FR0004,D000917,P018,2026-04-10,13006.66,19,T008,Valid
505,FR0004,D000251,P018,2026-05-11,25067.27,37,T008,Valid
506,FR0004,D000694,P018,2026-05-06,25067.27,37,T008,Valid
507,FR0004,D000170,P018,2026-06-26,25476.06,38,T008,Valid
508,FR0004,D000898,P018,2026-06-16,25476.06,38,T008,Valid
509,FR0004,D000694,P018,2026-07-25,17999.51,27,T008,Valid
510,FR0004,D000170,P018,2026-07-02,17999.51,27,T008,Valid
511,FR0004,D000477,P018,2026-07-12,17999.51,27,T008,Valid
512,FR0005,D000730,P023,2026-01-12,11829.64,5,T015,Valid
513,FR0005,D000231,P023,2026-01-05,11829.64,5,T015,Valid
514,FR0005,D000035,P023,2026-01-02,11829.64,5,T015,Valid
515,FR0005,D000963,P023,2026-01-23,11829.64,5,T015,Valid
516,FR0005,D000369,P023,2026-01-18,11829.64,5,T015,Valid
517,FR0005,D000311,P023,2026-02-18,9255.03,4,T015,Valid
518,FR0005,D000963,P023,2026-02-03,9255.03,4,T015,Valid
519,FR0005,D000730,P023,2026-02-05,9255.03,4,T015,Valid
520,FR0005,D000496,P023,2026-02-10,9255.03,4,T015,Valid
521,FR0005,D000310,P023,2026-02-09,9255.03,4,T015,Valid
522,FR0005,D000615,P023,2026-02-12,9255.03,4,T015,Valid
523,FR0005,D000783,P023,2026-03-24,28601.34,12,T015,Valid
524,FR0005,D000615,P023,2026-03-22,28601.34,12,T015,Valid
525,FR0005,D000231,P023,2026-03-27,28601.34,12,T015,Valid
526,FR0005,D000311,P023,2026-03-07,28601.34,12,T015,Valid
527,FR0005,D000311,P023,2026-04-04,14717.87,6,T015,Valid
528,FR0005,D000369,P023,2026-04-17,14717.87,6,T015,Valid
529,FR0005,D000658,P023,2026-04-03,14717.87,6,T015,Valid
530,FR0005,D000963,P023,2026-04-27,14717.87,6,T015,Valid
531,FR0005,D000057,P023,2026-05-21,16656.15,7,T015,Valid
532,FR0005,D000035,P023,2026-05-13,16656.15,7,T015,Valid
533,FR0005,D000615,P023,2026-05-16,16656.15,7,T015,Valid
534,FR0005,D000615,P023,2026-06-01,18914.97,8,T015,Valid
535,FR0005,D000730,P023,2026-06-21,18914.97,8,T015,Valid
536,FR0005,D000057,P023,2026-06-27,18914.97,8,T015,Valid
537,FR0005,D000819,P023,2026-07-27,11466.84,5,T015,Valid
538,FR0005,D000311,P023,2026-07-09,11466.84,5,T015,Valid
539,FR0005,D000783,P023,2026-07-02,11466.84,5,T015,Valid
540,FR0005,D000730,P023,2026-07-03,11466.84,5,T015,Valid
541,FR0005,D000035,P023,2026-07-10,11466.84,5,T015,Valid
542,FR0005,D000231,P018,2026-01-08,54160.9,80,T015,Valid
543,FR0005,D000509,P018,2026-01-21,54160.9,80,T015,Valid
544,FR0005,D000658,P018,2026-01-18,54160.9,80,T015,Valid
545,FR0005,D000311,P018,2026-02-04,27198.17,40,T015,Valid
546,FR0005,D000658,P018,2026-02-26,27198.17,40,T015,Valid
547,FR0005,D000496,P018,2026-02-18,27198.17,40,T015,Valid
548,FR0005,D000730,P018,2026-02-17,27198.17,40,T015,Valid
549,FR0005,D000819,P018,2026-02-22,27198.17,40,T015,Valid
550,FR0005,D000369,P018,2026-02-18,27198.17,40,T015,Valid
551,FR0005,D000819,P018,2026-03-14,37475.93,56,T015,Valid
552,FR0005,D000311,P018,2026-03-24,37475.93,56,T015,Valid
553,FR0005,D000369,P018,2026-03-20,37475.93,56,T015,Valid
554,FR0005,D000658,P018,2026-03-19,37475.93,56,T015,Valid
555,FR0005,D000311,P018,2026-04-01,40962.57,61,T015,Valid
556,FR0005,D000496,P018,2026-04-02,40962.57,61,T015,Valid
557,FR0005,D000819,P018,2026-04-20,40962.57,61,T015,Valid
558,FR0005,D000369,P018,2026-04-17,40962.57,61,T015,Valid
559,FR0005,D000231,P018,2026-05-01,49400.19,73,T015,Valid
560,FR0005,D000819,P018,2026-05-27,49400.19,73,T015,Valid
561,FR0005,D000311,P018,2026-05-27,49400.19,73,T015,Valid
562,FR0005,D000188,P018,2026-06-05,25877.7,38,T015,Valid
563,FR0005,D000057,P018,2026-06-12,25877.7,38,T015,Valid
564,FR0005,D000035,P018,2026-06-08,25877.7,38,T015,Valid
565,FR0005,D000496,P018,2026-06-09,25877.7,38,T015,Valid
566,FR0005,D000311,P018,2026-06-10,25877.7,38,T015,Valid
567,FR0005,D000963,P018,2026-06-19,25877.7,38,T015,Valid
568,FR0005,D000783,P018,2026-07-27,36338.24,54,T015,Valid
569,FR0005,D000496,P018,2026-07-23,36338.24,54,T015,Valid
570,FR0005,D000188,P018,2026-07-27,36338.24,54,T015,Valid
571,FR0005,D000819,P018,2026-07-20,36338.24,54,T015,Valid
572,FR0005,D000311,P026,2026-01-04,17438.86,10,T015,Valid
573,FR0005,D000819,P026,2026-01-08,17438.86,10,T015,Valid
574,FR0005,D000369,P026,2026-01-21,17438.86,10,T015,Valid
575,FR0005,D000783,P026,2026-01-01,17438.86,10,T015,Valid
576,FR0005,D000311,P026,2026-02-19,37420.81,21,T015,Valid
577,FR0005,D000509,P026,2026-02-11,37420.81,21,T015,Valid
578,FR0005,D000496,P026,2026-03-03,14201.1,8,T015,Valid
579,FR0005,D000783,P026,2026-03-14,14201.1,8,T015,Valid
580,FR0005,D000615,P026,2026-03-26,14201.1,8,T015,Valid
581,FR0005,D000819,P026,2026-03-05,14201.1,8,T015,Valid
582,FR0005,D000509,P026,2026-03-11,14201.1,8,T015,Valid
583,FR0005,D000057,P026,2026-04-25,20227.97,11,T015,Valid
584,FR0005,D000369,P026,2026-04-05,20227.97,11,T015,Valid
585,FR0005,D000509,P026,2026-04-05,20227.97,11,T015,Valid
586,FR0005,D000819,P026,2026-04-18,20227.97,11,T015,Valid
587,FR0005,D000730,P026,2026-05-25,13225.81,7,T015,Valid
588,FR0005,D000509,P026,2026-05-11,13225.81,7,T015,Valid
589,FR0005,D000231,P026,2026-05-19,13225.81,7,T015,Valid
590,FR0005,D000783,P026,2026-05-04,13225.81,7,T015,Valid
591,FR0005,D000057,P026,2026-05-14,13225.81,7,T015,Valid
592,FR0005,D000310,P026,2026-05-12,13225.81,7,T015,Valid
593,FR0005,D000188,P026,2026-06-20,18551.63,10,T015,Valid
594,FR0005,D000311,P026,2026-06-15,18551.63,10,T015,Valid
595,FR0005,D000615,P026,2026-06-27,18551.63,10,T015,Valid
596,FR0005,D000496,P026,2026-06-07,18551.63,10,T015,Valid
597,FR0005,D000730,P026,2026-07-08,40559.82,22,T015,Valid
598,FR0005,D000035,P026,2026-07-05,40559.82,22,T015,Valid
599,FR0005,D000311,P004,2026-01-24,63981.53,37,T015,Valid
600,FR0005,D000231,P004,2026-01-07,63981.53,37,T015,Valid
601,FR0005,D000730,P004,2026-02-13,24570.66,14,T015,Valid
602,FR0005,D000188,P004,2026-02-22,24570.66,14,T015,Valid
603,FR0005,D000963,P004,2026-02-02,24570.66,14,T015,Valid
604,FR0005,D000783,P004,2026-02-06,24570.66,14,T015,Valid
605,FR0005,D000658,P004,2026-02-10,24570.66,14,T015,Valid
606,FR0005,D000035,P004,2026-02-26,24570.66,14,T015,Valid
607,FR0005,D000057,P004,2026-03-22,63095.5,36,T015,Valid
608,FR0005,D000369,P004,2026-03-22,63095.5,36,T015,Valid
609,FR0005,D000231,P004,2026-04-11,25571.99,15,T015,Valid
610,FR0005,D000369,P004,2026-04-20,25571.99,15,T015,Valid
611,FR0005,D000509,P004,2026-04-03,25571.99,15,T015,Valid
612,FR0005,D000730,P004,2026-04-07,25571.99,15,T015,Valid
613,FR0005,D000057,P004,2026-04-15,25571.99,15,T015,Valid
614,FR0005,D000310,P004,2026-05-12,20871.47,12,T015,Valid
615,FR0005,D000311,P004,2026-05-12,20871.47,12,T015,Valid
616,FR0005,D000496,P004,2026-05-21,20871.47,12,T015,Valid
617,FR0005,D000369,P004,2026-05-08,20871.47,12,T015,Valid
618,FR0005,D000188,P004,2026-05-09,20871.47,12,T015,Valid
619,FR0005,D000035,P004,2026-05-02,20871.47,12,T015,Valid
620,FR0005,D000509,P004,2026-06-08,68182.2,39,T015,Valid
621,FR0005,D000310,P004,2026-06-11,68182.2,39,T015,Valid
622,FR0005,D000819,P004,2026-07-19,21207.99,12,T015,Valid
623,FR0005,D000658,P004,2026-07-14,21207.99,12,T015,Valid
624,FR0005,D000963,P004,2026-07-20,21207.99,12,T015,Valid
625,FR0005,D000231,P004,2026-07-15,21207.99,12,T015,Valid
626,FR0005,D000369,P004,2026-07-05,21207.99,12,T015,Valid
627,FR0005,D000730,P004,2026-07-21,21207.99,12,T015,Valid
628,FR0006,D000480,P018,2026-01-18,46484.02,69,T019,Valid
629,FR0006,D000851,P018,2026-01-24,46484.02,69,T019,Valid
630,FR0006,D000274,P018,2026-01-06,46484.02,69,T019,Valid
631,FR0006,D000870,P018,2026-02-24,29036.08,43,T019,Valid
632,FR0006,D000904,P018,2026-02-21,29036.08,43,T019,Valid
633,FR0006,D000480,P018,2026-02-09,29036.08,43,T019,Valid
634,FR0006,D000602,P018,2026-02-25,29036.08,43,T019,Valid
635,FR0006,D000607,P018,2026-03-12,19536.61,29,T019,Valid
636,FR0006,D000602,P018,2026-03-23,19536.61,29,T019,Valid
637,FR0006,D000904,P018,2026-03-16,19536.61,29,T019,Valid
638,FR0006,D000419,P018,2026-03-17,19536.61,29,T019,Valid
639,FR0006,D000851,P018,2026-03-16,19536.61,29,T019,Valid
640,FR0006,D000274,P018,2026-03-21,19536.61,29,T019,Valid
641,FR0006,D000602,P018,2026-04-14,40925.73,61,T019,Valid
642,FR0006,D000904,P018,2026-04-01,40925.73,61,T019,Valid
643,FR0006,D000274,P018,2026-04-14,40925.73,61,T019,Valid
644,FR0006,D000480,P018,2026-05-20,69624.01,103,T019,Valid
645,FR0006,D000876,P018,2026-05-23,69624.01,103,T019,Valid
646,FR0006,D000870,P018,2026-06-13,68244.23,101,T019,Valid
647,FR0006,D000851,P018,2026-06-24,68244.23,101,T019,Valid
648,FR0006,D000904,P018,2026-07-15,63277.12,94,T019,Valid
649,FR0006,D000419,P018,2026-07-27,63277.12,94,T019,Valid
650,FR0006,D000904,P022,2026-01-13,32451.33,80,T019,Valid
651,FR0006,D000274,P022,2026-01-25,32451.33,80,T019,Valid
652,FR0006,D000419,P022,2026-01-10,32451.33,80,T019,Valid
653,FR0006,D000480,P022,2026-01-06,32451.33,80,T019,Valid
654,FR0006,D000602,P022,2026-01-10,32451.33,80,T019,Valid
655,FR0006,D000876,P022,2026-02-06,30572.07,75,T019,Valid
656,FR0006,D000419,P022,2026-02-19,30572.07,75,T019,Valid
657,FR0006,D000851,P022,2026-02-18,30572.07,75,T019,Valid
658,FR0006,D000607,P022,2026-02-13,30572.07,75,T019,Valid
659,FR0006,D000274,P022,2026-02-11,30572.07,75,T019,Valid
660,FR0006,D000607,P022,2026-03-23,72652.97,178,T019,Valid
661,FR0006,D000851,P022,2026-03-04,72652.97,178,T014,Valid
662,FR0006,D000870,P022,2026-04-25,24194.84,59,T019,Valid
663,FR0006,D000480,P022,2026-04-11,24194.84,59,T019,Valid
664,FR0006,D000602,P022,2026-04-22,24194.84,59,T019,Valid
665,FR0006,D000607,P022,2026-04-06,24194.84,59,T019,Valid
666,FR0006,D000904,P022,2026-04-06,24194.84,59,T019,Valid
667,FR0006,D000274,P022,2026-04-23,24194.84,59,T019,Valid
668,FR0006,D000607,P022,2026-05-01,28139.32,69,T019,Valid
669,FR0006,D000480,P022,2026-05-25,28139.32,69,T019,Valid
670,FR0006,D000274,P022,2026-05-01,28139.32,69,T019,Valid
671,FR0006,D000419,P022,2026-05-16,28139.32,69,T019,Valid
672,FR0006,D000851,P022,2026-05-18,28139.32,69,T019,Valid
673,FR0006,D000274,P022,2026-06-02,26503.87,65,T015,Valid
674,FR0006,D000602,P022,2026-06-02,26503.87,65,T004,Valid
675,FR0006,D000607,P022,2026-06-10,26503.87,65,T006,Valid
676,FR0006,D000480,P022,2026-06-02,26503.87,65,T019,Valid
677,FR0006,D000870,P022,2026-06-06,26503.87,65,T013,Valid
678,FR0006,D000419,P022,2026-06-23,26503.87,65,T012,Valid
679,FR0006,D000851,P022,2026-07-12,31194.63,76,T019,Valid
680,FR0006,D000274,P022,2026-07-27,31194.63,76,T019,Valid
681,FR0006,D000876,P022,2026-07-25,31194.63,76,T019,Valid
682,FR0006,D000480,P022,2026-07-27,31194.63,76,T019,Valid
683,FR0006,D000904,P022,2026-07-03,31194.63,76,T019,Valid
684,FR0006,D000602,P026,2026-01-19,31279.06,17,T019,Valid
685,FR0006,D000274,P026,2026-01-21,31279.06,17,T019,Valid
686,FR0006,D000876,P026,2026-01-03,31279.06,17,T019,Valid
687,FR0006,D000870,P026,2026-02-19,24921.85,14,T019,Valid
688,FR0006,D000851,P026,2026-02-12,24921.85,14,T019,Valid
689,FR0006,D000480,P026,2026-02-20,24921.85,14,T019,Valid
690,FR0006,D000607,P026,2026-02-16,24921.85,14,T019,Valid
691,FR0006,D000602,P026,2026-03-15,16235.84,9,T019,Valid
692,FR0006,D000607,P026,2026-03-26,16235.84,9,T019,Valid
693,FR0006,D000419,P026,2026-03-24,16235.84,9,T019,Valid
694,FR0006,D000274,P026,2026-03-26,16235.84,9,T019,Valid
695,FR0006,D000851,P026,2026-03-14,16235.84,9,T019,Valid
696,FR0006,D000876,P026,2026-03-02,16235.84,9,T019,Valid
697,FR0006,D000607,P026,2026-04-03,34653.39,19,T019,Valid
698,FR0006,D000904,P026,2026-04-10,34653.39,19,T019,Valid
699,FR0006,D000870,P026,2026-04-18,34653.39,19,T019,Valid
700,FR0006,D000274,P026,2026-05-22,17852.98,10,T019,Valid
701,FR0006,D000480,P026,2026-05-16,17852.98,10,T019,Valid
702,FR0006,D000419,P026,2026-05-02,17852.98,10,T019,Valid
703,FR0006,D000876,P026,2026-05-05,17852.98,10,T019,Valid
704,FR0006,D000851,P026,2026-05-05,17852.98,10,T019,Valid
705,FR0006,D000870,P026,2026-06-19,21043.31,12,T019,Valid
706,FR0006,D000274,P026,2026-06-22,21043.31,12,T019,Valid
707,FR0006,D000904,P026,2026-06-18,21043.31,12,T019,Valid
708,FR0006,D000607,P026,2026-06-01,21043.31,12,T019,Valid
709,FR0006,D000480,P026,2026-06-19,21043.31,12,T019,Valid
710,FR0006,D000480,P026,2026-07-27,53149.23,29,T019,Valid
711,FR0006,D000607,P026,2026-07-11,53149.23,29,T019,Valid
712,FR0006,D000851,P007,2026-01-03,28383.68,59,T019,Valid
713,FR0006,D000274,P007,2026-01-08,28383.68,59,T019,Valid
714,FR0006,D000480,P007,2026-01-15,28383.68,59,T019,Valid
715,FR0006,D000602,P007,2026-01-10,28383.68,59,T019,Valid
716,FR0006,D000602,P007,2026-02-15,54048.99,113,T019,Valid
717,FR0006,D000419,P007,2026-02-01,54048.99,113,T019,Valid
718,FR0006,D000904,P007,2026-03-25,23266.9,49,T019,Valid
719,FR0006,D000607,P007,2026-03-27,23266.9,49,T019,Valid
720,FR0006,D000870,P007,2026-03-22,23266.9,49,T019,Valid
721,FR0006,D000480,P007,2026-03-07,23266.9,49,T019,Valid
722,FR0006,D000419,P007,2026-03-02,23266.9,49,T019,Valid
723,FR0006,D000274,P007,2026-04-02,31394.34,65,T019,Valid
724,FR0006,D000419,P007,2026-04-17,31394.34,65,T019,Valid
725,FR0006,D000480,P007,2026-04-22,31394.34,65,T019,Valid
726,FR0006,D000602,P007,2026-04-10,31394.34,65,T019,Valid
727,FR0006,D000602,P007,2026-05-18,27893.21,58,T019,Valid
728,FR0006,D000904,P007,2026-05-25,27893.21,58,T019,Valid
729,FR0006,D000480,P007,2026-05-22,27893.21,58,T019,Valid
730,FR0006,D000870,P007,2026-05-09,27893.21,58,T019,Valid
731,FR0006,D000904,P007,2026-06-09,17760.6,37,T019,Valid
732,FR0006,D000419,P007,2026-06-23,17760.6,37,T019,Valid
733,FR0006,D000876,P007,2026-06-10,17760.6,37,T019,Valid
734,FR0006,D000607,P007,2026-06-08,17760.6,37,T019,Valid
735,FR0006,D000480,P007,2026-06-03,17760.6,37,T019,Valid
736,FR0006,D000851,P007,2026-06-20,17760.6,37,T019,Valid
737,FR0006,D000419,P007,2026-07-02,52474.28,109,T019,Valid
738,FR0006,D000870,P007,2026-07-14,52474.28,109,T019,Valid
739,FR0006,D000851,P005,2026-01-25,11106.59,6,T019,Valid
740,FR0006,D000607,P005,2026-01-15,11106.59,6,T019,Valid
741,FR0006,D000480,P005,2026-01-05,11106.59,6,T019,Valid
742,FR0006,D000419,P005,2026-01-27,11106.59,6,T019,Valid
743,FR0006,D000876,P005,2026-01-23,11106.59,6,T019,Valid
744,FR0006,D000274,P005,2026-01-04,11106.59,6,T019,Valid
745,FR0006,D000602,P005,2026-02-12,12809.2,7,T019,Valid
746,FR0006,D000904,P005,2026-02-06,12809.2,7,T019,Valid
747,FR0006,D000419,P005,2026-02-22,12809.2,7,T019,Valid
748,FR0006,D000607,P005,2026-02-26,12809.2,7,T019,Valid
749,FR0006,D000480,P005,2026-02-15,12809.2,7,T019,Valid
750,FR0006,D000274,P005,2026-03-21,61759.13,32,T019,Valid
751,FR0006,D000602,P005,2026-04-13,12507.13,6,T019,Valid
752,FR0006,D000904,P005,2026-04-11,12507.13,6,T019,Valid
753,FR0006,D000607,P005,2026-04-27,12507.13,6,T019,Valid
754,FR0006,D000419,P005,2026-04-19,12507.13,6,T019,Valid
755,FR0006,D000876,P005,2026-04-26,12507.13,6,T019,Valid
756,FR0006,D000419,P005,2026-05-19,19986.16,10,T019,Valid
757,FR0006,D000876,P005,2026-05-15,19986.16,10,T019,Valid
758,FR0006,D000274,P005,2026-05-18,19986.16,10,T019,Valid
759,FR0006,D000419,P005,2026-06-11,28856.47,15,T019,Valid
760,FR0006,D000870,P005,2026-06-21,28856.47,15,T019,Valid
761,FR0006,D000419,P005,2026-07-19,94366.37,49,T019,Valid
762,FR0006,D000419,P010,2026-01-13,37233.08,28,T019,Valid
763,FR0006,D000274,P010,2026-01-10,37233.08,28,T019,Valid
764,FR0006,D000607,P010,2026-01-12,37233.08,28,T019,Valid
765,FR0006,D000870,P010,2026-01-02,37233.08,28,T019,Valid
766,FR0006,D000274,P010,2026-02-19,40408.97,31,T019,Valid
767,FR0006,D000602,P010,2026-02-21,40408.97,31,T019,Valid
768,FR0006,D000876,P010,2026-02-23,40408.97,31,T019,Valid
769,FR0006,D000851,P010,2026-02-13,40408.97,31,T019,Valid
770,FR0006,D000602,P010,2026-03-12,47192.29,36,T019,Valid
771,FR0006,D000870,P010,2026-03-14,47192.29,36,T019,Valid
772,FR0006,D000876,P010,2026-03-10,47192.29,36,T019,Valid
773,FR0006,D000876,P010,2026-04-03,45002.63,34,T019,Valid
774,FR0006,D000870,P010,2026-04-21,45002.63,34,T019,Valid
775,FR0006,D000419,P010,2026-04-14,45002.63,34,T019,Valid
776,FR0006,D000480,P010,2026-05-13,26251.73,20,T019,Valid
777,FR0006,D000876,P010,2026-05-08,26251.73,20,T019,Valid
778,FR0006,D000607,P010,2026-05-14,26251.73,20,T019,Valid
779,FR0006,D000602,P010,2026-05-01,26251.73,20,T019,Valid
780,FR0006,D000870,P010,2026-05-16,26251.73,20,T019,Valid
781,FR0006,D000851,P010,2026-05-08,26251.73,20,T019,Valid
782,FR0006,D000274,P010,2026-06-23,37036.54,28,T019,Valid
783,FR0006,D000904,P010,2026-06-04,37036.54,28,T019,Valid
784,FR0006,D000607,P010,2026-06-16,37036.54,28,T019,Valid
785,FR0006,D000602,P010,2026-06-03,37036.54,28,T019,Valid
786,FR0006,D000876,P010,2026-07-03,37987.35,29,T019,Valid
787,FR0006,D000419,P010,2026-07-16,37987.35,29,T019,Valid
788,FR0006,D000607,P010,2026-07-24,37987.35,29,T019,Valid
789,FR0006,D000870,P010,2026-07-22,37987.35,29,T019,Valid
790,FR0006,D000274,P023,2026-01-14,21057.66,9,T019,Valid
791,FR0006,D000876,P023,2026-01-26,21057.66,9,T019,Valid
792,FR0006,D000602,P023,2026-01-10,21057.66,9,T019,Valid
793,FR0006,D000607,P023,2026-01-02,21057.66,9,T019,Valid
794,FR0006,D000870,P023,2026-01-20,21057.66,9,T019,Valid
795,FR0006,D000480,P023,2026-01-10,21057.66,9,T019,Valid
796,FR0006,D000480,P023,2026-02-10,19479.23,8,T019,Valid
797,FR0006,D000274,P023,2026-02-03,19479.23,8,T019,Valid
798,FR0006,D000851,P023,2026-02-17,19479.23,8,T019,Valid
799,FR0006,D000904,P023,2026-02-26,19479.23,8,T019,Valid
800,FR0006,D000607,P023,2026-02-09,19479.23,8,T019,Valid
801,FR0006,D000876,P023,2026-02-20,19479.23,8,T019,Valid
802,FR0006,D000480,P023,2026-03-09,19463.62,8,T019,Valid
803,FR0006,D000904,P023,2026-03-23,19463.62,8,T019,Valid
804,FR0006,D000851,P023,2026-03-16,19463.62,8,T019,Valid
805,FR0006,D000602,P023,2026-03-26,19463.62,8,T019,Valid
806,FR0006,D000876,P023,2026-03-02,19463.62,8,T019,Valid
807,FR0006,D000419,P023,2026-03-03,19463.62,8,T019,Valid
808,FR0006,D000870,P023,2026-04-07,26390.23,11,T019,Valid
809,FR0006,D000602,P023,2026-04-24,26390.23,11,T019,Valid
810,FR0006,D000851,P023,2026-04-12,26390.23,11,T019,Valid
811,FR0006,D000876,P023,2026-04-21,26390.23,11,T019,Valid
812,FR0006,D000419,P023,2026-04-25,26390.23,11,T019,Valid
813,FR0006,D000876,P023,2026-05-23,28595.42,12,T019,Valid
814,FR0006,D000602,P023,2026-05-16,28595.42,12,T019,Valid
815,FR0006,D000904,P023,2026-05-05,28595.42,12,T019,Valid
816,FR0006,D000851,P023,2026-05-14,28595.42,12,T019,Valid
817,FR0006,D000904,P023,2026-06-21,32823.84,14,T019,Valid
818,FR0006,D000274,P023,2026-06-14,32823.84,14,T019,Valid
819,FR0006,D000876,P023,2026-06-21,32823.84,14,T019,Valid
820,FR0006,D000607,P023,2026-06-11,32823.84,14,T019,Valid
821,FR0006,D000876,P023,2026-07-25,22503.93,9,T019,Valid
822,FR0006,D000602,P023,2026-07-17,22503.93,9,T019,Valid
823,FR0006,D000851,P023,2026-07-22,22503.93,9,T019,Valid
824,FR0006,D000870,P023,2026-07-06,22503.93,9,T019,Valid
825,FR0006,D000607,P023,2026-07-18,22503.93,9,T019,Valid
826,FR0007,D000194,P027,2026-01-02,21831.15,9,T009,Valid
827,FR0007,D000184,P027,2026-01-22,21831.15,9,T009,Valid
828,FR0007,D000895,P027,2026-01-07,21831.15,9,T009,Valid
829,FR0007,D000199,P027,2026-01-21,21831.15,9,T009,Valid
830,FR0007,D000895,P027,2026-02-23,27591.08,11,T009,Valid
831,FR0007,D000194,P027,2026-02-09,27591.08,11,T009,Valid
832,FR0007,D000184,P027,2026-02-15,27591.08,11,T009,Valid
833,FR0007,D000895,P027,2026-03-25,23242.84,9,T009,Valid
834,FR0007,D000199,P027,2026-03-09,23242.84,9,T009,Valid
835,FR0007,D000194,P027,2026-03-02,23242.84,9,T009,Valid
836,FR0007,D000184,P027,2026-03-13,23242.84,9,T009,Valid
837,FR0007,D000895,P027,2026-04-07,28497.02,11,T009,Valid
838,FR0007,D000184,P027,2026-04-13,28497.02,11,T009,Valid
839,FR0007,D000194,P027,2026-04-21,28497.02,11,T009,Valid
840,FR0007,D000184,P027,2026-05-02,18208.41,7,T009,Valid
841,FR0007,D000895,P027,2026-05-03,18208.41,7,T009,Valid
842,FR0007,D000199,P027,2026-05-24,18208.41,7,T009,Valid
843,FR0007,D000194,P027,2026-05-25,18208.41,7,T009,Valid
844,FR0007,D000954,P027,2026-05-01,18208.41,7,T009,Valid
845,FR0007,D000199,P027,2026-06-19,18600.38,7,T009,Valid
846,FR0007,D000194,P027,2026-06-17,18600.38,7,T009,Valid
847,FR0007,D000954,P027,2026-06-25,18600.38,7,T009,Valid
848,FR0007,D000895,P027,2026-06-16,18600.38,7,T009,Valid
849,FR0007,D000184,P027,2026-06-13,18600.38,7,T009,Valid
850,FR0007,D000895,P027,2026-07-04,47926.54,19,T009,Valid
851,FR0007,D000954,P027,2026-07-18,47926.54,19,T009,Valid
852,FR0007,D000895,P003,2026-01-06,89561.77,52,T009,Valid
853,FR0007,D000184,P003,2026-02-19,161571.0,93,T015,Valid
854,FR0007,D000895,P003,2026-03-11,18280.08,11,T009,Valid
855,FR0007,D000954,P003,2026-03-11,18280.08,11,T009,Valid
856,FR0007,D000184,P003,2026-03-24,18280.08,11,T009,Valid
857,FR0007,D000199,P003,2026-03-13,18280.08,11,T009,Valid
858,FR0007,D000194,P003,2026-04-16,16704.22,10,T009,Valid
859,FR0007,D000954,P003,2026-04-01,16704.22,10,T009,Valid
860,FR0007,D000184,P003,2026-04-20,16704.22,10,T009,Valid
861,FR0007,D000199,P003,2026-04-08,16704.22,10,T009,Valid
862,FR0007,D000895,P003,2026-04-21,16704.22,10,T009,Valid
863,FR0007,D000194,P003,2026-05-08,16629.62,10,T010,Valid
864,FR0007,D000184,P003,2026-05-14,16629.62,10,T009,Valid
865,FR0007,D000895,P003,2026-05-24,16629.62,10,T009,Valid
866,FR0007,D000199,P003,2026-05-22,16629.62,10,T015,Valid
867,FR0007,D000954,P003,2026-05-27,16629.62,10,T015,Valid
868,FR0007,D000184,P003,2026-06-05,36406.97,21,T009,Valid
869,FR0007,D000199,P003,2026-06-14,36406.97,21,T009,Valid
870,FR0007,D000184,P003,2026-07-01,16350.6,9,T009,Valid
871,FR0007,D000194,P003,2026-07-03,16350.6,9,T009,Valid
872,FR0007,D000954,P003,2026-07-01,16350.6,9,T009,Valid
873,FR0007,D000895,P003,2026-07-03,16350.6,9,T009,Valid
874,FR0007,D000199,P003,2026-07-21,16350.6,9,T009,Valid
875,FR0007,D000194,P001,2026-01-15,52224.87,51,T009,Valid
876,FR0007,D000199,P001,2026-01-08,52224.87,51,T009,Valid
877,FR0007,D000895,P001,2026-01-20,52224.87,51,T009,Valid
878,FR0007,D000184,P001,2026-02-04,137585.47,134,T009,Valid
879,FR0007,D000954,P001,2026-03-02,30345.02,30,T009,Valid
880,FR0007,D000194,P001,2026-03-04,30345.02,30,T009,Valid
881,FR0007,D000895,P001,2026-03-05,30345.02,30,T009,Valid
882,FR0007,D000184,P001,2026-03-16,30345.02,30,T009,Valid
883,FR0007,D000199,P001,2026-03-06,30345.02,30,T009,Valid
884,FR0007,D000194,P001,2026-04-20,33293.95,33,T009,Valid
885,FR0007,D000895,P001,2026-04-25,33293.95,33,T009,Valid
886,FR0007,D000954,P001,2026-04-02,33293.95,33,T009,Valid
887,FR0007,D000199,P001,2026-04-24,33293.95,33,T009,Valid
888,FR0007,D000954,P001,2026-05-19,27490.6,27,T009,Valid
889,FR0007,D000184,P001,2026-05-11,27490.6,27,T009,Valid
890,FR0007,D000895,P001,2026-05-07,27490.6,27,T009,Valid
891,FR0007,D000199,P001,2026-05-22,27490.6,27,T009,Valid
892,FR0007,D000194,P001,2026-05-08,27490.6,27,T009,Valid
893,FR0007,D000194,P001,2026-06-19,27824.95,27,T009,Valid
894,FR0007,D000895,P001,2026-06-02,27824.95,27,T009,Valid
895,FR0007,D000184,P001,2026-06-05,27824.95,27,T009,Valid
896,FR0007,D000199,P001,2026-06-20,27824.95,27,T009,Valid
897,FR0007,D000954,P001,2026-06-06,27824.95,27,T009,Valid
898,FR0007,D000199,P001,2026-07-02,36633.18,36,T009,Valid
899,FR0007,D000194,P001,2026-07-19,36633.18,36,T009,Valid
900,FR0007,D000895,P001,2026-07-09,36633.18,36,T009,Valid
901,FR0007,D000184,P001,2026-07-04,36633.18,36,T009,Valid
902,FR0008,D000422,P014,2026-01-16,19386.57,14,T001,Valid
903,FR0008,D000109,P014,2026-01-15,19386.57,14,T001,Valid
904,FR0008,D000642,P014,2026-01-01,19386.57,14,T001,Valid
905,FR0008,D000921,P014,2026-01-14,19386.57,14,T001,Valid
906,FR0008,D000395,P014,2026-01-08,19386.57,14,T001,Valid
907,FR0008,D000487,P014,2026-01-11,19386.57,14,T001,Valid
908,FR0008,D000001,P014,2026-02-02,41084.27,29,T001,Valid
909,FR0008,D000642,P014,2026-02-24,41084.27,29,T001,Valid
910,FR0008,D000077,P014,2026-02-17,41084.27,29,T001,Valid
911,FR0008,D000749,P014,2026-03-08,55473.29,40,T001,Valid
912,FR0008,D000921,P014,2026-03-18,55473.29,40,T001,Valid
913,FR0008,D000003,P014,2026-04-06,119294.14,86,T001,Valid
914,FR0008,D000808,P014,2026-05-21,23060.32,17,T001,Valid
915,FR0008,D000224,P014,2026-05-23,23060.32,17,T001,Valid
916,FR0008,D000582,P014,2026-05-01,23060.32,17,T001,Valid
917,FR0008,D000363,P014,2026-05-03,23060.32,17,T001,Valid
918,FR0008,D000565,P014,2026-05-23,23060.32,17,T001,Valid
919,FR0008,D000983,P014,2026-06-22,18088.19,13,T001,Valid
920,FR0008,D000395,P014,2026-06-02,18088.19,13,T001,Valid
921,FR0008,D000109,P014,2026-06-13,18088.19,13,T001,Valid
922,FR0008,D000542,P014,2026-06-15,18088.19,13,T001,Valid
923,FR0008,D000094,P014,2026-06-02,18088.19,13,T001,Valid
924,FR0008,D000451,P014,2026-06-12,18088.19,13,T001,Valid
925,FR0008,D000224,P014,2026-07-18,39542.81,28,T001,Valid
926,FR0008,D000542,P014,2026-07-21,39542.81,28,T001,Valid
927,FR0008,D000445,P014,2026-07-24,39542.81,28,T001,Valid
928,FR0008,D000486,P006,2026-01-03,29154.77,79,T001,Valid
929,FR0008,D000941,P006,2026-01-12,29154.77,79,T001,Valid
930,FR0008,D000709,P006,2026-01-16,29154.77,79,T001,Valid
931,FR0008,D000094,P006,2026-01-17,29154.77,79,T001,Valid
932,FR0008,D000487,P006,2026-02-15,19295.07,52,T001,Valid
933,FR0008,D000749,P006,2026-02-03,19295.07,52,T001,Valid
934,FR0008,D000565,P006,2026-02-06,19295.07,52,T001,Valid
935,FR0008,D000103,P006,2026-02-03,19295.07,52,T001,Valid
936,FR0008,D000380,P006,2026-02-06,19295.07,52,T001,Valid
937,FR0008,D000983,P006,2026-02-04,19295.07,52,T001,Valid
938,FR0008,D000487,P006,2026-03-22,51141.09,139,T001,Valid
939,FR0008,D000642,P006,2026-03-05,51141.09,139,T001,Valid
940,FR0008,D000380,P006,2026-04-27,27339.16,74,T001,Valid
941,FR0008,D000103,P006,2026-04-21,27339.16,74,T001,Valid
942,FR0008,D000003,P006,2026-04-14,27339.16,74,T001,Valid
943,FR0008,D000422,P006,2026-04-11,27339.16,74,T001,Valid
944,FR0008,D001000,P006,2026-05-26,17753.64,48,T001,Valid
945,FR0008,D000749,P006,2026-05-06,17753.64,48,T001,Valid
946,FR0008,D000808,P006,2026-05-09,17753.64,48,T001,Valid
947,FR0008,D000489,P006,2026-05-16,17753.64,48,T001,Valid
948,FR0008,D000224,P006,2026-05-10,17753.64,48,T001,Valid
949,FR0008,D000983,P006,2026-05-02,17753.64,48,T001,Valid
950,FR0008,D000983,P006,2026-06-06,36549.21,99,T001,Valid
951,FR0008,D000487,P006,2026-06-23,36549.21,99,T001,Valid
952,FR0008,D000363,P006,2026-06-22,36549.21,99,T001,Valid
953,FR0008,D000224,P006,2026-07-06,26097.5,71,T001,Valid
954,FR0008,D000749,P006,2026-07-18,26097.5,71,T001,Valid
955,FR0008,D000451,P006,2026-07-02,26097.5,71,T001,Valid
956,FR0008,D000565,P006,2026-07-11,26097.5,71,T001,Valid
957,FR0008,D000582,P025,2026-01-25,29379.15,12,T001,Valid
958,FR0008,D000921,P025,2026-01-15,29379.15,12,T001,Valid
959,FR0008,D000542,P025,2026-02-19,10717.41,4,T001,Valid
960,FR0008,D000487,P025,2026-02-15,10717.41,4,T001,Valid
961,FR0008,D000877,P025,2026-02-23,10717.41,4,T001,Valid
962,FR0008,D000983,P025,2026-02-24,10717.41,4,T001,Valid
963,FR0008,D000318,P025,2026-02-02,10717.41,4,T001,Valid
964,FR0008,D000582,P025,2026-02-22,10717.41,4,T001,Valid
965,FR0008,D000749,P025,2026-03-11,17431.01,7,T001,Valid
966,FR0008,D000545,P025,2026-03-20,17431.01,7,T001,Valid
967,FR0008,D000109,P025,2026-03-07,17431.01,7,T001,Valid
968,FR0008,D000003,P025,2026-04-15,20634.92,9,T001,Valid
969,FR0008,D000109,P025,2026-04-22,20634.92,9,T001,Valid
970,FR0008,D000983,P025,2026-04-17,20634.92,9,T001,Valid
971,FR0008,D000565,P025,2026-05-05,28007.66,12,T001,Valid
972,FR0008,D000582,P025,2026-05-14,28007.66,12,T001,Valid
973,FR0008,D000749,P025,2026-06-24,13033.22,5,T001,Valid
974,FR0008,D001000,P025,2026-06-24,13033.22,5,T001,Valid
975,FR0008,D000109,P025,2026-06-26,13033.22,5,T001,Valid
976,FR0008,D000395,P025,2026-06-10,13033.22,5,T001,Valid
977,FR0008,D000224,P025,2026-07-16,12861.42,5,T001,Valid
978,FR0008,D000109,P025,2026-07-11,12861.42,5,T001,Valid
979,FR0008,D000318,P025,2026-07-19,12861.42,5,T001,Valid
980,FR0008,D000395,P025,2026-07-13,12861.42,5,T001,Valid
981,FR0008,D000489,P025,2026-07-01,12861.42,5,T001,Valid
982,FR0008,D000380,P011,2026-01-10,38950.37,18,T001,Valid
983,FR0008,D000363,P011,2026-01-16,38950.37,18,T001,Valid
984,FR0008,D000576,P011,2026-01-27,38950.37,18,T001,Valid
985,FR0008,D000422,P011,2026-02-10,24002.02,11,T001,Valid
986,FR0008,D000003,P011,2026-02-27,24002.02,11,T001,Valid
987,FR0008,D000001,P011,2026-02-16,24002.02,11,T001,Valid
988,FR0008,D000318,P011,2026-02-21,24002.02,11,T001,Valid
989,FR0008,D000451,P011,2026-02-10,24002.02,11,T001,Valid
990,FR0008,D000204,P011,2026-03-16,64131.71,29,T001,Valid
991,FR0008,D000486,P011,2026-03-20,64131.71,29,T001,Valid
992,FR0008,D000877,P011,2026-04-24,29330.62,13,T001,Valid
993,FR0008,D000204,P011,2026-04-01,29330.62,13,T001,Valid
994,FR0008,D000565,P011,2026-04-06,29330.62,13,T001,Valid
995,FR0008,D000941,P011,2026-04-02,29330.62,13,T001,Valid
996,FR0008,D000094,P011,2026-05-14,42510.87,19,T001,Valid
997,FR0008,D000486,P011,2026-05-12,42510.87,19,T001,Valid
998,FR0008,D000565,P011,2026-05-10,42510.87,19,T001,Valid
999,FR0008,D000143,P011,2026-06-11,43007.05,20,T001,Valid
1000,FR0008,D000346,P011,2026-06-27,43007.05,20,T001,Valid
1001,FR0008,D000983,P011,2026-06-26,43007.05,20,T001,Valid
1002,FR0008,D000545,P011,2026-07-25,20484.0,9,T001,Valid
1003,FR0008,D000318,P011,2026-07-14,20484.0,9,T001,Valid
1004,FR0008,D000001,P011,2026-07-06,20484.0,9,T001,Valid
1005,FR0008,D000224,P011,2026-07-07,20484.0,9,T001,Valid
1006,FR0008,D000487,P011,2026-07-17,20484.0,9,T001,Valid
1007,FR0008,D000363,P011,2026-07-27,20484.0,9,T001,Valid
1008,FR0008,D000204,P008,2026-01-05,25041.19,10,T001,Valid
1009,FR0008,D000642,P008,2026-01-16,25041.19,10,T001,Valid
1010,FR0008,D000808,P008,2026-01-10,25041.19,10,T001,Valid
1011,FR0008,D000103,P008,2026-01-12,25041.19,10,T001,Valid
1012,FR0008,D001000,P008,2026-01-27,25041.19,10,T001,Valid
1013,FR0008,D000983,P008,2026-01-20,25041.19,10,T001,Valid
1014,FR0008,D000204,P008,2026-02-05,66030.67,28,T001,Valid
1015,FR0008,D000422,P008,2026-02-05,66030.67,28,T001,Valid
1016,FR0008,D000709,P008,2026-03-03,62802.82,26,T001,Valid
1017,FR0008,D000204,P008,2026-03-25,62802.82,26,T001,Valid
1018,FR0008,D000094,P008,2026-04-10,20523.02,9,T001,Valid
1019,FR0008,D000877,P008,2026-04-01,20523.02,9,T001,Valid
1020,FR0008,D000204,P008,2026-04-04,20523.02,9,T001,Valid
1021,FR0008,D000451,P008,2026-04-04,20523.02,9,T001,Valid
1022,FR0008,D000077,P008,2026-04-07,20523.02,9,T001,Valid
1023,FR0008,D000921,P008,2026-04-07,20523.02,9,T001,Valid
1024,FR0008,D000545,P008,2026-05-17,30685.8,13,T001,Valid
1025,FR0008,D000346,P008,2026-05-03,30685.8,13,T001,Valid
1026,FR0008,D000941,P008,2026-05-27,30685.8,13,T001,Valid
1027,FR0008,D000445,P008,2026-05-25,30685.8,13,T001,Valid
1028,FR0008,D000983,P008,2026-06-07,47732.05,20,T001,Valid
1029,FR0008,D000001,P008,2026-06-23,47732.05,20,T001,Valid
1030,FR0008,D000143,P008,2026-06-12,47732.05,20,T001,Valid
1031,FR0008,D000545,P008,2026-07-07,44989.84,19,T001,Valid
1032,FR0008,D000576,P008,2026-07-08,44989.84,19,T001,Valid
1033,FR0008,D000709,P008,2026-07-04,44989.84,19,T001,Valid
1034,FR0008,D001000,P010,2026-01-16,36766.77,28,T001,Valid
1035,FR0008,D000077,P010,2026-01-13,36766.77,28,T001,Valid
1036,FR0008,D000109,P010,2026-01-15,36766.77,28,T001,Valid
1037,FR0008,D000539,P010,2026-01-24,36766.77,28,T001,Valid
1038,FR0008,D000487,P010,2026-02-22,34320.58,26,T001,Valid
1039,FR0008,D000709,P010,2026-02-06,34320.58,26,T001,Valid
1040,FR0008,D000380,P010,2026-02-22,34320.58,26,T001,Valid
1041,FR0008,D000103,P010,2026-02-22,34320.58,26,T001,Valid
1042,FR0008,D000877,P010,2026-02-13,34320.58,26,T001,Valid
1043,FR0008,D000582,P010,2026-03-07,33175.36,25,T001,Valid
1044,FR0008,D000143,P010,2026-03-07,33175.36,25,T001,Valid
1045,FR0008,D000346,P010,2026-03-13,33175.36,25,T001,Valid
1046,FR0008,D000103,P010,2026-03-08,33175.36,25,T001,Valid
1047,FR0008,D000565,P010,2026-03-14,33175.36,25,T001,Valid
1048,FR0008,D000486,P010,2026-04-17,28158.17,21,T001,Valid
1049,FR0008,D000582,P010,2026-04-05,28158.17,21,T001,Valid
1050,FR0008,D000545,P010,2026-04-15,28158.17,21,T001,Valid
1051,FR0008,D000877,P010,2026-04-04,28158.17,21,T001,Valid
1052,FR0008,D000983,P010,2026-04-16,28158.17,21,T001,Valid
1053,FR0008,D000445,P010,2026-04-08,28158.17,21,T001,Valid
1054,FR0008,D000921,P010,2026-05-06,71686.19,54,T001,Valid
1055,FR0008,D000003,P010,2026-05-20,71686.19,54,T001,Valid
1056,FR0008,D000949,P010,2026-06-26,76436.04,58,T001,Valid
1057,FR0008,D000921,P010,2026-06-07,76436.04,58,T001,Valid
1058,FR0008,D000983,P010,2026-07-04,39848.96,30,T001,Valid
1059,FR0008,D000003,P010,2026-07-15,39848.96,30,T001,Valid
1060,FR0008,D000077,P010,2026-07-13,39848.96,30,T001,Valid
1061,FR0008,D000709,P010,2026-07-15,39848.96,30,T001,Valid
1062,FR0009,D000797,P006,2026-01-22,28881.44,79,T006,Valid
1063,FR0009,D000029,P006,2026-01-22,28881.44,79,T006,Valid
1064,FR0009,D000402,P006,2026-01-19,28881.44,79,T006,Valid
1065,FR0009,D000438,P006,2026-01-16,28881.44,79,T006,Valid
1066,FR0009,D000277,P006,2026-01-06,28881.44,79,T006,Valid
1067,FR0009,D000438,P006,2026-02-05,137219.33,373,T006,Valid
1068,FR0009,D000772,P006,2026-03-12,38607.71,105,T006,Valid
1069,FR0009,D000029,P006,2026-03-12,38607.71,105,T006,Valid
1070,FR0009,D000277,P006,2026-03-22,38607.71,105,T006,Valid
1071,FR0009,D000193,P006,2026-03-08,38607.71,105,T006,Valid
1072,FR0009,D000402,P006,2026-04-11,73795.86,201,T006,Valid
1073,FR0009,D000029,P006,2026-04-01,73795.86,201,T006,Valid
1074,FR0009,D000806,P006,2026-05-11,23907.31,65,T006,Valid
1075,FR0009,D000772,P006,2026-05-19,23907.31,65,T006,Valid
1076,FR0009,D000193,P006,2026-05-11,23907.31,65,T006,Valid
1077,FR0009,D000023,P006,2026-05-04,23907.31,65,T006,Valid
1078,FR0009,D000277,P006,2026-05-16,23907.31,65,T006,Valid
1079,FR0009,D000438,P006,2026-05-23,23907.31,65,T006,Valid
1080,FR0009,D000193,P006,2026-06-07,36143.18,98,T006,Valid
1081,FR0009,D000402,P006,2026-06-21,36143.18,98,T006,Valid
1082,FR0009,D000806,P006,2026-06-03,36143.18,98,T006,Valid
1083,FR0009,D000277,P006,2026-06-18,36143.18,98,T006,Valid
1084,FR0009,D000277,P006,2026-07-19,26083.37,71,T006,Valid
1085,FR0009,D000029,P006,2026-07-09,26083.37,71,T006,Valid
1086,FR0009,D000438,P006,2026-07-19,26083.37,71,T006,Valid
1087,FR0009,D000402,P006,2026-07-17,26083.37,71,T006,Valid
1088,FR0009,D000023,P006,2026-07-14,26083.37,71,T006,Valid
1089,FR0009,D000438,P018,2026-01-22,13763.02,20,T006,Valid
1090,FR0009,D000277,P018,2026-01-18,13763.02,20,T006,Valid
1091,FR0009,D000797,P018,2026-01-01,13763.02,20,T006,Valid
1092,FR0009,D000772,P018,2026-01-23,13763.02,20,T006,Valid
1093,FR0009,D000193,P018,2026-01-06,13763.02,20,T006,Valid
1094,FR0009,D000806,P018,2026-01-16,13763.02,20,T006,Valid
1095,FR0009,D000806,P018,2026-02-21,22078.78,33,T006,Valid
1096,FR0009,D000772,P018,2026-02-17,22078.78,33,T006,Valid
1097,FR0009,D000402,P018,2026-02-12,22078.78,33,T006,Valid
1098,FR0009,D000438,P018,2026-02-05,22078.78,33,T006,Valid
1099,FR0009,D000772,P018,2026-03-14,17164.91,25,T006,Valid
1100,FR0009,D000438,P018,2026-03-27,17164.91,25,T006,Valid
1101,FR0009,D000806,P018,2026-03-21,17164.91,25,T006,Valid
1102,FR0009,D000023,P018,2026-03-09,17164.91,25,T006,Valid
1103,FR0009,D000029,P018,2026-03-20,17164.91,25,T006,Valid
1104,FR0009,D000402,P018,2026-04-18,25183.58,37,T006,Valid
1105,FR0009,D000797,P018,2026-04-14,25183.58,37,T006,Valid
1106,FR0009,D000277,P018,2026-04-02,25183.58,37,T006,Valid
1107,FR0009,D000806,P018,2026-05-24,18990.43,28,T006,Valid
1108,FR0009,D000193,P018,2026-05-26,18990.43,28,T006,Valid
1109,FR0009,D000438,P018,2026-05-02,18990.43,28,T006,Valid
1110,FR0009,D000023,P018,2026-05-11,18990.43,28,T006,Valid
1111,FR0009,D000029,P018,2026-06-27,18663.17,28,T006,Valid
1112,FR0009,D000772,P018,2026-06-08,18663.17,28,T006,Valid
1113,FR0009,D000797,P018,2026-06-19,18663.17,28,T006,Valid
1114,FR0009,D000438,P018,2026-06-17,18663.17,28,T006,Valid
1115,FR0009,D000402,P018,2026-07-25,14734.38,22,T006,Valid
1116,FR0009,D000797,P018,2026-07-11,14734.38,22,T006,Valid
1117,FR0009,D000023,P018,2026-07-27,14734.38,22,T006,Valid
1118,FR0009,D000029,P018,2026-07-24,14734.38,22,T006,Valid
1119,FR0009,D000806,P018,2026-07-26,14734.38,22,T006,Valid
1120,FR0009,D000772,P018,2026-07-24,14734.38,22,T006,Valid
1121,FR0009,D000402,P022,2026-01-23,28841.21,71,T006,Valid
1122,FR0009,D000023,P022,2026-01-11,28841.21,71,T006,Valid
1123,FR0009,D000277,P022,2026-01-14,28841.21,71,T006,Valid
1124,FR0009,D000806,P022,2026-01-22,28841.21,71,T006,Valid
1125,FR0009,D000193,P022,2026-01-09,28841.21,71,T006,Valid
1126,FR0009,D000023,P022,2026-02-22,37298.36,91,T006,Valid
1127,FR0009,D000806,P022,2026-02-02,37298.36,91,T006,Valid
1128,FR0009,D000772,P022,2026-02-26,37298.36,91,T006,Valid
1129,FR0009,D000438,P022,2026-02-08,37298.36,91,T006,Valid
1130,FR0009,D000029,P022,2026-03-13,36848.41,90,T006,Valid
1131,FR0009,D000277,P022,2026-03-13,36848.41,90,T006,Valid
1132,FR0009,D000772,P022,2026-03-10,36848.41,90,T006,Valid
1133,FR0009,D000797,P022,2026-03-27,36848.41,90,T006,Valid
1134,FR0009,D000438,P022,2026-04-03,28816.27,71,T006,Valid
1135,FR0009,D000772,P022,2026-04-25,28816.27,71,T006,Valid
1136,FR0009,D000797,P022,2026-04-16,28816.27,71,T006,Valid
1137,FR0009,D000023,P022,2026-04-14,28816.27,71,T006,Valid
1138,FR0009,D000193,P022,2026-04-11,28816.27,71,T006,Valid
1139,FR0009,D000402,P022,2026-05-14,55934.25,137,T006,Valid
1140,FR0009,D000029,P022,2026-05-24,55934.25,137,T006,Valid
1141,FR0009,D000193,P022,2026-05-18,55934.25,137,T006,Valid
1142,FR0009,D000797,P022,2026-06-13,53440.53,131,T006,Valid
1143,FR0009,D000193,P022,2026-06-21,53440.53,131,T006,Valid
1144,FR0009,D000023,P022,2026-06-11,53440.53,131,T006,Valid
1145,FR0009,D000772,P022,2026-07-16,47440.21,116,T006,Valid
1146,FR0009,D000438,P022,2026-07-05,47440.21,116,T006,Valid
1147,FR0009,D000277,P022,2026-07-06,47440.21,116,T006,Valid
1148,FR0010,D000012,P027,2026-01-18,45573.09,18,T014,Valid
1149,FR0010,D000944,P027,2026-01-20,45573.09,18,T014,Valid
1150,FR0010,D000175,P027,2026-02-14,19336.81,8,T014,Valid
1151,FR0010,D000012,P027,2026-02-09,19336.81,8,T014,Valid
1152,FR0010,D000255,P027,2026-02-03,19336.81,8,T014,Valid
1153,FR0010,D000557,P027,2026-02-06,19336.81,8,T014,Valid
1154,FR0010,D000964,P027,2026-03-07,17799.57,7,T014,Valid
1155,FR0010,D000036,P027,2026-03-26,17799.57,7,T014,Valid
1156,FR0010,D000115,P027,2026-03-10,17799.57,7,T014,Valid
1157,FR0010,D000626,P027,2026-03-16,17799.57,7,T014,Valid
1158,FR0010,D000887,P027,2026-03-05,17799.57,7,T014,Valid
1159,FR0010,D000255,P027,2026-04-26,21701.27,9,T014,Valid
1160,FR0010,D000964,P027,2026-04-01,21701.27,9,T014,Valid
1161,FR0010,D000085,P027,2026-04-09,21701.27,9,T014,Valid
1162,FR0010,D000944,P027,2026-04-20,21701.27,9,T014,Valid
1163,FR0010,D000085,P027,2026-05-23,16508.15,7,T014,Valid
1164,FR0010,D000012,P027,2026-05-22,16508.15,7,T014,Valid
1165,FR0010,D000304,P027,2026-05-23,16508.15,7,T014,Valid
1166,FR0010,D000964,P027,2026-05-23,16508.15,7,T014,Valid
1167,FR0010,D000175,P027,2026-05-24,16508.15,7,T014,Valid
1168,FR0010,D000304,P027,2026-06-22,19365.97,8,T014,Valid
1169,FR0010,D000964,P027,2026-06-20,19365.97,8,T014,Valid
1170,FR0010,D000175,P027,2026-06-24,19365.97,8,T014,Valid
1171,FR0010,D000557,P027,2026-06-02,19365.97,8,T014,Valid
1172,FR0010,D000626,P027,2026-07-06,17433.46,7,T014,Valid
1173,FR0010,D000085,P027,2026-07-06,17433.46,7,T014,Valid
1174,FR0010,D000381,P027,2026-07-16,17433.46,7,T014,Valid
1175,FR0010,D000012,P027,2026-07-15,17433.46,7,T014,Valid
1176,FR0010,D000557,P027,2026-07-03,17433.46,7,T014,Valid
1177,FR0010,D000381,P011,2026-01-09,24267.68,11,T014,Valid
1178,FR0010,D000626,P011,2026-01-27,24267.68,11,T014,Valid
1179,FR0010,D000175,P011,2026-01-09,24267.68,11,T014,Valid
1180,FR0010,D000255,P011,2026-01-11,24267.68,11,T014,Valid
1181,FR0010,D000173,P011,2026-01-06,24267.68,11,T014,Valid
1182,FR0010,D000944,P011,2026-02-06,21040.43,10,T014,Valid
1183,FR0010,D000012,P011,2026-02-16,21040.43,10,T014,Valid
1184,FR0010,D000115,P011,2026-02-06,21040.43,10,T014,Valid
1185,FR0010,D000085,P011,2026-02-15,21040.43,10,T014,Valid
1186,FR0010,D000964,P011,2026-02-04,21040.43,10,T014,Valid
1187,FR0010,D000887,P011,2026-02-02,21040.43,10,T014,Valid
1188,FR0010,D000115,P011,2026-03-12,26448.38,12,T014,Valid
1189,FR0010,D000887,P011,2026-03-07,26448.38,12,T014,Valid
1190,FR0010,D000626,P011,2026-03-06,26448.38,12,T014,Valid
1191,FR0010,D000085,P011,2026-03-06,26448.38,12,T014,Valid
1192,FR0010,D000036,P011,2026-03-17,26448.38,12,T014,Valid
1193,FR0010,D000012,P011,2026-04-03,22875.4,10,T014,Valid
1194,FR0010,D000381,P011,2026-04-25,22875.4,10,T014,Valid
1195,FR0010,D000885,P011,2026-04-22,22875.4,10,T014,Valid
1196,FR0010,D000557,P011,2026-04-11,22875.4,10,T014,Valid
1197,FR0010,D000085,P011,2026-04-10,22875.4,10,T014,Valid
1198,FR0010,D000255,P011,2026-04-22,22875.4,10,T014,Valid
1199,FR0010,D000173,P011,2026-05-27,32242.97,15,T014,Valid
1200,FR0010,D000012,P011,2026-05-22,32242.97,15,T014,Valid
1201,FR0010,D000036,P011,2026-05-15,32242.97,15,T014,Valid
1202,FR0010,D000304,P011,2026-05-09,32242.97,15,T014,Valid
1203,FR0010,D000944,P011,2026-06-07,20297.26,9,T014,Valid
1204,FR0010,D000175,P011,2026-06-26,20297.26,9,T014,Valid
1205,FR0010,D000626,P011,2026-06-10,20297.26,9,T014,Valid
1206,FR0010,D000887,P011,2026-06-26,20297.26,9,T014,Valid
1207,FR0010,D000557,P011,2026-06-24,20297.26,9,T014,Valid
1208,FR0010,D000085,P011,2026-06-18,20297.26,9,T014,Valid
1209,FR0010,D000085,P011,2026-07-13,24739.29,11,T014,Valid
1210,FR0010,D000012,P011,2026-07-13,24739.29,11,T014,Valid
1211,FR0010,D000887,P011,2026-07-21,24739.29,11,T014,Valid
1212,FR0010,D000115,P011,2026-07-21,24739.29,11,T014,Valid
1213,FR0010,D000964,P011,2026-07-04,24739.29,11,T014,Valid
1214,FR0010,D000626,P026,2026-01-27,31919.52,18,T014,Valid
1215,FR0010,D000580,P026,2026-01-17,31919.52,18,T014,Valid
1216,FR0010,D000036,P026,2026-01-16,31919.52,18,T014,Valid
1217,FR0010,D000085,P026,2026-02-20,19875.56,11,T014,Valid
1218,FR0010,D000885,P026,2026-02-14,19875.56,11,T014,Valid
1219,FR0010,D000255,P026,2026-02-14,19875.56,11,T014,Valid
1220,FR0010,D000944,P026,2026-02-02,19875.56,11,T014,Valid
1221,FR0010,D000175,P026,2026-02-11,19875.56,11,T014,Valid
1222,FR0010,D000085,P026,2026-03-26,20620.44,11,T014,Valid
1223,FR0010,D000173,P026,2026-03-10,20620.44,11,T014,Valid
1224,FR0010,D000304,P026,2026-03-05,20620.44,11,T014,Valid
1225,FR0010,D000255,P026,2026-03-10,20620.44,11,T014,Valid
1226,FR0010,D000036,P026,2026-03-08,20620.44,11,T014,Valid
1227,FR0010,D000115,P026,2026-04-14,50690.82,28,T014,Valid
1228,FR0010,D000381,P026,2026-04-04,50690.82,28,T014,Valid
1229,FR0010,D000085,P026,2026-05-04,25345.1,14,T014,Valid
1230,FR0010,D000885,P026,2026-05-22,25345.1,14,T014,Valid
1231,FR0010,D000381,P026,2026-05-06,25345.1,14,T014,Valid
1232,FR0010,D000012,P026,2026-05-06,25345.1,14,T014,Valid
1233,FR0010,D000580,P026,2026-06-25,22705.88,13,T014,Valid
1234,FR0010,D000557,P026,2026-06-15,22705.88,13,T014,Valid
1235,FR0010,D000626,P026,2026-06-26,22705.88,13,T014,Valid
1236,FR0010,D000304,P026,2026-06-11,22705.88,13,T014,Valid
1237,FR0010,D000381,P026,2026-07-01,15506.41,9,T014,Valid
1238,FR0010,D000887,P026,2026-07-13,15506.41,9,T014,Valid
1239,FR0010,D000580,P026,2026-07-01,15506.41,9,T014,Valid
1240,FR0010,D000036,P026,2026-07-21,15506.41,9,T014,Valid
1241,FR0010,D000255,P026,2026-07-15,15506.41,9,T014,Valid
1242,FR0010,D000964,P026,2026-07-13,15506.41,9,T014,Valid
1243,FR0010,D000885,P010,2026-01-05,40379.91,31,T014,Valid
1244,FR0010,D000964,P010,2026-01-01,40379.91,31,T014,Valid
1245,FR0010,D000173,P010,2026-01-04,40379.91,31,T014,Valid
1246,FR0010,D000036,P010,2026-01-01,40379.91,31,T014,Valid
1247,FR0010,D000304,P010,2026-02-21,56589.51,43,T014,Valid
1248,FR0010,D000255,P010,2026-02-18,56589.51,43,T014,Valid
1249,FR0010,D000887,P010,2026-02-03,56589.51,43,T014,Valid
1250,FR0010,D000175,P010,2026-03-05,72694.24,55,T014,Valid
1251,FR0010,D000944,P010,2026-03-23,72694.24,55,T014,Valid
1252,FR0010,D000304,P010,2026-04-11,26079.6,20,T014,Valid
1253,FR0010,D000115,P010,2026-04-04,26079.6,20,T014,Valid
1254,FR0010,D000173,P010,2026-04-23,26079.6,20,T014,Valid
1255,FR0010,D000557,P010,2026-04-14,26079.6,20,T014,Valid
1256,FR0010,D000255,P010,2026-04-24,26079.6,20,T014,Valid
1257,FR0010,D000012,P010,2026-04-20,26079.6,20,T014,Valid
1258,FR0010,D000964,P010,2026-05-01,30055.91,23,T014,Valid
1259,FR0010,D000115,P010,2026-05-19,30055.91,23,T014,Valid
1260,FR0010,D000626,P010,2026-05-18,30055.91,23,T014,Valid
1261,FR0010,D000012,P010,2026-05-09,30055.91,23,T014,Valid
1262,FR0010,D000381,P010,2026-05-14,30055.91,23,T014,Valid
1263,FR0010,D000887,P010,2026-06-07,32332.72,25,T014,Valid
1264,FR0010,D000012,P010,2026-06-12,32332.72,25,T014,Valid
1265,FR0010,D000085,P010,2026-06-08,32332.72,25,T014,Valid
1266,FR0010,D000173,P010,2026-06-08,32332.72,25,T014,Valid
1267,FR0010,D000626,P010,2026-06-22,32332.72,25,T014,Valid
1268,FR0010,D000173,P010,2026-07-13,33915.58,26,T014,Valid
1269,FR0010,D000944,P010,2026-07-27,33915.58,26,T014,Valid
1270,FR0010,D000964,P010,2026-07-21,33915.58,26,T014,Valid
1271,FR0010,D000626,P010,2026-07-12,33915.58,26,T014,Valid
1272,FR0010,D000885,P010,2026-07-16,33915.58,26,T014,Valid
1273,FR0010,D000173,P007,2026-01-16,32928.88,69,T014,Valid
1274,FR0010,D000085,P007,2026-01-26,32928.88,69,T014,Valid
1275,FR0010,D000115,P007,2026-01-16,32928.88,69,T014,Valid
1276,FR0010,D000944,P007,2026-01-08,32928.88,69,T014,Valid
1277,FR0010,D000557,P007,2026-01-18,32928.88,69,T014,Valid
1278,FR0010,D000175,P007,2026-02-17,51071.92,106,T014,Valid
1279,FR0010,D000887,P007,2026-02-26,51071.92,106,T014,Valid
1280,FR0010,D000944,P007,2026-02-11,51071.92,106,T014,Valid
1281,FR0010,D000381,P007,2026-03-25,29733.46,62,T014,Valid
1282,FR0010,D000175,P007,2026-03-09,29733.46,62,T014,Valid
1283,FR0010,D000885,P007,2026-03-23,29733.46,62,T014,Valid
1284,FR0010,D000944,P007,2026-03-20,29733.46,62,T014,Valid
1285,FR0010,D000012,P007,2026-03-04,29733.46,62,T014,Valid
1286,FR0010,D000115,P007,2026-04-06,61437.53,128,T014,Valid
1287,FR0010,D000887,P007,2026-04-04,61437.53,128,T014,Valid
1288,FR0010,D000381,P007,2026-04-12,61437.53,128,T014,Valid
1289,FR0010,D000012,P007,2026-04-24,61437.53,128,T014,Valid
1290,FR0010,D000944,P007,2026-04-23,61437.53,128,T014,Valid
1291,FR0010,D000036,P007,2026-04-25,61437.53,128,T014,Valid
1292,FR0010,D000580,P007,2026-05-07,42708.81,89,T014,Valid
1293,FR0010,D000887,P007,2026-05-14,42708.81,89,T014,Valid
1294,FR0010,D000085,P007,2026-05-25,42708.81,89,T014,Valid
1295,FR0010,D000036,P007,2026-05-08,42708.81,89,T014,Valid
1296,FR0010,D000381,P007,2026-06-23,76307.16,159,T014,Valid
1297,FR0010,D000175,P007,2026-06-14,76307.16,159,T014,Valid
1298,FR0010,D000887,P007,2026-07-14,24885.55,52,T014,Valid
1299,FR0010,D000885,P007,2026-07-17,24885.55,52,T014,Valid
1300,FR0010,D000115,P007,2026-07-22,24885.55,52,T014,Valid
1301,FR0010,D000085,P007,2026-07-01,24885.55,52,T014,Valid
1302,FR0010,D000255,P007,2026-07-05,24885.55,52,T014,Valid
1303,FR0010,D000626,P007,2026-07-01,24885.55,52,T014,Valid
1304,FR0010,D000887,P003,2026-01-25,44181.84,25,T014,Valid
1305,FR0010,D000012,P003,2026-01-22,44181.84,25,T014,Valid
1306,FR0010,D000255,P003,2026-01-05,44181.84,25,T014,Valid
1307,FR0010,D000944,P003,2026-02-17,142076.52,82,T014,Valid
1308,FR0010,D000944,P003,2026-03-26,48047.66,28,T014,Valid
1309,FR0010,D000626,P003,2026-03-21,48047.66,28,T014,Valid
1310,FR0010,D000175,P003,2026-03-25,48047.66,28,T014,Valid
1311,FR0010,D000173,P003,2026-04-03,25122.05,14,T014,Valid
1312,FR0010,D000381,P003,2026-04-18,25122.05,14,T014,Valid
1313,FR0010,D000944,P003,2026-04-17,25122.05,14,T014,Valid
1314,FR0010,D000964,P003,2026-04-25,25122.05,14,T014,Valid
1315,FR0010,D000115,P003,2026-04-06,25122.05,14,T014,Valid
1316,FR0010,D000173,P003,2026-05-12,147040.27,85,T014,Valid
1317,FR0010,D000304,P003,2026-06-10,88568.19,51,T014,Valid
1318,FR0010,D000175,P003,2026-06-26,88568.19,51,T014,Valid
1319,FR0010,D000173,P003,2026-06-23,88568.19,51,T014,Valid
1320,FR0010,D000115,P003,2026-07-19,48188.62,28,T014,Valid
1321,FR0010,D000175,P003,2026-07-27,48188.62,28,T014,Valid
1322,FR0010,D000381,P003,2026-07-12,48188.62,28,T014,Valid
1323,FR0010,D000964,P014,2026-01-03,15838.6,11,T014,Valid
1324,FR0010,D000115,P014,2026-01-22,15838.6,11,T014,Valid
1325,FR0010,D000304,P014,2026-01-13,15838.6,11,T014,Valid
1326,FR0010,D000964,P014,2026-02-24,9241.84,7,T014,Valid
1327,FR0010,D000580,P014,2026-02-27,9241.84,7,T014,Valid
1328,FR0010,D000255,P014,2026-02-05,9241.84,7,T014,Valid
1329,FR0010,D000304,P014,2026-02-05,9241.84,7,T014,Valid
1330,FR0010,D000626,P014,2026-02-23,9241.84,7,T014,Valid
1331,FR0010,D000885,P014,2026-02-05,9241.84,7,T014,Valid
1332,FR0010,D000964,P014,2026-03-12,10521.59,8,T014,Valid
1333,FR0010,D000012,P014,2026-03-20,10521.59,8,T014,Valid
1334,FR0010,D000626,P014,2026-03-04,10521.59,8,T014,Valid
1335,FR0010,D000085,P014,2026-03-12,10521.59,8,T014,Valid
1336,FR0010,D000381,P014,2026-03-10,10521.59,8,T014,Valid
1337,FR0010,D000557,P014,2026-04-26,11980.85,9,T014,Valid
1338,FR0010,D000173,P014,2026-04-05,11980.85,9,T014,Valid
1339,FR0010,D000304,P014,2026-04-19,11980.85,9,T014,Valid
1340,FR0010,D000012,P014,2026-04-02,11980.85,9,T014,Valid
1341,FR0010,D000012,P014,2026-05-02,9807.5,7,T014,Valid
1342,FR0010,D000036,P014,2026-05-16,9807.5,7,T014,Valid
1343,FR0010,D000381,P014,2026-05-10,9807.5,7,T014,Valid
1344,FR0010,D000175,P014,2026-05-15,9807.5,7,T014,Valid
1345,FR0010,D000944,P014,2026-05-26,9807.5,7,T014,Valid
1346,FR0010,D000944,P014,2026-06-22,18260.54,13,T014,Valid
1347,FR0010,D000885,P014,2026-06-05,18260.54,13,T014,Valid
1348,FR0010,D000304,P014,2026-06-11,18260.54,13,T014,Valid
1349,FR0010,D000885,P014,2026-07-02,18049.76,13,T014,Valid
1350,FR0010,D000175,P014,2026-07-15,18049.76,13,T014,Valid
1351,FR0010,D000381,P014,2026-07-09,18049.76,13,T014,Valid
1352,FR0011,D000168,P028,2026-01-07,6933.16,6,T011,Valid
1353,FR0011,D000328,P028,2026-01-16,6933.16,6,T011,Valid
1354,FR0011,D000731,P028,2026-01-01,6933.16,6,T011,Valid
1355,FR0011,D000095,P028,2026-01-22,6933.16,6,T011,Valid
1356,FR0011,D000334,P028,2026-01-06,6933.16,6,T011,Valid
1357,FR0011,D000440,P028,2026-01-09,6933.16,6,T011,Valid
1358,FR0011,D000628,P028,2026-02-02,7753.9,7,T011,Valid
1359,FR0011,D000168,P028,2026-02-01,7753.9,7,T011,Valid
1360,FR0011,D000731,P028,2026-02-14,7753.9,7,T011,Valid
1361,FR0011,D000396,P028,2026-02-14,7753.9,7,T011,Valid
1362,FR0011,D000328,P028,2026-02-17,7753.9,7,T011,Valid
1363,FR0011,D000334,P028,2026-02-13,7753.9,7,T011,Valid
1364,FR0011,D000233,P028,2026-03-05,11985.64,10,T011,Valid
1365,FR0011,D000952,P028,2026-03-14,11985.64,10,T011,Valid
1366,FR0011,D000334,P028,2026-03-06,11985.64,10,T011,Valid
1367,FR0011,D000168,P028,2026-03-20,11985.64,10,T011,Valid
1368,FR0011,D000396,P028,2026-04-14,22711.49,20,T011,Valid
1369,FR0011,D000233,P028,2026-04-09,22711.49,20,T011,Valid
1370,FR0011,D000948,P028,2026-05-16,15727.82,14,T011,Valid
1371,FR0011,D000952,P028,2026-05-25,15727.82,14,T011,Valid
1372,FR0011,D000328,P028,2026-05-13,15727.82,14,T011,Valid
1373,FR0011,D000628,P028,2026-06-14,20844.33,18,T011,Valid
1374,FR0011,D000095,P028,2026-06-08,20844.33,18,T011,Valid
1375,FR0011,D000731,P028,2026-07-19,15929.44,14,T011,Valid
1376,FR0011,D000233,P028,2026-07-15,15929.44,14,T011,Valid
1377,FR0011,D000334,P028,2026-07-21,15929.44,14,T011,Valid
1378,FR0011,D000440,P006,2026-01-27,11989.4,33,T011,Valid
1379,FR0011,D000731,P006,2026-01-10,11989.4,33,T011,Valid
1380,FR0011,D000628,P006,2026-01-06,11989.4,33,T011,Valid
1381,FR0011,D000095,P006,2026-01-02,11989.4,33,T011,Valid
1382,FR0011,D000948,P006,2026-01-09,11989.4,33,T011,Valid
1383,FR0011,D000328,P006,2026-01-09,11989.4,33,T011,Valid
1384,FR0011,D000948,P006,2026-02-02,24044.62,65,T011,Valid
1385,FR0011,D000731,P006,2026-02-24,24044.62,65,T011,Valid
1386,FR0011,D000334,P006,2026-02-19,24044.62,65,T011,Valid
1387,FR0011,D000731,P006,2026-03-07,21191.77,58,T011,Valid
1388,FR0011,D000334,P006,2026-03-17,21191.77,58,T011,Valid
1389,FR0011,D000440,P006,2026-03-11,21191.77,58,T011,Valid
1390,FR0011,D000334,P006,2026-04-15,13394.9,36,T011,Valid
1391,FR0011,D000328,P006,2026-04-11,13394.9,36,T011,Valid
1392,FR0011,D000396,P006,2026-04-23,13394.9,36,T011,Valid
1393,FR0011,D000731,P006,2026-04-21,13394.9,36,T011,Valid
1394,FR0011,D000168,P006,2026-04-20,13394.9,36,T011,Valid
1395,FR0011,D000952,P006,2026-05-27,58109.09,158,T011,Valid
1396,FR0011,D000948,P006,2026-06-25,11944.46,32,T011,Valid
1397,FR0011,D000396,P006,2026-06-23,11944.46,32,T011,Valid
1398,FR0011,D000440,P006,2026-06-04,11944.46,32,T011,Valid
1399,FR0011,D000233,P006,2026-06-12,11944.46,32,T011,Valid
1400,FR0011,D000731,P006,2026-06-15,11944.46,32,T011,Valid
1401,FR0011,D000328,P006,2026-07-08,14563.42,40,T011,Valid
1402,FR0011,D000168,P006,2026-07-12,14563.42,40,T011,Valid
1403,FR0011,D000334,P006,2026-07-09,14563.42,40,T011,Valid
1404,FR0011,D000952,P006,2026-07-23,14563.42,40,T011,Valid
1405,FR0011,D000948,P023,2026-01-18,29320.89,12,T011,Valid
1406,FR0011,D000731,P023,2026-01-22,29320.89,12,T011,Valid
1407,FR0011,D000628,P023,2026-01-19,29320.89,12,T011,Valid
1408,FR0011,D000233,P023,2026-01-22,29320.89,12,T011,Valid
1409,FR0011,D000233,P023,2026-02-19,51535.9,22,T011,Valid
1410,FR0011,D000334,P023,2026-02-17,51535.9,22,T011,Valid
1411,FR0011,D000948,P023,2026-03-21,17701.44,7,T011,Valid
1412,FR0011,D000334,P023,2026-03-21,17701.44,7,T011,Valid
1413,FR0011,D000731,P023,2026-03-11,17701.44,7,T011,Valid
1414,FR0011,D000628,P023,2026-03-14,17701.44,7,T011,Valid
1415,FR0011,D000095,P023,2026-03-04,17701.44,7,T011,Valid
1416,FR0011,D000328,P023,2026-03-17,17701.44,7,T011,Valid
1417,FR0011,D000095,P023,2026-04-18,38092.81,16,T011,Valid
1418,FR0011,D000334,P023,2026-04-11,38092.81,16,T011,Valid
1419,FR0011,D000440,P023,2026-04-13,38092.81,16,T011,Valid
1420,FR0011,D000440,P023,2026-05-07,41092.19,17,T011,Valid
1421,FR0011,D000168,P023,2026-05-11,41092.19,17,T011,Valid
1422,FR0011,D000328,P023,2026-05-03,41092.19,17,T011,Valid
1423,FR0011,D000948,P023,2026-06-27,51071.07,22,T011,Valid
1424,FR0011,D000396,P023,2026-06-08,51071.07,22,T011,Valid
1425,FR0011,D000731,P023,2026-07-25,31307.09,13,T011,Valid
1426,FR0011,D000328,P023,2026-07-21,31307.09,13,T011,Valid
1427,FR0011,D000168,P023,2026-07-19,31307.09,13,T011,Valid
1428,FR0011,D000628,P023,2026-07-03,31307.09,13,T011,Valid
1429,FR0012,D000724,P013,2026-01-18,39051.98,84,T009,Valid
1430,FR0012,D000110,P013,2026-01-10,39051.98,84,T009,Valid
1431,FR0012,D000878,P013,2026-01-13,39051.98,84,T009,Valid
1432,FR0012,D000597,P013,2026-01-20,39051.98,84,T009,Valid
1433,FR0012,D000110,P013,2026-02-20,25751.27,55,T009,Valid
1434,FR0012,D000507,P013,2026-02-11,25751.27,55,T009,Valid
1435,FR0012,D000724,P013,2026-02-22,25751.27,55,T009,Valid
1436,FR0012,D000597,P013,2026-02-01,25751.27,55,T009,Valid
1437,FR0012,D000540,P013,2026-02-17,25751.27,55,T009,Valid
1438,FR0012,D000408,P013,2026-02-19,25751.27,55,T009,Valid
1439,FR0012,D000507,P013,2026-03-14,21322.32,46,T009,Valid
1440,FR0012,D000540,P013,2026-03-24,21322.32,46,T009,Valid
1441,FR0012,D000270,P013,2026-03-15,21322.32,46,T009,Valid
1442,FR0012,D000724,P013,2026-03-08,21322.32,46,T009,Valid
1443,FR0012,D000408,P013,2026-03-26,21322.32,46,T009,Valid
1444,FR0012,D000597,P013,2026-03-02,21322.32,46,T009,Valid
1445,FR0012,D000540,P013,2026-04-05,35285.02,76,T009,Valid
1446,FR0012,D000878,P013,2026-04-10,35285.02,76,T009,Valid
1447,FR0012,D000724,P013,2026-04-11,35285.02,76,T009,Valid
1448,FR0012,D000270,P013,2026-04-12,35285.02,76,T009,Valid
1449,FR0012,D000110,P013,2026-05-07,49352.17,106,T009,Valid
1450,FR0012,D000507,P013,2026-05-21,49352.17,106,T009,Valid
1451,FR0012,D000408,P013,2026-05-26,49352.17,106,T009,Valid
1452,FR0012,D000597,P013,2026-06-20,29674.8,64,T009,Valid
1453,FR0012,D000724,P013,2026-06-14,29674.8,64,T009,Valid
1454,FR0012,D000540,P013,2026-06-06,29674.8,64,T009,Valid
1455,FR0012,D000878,P013,2026-06-15,29674.8,64,T009,Valid
1456,FR0012,D000408,P013,2026-06-02,29674.8,64,T009,Valid
1457,FR0012,D000878,P013,2026-07-08,42555.34,91,T009,Valid
1458,FR0012,D000540,P013,2026-07-24,42555.34,91,T009,Valid
1459,FR0012,D000270,P013,2026-07-27,42555.34,91,T009,Valid
1460,FR0012,D000270,P011,2026-01-01,74030.16,34,T009,Valid
1461,FR0012,D000408,P011,2026-01-04,74030.16,34,T009,Valid
1462,FR0012,D000110,P011,2026-02-10,32259.79,15,T009,Valid
1463,FR0012,D000878,P011,2026-02-08,32259.79,15,T009,Valid
1464,FR0012,D000270,P011,2026-02-24,32259.79,15,T009,Valid
1465,FR0012,D000597,P011,2026-02-11,32259.79,15,T009,Valid
1466,FR0012,D000270,P011,2026-03-13,32271.72,15,T009,Valid
1467,FR0012,D000110,P011,2026-03-26,32271.72,15,T009,Valid
1468,FR0012,D000597,P011,2026-03-11,32271.72,15,T009,Valid
1469,FR0012,D000878,P011,2026-03-10,32271.72,15,T009,Valid
1470,FR0012,D000724,P011,2026-04-26,24593.43,11,T009,Valid
1471,FR0012,D000597,P011,2026-04-07,24593.43,11,T009,Valid
1472,FR0012,D000110,P011,2026-04-13,24593.43,11,T009,Valid
1473,FR0012,D000878,P011,2026-04-12,24593.43,11,T009,Valid
1474,FR0012,D000270,P011,2026-04-20,24593.43,11,T009,Valid
1475,FR0012,D000540,P011,2026-04-21,24593.43,11,T009,Valid
1476,FR0012,D000540,P011,2026-05-21,24360.53,11,T009,Valid
1477,FR0012,D000724,P011,2026-05-09,24360.53,11,T009,Valid
1478,FR0012,D000270,P011,2026-05-17,24360.53,11,T009,Valid
1479,FR0012,D000408,P011,2026-05-16,24360.53,11,T009,Valid
1480,FR0012,D000597,P011,2026-05-24,24360.53,11,T009,Valid
1481,FR0012,D000110,P011,2026-05-26,24360.53,11,T009,Valid
1482,FR0012,D000597,P011,2026-06-11,28340.15,13,T009,Valid
1483,FR0012,D000507,P011,2026-06-12,28340.15,13,T009,Valid
1484,FR0012,D000540,P011,2026-06-23,28340.15,13,T009,Valid
1485,FR0012,D000724,P011,2026-06-23,28340.15,13,T009,Valid
1486,FR0012,D000270,P011,2026-06-16,28340.15,13,T009,Valid
1487,FR0012,D000507,P011,2026-07-07,71199.96,33,T009,Valid
1488,FR0012,D000270,P011,2026-07-08,71199.96,33,T009,Valid
1489,FR0012,D000270,P029,2026-01-15,15474.7,40,T009,Valid
1490,FR0012,D000878,P029,2026-01-12,15474.7,40,T009,Valid
1491,FR0012,D000110,P029,2026-01-19,15474.7,40,T009,Valid
1492,FR0012,D000408,P029,2026-01-15,15474.7,40,T009,Valid
1493,FR0012,D000597,P029,2026-02-13,13163.36,34,T009,Valid
1494,FR0012,D000724,P029,2026-02-06,13163.36,34,T009,Valid
1495,FR0012,D000507,P029,2026-02-08,13163.36,34,T009,Valid
1496,FR0012,D000408,P029,2026-02-21,13163.36,34,T009,Valid
1497,FR0012,D000540,P029,2026-02-12,13163.36,34,T009,Valid
1498,FR0012,D000540,P029,2026-03-04,33459.64,86,T009,Valid
1499,FR0012,D000270,P029,2026-03-03,33459.64,86,T009,Valid
1500,FR0012,D000540,P029,2026-04-01,62526.76,160,T009,Valid
1501,FR0012,D000724,P029,2026-05-21,14317.98,37,T009,Valid
1502,FR0012,D000878,P029,2026-05-25,14317.98,37,T009,Valid
1503,FR0012,D000540,P029,2026-05-13,14317.98,37,T009,Valid
1504,FR0012,D000110,P029,2026-05-08,14317.98,37,T009,Valid
1505,FR0012,D000507,P029,2026-05-24,14317.98,37,T009,Valid
1506,FR0012,D000878,P029,2026-06-14,13424.83,34,T009,Valid
1507,FR0012,D000408,P029,2026-06-23,13424.83,34,T009,Valid
1508,FR0012,D000110,P029,2026-06-07,13424.83,34,T009,Valid
1509,FR0012,D000724,P029,2026-06-15,13424.83,34,T009,Valid
1510,FR0012,D000270,P029,2026-06-01,13424.83,34,T009,Valid
1511,FR0012,D000878,P029,2026-07-22,36169.71,93,T009,Valid
1512,FR0012,D000724,P029,2026-07-12,36169.71,93,T009,Valid
1513,FR0013,D000428,P014,2026-01-11,67686.4,49,T005,Valid
1514,FR0013,D000860,P014,2026-01-21,67686.4,49,T005,Valid
1515,FR0013,D000567,P014,2026-02-07,27195.42,20,T005,Valid
1516,FR0013,D000847,P014,2026-02-04,27195.42,20,T005,Valid
1517,FR0013,D000169,P014,2026-02-19,27195.42,20,T005,Valid
1518,FR0013,D000690,P014,2026-02-21,27195.42,20,T005,Valid
1519,FR0013,D000860,P014,2026-02-03,27195.42,20,T005,Valid
1520,FR0013,D000857,P014,2026-03-10,22397.91,16,T005,Valid
1521,FR0013,D000169,P014,2026-03-08,22397.91,16,T005,Valid
1522,FR0013,D000171,P014,2026-03-22,22397.91,16,T005,Valid
1523,FR0013,D000847,P014,2026-03-03,22397.91,16,T005,Valid
1524,FR0013,D000860,P014,2026-03-02,22397.91,16,T005,Valid
1525,FR0013,D000567,P014,2026-03-17,22397.91,16,T005,Valid
1526,FR0013,D000171,P014,2026-04-14,47755.33,34,T005,Valid
1527,FR0013,D000428,P014,2026-04-24,47755.33,34,T005,Valid
1528,FR0013,D000690,P014,2026-04-13,47755.33,34,T005,Valid
1529,FR0013,D000428,P014,2026-05-23,24867.8,18,T005,Valid
1530,FR0013,D000690,P014,2026-05-15,24867.8,18,T005,Valid
1531,FR0013,D000857,P014,2026-05-07,24867.8,18,T005,Valid
1532,FR0013,D000171,P014,2026-05-05,24867.8,18,T005,Valid
1533,FR0013,D000847,P014,2026-05-03,24867.8,18,T005,Valid
1534,FR0013,D000857,P014,2026-06-10,23626.18,17,T005,Valid
1535,FR0013,D000860,P014,2026-06-15,23626.18,17,T005,Valid
1536,FR0013,D000567,P014,2026-06-23,23626.18,17,T005,Valid
1537,FR0013,D000690,P014,2026-06-23,23626.18,17,T005,Valid
1538,FR0013,D000169,P014,2026-06-10,23626.18,17,T005,Valid
1539,FR0013,D000823,P014,2026-06-20,23626.18,17,T005,Valid
1540,FR0013,D000847,P014,2026-07-13,20575.81,15,T005,Valid
1541,FR0013,D000857,P014,2026-07-02,20575.81,15,T005,Valid
1542,FR0013,D000567,P014,2026-07-06,20575.81,15,T005,Valid
1543,FR0013,D000823,P014,2026-07-21,20575.81,15,T005,Valid
1544,FR0013,D000171,P014,2026-07-10,20575.81,15,T005,Valid
1545,FR0013,D000169,P014,2026-07-03,20575.81,15,T005,Valid
1546,FR0013,D000823,P022,2026-01-25,62986.94,154,T005,Valid
1547,FR0013,D000171,P022,2026-01-17,62986.94,154,T005,Valid
1548,FR0013,D000860,P022,2026-02-01,41980.27,103,T005,Valid
1549,FR0013,D000169,P022,2026-02-21,41980.27,103,T005,Valid
1550,FR0013,D000567,P022,2026-02-22,41980.27,103,T005,Valid
1551,FR0013,D000847,P022,2026-03-09,41360.61,101,T005,Valid
1552,FR0013,D000169,P022,2026-03-23,41360.61,101,T005,Valid
1553,FR0013,D000857,P022,2026-03-11,41360.61,101,T005,Valid
1554,FR0013,D000567,P022,2026-04-06,21338.32,52,T005,Valid
1555,FR0013,D000857,P022,2026-04-01,21338.32,52,T005,Valid
1556,FR0013,D000171,P022,2026-04-04,21338.32,52,T005,Valid
1557,FR0013,D000860,P022,2026-04-10,21338.32,52,T005,Valid
1558,FR0013,D000428,P022,2026-04-18,21338.32,52,T005,Valid
1559,FR0013,D000847,P022,2026-04-13,21338.32,52,T005,Valid
1560,FR0013,D000428,P022,2026-05-18,33957.94,83,T005,Valid
1561,FR0013,D000567,P022,2026-05-27,33957.94,83,T009,Valid
1562,FR0013,D000823,P022,2026-05-21,33957.94,83,T005,Valid
1563,FR0013,D000169,P022,2026-05-04,33957.94,83,T005,Valid
1564,FR0013,D000847,P022,2026-06-08,63444.54,155,T005,Valid
1565,FR0013,D000567,P022,2026-06-08,63444.54,155,T005,Valid
1566,FR0013,D000567,P022,2026-07-26,31566.25,77,T005,Valid
1567,FR0013,D000171,P022,2026-07-27,31566.25,77,T005,Valid
1568,FR0013,D000857,P022,2026-07-06,31566.25,77,T005,Valid
1569,FR0013,D000169,P022,2026-07-06,31566.25,77,T005,Valid
1570,FR0013,D000860,P025,2026-01-04,30669.16,13,T005,Valid
1571,FR0013,D000847,P025,2026-01-07,30669.16,13,T005,Valid
1572,FR0013,D000567,P025,2026-01-12,30669.16,13,T005,Valid
1573,FR0013,D000567,P025,2026-02-21,17769.07,7,T005,Valid
1574,FR0013,D000857,P025,2026-02-12,17769.07,7,T005,Valid
1575,FR0013,D000171,P025,2026-02-03,17769.07,7,T005,Valid
1576,FR0013,D000169,P025,2026-02-14,17769.07,7,T005,Valid
1577,FR0013,D000428,P025,2026-02-25,17769.07,7,T005,Valid
1578,FR0013,D000428,P025,2026-03-22,16746.51,7,T005,Valid
1579,FR0013,D000690,P025,2026-03-23,16746.51,7,T005,Valid
1580,FR0013,D000169,P025,2026-03-11,16746.51,7,T005,Valid
1581,FR0013,D000857,P025,2026-03-21,16746.51,7,T005,Valid
1582,FR0013,D000860,P025,2026-03-23,16746.51,7,T005,Valid
1583,FR0013,D000567,P025,2026-03-22,16746.51,7,T005,Valid
1584,FR0013,D000567,P025,2026-04-04,40621.21,17,T006,Valid
1585,FR0013,D000169,P025,2026-04-25,40621.21,17,T013,Valid
1586,FR0013,D000567,P025,2026-05-21,20519.59,8,T005,Valid
1587,FR0013,D000428,P025,2026-05-08,20519.59,8,T005,Valid
1588,FR0013,D000860,P025,2026-05-20,20519.59,8,T005,Valid
1589,FR0013,D000171,P025,2026-05-24,20519.59,8,T005,Valid
1590,FR0013,D000860,P025,2026-06-21,43586.22,18,T005,Valid
1591,FR0013,D000847,P025,2026-06-10,43586.22,18,T005,Valid
1592,FR0013,D000567,P025,2026-07-11,32546.9,13,T005,Valid
1593,FR0013,D000847,P025,2026-07-15,32546.9,13,T005,Valid
1594,FR0013,D000690,P025,2026-07-01,32546.9,13,T005,Valid
1595,FR0013,D000428,P013,2026-01-19,50031.98,107,T005,Valid
1596,FR0013,D000171,P013,2026-01-27,50031.98,107,T005,Valid
1597,FR0013,D000857,P013,2026-01-07,50031.98,107,T005,Valid
1598,FR0013,D000567,P013,2026-02-06,47828.3,102,T005,Valid
1599,FR0013,D000860,P013,2026-02-08,47828.3,102,T005,Valid
1600,FR0013,D000857,P013,2026-02-10,47828.3,102,T005,Valid
1601,FR0013,D000171,P013,2026-03-16,30027.05,64,T005,Valid
1602,FR0013,D000823,P013,2026-03-14,30027.05,64,T005,Valid
1603,FR0013,D000567,P013,2026-03-20,30027.05,64,T005,Valid
1604,FR0013,D000847,P013,2026-03-14,30027.05,64,T005,Valid
1605,FR0013,D000860,P013,2026-03-05,30027.05,64,T005,Valid
1606,FR0013,D000171,P013,2026-04-18,29051.22,62,T005,Valid
1607,FR0013,D000690,P013,2026-04-06,29051.22,62,T005,Valid
1608,FR0013,D000857,P013,2026-04-13,29051.22,62,T005,Valid
1609,FR0013,D000847,P013,2026-04-10,29051.22,62,T005,Valid
1610,FR0013,D000860,P013,2026-04-10,29051.22,62,T005,Valid
1611,FR0013,D000567,P013,2026-05-17,29043.88,62,T005,Valid
1612,FR0013,D000428,P013,2026-05-24,29043.88,62,T005,Valid
1613,FR0013,D000171,P013,2026-05-16,29043.88,62,T005,Valid
1614,FR0013,D000169,P013,2026-05-14,29043.88,62,T005,Valid
1615,FR0013,D000823,P013,2026-05-24,29043.88,62,T005,Valid
1616,FR0013,D000847,P013,2026-06-04,69861.53,150,T005,Valid
1617,FR0013,D000169,P013,2026-06-19,69861.53,150,T005,Valid
1618,FR0013,D000860,P013,2026-07-12,35951.1,77,T005,Valid
1619,FR0013,D000857,P013,2026-07-02,35951.1,77,T005,Valid
1620,FR0013,D000823,P013,2026-07-13,35951.1,77,T005,Valid
1621,FR0013,D000847,P013,2026-07-24,35951.1,77,T005,Valid
1622,FR0014,D000133,P016,2026-01-21,43621.06,297,T013,Valid
1623,FR0014,D000725,P016,2026-01-13,43621.06,297,T007,Valid
1624,FR0014,D000725,P016,2026-02-27,45779.1,312,T007,Valid
1625,FR0014,D000133,P016,2026-02-09,45779.1,312,T007,Valid
1626,FR0014,D000725,P016,2026-03-25,46390.68,316,T007,Valid
1627,FR0014,D000133,P016,2026-03-03,46390.68,316,T007,Valid
1628,FR0014,D000725,P016,2026-04-24,44639.15,304,T007,Valid
1629,FR0014,D000133,P016,2026-04-23,44639.15,304,T007,Valid
1630,FR0014,D000725,P016,2026-05-24,82769.42,564,T007,Valid
1631,FR0014,D000133,P016,2026-05-06,82769.42,564,T007,Valid
1632,FR0014,D000133,P016,2026-06-19,43972.96,300,T007,Valid
1633,FR0014,D000725,P016,2026-06-07,43972.96,300,T007,Valid
1634,FR0014,D000725,P016,2026-07-15,44393.6,303,T007,Valid
1635,FR0014,D000133,P016,2026-07-20,44393.6,303,T007,Valid
1636,FR0014,D000133,P002,2026-01-16,70883.22,52,T007,Valid
1637,FR0014,D000725,P002,2026-01-22,70883.22,52,T007,Valid
1638,FR0014,D000133,P002,2026-02-07,65860.05,48,T007,Valid
1639,FR0014,D000725,P002,2026-02-26,65860.05,48,T007,Valid
1640,FR0014,D000725,P002,2026-03-25,73141.16,53,T007,Valid
1641,FR0014,D000133,P002,2026-03-20,73141.16,53,T007,Valid
1642,FR0014,D000133,P002,2026-04-22,75707.47,55,T007,Valid
1643,FR0014,D000725,P002,2026-04-13,75707.47,55,T007,Valid
1644,FR0014,D000133,P002,2026-05-20,131593.04,96,T007,Valid
1645,FR0014,D000725,P002,2026-05-17,131593.04,96,T007,Valid
1646,FR0014,D000725,P002,2026-06-22,76811.17,56,T007,Valid
1647,FR0014,D000133,P002,2026-06-01,76811.17,56,T007,Valid
1648,FR0014,D000133,P002,2026-07-22,77781.62,57,T007,Valid
1649,FR0014,D000725,P002,2026-07-08,77781.62,57,T007,Valid
1650,FR0014,D000133,P030,2026-01-10,47925.52,189,T007,Valid
1651,FR0014,D000725,P030,2026-01-07,47925.52,189,T007,Valid
1652,FR0014,D000133,P030,2026-02-16,49779.4,196,T007,Valid
1653,FR0014,D000725,P030,2026-02-03,49779.4,196,T007,Valid
1654,FR0014,D000133,P030,2026-03-04,54920.94,217,T007,Valid
1655,FR0014,D000725,P030,2026-03-22,54920.94,217,T007,Valid
1656,FR0014,D000133,P030,2026-04-23,46449.8,183,T007,Valid
1657,FR0014,D000725,P030,2026-04-06,46449.8,183,T007,Valid
1658,FR0014,D000725,P030,2026-05-22,52437.93,207,T007,Valid
1659,FR0014,D000133,P030,2026-05-18,52437.93,207,T007,Valid
1660,FR0014,D000133,P030,2026-06-13,45141.35,178,T007,Valid
1661,FR0014,D000725,P030,2026-06-24,45141.35,178,T007,Valid
1662,FR0014,D000133,P030,2026-07-09,51224.59,202,T007,Valid
1663,FR0014,D000725,P030,2026-07-10,51224.59,202,T007,Valid
1664,FR0014,D000725,P027,2026-01-11,25119.18,10,T007,Valid
1665,FR0014,D000133,P027,2026-01-19,25119.18,10,T007,Valid
1666,FR0014,D000133,P027,2026-02-15,48755.87,20,T016,Valid
1667,FR0014,D000725,P027,2026-03-20,29549.66,12,T007,Valid
1668,FR0014,D000133,P027,2026-03-05,29549.66,12,T007,Valid
1669,FR0014,D000725,P027,2026-04-17,28718.44,12,T007,Valid
1670,FR0014,D000133,P027,2026-04-04,28718.44,12,T007,Valid
1671,FR0014,D000725,P027,2026-05-23,28162.12,11,T007,Valid
1672,FR0014,D000133,P027,2026-05-02,28162.12,11,T007,Valid
1673,FR0014,D000133,P027,2026-06-16,28874.55,12,T007,Valid
1674,FR0014,D000725,P027,2026-06-13,28874.55,12,T007,Valid
1675,FR0014,D000725,P027,2026-07-14,27884.62,11,T007,Valid
1676,FR0014,D000133,P027,2026-07-16,27884.62,11,T007,Valid
1677,FR0015,D000006,P013,2026-01-15,20318.85,44,T011,Valid
1678,FR0015,D000639,P013,2026-01-16,20318.85,44,T011,Valid
1679,FR0015,D000821,P013,2026-01-05,20318.85,44,T011,Valid
1680,FR0015,D000514,P013,2026-01-07,20318.85,44,T011,Valid
1681,FR0015,D000892,P013,2026-01-24,20318.85,44,T011,Valid
1682,FR0015,D000072,P013,2026-01-24,20318.85,44,T011,Valid
1683,FR0015,D000006,P013,2026-02-06,43647.77,94,T011,Valid
1684,FR0015,D000072,P013,2026-02-21,43647.77,94,T013,Valid
1685,FR0015,D000727,P013,2026-02-21,43647.77,94,T015,Valid
1686,FR0015,D000639,P013,2026-03-23,22426.54,48,T011,Valid
1687,FR0015,D000892,P013,2026-03-22,22426.54,48,T011,Valid
1688,FR0015,D000514,P013,2026-03-03,22426.54,48,T011,Valid
1689,FR0015,D000738,P013,2026-03-15,22426.54,48,T011,Valid
1690,FR0015,D000821,P013,2026-03-21,22426.54,48,T011,Valid
1691,FR0015,D000072,P013,2026-04-04,64482.66,138,T011,Valid
1692,FR0015,D000919,P013,2026-04-21,64482.66,138,T011,Valid
1693,FR0015,D000821,P013,2026-05-21,19553.89,42,T011,Valid
1694,FR0015,D000639,P013,2026-05-14,19553.89,42,T011,Valid
1695,FR0015,D000072,P013,2026-05-19,19553.89,42,T011,Valid
1696,FR0015,D000514,P013,2026-05-04,19553.89,42,T011,Valid
1697,FR0015,D000541,P013,2026-05-03,19553.89,42,T011,Valid
1698,FR0015,D000738,P013,2026-05-26,19553.89,42,T011,Valid
1699,FR0015,D000859,P013,2026-06-18,22217.65,48,T011,Valid
1700,FR0015,D000919,P013,2026-06-27,22217.65,48,T011,Valid
1701,FR0015,D000821,P013,2026-06-21,22217.65,48,T011,Valid
1702,FR0015,D000072,P013,2026-06-25,22217.65,48,T011,Valid
1703,FR0015,D000639,P013,2026-06-07,22217.65,48,T011,Valid
1704,FR0015,D000738,P013,2026-06-04,22217.65,48,T011,Valid
1705,FR0015,D000727,P013,2026-07-07,26021.52,56,T011,Valid
1706,FR0015,D000072,P013,2026-07-06,26021.52,56,T011,Valid
1707,FR0015,D000006,P013,2026-07-18,26021.52,56,T011,Valid
1708,FR0015,D000514,P013,2026-07-25,26021.52,56,T011,Valid
1709,FR0015,D000639,P013,2026-07-03,26021.52,56,T011,Valid
1710,FR0015,D000541,P003,2026-01-02,50019.91,29,T011,Valid
1711,FR0015,D000639,P003,2026-01-26,50019.91,29,T011,Valid
1712,FR0015,D000859,P003,2026-02-23,25131.12,15,T011,Valid
1713,FR0015,D000727,P003,2026-02-22,25131.12,15,T011,Valid
1714,FR0015,D000919,P003,2026-02-02,25131.12,15,T011,Valid
1715,FR0015,D000541,P003,2026-02-02,25131.12,15,T011,Valid
1716,FR0015,D000892,P003,2026-03-19,36545.62,21,T011,Valid
1717,FR0015,D000859,P003,2026-03-09,36545.62,21,T011,Valid
1718,FR0015,D000541,P003,2026-03-24,36545.62,21,T011,Valid
1719,FR0015,D000738,P003,2026-04-09,34283.31,20,T011,Valid
1720,FR0015,D000821,P003,2026-04-14,34283.31,20,T011,Valid
1721,FR0015,D000072,P003,2026-04-05,34283.31,20,T011,Valid
1722,FR0015,D000727,P003,2026-05-20,34872.24,20,T011,Valid
1723,FR0015,D000892,P003,2026-05-14,34872.24,20,T011,Valid
1724,FR0015,D000859,P003,2026-05-05,34872.24,20,T011,Valid
1725,FR0015,D000541,P003,2026-06-22,16712.37,10,T011,Valid
1726,FR0015,D000072,P003,2026-06-14,16712.37,10,T011,Valid
1727,FR0015,D000639,P003,2026-06-11,16712.37,10,T011,Valid
1728,FR0015,D000892,P003,2026-06-03,16712.37,10,T011,Valid
1729,FR0015,D000859,P003,2026-06-11,16712.37,10,T011,Valid
1730,FR0015,D000006,P003,2026-06-09,16712.37,10,T011,Valid
1731,FR0015,D000541,P003,2026-07-17,19133.5,11,T011,Valid
1732,FR0015,D000738,P003,2026-07-10,19133.5,11,T011,Valid
1733,FR0015,D000072,P003,2026-07-27,19133.5,11,T011,Valid
1734,FR0015,D000859,P003,2026-07-16,19133.5,11,T011,Valid
1735,FR0015,D000821,P003,2026-07-17,19133.5,11,T011,Valid
1736,FR0015,D000727,P017,2026-01-12,42742.73,19,T011,Valid
1737,FR0015,D000738,P017,2026-01-24,42742.73,19,T011,Valid
1738,FR0015,D000514,P017,2026-01-26,42742.73,19,T011,Valid
1739,FR0015,D000514,P017,2026-02-05,22620.22,10,T011,Valid
1740,FR0015,D000639,P017,2026-02-19,22620.22,10,T011,Valid
1741,FR0015,D000006,P017,2026-02-09,22620.22,10,T011,Valid
1742,FR0015,D000919,P017,2026-02-24,22620.22,10,T011,Valid
1743,FR0015,D000727,P017,2026-02-12,22620.22,10,T011,Valid
1744,FR0015,D000072,P017,2026-02-25,22620.22,10,T011,Valid
1745,FR0015,D000727,P017,2026-03-14,24612.78,11,T011,Valid
1746,FR0015,D000821,P017,2026-03-23,24612.78,11,T011,Valid
1747,FR0015,D000859,P017,2026-03-08,24612.78,11,T011,Valid
1748,FR0015,D000639,P017,2026-03-21,24612.78,11,T011,Valid
1749,FR0015,D000514,P017,2026-03-10,24612.78,11,T011,Valid
1750,FR0015,D000541,P017,2026-04-06,67358.83,30,T011,Valid
1751,FR0015,D000072,P017,2026-04-02,67358.83,30,T011,Valid
1752,FR0015,D000738,P017,2026-05-24,63386.67,29,T011,Valid
1753,FR0015,D000859,P017,2026-05-16,63386.67,29,T011,Valid
1754,FR0015,D000738,P017,2026-06-20,69442.7,31,T011,Valid
1755,FR0015,D000006,P017,2026-06-27,69442.7,31,T011,Valid
1756,FR0015,D000541,P017,2026-07-17,40792.92,18,T011,Valid
1757,FR0015,D000514,P017,2026-07-02,40792.92,18,T011,Valid
1758,FR0015,D000072,P017,2026-07-16,40792.92,18,T011,Valid
1759,FR0015,D000727,P017,2026-07-06,40792.92,18,T011,Valid
1760,FR0015,D000738,P017,2026-07-04,40792.92,18,T011,Valid
1761,FR0015,D000859,P017,2026-07-22,40792.92,18,T011,Valid
1762,FR0015,D000541,P024,2026-01-10,33687.04,46,T011,Valid
1763,FR0015,D000006,P024,2026-01-17,33687.04,46,T011,Valid
1764,FR0015,D000738,P024,2026-01-02,33687.04,46,T011,Valid
1765,FR0015,D000919,P024,2026-01-20,33687.04,46,T011,Valid
1766,FR0015,D000738,P024,2026-02-14,189531.07,257,T011,Valid
1767,FR0015,D000072,P024,2026-03-22,28420.04,39,T011,Valid
1768,FR0015,D000821,P024,2026-03-08,28420.04,39,T011,Valid
1769,FR0015,D000006,P024,2026-03-13,28420.04,39,T011,Valid
1770,FR0015,D000514,P024,2026-03-10,28420.04,39,T011,Valid
1771,FR0015,D000738,P024,2026-03-14,28420.04,39,T011,Valid
1772,FR0015,D000514,P024,2026-04-12,26823.01,36,T011,Valid
1773,FR0015,D000919,P024,2026-04-07,26823.01,36,T011,Valid
1774,FR0015,D000727,P024,2026-04-07,26823.01,36,T011,Valid
1775,FR0015,D000738,P024,2026-04-02,26823.01,36,T011,Valid
1776,FR0015,D000006,P024,2026-04-13,26823.01,36,T011,Valid
1777,FR0015,D000821,P024,2026-05-14,51179.65,70,T011,Valid
1778,FR0015,D000639,P024,2026-05-18,51179.65,70,T011,Valid
1779,FR0015,D000072,P024,2026-05-26,51179.65,70,T011,Valid
1780,FR0015,D000859,P024,2026-06-26,27163.84,37,T011,Valid
1781,FR0015,D000738,P024,2026-06-05,27163.84,37,T011,Valid
1782,FR0015,D000514,P024,2026-06-12,27163.84,37,T011,Valid
1783,FR0015,D000072,P024,2026-06-01,27163.84,37,T011,Valid
1784,FR0015,D000006,P024,2026-06-22,27163.84,37,T011,Valid
1785,FR0015,D000541,P024,2026-07-09,52414.79,71,T004,Valid
1786,FR0015,D000892,P024,2026-07-14,52414.79,71,T006,Valid
1787,FR0015,D000514,P024,2026-07-26,52414.79,71,T017,Valid
1788,FR0015,D000859,P024,2026-07-17,52414.79,71,T011,Valid
1789,FR0015,D000072,P024,2026-07-19,52414.79,71,T017,Valid
1790,FR0015,D000738,P010,2026-01-03,35167.94,27,T011,Valid
1791,FR0015,D000006,P010,2026-01-13,35167.94,27,T011,Valid
1792,FR0015,D000541,P010,2026-01-17,35167.94,27,T011,Valid
1793,FR0015,D000821,P010,2026-02-02,25913.18,20,T011,Valid
1794,FR0015,D000006,P010,2026-02-04,25913.18,20,T011,Valid
1795,FR0015,D000859,P010,2026-02-12,25913.18,20,T011,Valid
1796,FR0015,D000738,P010,2026-02-12,25913.18,20,T011,Valid
1797,FR0015,D000727,P010,2026-02-14,25913.18,20,T011,Valid
1798,FR0015,D000919,P010,2026-03-07,52869.31,40,T011,Valid
1799,FR0015,D000727,P010,2026-03-16,52869.31,40,T011,Valid
1800,FR0015,D000727,P010,2026-04-22,21419.6,16,T011,Valid
1801,FR0015,D000919,P010,2026-04-22,21419.6,16,T011,Valid
1802,FR0015,D000639,P010,2026-04-25,21419.6,16,T011,Valid
1803,FR0015,D000072,P010,2026-04-11,21419.6,16,T011,Valid
1804,FR0015,D000006,P010,2026-04-24,21419.6,16,T011,Valid
1805,FR0015,D000541,P010,2026-05-03,31105.56,24,T011,Valid
1806,FR0015,D000639,P010,2026-05-05,31105.56,24,T011,Valid
1807,FR0015,D000919,P010,2026-05-24,31105.56,24,T011,Valid
1808,FR0015,D000738,P010,2026-05-04,31105.56,24,T011,Valid
1809,FR0015,D000541,P010,2026-06-03,42609.95,32,T011,Valid
1810,FR0015,D000821,P010,2026-06-20,42609.95,32,T011,Valid
1811,FR0015,D000072,P010,2026-06-10,42609.95,32,T011,Valid
1812,FR0015,D000006,P010,2026-07-14,41322.31,31,T011,Valid
1813,FR0015,D000514,P010,2026-07-23,41322.31,31,T011,Valid
1814,FR0015,D000541,P010,2026-07-25,41322.31,31,T011,Valid
1815,FR0015,D000821,P026,2026-01-17,83046.22,46,T011,Valid
1816,FR0015,D000738,P026,2026-01-26,83046.22,46,T011,Valid
1817,FR0015,D000006,P026,2026-02-24,37695.91,21,T011,Valid
1818,FR0015,D000892,P026,2026-02-13,37695.91,21,T011,Valid
1819,FR0015,D000919,P026,2026-02-22,37695.91,21,T011,Valid
1820,FR0015,D000541,P026,2026-02-17,37695.91,21,T011,Valid
1821,FR0015,D000738,P026,2026-03-01,33449.25,18,T011,Valid
1822,FR0015,D000892,P026,2026-03-19,33449.25,18,T011,Valid
1823,FR0015,D000639,P026,2026-03-19,33449.25,18,T011,Valid
1824,FR0015,D000541,P026,2026-03-01,33449.25,18,T011,Valid
1825,FR0015,D000072,P026,2026-03-17,33449.25,18,T011,Valid
1826,FR0015,D000639,P026,2026-04-04,55401.61,31,T011,Valid
1827,FR0015,D000919,P026,2026-04-08,55401.61,31,T011,Valid
1828,FR0015,D000859,P026,2026-04-18,55401.61,31,T011,Valid
1829,FR0015,D000514,P026,2026-05-27,40852.02,23,T011,Valid
1830,FR0015,D000639,P026,2026-05-18,40852.02,23,T011,Valid
1831,FR0015,D000006,P026,2026-05-01,40852.02,23,T011,Valid
1832,FR0015,D000541,P026,2026-05-12,40852.02,23,T011,Valid
1833,FR0015,D000639,P026,2026-06-21,25677.32,14,T011,Valid
1834,FR0015,D000514,P026,2026-06-01,25677.32,14,T011,Valid
1835,FR0015,D000738,P026,2026-06-12,25677.32,14,T011,Valid
1836,FR0015,D000919,P026,2026-06-24,25677.32,14,T011,Valid
1837,FR0015,D000892,P026,2026-06-06,25677.32,14,T011,Valid
1838,FR0015,D000006,P026,2026-06-01,25677.32,14,T011,Valid
1839,FR0015,D000072,P026,2026-07-08,28549.44,16,T011,Valid
1840,FR0015,D000738,P026,2026-07-09,28549.44,16,T011,Valid
1841,FR0015,D000639,P026,2026-07-19,28549.44,16,T011,Valid
1842,FR0015,D000541,P026,2026-07-26,28549.44,16,T011,Valid
1843,FR0015,D000892,P026,2026-07-13,28549.44,16,T011,Valid
1844,FR0015,D000821,P026,2026-07-15,28549.44,16,T011,Valid
1845,FR0016,D000516,P012,2026-01-06,32511.96,15,T004,Valid
1846,FR0016,D000013,P012,2026-01-27,32511.96,15,T004,Valid
1847,FR0016,D000352,P012,2026-01-22,32511.96,15,T004,Valid
1848,FR0016,D000596,P012,2026-02-24,17723.55,8,T004,Valid
1849,FR0016,D000017,P012,2026-02-26,17723.55,8,T004,Valid
1850,FR0016,D000581,P012,2026-02-20,17723.55,8,T004,Valid
1851,FR0016,D000502,P012,2026-02-13,17723.55,8,T004,Valid
1852,FR0016,D000259,P012,2026-02-01,17723.55,8,T004,Valid
1853,FR0016,D000352,P012,2026-03-25,50795.72,24,T004,Valid
1854,FR0016,D000273,P012,2026-03-09,50795.72,24,T004,Valid
1855,FR0016,D000273,P012,2026-04-24,49081.64,23,T004,Valid
1856,FR0016,D000502,P012,2026-04-11,49081.64,23,T004,Valid
1857,FR0016,D000458,P012,2026-05-08,17705.59,8,T004,Valid
1858,FR0016,D000352,P012,2026-05-18,17705.59,8,T004,Valid
1859,FR0016,D000974,P012,2026-05-09,17705.59,8,T004,Valid
1860,FR0016,D000473,P012,2026-05-18,17705.59,8,T004,Valid
1861,FR0016,D000259,P012,2026-05-01,17705.59,8,T004,Valid
1862,FR0016,D000596,P012,2026-06-08,43262.34,20,T004,Valid
1863,FR0016,D000259,P012,2026-06-13,43262.34,20,T004,Valid
1864,FR0016,D000458,P012,2026-06-23,43262.34,20,T004,Valid
1865,FR0016,D000526,P012,2026-06-04,43262.34,20,T004,Valid
1866,FR0016,D000352,P012,2026-06-06,43262.34,20,T004,Valid
1867,FR0016,D000526,P012,2026-07-12,52815.48,25,T004,Valid
1868,FR0016,D000017,P012,2026-07-02,52815.48,25,T004,Valid
1869,FR0016,D000516,P005,2026-01-16,13659.66,7,T004,Valid
1870,FR0016,D000458,P005,2026-01-12,13659.66,7,T004,Valid
1871,FR0016,D000017,P005,2026-01-26,13659.66,7,T004,Valid
1872,FR0016,D000352,P005,2026-01-26,13659.66,7,T004,Valid
1873,FR0016,D000526,P005,2026-02-15,21113.23,11,T004,Valid
1874,FR0016,D000259,P005,2026-02-26,21113.23,11,T004,Valid
1875,FR0016,D000469,P005,2026-02-16,21113.23,11,T004,Valid
1876,FR0016,D000581,P005,2026-03-23,20999.05,11,T004,Valid
1877,FR0016,D000458,P005,2026-03-20,20999.05,11,T004,Valid
1878,FR0016,D000473,P005,2026-03-21,20999.05,11,T004,Valid
1879,FR0016,D000469,P005,2026-03-05,20999.05,11,T004,Valid
1880,FR0016,D000691,P005,2026-03-21,20999.05,11,T004,Valid
1881,FR0016,D000473,P005,2026-04-14,11868.94,6,T004,Valid
1882,FR0016,D000469,P005,2026-04-19,11868.94,6,T004,Valid
1883,FR0016,D000017,P005,2026-04-23,11868.94,6,T004,Valid
1884,FR0016,D000516,P005,2026-04-24,11868.94,6,T004,Valid
1885,FR0016,D000581,P005,2026-04-23,11868.94,6,T004,Valid
1886,FR0016,D000581,P005,2026-05-16,26177.89,13,T004,Valid
1887,FR0016,D000502,P005,2026-05-04,26177.89,13,T004,Valid
1888,FR0016,D000516,P005,2026-06-27,18978.06,10,T004,Valid
1889,FR0016,D000473,P005,2026-06-14,18978.06,10,T004,Valid
1890,FR0016,D000259,P005,2026-06-07,18978.06,10,T004,Valid
1891,FR0016,D000596,P005,2026-07-23,20624.18,11,T004,Valid
1892,FR0016,D000581,P005,2026-07-12,20624.18,11,T004,Valid
1893,FR0016,D000013,P005,2026-07-23,20624.18,11,T004,Valid
1894,FR0016,D000352,P016,2026-01-01,32616.81,222,T004,Valid
1895,FR0016,D000017,P016,2026-01-27,32616.81,222,T004,Valid
1896,FR0016,D000273,P016,2026-01-14,32616.81,222,T004,Valid
1897,FR0016,D000946,P016,2026-01-25,32616.81,222,T004,Valid
1898,FR0016,D000974,P016,2026-02-15,27815.3,190,T004,Valid
1899,FR0016,D000469,P016,2026-02-21,27815.3,190,T004,Valid
1900,FR0016,D000581,P016,2026-02-01,27815.3,190,T004,Valid
1901,FR0016,D000458,P016,2026-02-04,27815.3,190,T004,Valid
1902,FR0016,D000013,P016,2026-03-14,41490.34,283,T004,Valid
1903,FR0016,D000469,P016,2026-03-15,41490.34,283,T004,Valid
1904,FR0016,D000691,P016,2026-03-23,41490.34,283,T004,Valid
1905,FR0016,D000691,P016,2026-04-09,40873.35,279,T004,Valid
1906,FR0016,D000946,P016,2026-04-17,40873.35,279,T004,Valid
1907,FR0016,D000259,P016,2026-04-05,40873.35,279,T004,Valid
1908,FR0016,D000259,P016,2026-05-15,41285.14,281,T004,Valid
1909,FR0016,D000691,P016,2026-05-11,41285.14,281,T004,Valid
1910,FR0016,D000581,P016,2026-05-21,41285.14,281,T004,Valid
1911,FR0016,D000469,P016,2026-06-12,22382.2,153,T004,Valid
1912,FR0016,D000352,P016,2026-06-25,22382.2,153,T004,Valid
1913,FR0016,D000017,P016,2026-06-01,22382.2,153,T004,Valid
1914,FR0016,D000691,P016,2026-06-10,22382.2,153,T004,Valid
1915,FR0016,D000596,P016,2026-06-18,22382.2,153,T004,Valid
1916,FR0016,D000473,P016,2026-07-03,61639.33,420,T004,Valid
1917,FR0016,D000352,P016,2026-07-19,61639.33,420,T004,Valid
1918,FR0016,D000458,P003,2026-01-24,104333.96,60,T004,Valid
1919,FR0016,D000273,P003,2026-02-01,22704.93,13,T004,Valid
1920,FR0016,D000502,P003,2026-02-26,22704.93,13,T004,Valid
1921,FR0016,D000596,P003,2026-02-16,22704.93,13,T004,Valid
1922,FR0016,D000691,P003,2026-02-02,22704.93,13,T004,Valid
1923,FR0016,D000259,P003,2026-02-06,22704.93,13,T004,Valid
1924,FR0016,D000469,P003,2026-03-21,32916.31,19,T004,Valid
1925,FR0016,D000596,P003,2026-03-25,32916.31,19,T004,Valid
1926,FR0016,D000526,P003,2026-03-06,32916.31,19,T004,Valid
1927,FR0016,D000946,P003,2026-04-10,28535.48,16,T004,Valid
1928,FR0016,D000596,P003,2026-04-20,28535.48,16,T004,Valid
1929,FR0016,D000259,P003,2026-04-02,28535.48,16,T004,Valid
1930,FR0016,D000458,P003,2026-04-25,28535.48,16,T004,Valid
1931,FR0016,D000352,P003,2026-05-21,50914.64,29,T004,Valid
1932,FR0016,D000516,P003,2026-05-04,50914.64,29,T004,Valid
1933,FR0016,D000946,P003,2026-06-06,57516.16,33,T009,Valid
1934,FR0016,D000458,P003,2026-06-12,57516.16,33,T001,Valid
1935,FR0016,D000273,P003,2026-07-13,113714.09,66,T015,Valid
1936,FR0016,D000581,P028,2026-01-17,35020.15,30,T004,Valid
1937,FR0016,D000017,P028,2026-01-09,35020.15,30,T004,Valid
1938,FR0016,D000526,P028,2026-01-02,35020.15,30,T004,Valid
1939,FR0016,D000469,P028,2026-01-21,35020.15,30,T004,Valid
1940,FR0016,D000352,P028,2026-02-04,68124.71,59,T004,Valid
1941,FR0016,D000691,P028,2026-02-13,68124.71,59,T004,Valid
1942,FR0016,D000259,P028,2026-03-18,31077.51,27,T004,Valid
1943,FR0016,D000458,P028,2026-03-15,31077.51,27,T004,Valid
1944,FR0016,D000473,P028,2026-03-03,31077.51,27,T004,Valid
1945,FR0016,D000691,P028,2026-03-24,31077.51,27,T004,Valid
1946,FR0016,D000526,P028,2026-03-13,31077.51,27,T004,Valid
1947,FR0016,D000974,P028,2026-04-16,35293.45,31,T004,Valid
1948,FR0016,D000273,P028,2026-04-09,35293.45,31,T004,Valid
1949,FR0016,D000581,P028,2026-04-02,35293.45,31,T004,Valid
1950,FR0016,D000691,P028,2026-04-05,35293.45,31,T004,Valid
1951,FR0016,D000596,P028,2026-05-07,22544.06,20,T004,Valid
1952,FR0016,D000013,P028,2026-05-07,22544.06,20,T004,Valid
1953,FR0016,D000974,P028,2026-05-25,22544.06,20,T004,Valid
1954,FR0016,D000458,P028,2026-05-14,22544.06,20,T004,Valid
1955,FR0016,D000469,P028,2026-05-09,22544.06,20,T004,Valid
1956,FR0016,D000473,P028,2026-05-06,22544.06,20,T004,Valid
1957,FR0016,D000691,P028,2026-06-06,27432.71,24,T004,Valid
1958,FR0016,D000502,P028,2026-06-02,27432.71,24,T004,Valid
1959,FR0016,D000273,P028,2026-06-14,27432.71,24,T004,Valid
1960,FR0016,D000526,P028,2026-06-25,27432.71,24,T004,Valid
1961,FR0016,D000352,P028,2026-06-06,27432.71,24,T004,Valid
1962,FR0016,D000691,P028,2026-07-19,47242.09,41,T004,Valid
1963,FR0016,D000458,P028,2026-07-27,47242.09,41,T004,Valid
1964,FR0016,D000581,P028,2026-07-18,47242.09,41,T004,Valid
1965,FR0016,D000013,P006,2026-01-16,37817.19,103,T004,Valid
1966,FR0016,D000259,P006,2026-01-04,37817.19,103,T004,Valid
1967,FR0016,D000473,P006,2026-01-22,37817.19,103,T004,Valid
1968,FR0016,D000946,P006,2026-01-09,37817.19,103,T004,Valid
1969,FR0016,D000946,P006,2026-02-04,54847.64,149,T004,Valid
1970,FR0016,D000526,P006,2026-02-07,54847.64,149,T004,Valid
1971,FR0016,D000516,P006,2026-02-07,54847.64,149,T004,Valid
1972,FR0016,D000581,P006,2026-03-22,52538.31,143,T004,Valid
1973,FR0016,D000273,P006,2026-03-01,52538.31,143,T004,Valid
1974,FR0016,D000946,P006,2026-03-27,52538.31,143,T004,Valid
1975,FR0016,D000691,P006,2026-04-11,32315.2,88,T009,Valid
1976,FR0016,D000469,P006,2026-04-15,32315.2,88,T004,Valid
1977,FR0016,D000458,P006,2026-04-20,32315.2,88,T019,Valid
1978,FR0016,D000974,P006,2026-04-10,32315.2,88,T014,Valid
1979,FR0016,D000502,P006,2026-04-14,32315.2,88,T004,Valid
1980,FR0016,D000259,P006,2026-05-27,76312.87,208,T004,Valid
1981,FR0016,D000596,P006,2026-05-03,76312.87,208,T004,Valid
1982,FR0016,D000469,P006,2026-06-18,301923.35,821,T004,Valid
1983,FR0016,D000946,P006,2026-07-23,40067.51,109,T004,Valid
1984,FR0016,D000469,P006,2026-07-24,40067.51,109,T004,Valid
1985,FR0016,D000691,P006,2026-07-01,40067.51,109,T004,Valid
1986,FR0016,D000526,P006,2026-07-26,40067.51,109,T004,Valid
1987,FR0017,D000816,P010,2026-01-06,15580.89,12,T003,Valid
1988,FR0017,D000976,P010,2026-01-14,15580.89,12,T003,Valid
1989,FR0017,D000734,P010,2026-01-18,15580.89,12,T003,Valid
1990,FR0017,D000302,P010,2026-01-07,15580.89,12,T003,Valid
1991,FR0017,D000758,P010,2026-02-11,12443.8,9,T003,Valid
1992,FR0017,D000302,P010,2026-02-06,12443.8,9,T003,Valid
1993,FR0017,D000976,P010,2026-02-08,12443.8,9,T003,Valid
1994,FR0017,D000734,P010,2026-02-23,12443.8,9,T003,Valid
1995,FR0017,D000203,P010,2026-02-05,12443.8,9,T003,Valid
1996,FR0017,D000816,P010,2026-02-04,12443.8,9,T003,Valid
1997,FR0017,D000816,P010,2026-03-03,17009.37,13,T003,Valid
1998,FR0017,D000302,P010,2026-03-01,17009.37,13,T003,Valid
1999,FR0017,D000734,P010,2026-03-01,17009.37,13,T003,Valid
2000,FR0017,D000203,P010,2026-03-25,17009.37,13,T003,Valid
2001,FR0017,D000816,P010,2026-04-01,35734.4,27,T003,Valid
2002,FR0017,D000758,P010,2026-04-24,35734.4,27,T003,Valid
2003,FR0017,D000302,P010,2026-05-07,23905.72,18,T003,Valid
2004,FR0017,D000976,P010,2026-05-27,23905.72,18,T003,Valid
2005,FR0017,D000734,P010,2026-05-24,23905.72,18,T003,Valid
2006,FR0017,D000734,P010,2026-06-05,33913.21,26,T003,Valid
2007,FR0017,D000203,P010,2026-06-01,33913.21,26,T003,Valid
2008,FR0017,D000203,P010,2026-07-03,12540.91,10,T003,Valid
2009,FR0017,D000976,P010,2026-07-16,12540.91,10,T003,Valid
2010,FR0017,D000302,P010,2026-07-27,12540.91,10,T003,Valid
2011,FR0017,D000758,P010,2026-07-13,12540.91,10,T003,Valid
2012,FR0017,D000734,P010,2026-07-16,12540.91,10,T003,Valid
2013,FR0017,D000816,P010,2026-07-01,12540.91,10,T003,Valid
2014,FR0017,D000302,P009,2026-01-02,25664.93,11,T006,Valid
2015,FR0017,D000816,P009,2026-01-12,25664.93,11,T003,Valid
2016,FR0017,D000976,P009,2026-02-17,8398.6,3,T003,Valid
2017,FR0017,D000734,P009,2026-02-25,8398.6,3,T003,Valid
2018,FR0017,D000203,P009,2026-02-07,8398.6,3,T003,Valid
2019,FR0017,D000758,P009,2026-02-04,8398.6,3,T003,Valid
2020,FR0017,D000816,P009,2026-02-01,8398.6,3,T003,Valid
2021,FR0017,D000302,P009,2026-02-05,8398.6,3,T003,Valid
2022,FR0017,D000758,P009,2026-03-23,12843.92,5,T003,Valid
2023,FR0017,D000302,P009,2026-03-21,12843.92,5,T003,Valid
2024,FR0017,D000203,P009,2026-03-15,12843.92,5,T003,Valid
2025,FR0017,D000816,P009,2026-03-26,12843.92,5,T003,Valid
2026,FR0017,D000302,P009,2026-04-04,13528.06,6,T003,Valid
2027,FR0017,D000976,P009,2026-04-26,13528.06,6,T003,Valid
2028,FR0017,D000734,P009,2026-04-19,13528.06,6,T003,Valid
2029,FR0017,D000816,P009,2026-04-06,13528.06,6,T003,Valid
2030,FR0017,D000758,P009,2026-05-20,10340.57,4,T003,Valid
2031,FR0017,D000816,P009,2026-05-14,10340.57,4,T003,Valid
2032,FR0017,D000734,P009,2026-05-19,10340.57,4,T003,Valid
2033,FR0017,D000302,P009,2026-05-12,10340.57,4,T003,Valid
2034,FR0017,D000203,P009,2026-05-27,10340.57,4,T003,Valid
2035,FR0017,D000816,P009,2026-06-27,13375.26,5,T003,Valid
2036,FR0017,D000758,P009,2026-06-17,13375.26,5,T003,Valid
2037,FR0017,D000734,P009,2026-06-13,13375.26,5,T003,Valid
2038,FR0017,D000976,P009,2026-06-04,13375.26,5,T003,Valid
2039,FR0017,D000203,P009,2026-07-12,16186.28,7,T003,Valid
2040,FR0017,D000302,P009,2026-07-25,16186.28,7,T003,Valid
2041,FR0017,D000734,P009,2026-07-04,16186.28,7,T003,Valid
2042,FR0017,D000816,P022,2026-01-10,26139.04,64,T003,Valid
2043,FR0017,D000203,P022,2026-01-07,26139.04,64,T003,Valid
2044,FR0017,D000758,P022,2026-01-07,26139.04,64,T003,Valid
2045,FR0017,D000816,P022,2026-02-22,41367.55,101,T003,Valid
2046,FR0017,D000758,P022,2026-02-14,41367.55,101,T003,Valid
2047,FR0017,D000758,P022,2026-03-04,14763.59,36,T003,Valid
2048,FR0017,D000203,P022,2026-03-06,14763.59,36,T003,Valid
2049,FR0017,D000734,P022,2026-03-11,14763.59,36,T003,Valid
2050,FR0017,D000302,P022,2026-03-13,14763.59,36,T003,Valid
2051,FR0017,D000816,P022,2026-03-19,14763.59,36,T003,Valid
2052,FR0017,D000758,P022,2026-04-05,40742.81,100,T003,Valid
2053,FR0017,D000734,P022,2026-04-13,40742.81,100,T003,Valid
2054,FR0017,D000203,P022,2026-05-04,43103.85,106,T003,Valid
2055,FR0017,D000758,P022,2026-05-26,43103.85,106,T003,Valid
2056,FR0017,D000203,P022,2026-06-13,15026.99,37,T003,Valid
2057,FR0017,D000816,P022,2026-06-23,15026.99,37,T003,Valid
2058,FR0017,D000734,P022,2026-06-16,15026.99,37,T003,Valid
2059,FR0017,D000302,P022,2026-06-04,15026.99,37,T003,Valid
2060,FR0017,D000976,P022,2026-06-12,15026.99,37,T003,Valid
2061,FR0017,D000203,P022,2026-07-08,24754.36,61,T003,Valid
2062,FR0017,D000734,P022,2026-07-03,24754.36,61,T003,Valid
2063,FR0017,D000758,P022,2026-07-24,24754.36,61,T003,Valid
2064,FR0017,D000203,P029,2026-01-03,23288.98,60,T003,Valid
2065,FR0017,D000976,P029,2026-01-11,23288.98,60,T003,Valid
2066,FR0017,D000816,P029,2026-01-20,23288.98,60,T003,Valid
2067,FR0017,D000302,P029,2026-01-26,23288.98,60,T003,Valid
2068,FR0017,D000203,P029,2026-02-21,15799.36,40,T003,Valid
2069,FR0017,D000302,P029,2026-02-22,15799.36,40,T003,Valid
2070,FR0017,D000734,P029,2026-02-17,15799.36,40,T003,Valid
2071,FR0017,D000976,P029,2026-02-08,15799.36,40,T003,Valid
2072,FR0017,D000816,P029,2026-02-16,15799.36,40,T003,Valid
2073,FR0017,D000302,P029,2026-03-12,16207.96,42,T003,Valid
2074,FR0017,D000203,P029,2026-03-27,16207.96,42,T003,Valid
2075,FR0017,D000734,P029,2026-03-22,16207.96,42,T003,Valid
2076,FR0017,D000976,P029,2026-03-24,16207.96,42,T003,Valid
2077,FR0017,D000816,P029,2026-03-23,16207.96,42,T003,Valid
2078,FR0017,D000734,P029,2026-04-25,42504.1,109,T003,Valid
2079,FR0017,D000302,P029,2026-04-25,42504.1,109,T020,Valid
2080,FR0017,D000302,P029,2026-05-12,43993.51,113,T003,Valid
2081,FR0017,D000976,P029,2026-05-15,43993.51,113,T003,Valid
2082,FR0017,D000758,P029,2026-06-21,22574.84,58,T003,Valid
2083,FR0017,D000302,P029,2026-06-05,22574.84,58,T003,Valid
2084,FR0017,D000734,P029,2026-06-04,22574.84,58,T003,Valid
2085,FR0017,D000976,P029,2026-06-04,22574.84,58,T003,Valid
2086,FR0017,D000734,P029,2026-07-13,21095.59,54,T008,Valid
2087,FR0017,D000203,P029,2026-07-02,21095.59,54,T001,Valid
2088,FR0017,D000816,P029,2026-07-02,21095.59,54,T018,Valid
2089,FR0017,D000302,P029,2026-07-07,21095.59,54,T013,Valid
2090,FR0017,D000976,P030,2026-01-21,32422.12,128,T003,Valid
2091,FR0017,D000203,P030,2026-01-04,32422.12,128,T003,Valid
2092,FR0017,D000203,P030,2026-02-09,22937.89,90,T003,Valid
2093,FR0017,D000816,P030,2026-02-20,22937.89,90,T003,Valid
2094,FR0017,D000976,P030,2026-02-23,22937.89,90,T003,Valid
2095,FR0017,D000758,P030,2026-03-12,14464.68,57,T003,Valid
2096,FR0017,D000302,P030,2026-03-10,14464.68,57,T003,Valid
2097,FR0017,D000816,P030,2026-03-20,14464.68,57,T003,Valid
2098,FR0017,D000203,P030,2026-03-24,14464.68,57,T003,Valid
2099,FR0017,D000976,P030,2026-04-22,12681.2,50,T003,Valid
2100,FR0017,D000734,P030,2026-04-06,12681.2,50,T003,Valid
2101,FR0017,D000302,P030,2026-04-11,12681.2,50,T003,Valid
2102,FR0017,D000203,P030,2026-04-05,12681.2,50,T003,Valid
2103,FR0017,D000758,P030,2026-04-22,12681.2,50,T003,Valid
2104,FR0017,D000302,P030,2026-05-20,28374.0,112,T003,Valid
2105,FR0017,D000203,P030,2026-05-16,28374.0,112,T003,Valid
2106,FR0017,D000302,P030,2026-06-25,33465.04,132,T003,Valid
2107,FR0017,D000816,P030,2026-06-04,33465.04,132,T003,Valid
2108,FR0017,D000976,P030,2026-06-26,33465.04,132,T003,Valid
2109,FR0017,D000203,P030,2026-06-11,33465.04,132,T003,Valid
2110,FR0017,D000734,P030,2026-07-10,12260.37,48,T003,Valid
2111,FR0017,D000976,P030,2026-07-11,12260.37,48,T003,Valid
2112,FR0017,D000758,P030,2026-07-25,12260.37,48,T003,Valid
2113,FR0017,D000203,P030,2026-07-27,12260.37,48,T003,Valid
2114,FR0017,D000302,P030,2026-07-16,12260.37,48,T003,Valid
2115,FR0017,D000976,P014,2026-01-16,22502.92,16,T003,Valid
2116,FR0017,D000302,P014,2026-01-08,22502.92,16,T003,Valid
2117,FR0017,D000734,P014,2026-01-24,22502.92,16,T003,Valid
2118,FR0017,D000758,P014,2026-02-21,23625.83,17,T003,Valid
2119,FR0017,D000203,P014,2026-02-18,23625.83,17,T003,Valid
2120,FR0017,D000734,P014,2026-02-17,23625.83,17,T003,Valid
2121,FR0017,D000816,P014,2026-03-02,15193.66,11,T003,Valid
2122,FR0017,D000758,P014,2026-03-17,15193.66,11,T003,Valid
2123,FR0017,D000734,P014,2026-03-11,15193.66,11,T003,Valid
2124,FR0017,D000302,P014,2026-03-20,15193.66,11,T003,Valid
2125,FR0017,D000203,P014,2026-03-14,15193.66,11,T003,Valid
2126,FR0017,D000203,P014,2026-04-05,20143.1,14,T003,Valid
2127,FR0017,D000976,P014,2026-04-22,20143.1,14,T003,Valid
2128,FR0017,D000758,P014,2026-04-17,20143.1,14,T003,Valid
2129,FR0017,D000734,P014,2026-04-20,20143.1,14,T003,Valid
2130,FR0017,D000203,P014,2026-05-10,17497.3,13,T003,Valid
2131,FR0017,D000758,P014,2026-05-19,17497.3,13,T003,Valid
2132,FR0017,D000976,P014,2026-05-02,17497.3,13,T003,Valid
2133,FR0017,D000816,P014,2026-05-10,17497.3,13,T003,Valid
2134,FR0017,D000302,P014,2026-06-22,18917.17,14,T003,Valid
2135,FR0017,D000734,P014,2026-06-18,18917.17,14,T003,Valid
2136,FR0017,D000816,P014,2026-06-03,18917.17,14,T003,Valid
2137,FR0017,D000758,P014,2026-06-09,18917.17,14,T003,Valid
2138,FR0017,D000734,P014,2026-07-02,34143.2,24,T003,Valid
2139,FR0017,D000302,P014,2026-07-12,34143.2,24,T003,Valid
2140,FR0017,D000734,P028,2026-01-19,38223.33,33,T003,Valid
2141,FR0017,D000816,P028,2026-01-22,38223.33,33,T003,Valid
2142,FR0017,D000976,P028,2026-01-26,38223.33,33,T003,Valid
2143,FR0017,D000203,P028,2026-01-05,38223.33,33,T003,Valid
2144,FR0017,D000734,P028,2026-02-10,43740.83,38,T003,Valid
2145,FR0017,D000976,P028,2026-02-21,43740.83,38,T003,Valid
2146,FR0017,D000203,P028,2026-02-18,43740.83,38,T003,Valid
2147,FR0017,D000816,P028,2026-03-17,50047.64,43,T003,Valid
2148,FR0017,D000758,P028,2026-03-23,50047.64,43,T003,Valid
2149,FR0017,D000734,P028,2026-03-15,50047.64,43,T003,Valid
2150,FR0017,D000816,P028,2026-04-25,68188.05,59,T003,Valid
2151,FR0017,D000203,P028,2026-04-03,68188.05,59,T003,Valid
2152,FR0017,D000816,P028,2026-05-25,25179.64,22,T003,Valid
2153,FR0017,D000734,P028,2026-05-05,25179.64,22,T003,Valid
2154,FR0017,D000302,P028,2026-05-22,25179.64,22,T003,Valid
2155,FR0017,D000976,P028,2026-05-15,25179.64,22,T003,Valid
2156,FR0017,D000758,P028,2026-05-25,25179.64,22,T003,Valid
2157,FR0017,D000203,P028,2026-05-15,25179.64,22,T003,Valid
2158,FR0017,D000816,P028,2026-06-22,197741.52,172,T003,Valid
2159,FR0017,D000816,P028,2026-07-08,41755.78,36,T003,Valid
2160,FR0017,D000758,P028,2026-07-21,41755.78,36,T003,Valid
2161,FR0017,D000302,P028,2026-07-10,41755.78,36,T003,Valid
2162,FR0018,D000930,P024,2026-01-10,42429.95,58,T013,Valid
2163,FR0018,D000312,P024,2026-01-16,42429.95,58,T013,Valid
2164,FR0018,D000129,P024,2026-01-27,42429.95,58,T013,Valid
2165,FR0018,D000858,P024,2026-01-27,42429.95,58,T013,Valid
2166,FR0018,D000129,P024,2026-02-06,29709.23,40,T013,Valid
2167,FR0018,D000312,P024,2026-02-27,29709.23,40,T013,Valid
2168,FR0018,D000930,P024,2026-02-22,29709.23,40,T013,Valid
2169,FR0018,D000858,P024,2026-02-06,29709.23,40,T013,Valid
2170,FR0018,D000858,P024,2026-03-12,29291.86,40,T013,Valid
2171,FR0018,D000930,P024,2026-03-09,29291.86,40,T013,Valid
2172,FR0018,D000129,P024,2026-03-13,29291.86,40,T013,Valid
2173,FR0018,D000312,P024,2026-03-26,29291.86,40,T013,Valid
2174,FR0018,D000930,P024,2026-04-19,30977.1,42,T013,Valid
2175,FR0018,D000129,P024,2026-04-02,30977.1,42,T013,Valid
2176,FR0018,D000312,P024,2026-04-21,30977.1,42,T013,Valid
2177,FR0018,D000858,P024,2026-04-20,30977.1,42,T013,Valid
2178,FR0018,D000312,P024,2026-05-17,126272.29,172,T004,Valid
2179,FR0018,D000858,P024,2026-06-26,26941.08,37,T013,Valid
2180,FR0018,D000312,P024,2026-06-22,26941.08,37,T013,Valid
2181,FR0018,D000129,P024,2026-06-13,26941.08,37,T013,Valid
2182,FR0018,D000930,P024,2026-06-27,26941.08,37,T013,Valid
2183,FR0018,D000858,P024,2026-07-19,42558.13,58,T013,Valid
2184,FR0018,D000129,P024,2026-07-12,42558.13,58,T013,Valid
2185,FR0018,D000312,P024,2026-07-20,42558.13,58,T013,Valid
2186,FR0018,D000930,P030,2026-01-16,41352.58,163,T013,Valid
2187,FR0018,D000858,P030,2026-01-25,41352.58,163,T013,Valid
2188,FR0018,D000129,P030,2026-02-25,31780.59,125,T013,Valid
2189,FR0018,D000930,P030,2026-02-03,31780.59,125,T013,Valid
2190,FR0018,D000312,P030,2026-02-20,31780.59,125,T013,Valid
2191,FR0018,D000129,P030,2026-03-23,24021.51,95,T013,Valid
2192,FR0018,D000930,P030,2026-03-13,24021.51,95,T013,Valid
2193,FR0018,D000312,P030,2026-03-21,24021.51,95,T013,Valid
2194,FR0018,D000858,P030,2026-03-18,24021.51,95,T013,Valid
2195,FR0018,D000312,P030,2026-04-14,29721.42,117,T013,Valid
2196,FR0018,D000858,P030,2026-04-17,29721.42,117,T013,Valid
2197,FR0018,D000129,P030,2026-04-26,29721.42,117,T013,Valid
2198,FR0018,D000312,P030,2026-05-26,40039.67,158,T013,Valid
2199,FR0018,D000129,P030,2026-05-01,40039.67,158,T013,Valid
2200,FR0018,D000312,P030,2026-06-27,22666.6,89,T013,Valid
2201,FR0018,D000858,P030,2026-06-19,22666.6,89,T013,Valid
2202,FR0018,D000930,P030,2026-06-16,22666.6,89,T013,Valid
2203,FR0018,D000129,P030,2026-06-12,22666.6,89,T013,Valid
2204,FR0018,D000930,P030,2026-07-21,45239.81,178,T013,Valid
2205,FR0018,D000312,P030,2026-07-03,45239.81,178,T013,Valid
2206,FR0018,D000858,P001,2026-01-27,11430.14,11,T013,Valid
2207,FR0018,D000129,P001,2026-01-13,11430.14,11,T013,Valid
2208,FR0018,D000930,P001,2026-01-12,11430.14,11,T013,Valid
2209,FR0018,D000312,P001,2026-01-06,11430.14,11,T013,Valid
2210,FR0018,D000129,P001,2026-02-02,50689.62,50,T013,Valid
2211,FR0018,D000312,P001,2026-03-18,23308.84,23,T013,Valid
2212,FR0018,D000129,P001,2026-03-24,23308.84,23,T013,Valid
2213,FR0018,D000930,P001,2026-04-12,17215.12,17,T013,Valid
2214,FR0018,D000129,P001,2026-04-14,17215.12,17,T013,Valid
2215,FR0018,D000858,P001,2026-04-24,17215.12,17,T013,Valid
2216,FR0018,D000858,P001,2026-05-04,18026.88,18,T013,Valid
2217,FR0018,D000930,P001,2026-05-16,18026.88,18,T013,Valid
2218,FR0018,D000129,P001,2026-05-08,18026.88,18,T013,Valid
2219,FR0018,D000129,P001,2026-06-25,16542.54,16,T013,Valid
2220,FR0018,D000930,P001,2026-06-26,16542.54,16,T013,Valid
2221,FR0018,D000858,P001,2026-06-18,16542.54,16,T013,Valid
2222,FR0018,D000930,P001,2026-07-23,12961.86,13,T013,Valid
2223,FR0018,D000129,P001,2026-07-14,12961.86,13,T013,Valid
2224,FR0018,D000312,P001,2026-07-14,12961.86,13,T013,Valid
2225,FR0018,D000858,P001,2026-07-05,12961.86,13,T013,Valid
2226,FR0018,D000129,P026,2026-01-19,22696.54,13,T013,Valid
2227,FR0018,D000930,P026,2026-01-08,22696.54,13,T013,Valid
2228,FR0018,D000858,P026,2026-01-24,22696.54,13,T013,Valid
2229,FR0018,D000312,P026,2026-01-26,22696.54,13,T013,Valid
2230,FR0018,D000129,P026,2026-02-05,28077.02,16,T013,Valid
2231,FR0018,D000930,P026,2026-02-06,28077.02,16,T013,Valid
2232,FR0018,D000858,P026,2026-02-02,28077.02,16,T013,Valid
2233,FR0018,D000312,P026,2026-03-22,24160.06,13,T013,Valid
2234,FR0018,D000858,P026,2026-03-22,24160.06,13,T013,Valid
2235,FR0018,D000930,P026,2026-03-03,24160.06,13,T013,Valid
2236,FR0018,D000129,P026,2026-03-18,24160.06,13,T013,Valid
2237,FR0018,D000930,P026,2026-04-12,32756.47,18,T013,Valid
2238,FR0018,D000858,P026,2026-04-18,32756.47,18,T013,Valid
2239,FR0018,D000312,P026,2026-04-21,32756.47,18,T013,Valid
2240,FR0018,D000129,P026,2026-05-23,22186.61,12,T013,Valid
2241,FR0018,D000930,P026,2026-05-16,22186.61,12,T013,Valid
2242,FR0018,D000312,P026,2026-05-03,22186.61,12,T013,Valid
2243,FR0018,D000858,P026,2026-05-05,22186.61,12,T013,Valid
2244,FR0018,D000129,P026,2026-06-02,29331.02,16,T013,Valid
2245,FR0018,D000312,P026,2026-06-23,29331.02,16,T013,Valid
2246,FR0018,D000930,P026,2026-06-21,29331.02,16,T013,Valid
2247,FR0018,D000858,P026,2026-07-19,42812.52,24,T013,Valid
2248,FR0018,D000312,P026,2026-07-10,42812.52,24,T013,Valid
2249,FR0018,D000930,P016,2026-01-07,38347.8,261,T013,Valid
2250,FR0018,D000312,P016,2026-01-06,38347.8,261,T013,Valid
2251,FR0018,D000129,P016,2026-01-14,38347.8,261,T013,Valid
2252,FR0018,D000858,P016,2026-01-02,38347.8,261,T013,Valid
2253,FR0018,D000858,P016,2026-02-26,79396.97,541,T013,Valid
2254,FR0018,D000312,P016,2026-02-19,79396.97,541,T013,Valid
2255,FR0018,D000930,P016,2026-03-18,37979.37,259,T013,Valid
2256,FR0018,D000858,P016,2026-03-24,37979.37,259,T013,Valid
2257,FR0018,D000129,P016,2026-03-10,37979.37,259,T013,Valid
2258,FR0018,D000312,P016,2026-03-15,37979.37,259,T013,Valid
2259,FR0018,D000930,P016,2026-04-05,53237.01,363,T013,Valid
2260,FR0018,D000312,P016,2026-04-09,53237.01,363,T013,Valid
2261,FR0018,D000129,P016,2026-04-22,53237.01,363,T013,Valid
2262,FR0018,D000930,P016,2026-05-09,37199.44,254,T013,Valid
2263,FR0018,D000129,P016,2026-05-09,37199.44,254,T013,Valid
2264,FR0018,D000312,P016,2026-05-21,37199.44,254,T013,Valid
2265,FR0018,D000858,P016,2026-05-25,37199.44,254,T013,Valid
2266,FR0018,D000129,P016,2026-06-18,37687.58,257,T002,Valid
2267,FR0018,D000312,P016,2026-06-03,37687.58,257,T014,Valid
2268,FR0018,D000930,P016,2026-06-18,37687.58,257,T013,Valid
2269,FR0018,D000858,P016,2026-06-15,37687.58,257,T013,Valid
2270,FR0018,D000312,P016,2026-07-20,41799.64,285,T013,Valid
2271,FR0018,D000129,P016,2026-07-02,41799.64,285,T013,Valid
2272,FR0018,D000858,P016,2026-07-04,41799.64,285,T013,Valid
2273,FR0018,D000930,P016,2026-07-02,41799.64,285,T013,Valid
2274,FR0019,D000770,P028,2026-01-12,18767.64,16,T004,Valid
2275,FR0019,D000019,P028,2026-01-03,18767.64,16,T004,Valid
2276,FR0019,D000779,P028,2026-01-15,18767.64,16,T004,Valid
2277,FR0019,D000535,P028,2026-01-17,18767.64,16,T004,Valid
2278,FR0019,D000351,P028,2026-02-01,13089.28,11,T004,Valid
2279,FR0019,D000846,P028,2026-02-20,13089.28,11,T004,Valid
2280,FR0019,D000619,P028,2026-02-12,13089.28,11,T004,Valid
2281,FR0019,D000560,P028,2026-02-14,13089.28,11,T004,Valid
2282,FR0019,D000378,P028,2026-02-12,13089.28,11,T004,Valid
2283,FR0019,D000019,P028,2026-03-04,16244.07,14,T004,Valid
2284,FR0019,D000560,P028,2026-03-07,16244.07,14,T004,Valid
2285,FR0019,D000378,P028,2026-03-11,16244.07,14,T004,Valid
2286,FR0019,D000918,P028,2026-03-23,16244.07,14,T004,Valid
2287,FR0019,D000619,P028,2026-04-22,24076.08,21,T004,Valid
2288,FR0019,D000779,P028,2026-04-05,24076.08,21,T004,Valid
2289,FR0019,D000019,P028,2026-04-25,24076.08,21,T004,Valid
2290,FR0019,D000779,P028,2026-05-17,10294.08,9,T004,Valid
2291,FR0019,D000846,P028,2026-05-02,10294.08,9,T004,Valid
2292,FR0019,D000770,P028,2026-05-16,10294.08,9,T004,Valid
2293,FR0019,D000619,P028,2026-05-17,10294.08,9,T004,Valid
2294,FR0019,D000351,P028,2026-05-15,10294.08,9,T004,Valid
2295,FR0019,D000918,P028,2026-05-09,10294.08,9,T004,Valid
2296,FR0019,D000569,P028,2026-06-11,21653.83,19,T004,Valid
2297,FR0019,D000535,P028,2026-06-04,21653.83,19,T004,Valid
2298,FR0019,D000762,P028,2026-06-08,21653.83,19,T004,Valid
2299,FR0019,D000770,P028,2026-07-21,18415.5,16,T004,Valid
2300,FR0019,D000918,P028,2026-07-20,18415.5,16,T004,Valid
2301,FR0019,D000351,P028,2026-07-15,18415.5,16,T004,Valid
2302,FR0019,D000569,P028,2026-07-14,18415.5,16,T004,Valid
2303,FR0019,D000846,P015,2026-01-11,22060.14,14,T004,Valid
2304,FR0019,D000779,P015,2026-01-04,22060.14,14,T004,Valid
2305,FR0019,D000378,P015,2026-01-14,22060.14,14,T004,Valid
2306,FR0019,D000560,P015,2026-01-17,22060.14,14,T004,Valid
2307,FR0019,D000770,P015,2026-01-19,22060.14,14,T004,Valid
2308,FR0019,D000019,P015,2026-02-25,23180.32,15,T004,Valid
2309,FR0019,D000378,P015,2026-02-23,23180.32,15,T004,Valid
2310,FR0019,D000351,P015,2026-02-24,23180.32,15,T004,Valid
2311,FR0019,D000619,P015,2026-02-05,23180.32,15,T004,Valid
2312,FR0019,D000560,P015,2026-02-27,23180.32,15,T004,Valid
2313,FR0019,D000918,P015,2026-03-11,20293.43,13,T016,Valid
2314,FR0019,D000770,P015,2026-03-24,20293.43,13,T014,Valid
2315,FR0019,D000535,P015,2026-03-12,20293.43,13,T012,Valid
2316,FR0019,D000560,P015,2026-03-21,20293.43,13,T004,Valid
2317,FR0019,D000351,P015,2026-03-14,20293.43,13,T004,Valid
2318,FR0019,D000770,P015,2026-04-21,19028.85,12,T004,Valid
2319,FR0019,D000351,P015,2026-04-13,19028.85,12,T004,Valid
2320,FR0019,D000378,P015,2026-04-15,19028.85,12,T004,Valid
2321,FR0019,D000019,P015,2026-04-17,19028.85,12,T004,Valid
2322,FR0019,D000569,P015,2026-04-19,19028.85,12,T004,Valid
2323,FR0019,D000762,P015,2026-04-25,19028.85,12,T004,Valid
2324,FR0019,D000770,P015,2026-05-13,18207.41,12,T004,Valid
2325,FR0019,D000779,P015,2026-05-25,18207.41,12,T004,Valid
2326,FR0019,D000918,P015,2026-05-05,18207.41,12,T004,Valid
2327,FR0019,D000619,P015,2026-05-27,18207.41,12,T004,Valid
2328,FR0019,D000560,P015,2026-05-24,18207.41,12,T004,Valid
2329,FR0019,D000378,P015,2026-05-14,18207.41,12,T004,Valid
2330,FR0019,D000560,P015,2026-06-09,29612.5,19,T004,Valid
2331,FR0019,D000378,P015,2026-06-15,29612.5,19,T004,Valid
2332,FR0019,D000351,P015,2026-06-06,29612.5,19,T004,Valid
2333,FR0019,D000918,P015,2026-06-09,29612.5,19,T004,Valid
2334,FR0019,D000351,P015,2026-07-27,39840.25,26,T004,Valid
2335,FR0019,D000535,P015,2026-07-25,39840.25,26,T004,Valid
2336,FR0019,D000770,P015,2026-07-01,39840.25,26,T004,Valid
2337,FR0019,D000569,P019,2026-01-10,79771.62,36,T004,Valid
2338,FR0019,D000535,P019,2026-01-14,79771.62,36,T004,Valid
2339,FR0019,D000918,P019,2026-02-15,68795.65,31,T004,Valid
2340,FR0019,D000351,P019,2026-02-16,68795.65,31,T004,Valid
2341,FR0019,D000569,P019,2026-03-24,68969.22,31,T004,Valid
2342,FR0019,D000351,P019,2026-03-08,68969.22,31,T004,Valid
2343,FR0019,D000019,P019,2026-04-11,71561.58,32,T004,Valid
2344,FR0019,D000619,P019,2026-04-27,71561.58,32,T004,Valid
2345,FR0019,D000351,P019,2026-04-22,71561.58,32,T004,Valid
2346,FR0019,D000770,P019,2026-04-21,71561.58,32,T004,Valid
2347,FR0019,D000619,P019,2026-05-16,25656.82,12,T004,Valid
2348,FR0019,D000535,P019,2026-05-06,25656.82,12,T004,Valid
2349,FR0019,D000846,P019,2026-05-16,25656.82,12,T004,Valid
2350,FR0019,D000560,P019,2026-05-05,25656.82,12,T004,Valid
2351,FR0019,D000762,P019,2026-05-21,25656.82,12,T004,Valid
2352,FR0019,D000351,P019,2026-05-17,25656.82,12,T004,Valid
2353,FR0019,D000779,P019,2026-06-09,22263.13,10,T004,Valid
2354,FR0019,D000535,P019,2026-06-13,22263.13,10,T004,Valid
2355,FR0019,D000378,P019,2026-06-19,22263.13,10,T004,Valid
2356,FR0019,D000019,P019,2026-06-21,22263.13,10,T004,Valid
2357,FR0019,D000619,P019,2026-06-16,22263.13,10,T004,Valid
2358,FR0019,D000569,P019,2026-06-22,22263.13,10,T004,Valid
2359,FR0019,D000762,P019,2026-07-10,32180.76,15,T004,Valid
2360,FR0019,D000846,P019,2026-07-08,32180.76,15,T004,Valid
2361,FR0019,D000619,P019,2026-07-25,32180.76,15,T004,Valid
2362,FR0019,D000569,P019,2026-07-10,32180.76,15,T004,Valid
2363,FR0019,D000918,P019,2026-07-15,32180.76,15,T004,Valid
2364,FR0019,D000918,P011,2026-01-27,19345.08,9,T004,Valid
2365,FR0019,D000619,P011,2026-01-16,19345.08,9,T004,Valid
2366,FR0019,D000378,P011,2026-01-14,19345.08,9,T004,Valid
2367,FR0019,D000762,P011,2026-01-08,19345.08,9,T004,Valid
2368,FR0019,D000019,P011,2026-02-14,14099.84,6,T004,Valid
2369,FR0019,D000770,P011,2026-02-26,14099.84,6,T004,Valid
2370,FR0019,D000569,P011,2026-02-14,14099.84,6,T004,Valid
2371,FR0019,D000560,P011,2026-02-09,14099.84,6,T004,Valid
2372,FR0019,D000779,P011,2026-02-09,14099.84,6,T004,Valid
2373,FR0019,D000762,P011,2026-03-18,16982.25,8,T004,Valid
2374,FR0019,D000619,P011,2026-03-25,16982.25,8,T004,Valid
2375,FR0019,D000535,P011,2026-03-04,16982.25,8,T004,Valid
2376,FR0019,D000378,P011,2026-03-20,16982.25,8,T004,Valid
2377,FR0019,D000619,P011,2026-04-25,35497.05,16,T004,Valid
2378,FR0019,D000351,P011,2026-04-11,35497.05,16,T004,Valid
2379,FR0019,D000535,P011,2026-05-18,11865.89,5,T004,Valid
2380,FR0019,D000569,P011,2026-05-23,11865.89,5,T004,Valid
2381,FR0019,D000770,P011,2026-05-10,11865.89,5,T004,Valid
2382,FR0019,D000918,P011,2026-05-06,11865.89,5,T004,Valid
2383,FR0019,D000378,P011,2026-05-11,11865.89,5,T004,Valid
2384,FR0019,D000619,P011,2026-05-07,11865.89,5,T004,Valid
2385,FR0019,D000770,P011,2026-06-17,38565.2,18,T004,Valid
2386,FR0019,D000351,P011,2026-06-26,38565.2,18,T004,Valid
2387,FR0019,D000846,P011,2026-07-03,28163.84,13,T004,Valid
2388,FR0019,D000619,P011,2026-07-17,28163.84,13,T004,Valid
2389,FR0019,D000378,P011,2026-07-23,28163.84,13,T004,Valid
2390,FR0019,D000560,P011,2026-07-24,28163.84,13,T004,Valid
2391,FR0019,D000351,P011,2026-07-01,28163.84,13,T004,Valid
2392,FR0019,D000535,P002,2026-01-17,23784.16,17,T004,Valid
2393,FR0019,D000779,P002,2026-01-01,23784.16,17,T004,Valid
2394,FR0019,D000560,P002,2026-01-09,23784.16,17,T004,Valid
2395,FR0019,D000569,P002,2026-01-07,23784.16,17,T004,Valid
2396,FR0019,D000619,P002,2026-01-09,23784.16,17,T004,Valid
2397,FR0019,D000619,P002,2026-02-16,42301.19,31,T004,Valid
2398,FR0019,D000770,P002,2026-02-23,42301.19,31,T004,Valid
2399,FR0019,D000560,P002,2026-02-17,42301.19,31,T004,Valid
2400,FR0019,D000770,P002,2026-03-19,36104.49,26,T004,Valid
2401,FR0019,D000351,P002,2026-03-13,36104.49,26,T004,Valid
2402,FR0019,D000762,P002,2026-03-08,36104.49,26,T004,Valid
2403,FR0019,D000535,P002,2026-03-12,36104.49,26,T004,Valid
2404,FR0019,D000351,P002,2026-04-06,67233.16,49,T004,Valid
2405,FR0019,D000770,P002,2026-04-16,67233.16,49,T004,Valid
2406,FR0019,D000770,P002,2026-05-09,24044.21,18,T004,Valid
2407,FR0019,D000779,P002,2026-05-10,24044.21,18,T004,Valid
2408,FR0019,D000535,P002,2026-05-11,24044.21,18,T004,Valid
2409,FR0019,D000019,P002,2026-05-05,24044.21,18,T004,Valid
2410,FR0019,D000762,P002,2026-05-11,24044.21,18,T004,Valid
2411,FR0019,D000770,P002,2026-06-16,42584.81,31,T004,Valid
2412,FR0019,D000762,P002,2026-06-21,42584.81,31,T004,Valid
2413,FR0019,D000918,P002,2026-06-11,42584.81,31,T004,Valid
2414,FR0019,D000351,P002,2026-07-23,65409.68,48,T004,Valid
2415,FR0019,D000619,P002,2026-07-13,65409.68,48,T004,Valid
2416,FR0019,D000019,P018,2026-01-16,61263.61,91,T004,Valid
2417,FR0019,D000619,P018,2026-01-21,61263.61,91,T004,Valid
2418,FR0019,D000619,P018,2026-02-10,24353.87,36,T004,Valid
2419,FR0019,D000019,P018,2026-02-22,24353.87,36,T004,Valid
2420,FR0019,D000560,P018,2026-02-17,24353.87,36,T004,Valid
2421,FR0019,D000351,P018,2026-02-20,24353.87,36,T004,Valid
2422,FR0019,D000918,P018,2026-02-19,24353.87,36,T004,Valid
2423,FR0019,D000918,P018,2026-03-07,21016.03,31,T004,Valid
2424,FR0019,D000569,P018,2026-03-24,21016.03,31,T004,Valid
2425,FR0019,D000770,P018,2026-03-05,21016.03,31,T004,Valid
2426,FR0019,D000560,P018,2026-03-17,21016.03,31,T004,Valid
2427,FR0019,D000762,P018,2026-03-27,21016.03,31,T004,Valid
2428,FR0019,D000535,P018,2026-03-01,21016.03,31,T004,Valid
2429,FR0019,D000560,P018,2026-04-07,61035.54,90,T004,Valid
2430,FR0019,D000535,P018,2026-04-04,61035.54,90,T004,Valid
2431,FR0019,D000378,P018,2026-05-21,20078.3,30,T004,Valid
2432,FR0019,D000351,P018,2026-05-07,20078.3,30,T004,Valid
2433,FR0019,D000569,P018,2026-05-10,20078.3,30,T004,Valid
2434,FR0019,D000770,P018,2026-05-14,20078.3,30,T004,Valid
2435,FR0019,D000535,P018,2026-05-24,20078.3,30,T004,Valid
2436,FR0019,D000918,P018,2026-05-12,20078.3,30,T004,Valid
2437,FR0019,D000351,P018,2026-06-04,48211.61,71,T004,Valid
2438,FR0019,D000779,P018,2026-06-07,48211.61,71,T004,Valid
2439,FR0019,D000378,P018,2026-06-06,48211.61,71,T004,Valid
2440,FR0019,D000569,P018,2026-07-07,24278.11,36,T004,Valid
2441,FR0019,D000779,P018,2026-07-01,24278.11,36,T004,Valid
2442,FR0019,D000846,P018,2026-07-08,24278.11,36,T004,Valid
2443,FR0019,D000560,P018,2026-07-03,24278.11,36,T004,Valid
2444,FR0019,D000762,P018,2026-07-20,24278.11,36,T004,Valid
2445,FR0019,D000619,P023,2026-01-17,10491.78,4,T004,Valid
2446,FR0019,D000846,P023,2026-01-04,10491.78,4,T004,Valid
2447,FR0019,D000762,P023,2026-01-18,10491.78,4,T004,Valid
2448,FR0019,D000569,P023,2026-01-13,10491.78,4,T004,Valid
2449,FR0019,D000560,P023,2026-01-13,10491.78,4,T004,Valid
2450,FR0019,D000351,P023,2026-02-05,9233.87,4,T004,Valid
2451,FR0019,D000779,P023,2026-02-14,9233.87,4,T004,Valid
2452,FR0019,D000535,P023,2026-02-15,9233.87,4,T004,Valid
2453,FR0019,D000378,P023,2026-02-23,9233.87,4,T004,Valid
2454,FR0019,D000560,P023,2026-02-09,9233.87,4,T004,Valid
2455,FR0019,D000569,P023,2026-02-04,9233.87,4,T004,Valid
2456,FR0019,D000762,P023,2026-03-07,14921.48,6,T004,Valid
2457,FR0019,D000846,P023,2026-03-18,14921.48,6,T004,Valid
2458,FR0019,D000569,P023,2026-03-13,14921.48,6,T004,Valid
2459,FR0019,D000619,P023,2026-03-06,14921.48,6,T004,Valid
2460,FR0019,D000019,P023,2026-04-11,17981.47,8,T004,Valid
2461,FR0019,D000779,P023,2026-04-12,17981.47,8,T004,Valid
2462,FR0019,D000560,P023,2026-04-17,17981.47,8,T004,Valid
2463,FR0019,D000619,P023,2026-05-19,10380.38,4,T004,Valid
2464,FR0019,D000019,P023,2026-05-01,10380.38,4,T004,Valid
2465,FR0019,D000560,P023,2026-05-16,10380.38,4,T004,Valid
2466,FR0019,D000779,P023,2026-05-21,10380.38,4,T004,Valid
2467,FR0019,D000846,P023,2026-05-16,10380.38,4,T004,Valid
2468,FR0019,D000019,P023,2026-06-01,31245.1,13,T004,Valid
2469,FR0019,D000569,P023,2026-06-23,31245.1,13,T004,Valid
2470,FR0019,D000619,P023,2026-07-02,26853.1,11,T004,Valid
2471,FR0019,D000351,P023,2026-07-21,26853.1,11,T004,Valid
2472,FR0020,D000714,P011,2026-01-22,27245.92,12,T012,Valid
2473,FR0020,D000743,P011,2026-01-14,27245.92,12,T012,Valid
2474,FR0020,D000822,P011,2026-01-22,27245.92,12,T012,Valid
2475,FR0020,D000708,P011,2026-01-02,27245.92,12,T012,Valid
2476,FR0020,D000708,P011,2026-02-09,28098.86,13,T012,Valid
2477,FR0020,D000714,P011,2026-02-07,28098.86,13,T012,Valid
2478,FR0020,D000822,P011,2026-02-17,28098.86,13,T012,Valid
2479,FR0020,D000849,P011,2026-02-06,28098.86,13,T012,Valid
2480,FR0020,D000849,P011,2026-03-15,28542.26,13,T012,Valid
2481,FR0020,D000743,P011,2026-03-27,28542.26,13,T012,Valid
2482,FR0020,D000708,P011,2026-03-03,28542.26,13,T012,Valid
2483,FR0020,D000714,P011,2026-03-15,28542.26,13,T012,Valid
2484,FR0020,D000743,P011,2026-04-26,32286.26,15,T012,Valid
2485,FR0020,D000708,P011,2026-04-07,32286.26,15,T012,Valid
2486,FR0020,D000822,P011,2026-04-12,32286.26,15,T012,Valid
2487,FR0020,D000714,P011,2026-05-13,37179.34,17,T012,Valid
2488,FR0020,D000743,P011,2026-05-10,37179.34,17,T012,Valid
2489,FR0020,D000708,P011,2026-05-09,37179.34,17,T012,Valid
2490,FR0020,D000714,P011,2026-06-23,26087.61,12,T012,Valid
2491,FR0020,D000849,P011,2026-06-09,26087.61,12,T012,Valid
2492,FR0020,D000822,P011,2026-06-16,26087.61,12,T012,Valid
2493,FR0020,D000743,P011,2026-06-19,26087.61,12,T012,Valid
2494,FR0020,D000708,P011,2026-07-18,36542.72,17,T012,Valid
2495,FR0020,D000822,P011,2026-07-07,36542.72,17,T012,Valid
2496,FR0020,D000849,P011,2026-07-14,36542.72,17,T012,Valid
2497,FR0020,D000743,P004,2026-01-07,22923.16,13,T012,Valid
2498,FR0020,D000708,P004,2026-01-09,22923.16,13,T012,Valid
2499,FR0020,D000849,P004,2026-01-04,22923.16,13,T012,Valid
2500,FR0020,D000822,P004,2026-01-22,22923.16,13,T012,Valid
2501,FR0020,D000714,P004,2026-01-06,22923.16,13,T012,Valid
2502,FR0020,D000849,P004,2026-02-01,24188.18,14,T012,Valid
2503,FR0020,D000708,P004,2026-02-14,24188.18,14,T012,Valid
2504,FR0020,D000714,P004,2026-02-11,24188.18,14,T012,Valid
2505,FR0020,D000822,P004,2026-02-21,24188.18,14,T012,Valid
2506,FR0020,D000743,P004,2026-02-06,24188.18,14,T012,Valid
2507,FR0020,D000822,P004,2026-03-19,58919.43,34,T012,Valid
2508,FR0020,D000849,P004,2026-03-23,58919.43,34,T012,Valid
2509,FR0020,D000849,P004,2026-04-10,29503.22,17,T012,Valid
2510,FR0020,D000743,P004,2026-04-08,29503.22,17,T012,Valid
2511,FR0020,D000714,P004,2026-04-17,29503.22,17,T012,Valid
2512,FR0020,D000822,P004,2026-04-14,29503.22,17,T012,Valid
2513,FR0020,D000714,P004,2026-05-10,65216.85,38,T012,Valid
2514,FR0020,D000849,P004,2026-05-23,65216.85,38,T012,Valid
2515,FR0020,D000743,P004,2026-06-10,43636.87,25,T012,Valid
2516,FR0020,D000708,P004,2026-06-25,43636.87,25,T012,Valid
2517,FR0020,D000822,P004,2026-06-26,43636.87,25,T012,Valid
2518,FR0020,D000714,P004,2026-07-10,36681.24,21,T012,Valid
2519,FR0020,D000849,P004,2026-07-06,36681.24,21,T012,Valid
2520,FR0020,D000822,P004,2026-07-07,36681.24,21,T012,Valid
2521,FR0020,D000714,P028,2026-01-23,11038.59,10,T012,Valid
2522,FR0020,D000743,P028,2026-01-16,11038.59,10,T012,Valid
2523,FR0020,D000708,P028,2026-01-13,11038.59,10,T012,Valid
2524,FR0020,D000849,P028,2026-01-15,11038.59,10,T012,Valid
2525,FR0020,D000822,P028,2026-01-08,11038.59,10,T012,Valid
2526,FR0020,D000822,P028,2026-02-27,16690.42,14,T012,Valid
2527,FR0020,D000743,P028,2026-02-24,16690.42,14,T012,Valid
2528,FR0020,D000714,P028,2026-02-20,16690.42,14,T012,Valid
2529,FR0020,D000708,P028,2026-03-12,9923.23,9,T012,Valid
2530,FR0020,D000714,P028,2026-03-11,9923.23,9,T012,Valid
2531,FR0020,D000743,P028,2026-03-27,9923.23,9,T012,Valid
2532,FR0020,D000849,P028,2026-03-20,9923.23,9,T012,Valid
2533,FR0020,D000822,P028,2026-03-25,9923.23,9,T012,Valid
2534,FR0020,D000708,P028,2026-04-14,17651.95,15,T012,Valid
2535,FR0020,D000714,P028,2026-04-11,17651.95,15,T012,Valid
2536,FR0020,D000822,P028,2026-04-21,17651.95,15,T012,Valid
2537,FR0020,D000708,P028,2026-05-13,9784.81,8,T012,Valid
2538,FR0020,D000743,P028,2026-05-17,9784.81,8,T012,Valid
2539,FR0020,D000714,P028,2026-05-04,9784.81,8,T012,Valid
2540,FR0020,D000849,P028,2026-05-26,9784.81,8,T012,Valid
2541,FR0020,D000822,P028,2026-05-12,9784.81,8,T012,Valid
2542,FR0020,D000714,P028,2026-06-05,26535.45,23,T012,Valid
2543,FR0020,D000743,P028,2026-06-17,26535.45,23,T012,Valid
2544,FR0020,D000822,P028,2026-07-24,9173.52,8,T012,Valid
2545,FR0020,D000708,P028,2026-07-04,9173.52,8,T012,Valid
2546,FR0020,D000714,P028,2026-07-26,9173.52,8,T012,Valid
2547,FR0020,D000743,P028,2026-07-15,9173.52,8,T012,Valid
2548,FR0020,D000849,P028,2026-07-12,9173.52,8,T012,Valid
2549,FR0021,D000087,P023,2026-01-07,44053.35,19,T012,Valid
2550,FR0021,D000412,P023,2026-01-27,44053.35,19,T012,Valid
2551,FR0021,D000367,P023,2026-01-24,44053.35,19,T012,Valid
2552,FR0021,D000676,P023,2026-02-14,26912.23,11,T012,Valid
2553,FR0021,D000412,P023,2026-02-22,26912.23,11,T012,Valid
2554,FR0021,D000087,P023,2026-02-25,26912.23,11,T012,Valid
2555,FR0021,D000960,P023,2026-02-01,26912.23,11,T012,Valid
2556,FR0021,D000180,P023,2026-02-09,26912.23,11,T012,Valid
2557,FR0021,D000996,P023,2026-03-24,33288.04,14,T012,Valid
2558,FR0021,D000087,P023,2026-03-18,33288.04,14,T012,Valid
2559,FR0021,D000101,P023,2026-03-13,33288.04,14,T012,Valid
2560,FR0021,D000412,P023,2026-03-06,33288.04,14,T012,Valid
2561,FR0021,D000624,P023,2026-04-20,24911.34,11,T012,Valid
2562,FR0021,D000367,P023,2026-04-27,24911.34,11,T012,Valid
2563,FR0021,D000412,P023,2026-04-24,24911.34,11,T012,Valid
2564,FR0021,D000676,P023,2026-04-17,24911.34,11,T012,Valid
2565,FR0021,D000848,P023,2026-04-15,24911.34,11,T012,Valid
2566,FR0021,D000367,P023,2026-05-24,301161.42,127,T009,Valid
2567,FR0021,D000101,P023,2026-06-17,28554.03,12,T012,Valid
2568,FR0021,D000202,P023,2026-06-26,28554.03,12,T012,Valid
2569,FR0021,D000367,P023,2026-06-23,28554.03,12,T012,Valid
2570,FR0021,D000848,P023,2026-06-02,28554.03,12,T012,Valid
2571,FR0021,D000676,P023,2026-06-19,28554.03,12,T012,Valid
2572,FR0021,D000367,P023,2026-07-20,49488.24,21,T012,Valid
2573,FR0021,D000848,P023,2026-07-06,49488.24,21,T012,Valid
2574,FR0021,D000087,P023,2026-07-10,49488.24,21,T012,Valid
2575,FR0021,D000960,P011,2026-01-01,8483.32,4,T012,Valid
2576,FR0021,D000412,P011,2026-01-11,8483.32,4,T012,Valid
2577,FR0021,D000101,P011,2026-01-03,8483.32,4,T012,Valid
2578,FR0021,D000202,P011,2026-01-10,8483.32,4,T012,Valid
2579,FR0021,D000848,P011,2026-01-23,8483.32,4,T012,Valid
2580,FR0021,D000848,P011,2026-02-11,10449.39,5,T012,Valid
2581,FR0021,D000624,P011,2026-02-11,10449.39,5,T012,Valid
2582,FR0021,D000676,P011,2026-02-27,10449.39,5,T012,Valid
2583,FR0021,D000087,P011,2026-02-05,10449.39,5,T012,Valid
2584,FR0021,D000996,P011,2026-03-13,13667.68,6,T012,Valid
2585,FR0021,D000624,P011,2026-03-22,13667.68,6,T012,Valid
2586,FR0021,D000367,P011,2026-03-03,13667.68,6,T012,Valid
2587,FR0021,D000412,P011,2026-04-15,7557.4,3,T012,Valid
2588,FR0021,D000367,P011,2026-04-05,7557.4,3,T012,Valid
2589,FR0021,D000960,P011,2026-04-19,7557.4,3,T012,Valid
2590,FR0021,D000996,P011,2026-04-20,7557.4,3,T012,Valid
2591,FR0021,D000202,P011,2026-04-19,7557.4,3,T012,Valid
2592,FR0021,D000676,P011,2026-04-14,7557.4,3,T012,Valid
2593,FR0021,D000624,P011,2026-05-07,15080.28,7,T011,Valid
2594,FR0021,D000960,P011,2026-05-06,15080.28,7,T005,Valid
2595,FR0021,D000101,P011,2026-05-24,15080.28,7,T012,Valid
2596,FR0021,D000367,P011,2026-06-21,6615.05,3,T012,Valid
2597,FR0021,D000412,P011,2026-06-21,6615.05,3,T012,Valid
2598,FR0021,D000960,P011,2026-06-17,6615.05,3,T012,Valid
2599,FR0021,D000101,P011,2026-06-18,6615.05,3,T012,Valid
2600,FR0021,D000848,P011,2026-06-08,6615.05,3,T012,Valid
2601,FR0021,D000624,P011,2026-06-16,6615.05,3,T012,Valid
2602,FR0021,D000624,P011,2026-07-18,14641.9,7,T012,Valid
2603,FR0021,D000367,P011,2026-07-11,14641.9,7,T012,Valid
2604,FR0021,D000087,P011,2026-07-15,14641.9,7,T012,Valid
2605,FR0021,D000202,P028,2026-01-20,12664.57,11,T012,Valid
2606,FR0021,D000087,P028,2026-01-03,12664.57,11,T012,Valid
2607,FR0021,D000996,P028,2026-01-19,12664.57,11,T012,Valid
2608,FR0021,D000180,P028,2026-01-14,12664.57,11,T012,Valid
2609,FR0021,D000367,P028,2026-01-11,12664.57,11,T012,Valid
2610,FR0021,D000412,P028,2026-02-24,31102.15,27,T012,Valid
2611,FR0021,D000087,P028,2026-02-26,31102.15,27,T012,Valid
2612,FR0021,D000676,P028,2026-03-06,20476.84,18,T012,Valid
2613,FR0021,D000412,P028,2026-03-23,20476.84,18,T012,Valid
2614,FR0021,D000202,P028,2026-03-11,20476.84,18,T012,Valid
2615,FR0021,D000676,P028,2026-04-06,13308.85,12,T012,Valid
2616,FR0021,D000202,P028,2026-04-17,13308.85,12,T012,Valid
2617,FR0021,D000996,P028,2026-04-04,13308.85,12,T012,Valid
2618,FR0021,D000960,P028,2026-04-20,13308.85,12,T012,Valid
2619,FR0021,D000624,P028,2026-04-11,13308.85,12,T012,Valid
2620,FR0021,D000996,P028,2026-05-17,32121.53,28,T012,Valid
2621,FR0021,D000624,P028,2026-05-13,32121.53,28,T012,Valid
2622,FR0021,D000101,P028,2026-06-27,11231.15,10,T012,Valid
2623,FR0021,D000960,P028,2026-06-02,11231.15,10,T012,Valid
2624,FR0021,D000848,P028,2026-06-26,11231.15,10,T012,Valid
2625,FR0021,D000087,P028,2026-06-27,11231.15,10,T012,Valid
2626,FR0021,D000202,P028,2026-06-24,11231.15,10,T012,Valid
2627,FR0021,D000624,P028,2026-06-02,11231.15,10,T012,Valid
2628,FR0021,D000624,P028,2026-07-09,13396.8,12,T012,Valid
2629,FR0021,D000101,P028,2026-07-27,13396.8,12,T012,Valid
2630,FR0021,D000960,P028,2026-07-25,13396.8,12,T012,Valid
2631,FR0021,D000180,P028,2026-07-04,13396.8,12,T012,Valid
2632,FR0021,D000996,P028,2026-07-06,13396.8,12,T012,Valid
2633,FR0021,D000412,P018,2026-01-15,48132.57,71,T012,Valid
2634,FR0021,D000101,P018,2026-01-16,48132.57,71,T012,Valid
2635,FR0021,D000412,P018,2026-02-02,17142.91,25,T012,Valid
2636,FR0021,D000676,P018,2026-02-05,17142.91,25,T012,Valid
2637,FR0021,D000367,P018,2026-02-17,17142.91,25,T012,Valid
2638,FR0021,D000848,P018,2026-02-01,17142.91,25,T012,Valid
2639,FR0021,D000960,P018,2026-02-12,17142.91,25,T012,Valid
2640,FR0021,D000960,P018,2026-03-23,28776.52,43,T012,Valid
2641,FR0021,D000367,P018,2026-03-22,28776.52,43,T012,Valid
2642,FR0021,D000676,P018,2026-03-05,28776.52,43,T012,Valid
2643,FR0021,D000367,P018,2026-04-10,16625.0,25,T012,Valid
2644,FR0021,D000202,P018,2026-04-19,16625.0,25,T012,Valid
2645,FR0021,D000087,P018,2026-04-09,16625.0,25,T012,Valid
2646,FR0021,D000960,P018,2026-04-24,16625.0,25,T012,Valid
2647,FR0021,D000996,P018,2026-04-24,16625.0,25,T012,Valid
2648,FR0021,D000996,P018,2026-05-17,23194.09,34,T012,Valid
2649,FR0021,D000180,P018,2026-05-13,23194.09,34,T012,Valid
2650,FR0021,D000848,P018,2026-05-21,23194.09,34,T012,Valid
2651,FR0021,D000412,P018,2026-05-17,23194.09,34,T012,Valid
2652,FR0021,D000412,P018,2026-06-10,49133.16,73,T012,Valid
2653,FR0021,D000202,P018,2026-06-08,49133.16,73,T012,Valid
2654,FR0021,D000412,P018,2026-07-19,31973.21,47,T012,Valid
2655,FR0021,D000676,P018,2026-07-01,31973.21,47,T012,Valid
2656,FR0021,D000960,P018,2026-07-24,31973.21,47,T012,Valid
2657,FR0021,D000996,P012,2026-01-18,25308.54,12,T012,Valid
2658,FR0021,D000101,P012,2026-01-24,25308.54,12,T012,Valid
2659,FR0021,D000412,P012,2026-01-03,25308.54,12,T012,Valid
2660,FR0021,D000960,P012,2026-01-02,25308.54,12,T012,Valid
2661,FR0021,D000180,P012,2026-01-19,25308.54,12,T012,Valid
2662,FR0021,D000202,P012,2026-02-02,42706.93,20,T012,Valid
2663,FR0021,D000676,P012,2026-02-09,42706.93,20,T012,Valid
2664,FR0021,D000180,P012,2026-02-09,42706.93,20,T012,Valid
2665,FR0021,D000848,P012,2026-03-07,47395.82,22,T012,Valid
2666,FR0021,D000367,P012,2026-03-08,47395.82,22,T012,Valid
2667,FR0021,D000087,P012,2026-03-25,47395.82,22,T012,Valid
2668,FR0021,D000412,P012,2026-04-07,61734.91,29,T012,Valid
2669,FR0021,D000101,P012,2026-04-04,61734.91,29,T012,Valid
2670,FR0021,D000960,P012,2026-05-19,42130.47,20,T012,Valid
2671,FR0021,D000676,P012,2026-05-19,42130.47,20,T012,Valid
2672,FR0021,D000367,P012,2026-05-04,42130.47,20,T012,Valid
2673,FR0021,D000676,P012,2026-06-16,23914.34,11,T012,Valid
2674,FR0021,D000087,P012,2026-06-06,23914.34,11,T012,Valid
2675,FR0021,D000367,P012,2026-06-17,23914.34,11,T012,Valid
2676,FR0021,D000624,P012,2026-06-17,23914.34,11,T012,Valid
2677,FR0021,D000848,P012,2026-06-21,23914.34,11,T012,Valid
2678,FR0021,D000180,P012,2026-06-09,23914.34,11,T012,Valid
2679,FR0021,D000996,P012,2026-07-16,32171.79,15,T012,Valid
2680,FR0021,D000676,P012,2026-07-11,32171.79,15,T012,Valid
2681,FR0021,D000101,P012,2026-07-16,32171.79,15,T012,Valid
2682,FR0021,D000180,P012,2026-07-06,32171.79,15,T012,Valid
2683,FR0021,D000180,P004,2026-01-17,8804.08,5,T012,Valid
2684,FR0021,D000202,P004,2026-01-11,8804.08,5,T012,Valid
2685,FR0021,D000101,P004,2026-01-17,8804.08,5,T012,Valid
2686,FR0021,D000960,P004,2026-01-04,8804.08,5,T012,Valid
2687,FR0021,D000848,P004,2026-01-10,8804.08,5,T012,Valid
2688,FR0021,D000996,P004,2026-01-07,8804.08,5,T012,Valid
2689,FR0021,D000180,P004,2026-02-16,9297.98,5,T012,Valid
2690,FR0021,D000996,P004,2026-02-20,9297.98,5,T012,Valid
2691,FR0021,D000960,P004,2026-02-14,9297.98,5,T012,Valid
2692,FR0021,D000412,P004,2026-02-24,9297.98,5,T012,Valid
2693,FR0021,D000367,P004,2026-02-08,9297.98,5,T012,Valid
2694,FR0021,D000367,P004,2026-03-27,17365.75,10,T012,Valid
2695,FR0021,D000412,P004,2026-03-11,17365.75,10,T012,Valid
2696,FR0021,D000960,P004,2026-03-10,17365.75,10,T012,Valid
2697,FR0021,D000087,P004,2026-04-25,10222.44,6,T012,Valid
2698,FR0021,D000624,P004,2026-04-01,10222.44,6,T012,Valid
2699,FR0021,D000412,P004,2026-04-23,10222.44,6,T012,Valid
2700,FR0021,D000180,P004,2026-04-07,10222.44,6,T012,Valid
2701,FR0021,D000202,P004,2026-04-23,10222.44,6,T012,Valid
2702,FR0021,D000412,P004,2026-05-07,9402.68,5,T012,Valid
2703,FR0021,D000848,P004,2026-05-17,9402.68,5,T012,Valid
2704,FR0021,D000960,P004,2026-05-09,9402.68,5,T012,Valid
2705,FR0021,D000202,P004,2026-05-03,9402.68,5,T012,Valid
2706,FR0021,D000624,P004,2026-05-06,9402.68,5,T012,Valid
2707,FR0021,D000996,P004,2026-06-23,26497.54,15,T012,Valid
2708,FR0021,D000624,P004,2026-06-16,26497.54,15,T012,Valid
2709,FR0021,D000087,P004,2026-07-09,24734.75,14,T012,Valid
2710,FR0021,D000412,P004,2026-07-12,24734.75,14,T012,Valid
2711,FR0022,D000475,P004,2026-01-08,8809.14,5,T020,Valid
2712,FR0022,D000914,P004,2026-01-19,8809.14,5,T020,Valid
2713,FR0022,D000298,P004,2026-01-25,8809.14,5,T020,Valid
2714,FR0022,D000452,P004,2026-01-09,8809.14,5,T020,Valid
2715,FR0022,D000230,P004,2026-01-17,8809.14,5,T020,Valid
2716,FR0022,D000427,P004,2026-01-10,8809.14,5,T020,Valid
2717,FR0022,D000359,P004,2026-02-15,52293.42,30,T020,Valid
2718,FR0022,D000189,P004,2026-03-14,12819.49,7,T020,Valid
2719,FR0022,D000286,P004,2026-03-13,12819.49,7,T020,Valid
2720,FR0022,D000230,P004,2026-03-16,12819.49,7,T020,Valid
2721,FR0022,D000695,P004,2026-03-02,12819.49,7,T020,Valid
2722,FR0022,D000768,P004,2026-04-17,26904.18,15,T020,Valid
2723,FR0022,D000189,P004,2026-04-11,26904.18,15,T020,Valid
2724,FR0022,D000286,P004,2026-05-03,23515.08,14,T020,Valid
2725,FR0022,D000475,P004,2026-05-25,23515.08,14,T020,Valid
2726,FR0022,D000831,P004,2026-06-21,26289.14,15,T020,Valid
2727,FR0022,D000475,P004,2026-06-25,26289.14,15,T020,Valid
2728,FR0022,D000317,P004,2026-07-21,9724.98,6,T020,Valid
2729,FR0022,D000695,P004,2026-07-11,9724.98,6,T020,Valid
2730,FR0022,D000359,P004,2026-07-17,9724.98,6,T020,Valid
2731,FR0022,D000230,P004,2026-07-23,9724.98,6,T020,Valid
2732,FR0022,D000286,P004,2026-07-27,9724.98,6,T020,Valid
2733,FR0022,D000427,P016,2026-01-14,76093.81,519,T020,Valid
2734,FR0022,D000359,P016,2026-01-09,76093.81,519,T020,Valid
2735,FR0022,D000745,P016,2026-02-19,52279.61,356,T020,Valid
2736,FR0022,D000831,P016,2026-02-07,52279.61,356,T020,Valid
2737,FR0022,D000914,P016,2026-02-05,52279.61,356,T020,Valid
2738,FR0022,D000317,P016,2026-03-12,67655.91,461,T020,Valid
2739,FR0022,D000452,P016,2026-03-11,67655.91,461,T020,Valid
2740,FR0022,D000768,P016,2026-04-07,51100.19,348,T020,Valid
2741,FR0022,D000317,P016,2026-04-12,51100.19,348,T020,Valid
2742,FR0022,D000298,P016,2026-04-05,51100.19,348,T020,Valid
2743,FR0022,D000755,P016,2026-05-15,54218.94,369,T020,Valid
2744,FR0022,D000189,P016,2026-05-07,54218.94,369,T020,Valid
2745,FR0022,D000427,P016,2026-05-25,54218.94,369,T020,Valid
2746,FR0022,D000298,P016,2026-06-24,22679.76,155,T020,Valid
2747,FR0022,D000286,P016,2026-06-12,22679.76,155,T020,Valid
2748,FR0022,D000755,P016,2026-06-11,22679.76,155,T020,Valid
2749,FR0022,D000914,P016,2026-06-07,22679.76,155,T020,Valid
2750,FR0022,D000230,P016,2026-06-03,22679.76,155,T020,Valid
2751,FR0022,D000427,P016,2026-06-17,22679.76,155,T020,Valid
2752,FR0022,D000189,P016,2026-07-26,74238.44,506,T020,Valid
2753,FR0022,D000425,P016,2026-07-13,74238.44,506,T020,Valid
2754,FR0022,D000427,P005,2026-01-21,20547.81,11,T020,Valid
2755,FR0022,D000745,P005,2026-01-13,20547.81,11,T020,Valid
2756,FR0022,D000230,P005,2026-01-01,20547.81,11,T020,Valid
2757,FR0022,D000695,P005,2026-01-24,20547.81,11,T020,Valid
2758,FR0022,D000189,P005,2026-02-05,25043.21,13,T020,Valid
2759,FR0022,D000286,P005,2026-02-23,25043.21,13,T020,Valid
2760,FR0022,D000452,P005,2026-02-25,25043.21,13,T020,Valid
2761,FR0022,D000425,P005,2026-03-26,88879.66,46,T020,Valid
2762,FR0022,D000189,P005,2026-04-10,30090.92,15,T020,Valid
2763,FR0022,D000427,P005,2026-04-21,30090.92,15,T020,Valid
2764,FR0022,D000298,P005,2026-04-27,30090.92,15,T020,Valid
2765,FR0022,D000914,P005,2026-05-24,37411.41,19,T020,Valid
2766,FR0022,D000189,P005,2026-05-14,37411.41,19,T020,Valid
2767,FR0022,D000359,P005,2026-06-12,29385.11,15,T020,Valid
2768,FR0022,D000230,P005,2026-06-03,29385.11,15,T020,Valid
2769,FR0022,D000189,P005,2026-06-03,29385.11,15,T020,Valid
2770,FR0022,D000831,P005,2026-07-10,13790.22,7,T020,Valid
2771,FR0022,D000286,P005,2026-07-16,13790.22,7,T020,Valid
2772,FR0022,D000768,P005,2026-07-05,13790.22,7,T020,Valid
2773,FR0022,D000475,P005,2026-07-22,13790.22,7,T020,Valid
2774,FR0022,D000695,P005,2026-07-12,13790.22,7,T020,Valid
2775,FR0022,D000189,P005,2026-07-22,13790.22,7,T020,Valid
2776,FR0022,D000317,P029,2026-01-24,8815.28,23,T020,Valid
2777,FR0022,D000755,P029,2026-01-23,8815.28,23,T020,Valid
2778,FR0022,D000286,P029,2026-01-10,8815.28,23,T020,Valid
2779,FR0022,D000298,P029,2026-01-04,8815.28,23,T020,Valid
2780,FR0022,D000695,P029,2026-01-08,8815.28,23,T020,Valid
2781,FR0022,D000230,P029,2026-01-06,8815.28,23,T020,Valid
2782,FR0022,D000452,P029,2026-02-22,8356.54,21,T020,Valid
2783,FR0022,D000755,P029,2026-02-19,8356.54,21,T020,Valid
2784,FR0022,D000286,P029,2026-02-02,8356.54,21,T020,Valid
2785,FR0022,D000359,P029,2026-02-26,8356.54,21,T020,Valid
2786,FR0022,D000425,P029,2026-02-21,8356.54,21,T020,Valid
2787,FR0022,D000831,P029,2026-02-26,8356.54,21,T020,Valid
2788,FR0022,D000359,P029,2026-03-01,15524.5,40,T020,Valid
2789,FR0022,D000425,P029,2026-03-16,15524.5,40,T020,Valid
2790,FR0022,D000914,P029,2026-03-12,15524.5,40,T020,Valid
2791,FR0022,D000425,P029,2026-04-15,11135.94,29,T020,Valid
2792,FR0022,D000427,P029,2026-04-24,11135.94,29,T020,Valid
2793,FR0022,D000475,P029,2026-04-21,11135.94,29,T020,Valid
2794,FR0022,D000317,P029,2026-04-17,11135.94,29,T020,Valid
2795,FR0022,D000452,P029,2026-04-11,11135.94,29,T020,Valid
2796,FR0022,D000831,P029,2026-05-09,9261.04,24,T020,Valid
2797,FR0022,D000695,P029,2026-05-26,9261.04,24,T020,Valid
2798,FR0022,D000230,P029,2026-05-14,9261.04,24,T020,Valid
2799,FR0022,D000914,P029,2026-05-01,9261.04,24,T020,Valid
2800,FR0022,D000359,P029,2026-05-05,9261.04,24,T020,Valid
2801,FR0022,D000452,P029,2026-05-08,9261.04,24,T020,Valid
2802,FR0022,D000745,P029,2026-06-14,15925.19,41,T020,Valid
2803,FR0022,D000317,P029,2026-06-03,15925.19,41,T020,Valid
2804,FR0022,D000427,P029,2026-06-06,15925.19,41,T020,Valid
2805,FR0022,D000427,P029,2026-07-07,18819.45,48,T020,Valid
2806,FR0022,D000755,P029,2026-07-24,18819.45,48,T020,Valid
2807,FR0022,D000189,P029,2026-07-17,18819.45,48,T020,Valid
2808,FR0022,D000427,P024,2026-01-04,20269.08,28,T020,Valid
2809,FR0022,D000745,P024,2026-01-06,20269.08,28,T020,Valid
2810,FR0022,D000452,P024,2026-01-21,20269.08,28,T020,Valid
2811,FR0022,D000286,P024,2026-01-08,20269.08,28,T020,Valid
2812,FR0022,D000359,P024,2026-01-25,20269.08,28,T020,Valid
2813,FR0022,D000755,P024,2026-01-05,20269.08,28,T020,Valid
2814,FR0022,D000230,P024,2026-02-17,34537.89,47,T020,Valid
2815,FR0022,D000425,P024,2026-02-16,34537.89,47,T020,Valid
2816,FR0022,D000317,P024,2026-02-11,34537.89,47,T020,Valid
2817,FR0022,D000831,P024,2026-02-24,34537.89,47,T020,Valid
2818,FR0022,D000914,P024,2026-03-25,65825.41,89,T020,Valid
2819,FR0022,D000768,P024,2026-03-08,65825.41,89,T020,Valid
2820,FR0022,D000286,P024,2026-03-26,65825.41,89,T020,Valid
2821,FR0022,D000286,P024,2026-04-13,32931.22,45,T020,Valid
2822,FR0022,D000298,P024,2026-04-24,32931.22,45,T020,Valid
2823,FR0022,D000317,P024,2026-04-19,32931.22,45,T020,Valid
2824,FR0022,D000914,P024,2026-04-05,32931.22,45,T020,Valid
2825,FR0022,D000298,P024,2026-05-10,69995.29,95,T020,Valid
2826,FR0022,D000452,P024,2026-05-04,69995.29,95,T020,Valid
2827,FR0022,D000298,P024,2026-06-15,33519.84,46,T020,Valid
2828,FR0022,D000452,P024,2026-06-03,33519.84,46,T020,Valid
2829,FR0022,D000745,P024,2026-06-24,33519.84,46,T020,Valid
2830,FR0022,D000475,P024,2026-06-09,33519.84,46,T020,Valid
2831,FR0022,D000768,P024,2026-07-26,29284.7,40,T020,Valid
2832,FR0022,D000475,P024,2026-07-25,29284.7,40,T020,Valid
2833,FR0022,D000286,P024,2026-07-08,29284.7,40,T020,Valid
2834,FR0022,D000745,P024,2026-07-04,29284.7,40,T020,Valid
2835,FR0022,D000755,P024,2026-07-24,29284.7,40,T020,Valid
2836,FR0023,D000074,P028,2026-01-12,21781.47,19,T009,Valid
2837,FR0023,D000320,P028,2026-01-01,21781.47,19,T009,Valid
2838,FR0023,D000068,P028,2026-01-23,21781.47,19,T009,Valid
2839,FR0023,D000257,P028,2026-01-16,21781.47,19,T009,Valid
2840,FR0023,D000053,P028,2026-02-20,21488.39,19,T009,Valid
2841,FR0023,D000257,P028,2026-02-22,21488.39,19,T009,Valid
2842,FR0023,D000074,P028,2026-02-02,21488.39,19,T009,Valid
2843,FR0023,D000068,P028,2026-02-04,21488.39,19,T009,Valid
2844,FR0023,D000053,P028,2026-03-12,47175.39,41,T009,Valid
2845,FR0023,D000068,P028,2026-03-22,47175.39,41,T009,Valid
2846,FR0023,D000074,P028,2026-04-15,44974.39,39,T009,Valid
2847,FR0023,D000257,P028,2026-04-17,44974.39,39,T009,Valid
2848,FR0023,D000053,P028,2026-05-21,19549.78,17,T009,Valid
2849,FR0023,D000068,P028,2026-05-04,19549.78,17,T009,Valid
2850,FR0023,D000074,P028,2026-05-14,19549.78,17,T009,Valid
2851,FR0023,D000320,P028,2026-05-01,19549.78,17,T009,Valid
2852,FR0023,D000257,P028,2026-05-15,19549.78,17,T009,Valid
2853,FR0023,D000074,P028,2026-06-11,31718.24,28,T009,Valid
2854,FR0023,D000257,P028,2026-06-23,31718.24,28,T009,Valid
2855,FR0023,D000053,P028,2026-06-09,31718.24,28,T009,Valid
2856,FR0023,D000074,P028,2026-07-03,17142.85,15,T009,Valid
2857,FR0023,D000257,P028,2026-07-12,17142.85,15,T009,Valid
2858,FR0023,D000068,P028,2026-07-18,17142.85,15,T009,Valid
2859,FR0023,D000053,P028,2026-07-26,17142.85,15,T009,Valid
2860,FR0023,D000320,P028,2026-07-08,17142.85,15,T009,Valid
2861,FR0023,D000068,P012,2026-01-12,29022.88,14,T009,Valid
2862,FR0023,D000257,P012,2026-01-26,29022.88,14,T009,Valid
2863,FR0023,D000053,P012,2026-01-12,29022.88,14,T009,Valid
2864,FR0023,D000320,P012,2026-01-06,29022.88,14,T009,Valid
2865,FR0023,D000074,P012,2026-01-11,29022.88,14,T009,Valid
2866,FR0023,D000074,P012,2026-02-03,28669.45,14,T009,Valid
2867,FR0023,D000068,P012,2026-02-23,28669.45,14,T009,Valid
2868,FR0023,D000257,P012,2026-02-22,28669.45,14,T009,Valid
2869,FR0023,D000053,P012,2026-02-09,28669.45,14,T009,Valid
2870,FR0023,D000320,P012,2026-02-23,28669.45,14,T009,Valid
2871,FR0023,D000074,P012,2026-03-11,68834.59,32,T009,Valid
2872,FR0023,D000053,P012,2026-03-15,68834.59,32,T009,Valid
2873,FR0023,D000068,P012,2026-04-05,79672.6,38,T006,Valid
2874,FR0023,D000320,P012,2026-04-20,79672.6,38,T006,Valid
2875,FR0023,D000257,P012,2026-04-14,79672.6,38,T009,Valid
2876,FR0023,D000320,P012,2026-05-23,28585.01,13,T009,Valid
2877,FR0023,D000257,P012,2026-05-12,28585.01,13,T009,Valid
2878,FR0023,D000074,P012,2026-05-26,28585.01,13,T009,Valid
2879,FR0023,D000068,P012,2026-05-14,28585.01,13,T009,Valid
2880,FR0023,D000053,P012,2026-05-12,28585.01,13,T009,Valid
2881,FR0023,D000074,P012,2026-06-19,45483.94,21,T009,Valid
2882,FR0023,D000068,P012,2026-06-04,45483.94,21,T009,Valid
2883,FR0023,D000320,P012,2026-06-17,45483.94,21,T009,Valid
2884,FR0023,D000068,P012,2026-07-09,27022.92,13,T009,Valid
2885,FR0023,D000074,P012,2026-07-27,27022.92,13,T009,Valid
2886,FR0023,D000257,P012,2026-07-15,27022.92,13,T009,Valid
2887,FR0023,D000053,P012,2026-07-15,27022.92,13,T009,Valid
2888,FR0023,D000320,P012,2026-07-19,27022.92,13,T009,Valid
2889,FR0023,D000053,P008,2026-01-24,11923.77,5,T009,Valid
2890,FR0023,D000074,P008,2026-01-16,11923.77,5,T009,Valid
2891,FR0023,D000257,P008,2026-01-05,11923.77,5,T009,Valid
2892,FR0023,D000068,P008,2026-01-10,11923.77,5,T017,Valid
2893,FR0023,D000257,P008,2026-02-20,9236.82,4,T009,Valid
2894,FR0023,D000068,P008,2026-02-23,9236.82,4,T009,Valid
2895,FR0023,D000074,P008,2026-02-12,9236.82,4,T009,Valid
2896,FR0023,D000320,P008,2026-02-04,9236.82,4,T009,Valid
2897,FR0023,D000053,P008,2026-02-03,9236.82,4,T009,Valid
2898,FR0023,D000068,P008,2026-03-16,15776.63,7,T009,Valid
2899,FR0023,D000053,P008,2026-03-04,15776.63,7,T009,Valid
2900,FR0023,D000074,P008,2026-03-03,15776.63,7,T009,Valid
2901,FR0023,D000257,P008,2026-04-11,9802.81,4,T009,Valid
2902,FR0023,D000320,P008,2026-04-04,9802.81,4,T009,Valid
2903,FR0023,D000074,P008,2026-04-12,9802.81,4,T009,Valid
2904,FR0023,D000068,P008,2026-04-23,9802.81,4,T009,Valid
2905,FR0023,D000053,P008,2026-04-09,9802.81,4,T009,Valid
2906,FR0023,D000053,P008,2026-05-17,11430.04,5,T009,Valid
2907,FR0023,D000074,P008,2026-05-01,11430.04,5,T009,Valid
2908,FR0023,D000068,P008,2026-05-02,11430.04,5,T009,Valid
2909,FR0023,D000320,P008,2026-05-02,11430.04,5,T009,Valid
2910,FR0023,D000053,P008,2026-06-01,8950.72,4,T009,Valid
2911,FR0023,D000320,P008,2026-06-19,8950.72,4,T009,Valid
2912,FR0023,D000068,P008,2026-06-12,8950.72,4,T009,Valid
2913,FR0023,D000074,P008,2026-06-06,8950.72,4,T009,Valid
2914,FR0023,D000257,P008,2026-06-21,8950.72,4,T009,Valid
2915,FR0023,D000068,P008,2026-07-19,24303.26,10,T009,Valid
2916,FR0023,D000074,P008,2026-07-15,24303.26,10,T009,Valid
2917,FR0023,D000053,P022,2026-01-12,30543.83,75,T009,Valid
2918,FR0023,D000320,P022,2026-01-06,30543.83,75,T009,Valid
2919,FR0023,D000068,P022,2026-01-17,30543.83,75,T009,Valid
2920,FR0023,D000074,P022,2026-01-04,30543.83,75,T009,Valid
2921,FR0023,D000257,P022,2026-01-07,30543.83,75,T009,Valid
2922,FR0023,D000320,P022,2026-02-11,29291.2,72,T009,Valid
2923,FR0023,D000257,P022,2026-02-12,29291.2,72,T009,Valid
2924,FR0023,D000068,P022,2026-02-08,29291.2,72,T009,Valid
2925,FR0023,D000053,P022,2026-02-16,29291.2,72,T009,Valid
2926,FR0023,D000074,P022,2026-02-26,29291.2,72,T009,Valid
2927,FR0023,D000074,P022,2026-03-25,140702.38,345,T009,Valid
2928,FR0023,D000257,P022,2026-03-21,140702.38,345,T009,Valid
2929,FR0023,D000257,P022,2026-04-03,32895.74,81,T009,Valid
2930,FR0023,D000320,P022,2026-04-01,32895.74,81,T009,Valid
2931,FR0023,D000068,P022,2026-04-04,32895.74,81,T009,Valid
2932,FR0023,D000074,P022,2026-04-18,32895.74,81,T009,Valid
2933,FR0023,D000053,P022,2026-05-10,34222.2,84,T009,Valid
2934,FR0023,D000320,P022,2026-05-24,34222.2,84,T009,Valid
2935,FR0023,D000257,P022,2026-05-18,34222.2,84,T009,Valid
2936,FR0023,D000074,P022,2026-05-21,34222.2,84,T009,Valid
2937,FR0023,D000257,P022,2026-06-27,35999.89,88,T009,Valid
2938,FR0023,D000068,P022,2026-06-22,35999.89,88,T009,Valid
2939,FR0023,D000320,P022,2026-06-24,35999.89,88,T009,Valid
2940,FR0023,D000053,P022,2026-06-17,35999.89,88,T009,Valid
2941,FR0023,D000053,P022,2026-07-08,49523.76,121,T009,Valid
2942,FR0023,D000257,P022,2026-07-11,49523.76,121,T009,Valid
2943,FR0023,D000320,P022,2026-07-23,49523.76,121,T009,Valid
2944,FR0023,D000074,P016,2026-01-08,45239.61,308,T009,Valid
2945,FR0023,D000053,P016,2026-01-27,45239.61,308,T009,Valid
2946,FR0023,D000074,P016,2026-02-05,31120.97,212,T009,Valid
2947,FR0023,D000257,P016,2026-02-20,31120.97,212,T009,Valid
2948,FR0023,D000053,P016,2026-02-20,31120.97,212,T009,Valid
2949,FR0023,D000068,P016,2026-03-14,27415.65,187,T009,Valid
2950,FR0023,D000074,P016,2026-03-14,27415.65,187,T009,Valid
2951,FR0023,D000320,P016,2026-03-09,27415.65,187,T009,Valid
2952,FR0023,D000053,P016,2026-03-07,27415.65,187,T009,Valid
2953,FR0023,D000053,P016,2026-04-21,19006.69,130,T009,Valid
2954,FR0023,D000257,P016,2026-04-04,19006.69,130,T009,Valid
2955,FR0023,D000320,P016,2026-04-26,19006.69,130,T009,Valid
2956,FR0023,D000074,P016,2026-04-03,19006.69,130,T009,Valid
2957,FR0023,D000068,P016,2026-04-18,19006.69,130,T009,Valid
2958,FR0023,D000074,P016,2026-05-25,21135.89,144,T009,Valid
2959,FR0023,D000320,P016,2026-05-13,21135.89,144,T009,Valid
2960,FR0023,D000068,P016,2026-05-07,21135.89,144,T009,Valid
2961,FR0023,D000257,P016,2026-05-18,21135.89,144,T009,Valid
2962,FR0023,D000053,P016,2026-05-07,21135.89,144,T009,Valid
2963,FR0023,D000068,P016,2026-06-27,45135.28,308,T009,Valid
2964,FR0023,D000053,P016,2026-06-06,45135.28,308,T009,Valid
2965,FR0023,D000074,P016,2026-07-20,21426.03,146,T009,Valid
2966,FR0023,D000257,P016,2026-07-02,21426.03,146,T009,Valid
2967,FR0023,D000320,P016,2026-07-17,21426.03,146,T009,Valid
2968,FR0023,D000053,P016,2026-07-07,21426.03,146,T009,Valid
2969,FR0023,D000068,P016,2026-07-07,21426.03,146,T009,Valid
2970,FR0023,D000074,P023,2026-01-21,25401.44,11,T009,Valid
2971,FR0023,D000257,P023,2026-01-13,25401.44,11,T009,Valid
2972,FR0023,D000053,P023,2026-01-05,25401.44,11,T009,Valid
2973,FR0023,D000257,P023,2026-02-27,18552.0,8,T009,Valid
2974,FR0023,D000053,P023,2026-02-20,18552.0,8,T009,Valid
2975,FR0023,D000068,P023,2026-02-10,18552.0,8,T009,Valid
2976,FR0023,D000320,P023,2026-02-06,18552.0,8,T009,Valid
2977,FR0023,D000257,P023,2026-03-20,37897.62,16,T009,Valid
2978,FR0023,D000053,P023,2026-03-06,37897.62,16,T009,Valid
2979,FR0023,D000068,P023,2026-04-13,38351.68,16,T009,Valid
2980,FR0023,D000053,P023,2026-04-19,38351.68,16,T009,Valid
2981,FR0023,D000053,P023,2026-05-21,27850.59,12,T009,Valid
2982,FR0023,D000320,P023,2026-05-16,27850.59,12,T009,Valid
2983,FR0023,D000257,P023,2026-05-21,27850.59,12,T009,Valid
2984,FR0023,D000257,P023,2026-06-21,26975.77,11,T009,Valid
2985,FR0023,D000074,P023,2026-06-16,26975.77,11,T009,Valid
2986,FR0023,D000068,P023,2026-06-15,26975.77,11,T009,Valid
2987,FR0023,D000257,P023,2026-07-12,24728.0,10,T009,Valid
2988,FR0023,D000074,P023,2026-07-01,24728.0,10,T009,Valid
2989,FR0023,D000053,P023,2026-07-26,24728.0,10,T009,Valid
2990,FR0023,D000068,P014,2026-01-14,11674.75,8,T009,Valid
2991,FR0023,D000074,P014,2026-01-24,11674.75,8,T009,Valid
2992,FR0023,D000053,P014,2026-01-15,11674.75,8,T009,Valid
2993,FR0023,D000320,P014,2026-01-15,11674.75,8,T009,Valid
2994,FR0023,D000257,P014,2026-01-11,11674.75,8,T009,Valid
2995,FR0023,D000068,P014,2026-02-07,17742.55,13,T009,Valid
2996,FR0023,D000320,P014,2026-02-22,17742.55,13,T009,Valid
2997,FR0023,D000074,P014,2026-02-20,17742.55,13,T009,Valid
2998,FR0023,D000074,P014,2026-03-16,11691.66,8,T009,Valid
2999,FR0023,D000320,P014,2026-03-18,11691.66,8,T009,Valid
3000,FR0023,D000053,P014,2026-03-15,11691.66,8,T009,Valid
3001,FR0023,D000068,P014,2026-03-27,11691.66,8,T009,Valid
3002,FR0023,D000257,P014,2026-03-20,11691.66,8,T009,Valid
3003,FR0023,D000257,P014,2026-04-06,10857.39,8,T012,Valid
3004,FR0023,D000068,P014,2026-04-22,10857.39,8,T009,Valid
3005,FR0023,D000320,P014,2026-04-21,10857.39,8,T009,Valid
3006,FR0023,D000053,P014,2026-04-07,10857.39,8,T011,Valid
3007,FR0023,D000074,P014,2026-04-08,10857.39,8,T004,Valid
3008,FR0023,D000320,P014,2026-05-03,12657.02,9,T009,Valid
3009,FR0023,D000053,P014,2026-05-01,12657.02,9,T009,Valid
3010,FR0023,D000074,P014,2026-05-11,12657.02,9,T009,Valid
3011,FR0023,D000257,P014,2026-05-11,12657.02,9,T009,Valid
3012,FR0023,D000068,P014,2026-05-07,12657.02,9,T009,Valid
3013,FR0023,D000320,P014,2026-06-16,13558.61,10,T009,Valid
3014,FR0023,D000074,P014,2026-06-23,13558.61,10,T009,Valid
3015,FR0023,D000257,P014,2026-06-10,13558.61,10,T009,Valid
3016,FR0023,D000068,P014,2026-06-04,13558.61,10,T009,Valid
3017,FR0023,D000053,P014,2026-07-23,12580.32,9,T009,Valid
3018,FR0023,D000257,P014,2026-07-04,12580.32,9,T009,Valid
3019,FR0023,D000320,P014,2026-07-05,12580.32,9,T009,Valid
3020,FR0023,D000068,P014,2026-07-04,12580.32,9,T009,Valid
3021,FR0023,D000074,P014,2026-07-02,12580.32,9,T009,Valid
3022,FR0024,D000027,P016,2026-01-12,22002.14,150,T002,Valid
3023,FR0024,D000720,P016,2026-01-06,22002.14,150,T002,Valid
3024,FR0024,D000611,P016,2026-01-20,22002.14,150,T002,Valid
3025,FR0024,D000476,P016,2026-01-22,22002.14,150,T002,Valid
3026,FR0024,D000744,P016,2026-01-05,22002.14,150,T002,Valid
3027,FR0024,D000611,P016,2026-02-26,29626.93,202,T002,Valid
3028,FR0024,D000027,P016,2026-02-01,29626.93,202,T002,Valid
3029,FR0024,D000744,P016,2026-02-19,29626.93,202,T002,Valid
3030,FR0024,D000720,P016,2026-02-06,29626.93,202,T002,Valid
3031,FR0024,D000027,P016,2026-03-23,17328.05,118,T002,Valid
3032,FR0024,D000720,P016,2026-03-09,17328.05,118,T002,Valid
3033,FR0024,D000611,P016,2026-03-14,17328.05,118,T002,Valid
3034,FR0024,D000744,P016,2026-03-02,17328.05,118,T002,Valid
3035,FR0024,D000721,P016,2026-03-24,17328.05,118,T002,Valid
3036,FR0024,D000476,P016,2026-03-22,17328.05,118,T002,Valid
3037,FR0024,D000027,P016,2026-04-16,17898.09,122,T002,Valid
3038,FR0024,D000721,P016,2026-04-13,17898.09,122,T002,Valid
3039,FR0024,D000744,P016,2026-04-23,17898.09,122,T002,Valid
3040,FR0024,D000476,P016,2026-04-09,17898.09,122,T002,Valid
3041,FR0024,D000611,P016,2026-04-13,17898.09,122,T002,Valid
3042,FR0024,D000720,P016,2026-04-12,17898.09,122,T002,Valid
3043,FR0024,D000476,P016,2026-05-07,30856.97,210,T002,Valid
3044,FR0024,D000611,P016,2026-05-10,30856.97,210,T002,Valid
3045,FR0024,D000721,P016,2026-05-03,30856.97,210,T002,Valid
3046,FR0024,D000720,P016,2026-05-22,30856.97,210,T002,Valid
3047,FR0024,D000027,P016,2026-06-26,60739.17,414,T002,Valid
3048,FR0024,D000476,P016,2026-06-04,60739.17,414,T002,Valid
3049,FR0024,D000744,P016,2026-07-24,118717.79,809,T002,Valid
3050,FR0024,D000027,P016,2026-07-11,118717.79,809,T002,Valid
3051,FR0024,D000744,P013,2026-01-23,13482.55,29,T002,Valid
3052,FR0024,D000027,P013,2026-01-07,13482.55,29,T002,Valid
3053,FR0024,D000721,P013,2026-01-03,13482.55,29,T002,Valid
3054,FR0024,D000720,P013,2026-01-03,13482.55,29,T002,Valid
3055,FR0024,D000476,P013,2026-02-13,14547.43,31,T002,Valid
3056,FR0024,D000027,P013,2026-02-21,14547.43,31,T002,Valid
3057,FR0024,D000721,P013,2026-02-07,14547.43,31,T002,Valid
3058,FR0024,D000720,P013,2026-03-15,17049.94,37,T002,Valid
3059,FR0024,D000611,P013,2026-03-17,17049.94,37,T002,Valid
3060,FR0024,D000027,P013,2026-03-03,17049.94,37,T002,Valid
3061,FR0024,D000476,P013,2026-04-25,7734.53,17,T002,Valid
3062,FR0024,D000027,P013,2026-04-06,7734.53,17,T002,Valid
3063,FR0024,D000721,P013,2026-04-21,7734.53,17,T002,Valid
3064,FR0024,D000720,P013,2026-04-19,7734.53,17,T002,Valid
3065,FR0024,D000611,P013,2026-04-20,7734.53,17,T002,Valid
3066,FR0024,D000744,P013,2026-04-17,7734.53,17,T002,Valid
3067,FR0024,D000721,P013,2026-05-10,16049.09,34,T002,Valid
3068,FR0024,D000027,P013,2026-05-06,16049.09,34,T002,Valid
3069,FR0024,D000611,P013,2026-05-02,16049.09,34,T002,Valid
3070,FR0024,D000027,P013,2026-06-11,10644.47,23,T002,Valid
3071,FR0024,D000720,P013,2026-06-25,10644.47,23,T002,Valid
3072,FR0024,D000744,P013,2026-06-23,10644.47,23,T002,Valid
3073,FR0024,D000611,P013,2026-06-20,10644.47,23,T002,Valid
3074,FR0024,D000721,P013,2026-06-03,10644.47,23,T002,Valid
3075,FR0024,D000611,P013,2026-07-18,10510.24,23,T002,Valid
3076,FR0024,D000720,P013,2026-07-07,10510.24,23,T002,Valid
3077,FR0024,D000744,P013,2026-07-19,10510.24,23,T002,Valid
3078,FR0024,D000476,P013,2026-07-02,10510.24,23,T002,Valid
3079,FR0024,D000721,P013,2026-07-12,10510.24,23,T002,Valid
3080,FR0024,D000720,P030,2026-01-14,20810.65,82,T002,Valid
3081,FR0024,D000744,P030,2026-01-05,20810.65,82,T002,Valid
3082,FR0024,D000476,P030,2026-01-11,20810.65,82,T002,Valid
3083,FR0024,D000027,P030,2026-01-21,20810.65,82,T002,Valid
3084,FR0024,D000721,P030,2026-01-13,20810.65,82,T002,Valid
3085,FR0024,D000476,P030,2026-02-13,34297.3,135,T002,Valid
3086,FR0024,D000027,P030,2026-02-05,34297.3,135,T002,Valid
3087,FR0024,D000721,P030,2026-02-11,34297.3,135,T002,Valid
3088,FR0024,D000744,P030,2026-03-04,178494.52,704,T002,Valid
3089,FR0024,D000476,P030,2026-04-26,33697.73,133,T002,Valid
3090,FR0024,D000721,P030,2026-04-14,33697.73,133,T002,Valid
3091,FR0024,D000720,P030,2026-04-01,33697.73,133,T002,Valid
3092,FR0024,D000720,P030,2026-05-11,15558.24,61,T002,Valid
3093,FR0024,D000721,P030,2026-05-12,15558.24,61,T002,Valid
3094,FR0024,D000027,P030,2026-05-23,15558.24,61,T002,Valid
3095,FR0024,D000611,P030,2026-05-12,15558.24,61,T002,Valid
3096,FR0024,D000744,P030,2026-05-16,15558.24,61,T002,Valid
3097,FR0024,D000476,P030,2026-05-01,15558.24,61,T002,Valid
3098,FR0024,D000611,P030,2026-06-18,30466.9,120,T002,Valid
3099,FR0024,D000720,P030,2026-06-19,30466.9,120,T002,Valid
3100,FR0024,D000744,P030,2026-06-11,30466.9,120,T002,Valid
3101,FR0024,D000476,P030,2026-07-01,14815.55,58,T002,Valid
3102,FR0024,D000721,P030,2026-07-17,14815.55,58,T002,Valid
3103,FR0024,D000744,P030,2026-07-13,14815.55,58,T002,Valid
3104,FR0024,D000027,P030,2026-07-05,14815.55,58,T002,Valid
3105,FR0024,D000720,P030,2026-07-11,14815.55,58,T002,Valid
3106,FR0024,D000611,P030,2026-07-17,14815.55,58,T002,Valid
3107,FR0024,D000476,P006,2026-01-16,20253.14,55,T002,Valid
3108,FR0024,D000611,P006,2026-01-08,20253.14,55,T002,Valid
3109,FR0024,D000744,P006,2026-01-01,20253.14,55,T002,Valid
3110,FR0024,D000720,P006,2026-01-12,20253.14,55,T002,Valid
3111,FR0024,D000027,P006,2026-01-20,20253.14,55,T002,Valid
3112,FR0024,D000611,P006,2026-02-20,20487.91,56,T002,Valid
3113,FR0024,D000721,P006,2026-02-04,20487.91,56,T002,Valid
3114,FR0024,D000476,P006,2026-02-24,20487.91,56,T002,Valid
3115,FR0024,D000744,P006,2026-02-24,20487.91,56,T002,Valid
3116,FR0024,D000027,P006,2026-02-17,20487.91,56,T002,Valid
3117,FR0024,D000611,P006,2026-03-07,45593.46,124,T002,Valid
3118,FR0024,D000744,P006,2026-03-10,45593.46,124,T002,Valid
3119,FR0024,D000721,P006,2026-04-15,19900.77,54,T002,Valid
3120,FR0024,D000476,P006,2026-04-15,19900.77,54,T008,Valid
3121,FR0024,D000720,P006,2026-04-11,19900.77,54,T003,Valid
3122,FR0024,D000744,P006,2026-04-11,19900.77,54,T010,Valid
3123,FR0024,D000027,P006,2026-04-11,19900.77,54,T004,Valid
3124,FR0024,D000720,P006,2026-05-27,24382.84,66,T002,Valid
3125,FR0024,D000476,P006,2026-05-02,24382.84,66,T002,Valid
3126,FR0024,D000611,P006,2026-05-10,24382.84,66,T002,Valid
3127,FR0024,D000744,P006,2026-05-19,24382.84,66,T002,Valid
3128,FR0024,D000720,P006,2026-06-05,34844.05,95,T002,Valid
3129,FR0024,D000027,P006,2026-06-04,34844.05,95,T002,Valid
3130,FR0024,D000721,P006,2026-06-06,34844.05,95,T002,Valid
3131,FR0024,D000027,P006,2026-07-16,25457.4,69,T002,Valid
3132,FR0024,D000720,P006,2026-07-18,25457.4,69,T002,Valid
3133,FR0024,D000611,P006,2026-07-17,25457.4,69,T002,Valid
3134,FR0024,D000744,P006,2026-07-21,25457.4,69,T002,Valid
3135,FR0024,D000611,P025,2026-01-08,47223.41,20,T002,Valid
3136,FR0024,D000476,P025,2026-01-21,47223.41,20,T002,Valid
3137,FR0024,D000720,P025,2026-02-08,26592.49,11,T002,Valid
3138,FR0024,D000027,P025,2026-02-08,26592.49,11,T002,Valid
3139,FR0024,D000721,P025,2026-02-05,26592.49,11,T002,Valid
3140,FR0024,D000027,P025,2026-03-22,17245.68,7,T002,Valid
3141,FR0024,D000721,P025,2026-03-23,17245.68,7,T002,Valid
3142,FR0024,D000611,P025,2026-03-18,17245.68,7,T002,Valid
3143,FR0024,D000476,P025,2026-03-02,17245.68,7,T002,Valid
3144,FR0024,D000744,P025,2026-03-19,17245.68,7,T002,Valid
3145,FR0024,D000721,P025,2026-04-17,44993.54,19,T002,Valid
3146,FR0024,D000611,P025,2026-04-06,44993.54,19,T002,Valid
3147,FR0024,D000611,P025,2026-05-27,14848.6,6,T002,Valid
3148,FR0024,D000744,P025,2026-05-25,14848.6,6,T002,Valid
3149,FR0024,D000721,P025,2026-05-09,14848.6,6,T002,Valid
3150,FR0024,D000720,P025,2026-05-07,14848.6,6,T002,Valid
3151,FR0024,D000476,P025,2026-05-09,14848.6,6,T002,Valid
3152,FR0024,D000027,P025,2026-05-04,14848.6,6,T002,Valid
3153,FR0024,D000720,P025,2026-06-26,13220.3,5,T002,Valid
3154,FR0024,D000476,P025,2026-06-24,13220.3,5,T002,Valid
3155,FR0024,D000721,P025,2026-06-07,13220.3,5,T002,Valid
3156,FR0024,D000027,P025,2026-06-19,13220.3,5,T002,Valid
3157,FR0024,D000611,P025,2026-06-24,13220.3,5,T002,Valid
3158,FR0024,D000744,P025,2026-06-27,13220.3,5,T002,Valid
3159,FR0024,D000720,P025,2026-07-27,23959.67,10,T002,Valid
3160,FR0024,D000027,P025,2026-07-07,23959.67,10,T002,Valid
3161,FR0024,D000476,P025,2026-07-01,23959.67,10,T002,Valid
3162,FR0024,D000611,P025,2026-07-01,23959.67,10,T002,Valid
3163,FR0024,D000720,P001,2026-01-16,38665.77,38,T002,Valid
3164,FR0024,D000744,P001,2026-01-20,38665.77,38,T002,Valid
3165,FR0024,D000476,P001,2026-01-26,38665.77,38,T002,Valid
3166,FR0024,D000721,P001,2026-01-08,38665.77,38,T002,Valid
3167,FR0024,D000027,P001,2026-02-13,25457.98,25,T002,Valid
3168,FR0024,D000744,P001,2026-02-19,25457.98,25,T002,Valid
3169,FR0024,D000611,P001,2026-02-04,25457.98,25,T002,Valid
3170,FR0024,D000721,P001,2026-02-12,25457.98,25,T002,Valid
3171,FR0024,D000476,P001,2026-02-21,25457.98,25,T002,Valid
3172,FR0024,D000720,P001,2026-02-14,25457.98,25,T002,Valid
3173,FR0024,D000611,P001,2026-03-04,63965.88,63,T002,Valid
3174,FR0024,D000027,P001,2026-03-05,63965.88,63,T002,Valid
3175,FR0024,D000027,P001,2026-04-06,51405.46,50,T002,Valid
3176,FR0024,D000744,P001,2026-04-04,51405.46,50,T002,Valid
3177,FR0024,D000720,P001,2026-04-24,51405.46,50,T002,Valid
3178,FR0024,D000611,P001,2026-05-24,38202.53,37,T002,Valid
3179,FR0024,D000027,P001,2026-05-05,38202.53,37,T002,Valid
3180,FR0024,D000720,P001,2026-05-03,38202.53,37,T002,Valid
3181,FR0024,D000721,P001,2026-05-22,38202.53,37,T002,Valid
3182,FR0024,D000611,P001,2026-06-24,138148.74,135,T002,Valid
3183,FR0024,D000744,P001,2026-06-07,138148.74,135,T002,Valid
3184,FR0024,D000476,P001,2026-07-21,48734.43,48,T002,Valid
3185,FR0024,D000720,P001,2026-07-19,48734.43,48,T002,Valid
3186,FR0024,D000027,P001,2026-07-14,48734.43,48,T002,Valid
3187,FR0025,D000909,P026,2026-01-24,21003.57,12,T015,Valid
3188,FR0025,D000935,P026,2026-01-12,21003.57,12,T015,Valid
3189,FR0025,D000276,P026,2026-01-06,21003.57,12,T015,Valid
3190,FR0025,D000767,P026,2026-01-13,21003.57,12,T015,Valid
3191,FR0025,D000909,P026,2026-02-20,16342.45,9,T015,Valid
3192,FR0025,D000741,P026,2026-02-05,16342.45,9,T015,Valid
3193,FR0025,D000548,P026,2026-02-12,16342.45,9,T015,Valid
3194,FR0025,D000414,P026,2026-02-15,16342.45,9,T015,Valid
3195,FR0025,D000146,P026,2026-02-25,16342.45,9,T015,Valid
3196,FR0025,D000276,P026,2026-03-27,13056.69,7,T015,Valid
3197,FR0025,D000548,P026,2026-03-07,13056.69,7,T015,Valid
3198,FR0025,D000935,P026,2026-03-23,13056.69,7,T015,Valid
3199,FR0025,D000741,P026,2026-03-03,13056.69,7,T015,Valid
3200,FR0025,D000503,P026,2026-03-14,13056.69,7,T015,Valid
3201,FR0025,D000165,P026,2026-03-17,13056.69,7,T015,Valid
3202,FR0025,D000548,P026,2026-04-18,77227.05,43,T015,Valid
3203,FR0025,D000741,P026,2026-05-21,22600.15,12,T015,Valid
3204,FR0025,D000165,P026,2026-05-05,22600.15,12,T015,Valid
3205,FR0025,D000414,P026,2026-05-23,22600.15,12,T015,Valid
3206,FR0025,D000548,P026,2026-05-07,22600.15,12,T015,Valid
3207,FR0025,D000165,P026,2026-06-10,29975.41,17,T015,Valid
3208,FR0025,D000503,P026,2026-06-04,29975.41,17,T003,Valid
3209,FR0025,D000414,P026,2026-06-01,29975.41,17,T013,Valid
3210,FR0025,D000165,P026,2026-07-15,39367.43,22,T015,Valid
3211,FR0025,D000503,P026,2026-07-14,39367.43,22,T015,Valid
3212,FR0025,D000741,P008,2026-01-16,29116.21,12,T015,Valid
3213,FR0025,D000767,P008,2026-01-16,29116.21,12,T015,Valid
3214,FR0025,D000146,P008,2026-01-12,29116.21,12,T015,Valid
3215,FR0025,D000548,P008,2026-01-09,29116.21,12,T015,Valid
3216,FR0025,D000741,P008,2026-02-22,64203.46,27,T015,Valid
3217,FR0025,D000548,P008,2026-02-01,64203.46,27,T015,Valid
3218,FR0025,D000741,P008,2026-03-08,188363.14,79,T015,Valid
3219,FR0025,D000414,P008,2026-04-05,21670.64,9,T015,Valid
3220,FR0025,D000741,P008,2026-04-22,21670.64,9,T015,Valid
3221,FR0025,D000165,P008,2026-04-01,21670.64,9,T015,Valid
3222,FR0025,D000146,P008,2026-04-15,21670.64,9,T015,Valid
3223,FR0025,D000548,P008,2026-04-17,21670.64,9,T015,Valid
3224,FR0025,D000146,P008,2026-05-06,20960.32,9,T015,Valid
3225,FR0025,D000503,P008,2026-05-10,20960.32,9,T015,Valid
3226,FR0025,D000165,P008,2026-05-02,20960.32,9,T015,Valid
3227,FR0025,D000548,P008,2026-05-20,20960.32,9,T015,Valid
3228,FR0025,D000909,P008,2026-05-14,20960.32,9,T015,Valid
3229,FR0025,D000414,P008,2026-05-22,20960.32,9,T015,Valid
3230,FR0025,D000146,P008,2026-06-25,36489.65,15,T015,Valid
3231,FR0025,D000741,P008,2026-06-02,36489.65,15,T015,Valid
3232,FR0025,D000276,P008,2026-06-06,36489.65,15,T015,Valid
3233,FR0025,D000767,P008,2026-07-06,41797.21,17,T015,Valid
3234,FR0025,D000165,P008,2026-07-05,41797.21,17,T015,Valid
3235,FR0025,D000909,P008,2026-07-20,41797.21,17,T015,Valid
3236,FR0025,D000909,P023,2026-01-02,10652.45,4,T015,Valid
3237,FR0025,D000165,P023,2026-01-14,10652.45,4,T015,Valid
3238,FR0025,D000741,P023,2026-01-23,10652.45,4,T015,Valid
3239,FR0025,D000414,P023,2026-01-03,10652.45,4,T015,Valid
3240,FR0025,D000741,P023,2026-02-01,9366.08,4,T015,Valid
3241,FR0025,D000909,P023,2026-02-03,9366.08,4,T015,Valid
3242,FR0025,D000414,P023,2026-02-06,9366.08,4,T015,Valid
3243,FR0025,D000165,P023,2026-02-07,9366.08,4,T015,Valid
3244,FR0025,D000146,P023,2026-02-22,9366.08,4,T015,Valid
3245,FR0025,D000935,P023,2026-03-18,13678.7,6,T015,Valid
3246,FR0025,D000741,P023,2026-03-08,13678.7,6,T015,Valid
3247,FR0025,D000165,P023,2026-03-05,13678.7,6,T015,Valid
3248,FR0025,D000909,P023,2026-04-04,22584.36,10,T015,Valid
3249,FR0025,D000146,P023,2026-04-22,22584.36,10,T015,Valid
3250,FR0025,D000548,P023,2026-05-26,12880.24,5,T015,Valid
3251,FR0025,D000414,P023,2026-05-07,12880.24,5,T015,Valid
3252,FR0025,D000767,P023,2026-05-16,12880.24,5,T015,Valid
3253,FR0025,D000165,P023,2026-06-25,6581.8,3,T015,Valid
3254,FR0025,D000276,P023,2026-06-16,6581.8,3,T015,Valid
3255,FR0025,D000909,P023,2026-06-03,6581.8,3,T015,Valid
3256,FR0025,D000741,P023,2026-06-06,6581.8,3,T015,Valid
3257,FR0025,D000503,P023,2026-06-21,6581.8,3,T015,Valid
3258,FR0025,D000935,P023,2026-06-14,6581.8,3,T015,Valid
3259,FR0025,D000146,P023,2026-07-25,9478.86,4,T015,Valid
3260,FR0025,D000741,P023,2026-07-01,9478.86,4,T015,Valid
3261,FR0025,D000935,P023,2026-07-22,9478.86,4,T015,Valid
3262,FR0025,D000909,P023,2026-07-12,9478.86,4,T015,Valid
3263,FR0025,D000276,P023,2026-07-15,9478.86,4,T015,Valid
3264,FR0025,D000741,P024,2026-01-16,23521.86,32,T015,Valid
3265,FR0025,D000276,P024,2026-01-03,23521.86,32,T015,Valid
3266,FR0025,D000414,P024,2026-01-20,23521.86,32,T015,Valid
3267,FR0025,D000503,P024,2026-01-14,23521.86,32,T015,Valid
3268,FR0025,D000935,P024,2026-01-18,23521.86,32,T015,Valid
3269,FR0025,D000909,P024,2026-01-23,23521.86,32,T015,Valid
3270,FR0025,D000503,P024,2026-02-20,29226.96,40,T015,Valid
3271,FR0025,D000767,P024,2026-02-10,29226.96,40,T015,Valid
3272,FR0025,D000548,P024,2026-02-17,29226.96,40,T015,Valid
3273,FR0025,D000276,P024,2026-02-13,29226.96,40,T015,Valid
3274,FR0025,D000935,P024,2026-02-27,29226.96,40,T015,Valid
3275,FR0025,D000935,P024,2026-03-11,23937.82,33,T015,Valid
3276,FR0025,D000276,P024,2026-03-17,23937.82,33,T015,Valid
3277,FR0025,D000767,P024,2026-03-21,23937.82,33,T015,Valid
3278,FR0025,D000909,P024,2026-03-09,23937.82,33,T015,Valid
3279,FR0025,D000146,P024,2026-03-09,23937.82,33,T015,Valid
3280,FR0025,D000414,P024,2026-03-10,23937.82,33,T015,Valid
3281,FR0025,D000935,P024,2026-04-10,45331.78,62,T015,Valid
3282,FR0025,D000414,P024,2026-04-27,45331.78,62,T015,Valid
3283,FR0025,D000548,P024,2026-04-17,45331.78,62,T015,Valid
3284,FR0025,D000935,P024,2026-05-07,44825.94,61,T015,Valid
3285,FR0025,D000276,P024,2026-05-22,44825.94,61,T015,Valid
3286,FR0025,D000503,P024,2026-05-23,44825.94,61,T015,Valid
3287,FR0025,D000276,P024,2026-06-20,22107.02,30,T015,Valid
3288,FR0025,D000165,P024,2026-06-21,22107.02,30,T015,Valid
3289,FR0025,D000503,P024,2026-06-11,22107.02,30,T015,Valid
3290,FR0025,D000548,P024,2026-06-21,22107.02,30,T015,Valid
3291,FR0025,D000909,P024,2026-06-16,22107.02,30,T015,Valid
3292,FR0025,D000741,P024,2026-06-08,22107.02,30,T015,Valid
3293,FR0025,D000548,P024,2026-07-04,22448.13,30,T015,Valid
3294,FR0025,D000276,P024,2026-07-27,22448.13,30,T015,Valid
3295,FR0025,D000503,P024,2026-07-13,22448.13,30,T015,Valid
3296,FR0025,D000767,P024,2026-07-03,22448.13,30,T015,Valid
3297,FR0025,D000146,P024,2026-07-26,22448.13,30,T015,Valid
3298,FR0025,D000909,P024,2026-07-16,22448.13,30,T015,Valid
3299,FR0025,D000146,P002,2026-01-04,38516.01,28,T015,Valid
3300,FR0025,D000741,P002,2026-01-14,38516.01,28,T015,Valid
3301,FR0025,D000767,P002,2026-01-11,38516.01,28,T015,Valid
3302,FR0025,D000503,P002,2026-01-05,38516.01,28,T015,Valid
3303,FR0025,D000165,P002,2026-02-04,81200.06,59,T015,Valid
3304,FR0025,D000503,P002,2026-02-18,81200.06,59,T015,Valid
3305,FR0025,D000414,P002,2026-03-11,28032.66,20,T015,Valid
3306,FR0025,D000146,P002,2026-03-24,28032.66,20,T015,Valid
3307,FR0025,D000909,P002,2026-03-10,28032.66,20,T015,Valid
3308,FR0025,D000767,P002,2026-03-08,28032.66,20,T015,Valid
3309,FR0025,D000741,P002,2026-03-08,28032.66,20,T015,Valid
3310,FR0025,D000414,P002,2026-04-19,40529.75,30,T015,Valid
3311,FR0025,D000276,P002,2026-04-25,40529.75,30,T015,Valid
3312,FR0025,D000146,P002,2026-04-06,40529.75,30,T015,Valid
3313,FR0025,D000503,P002,2026-04-27,40529.75,30,T015,Valid
3314,FR0025,D000935,P002,2026-05-26,78792.57,58,T015,Valid
3315,FR0025,D000503,P002,2026-05-04,78792.57,58,T015,Valid
3316,FR0025,D000276,P002,2026-06-08,25093.07,18,T015,Valid
3317,FR0025,D000935,P002,2026-06-10,25093.07,18,T015,Valid
3318,FR0025,D000414,P002,2026-06-19,25093.07,18,T015,Valid
3319,FR0025,D000909,P002,2026-06-13,25093.07,18,T015,Valid
3320,FR0025,D000146,P002,2026-06-07,25093.07,18,T015,Valid
3321,FR0025,D000548,P002,2026-06-04,25093.07,18,T015,Valid
3322,FR0025,D000935,P002,2026-07-07,30364.31,22,T015,Valid
3323,FR0025,D000741,P002,2026-07-16,30364.31,22,T015,Valid
3324,FR0025,D000146,P002,2026-07-26,30364.31,22,T015,Valid
3325,FR0025,D000503,P002,2026-07-11,30364.31,22,T015,Valid
3326,FR0025,D000276,P002,2026-07-01,30364.31,22,T015,Valid
3327,FR0025,D000935,P010,2026-01-06,47688.87,36,T015,Valid
3328,FR0025,D000741,P010,2026-01-13,47688.87,36,T015,Valid
3329,FR0025,D000414,P010,2026-02-22,24664.69,19,T015,Valid
3330,FR0025,D000741,P010,2026-02-08,24664.69,19,T015,Valid
3331,FR0025,D000767,P010,2026-02-23,24664.69,19,T015,Valid
3332,FR0025,D000146,P010,2026-02-15,24664.69,19,T015,Valid
3333,FR0025,D000146,P010,2026-03-14,19889.83,15,T015,Valid
3334,FR0025,D000767,P010,2026-03-14,19889.83,15,T015,Valid
3335,FR0025,D000741,P010,2026-03-12,19889.83,15,T015,Valid
3336,FR0025,D000548,P010,2026-03-09,19889.83,15,T015,Valid
3337,FR0025,D000414,P010,2026-03-09,19889.83,15,T015,Valid
3338,FR0025,D000935,P010,2026-04-12,15946.86,12,T015,Valid
3339,FR0025,D000909,P010,2026-04-25,15946.86,12,T015,Valid
3340,FR0025,D000414,P010,2026-04-03,15946.86,12,T015,Valid
3341,FR0025,D000741,P010,2026-04-06,15946.86,12,T015,Valid
3342,FR0025,D000146,P010,2026-04-20,15946.86,12,T015,Valid
3343,FR0025,D000767,P010,2026-04-18,15946.86,12,T015,Valid
3344,FR0025,D000503,P010,2026-05-09,34158.94,26,T015,Valid
3345,FR0025,D000276,P010,2026-05-08,34158.94,26,T015,Valid
3346,FR0025,D000741,P010,2026-05-10,34158.94,26,T015,Valid
3347,FR0025,D000935,P010,2026-06-10,47981.31,36,T015,Valid
3348,FR0025,D000276,P010,2026-06-16,47981.31,36,T015,Valid
3349,FR0025,D000935,P010,2026-07-25,32020.32,24,T015,Valid
3350,FR0025,D000165,P010,2026-07-09,32020.32,24,T015,Valid
3351,FR0025,D000909,P010,2026-07-26,32020.32,24,T015,Valid
3352,FR0026,D000343,P004,2026-01-17,21988.54,13,T018,Valid
3353,FR0026,D000108,P004,2026-01-13,21988.54,13,T018,Valid
3354,FR0026,D000902,P004,2026-01-06,21988.54,13,T018,Valid
3355,FR0026,D000343,P004,2026-02-06,13354.4,8,T018,Valid
3356,FR0026,D000902,P004,2026-02-04,13354.4,8,T018,Valid
3357,FR0026,D000261,P004,2026-02-08,13354.4,8,T018,Valid
3358,FR0026,D000108,P004,2026-02-21,13354.4,8,T018,Valid
3359,FR0026,D000511,P004,2026-02-25,13354.4,8,T018,Valid
3360,FR0026,D000902,P004,2026-03-19,12085.59,7,T018,Valid
3361,FR0026,D000511,P004,2026-03-13,12085.59,7,T018,Valid
3362,FR0026,D000343,P004,2026-03-06,12085.59,7,T015,Valid
3363,FR0026,D000261,P004,2026-03-05,12085.59,7,T018,Valid
3364,FR0026,D000108,P004,2026-03-20,12085.59,7,T004,Valid
3365,FR0026,D000511,P004,2026-04-16,11377.25,7,T018,Valid
3366,FR0026,D000343,P004,2026-04-25,11377.25,7,T018,Valid
3367,FR0026,D000261,P004,2026-04-07,11377.25,7,T018,Valid
3368,FR0026,D000108,P004,2026-04-25,11377.25,7,T018,Valid
3369,FR0026,D000902,P004,2026-04-25,11377.25,7,T018,Valid
3370,FR0026,D000343,P004,2026-05-05,21102.84,12,T018,Valid
3371,FR0026,D000511,P004,2026-05-08,21102.84,12,T018,Valid
3372,FR0026,D000108,P004,2026-05-09,21102.84,12,T018,Valid
3373,FR0026,D000511,P004,2026-06-02,21654.88,12,T018,Valid
3374,FR0026,D000261,P004,2026-06-05,21654.88,12,T018,Valid
3375,FR0026,D000902,P004,2026-06-04,21654.88,12,T018,Valid
3376,FR0026,D000108,P004,2026-07-16,12012.91,7,T018,Valid
3377,FR0026,D000343,P004,2026-07-12,12012.91,7,T018,Valid
3378,FR0026,D000261,P004,2026-07-07,12012.91,7,T018,Valid
3379,FR0026,D000511,P004,2026-07-17,12012.91,7,T018,Valid
3380,FR0026,D000902,P004,2026-07-01,12012.91,7,T018,Valid
3381,FR0026,D000343,P025,2026-01-26,10414.75,4,T018,Valid
3382,FR0026,D000108,P025,2026-01-15,10414.75,4,T018,Valid
3383,FR0026,D000261,P025,2026-01-20,10414.75,4,T018,Valid
3384,FR0026,D000902,P025,2026-01-10,10414.75,4,T018,Valid
3385,FR0026,D000511,P025,2026-01-02,10414.75,4,T018,Valid
3386,FR0026,D000511,P025,2026-02-27,10664.3,4,T018,Valid
3387,FR0026,D000108,P025,2026-02-11,10664.3,4,T018,Valid
3388,FR0026,D000343,P025,2026-02-23,10664.3,4,T018,Valid
3389,FR0026,D000902,P025,2026-02-24,10664.3,4,T018,Valid
3390,FR0026,D000261,P025,2026-02-21,10664.3,4,T018,Valid
3391,FR0026,D000511,P025,2026-03-02,12280.84,5,T018,Valid
3392,FR0026,D000343,P025,2026-03-01,12280.84,5,T018,Valid
3393,FR0026,D000261,P025,2026-03-07,12280.84,5,T018,Valid
3394,FR0026,D000108,P025,2026-03-19,12280.84,5,T018,Valid
3395,FR0026,D000902,P025,2026-03-14,12280.84,5,T018,Valid
3396,FR0026,D000261,P025,2026-04-02,13420.04,6,T018,Valid
3397,FR0026,D000108,P025,2026-04-24,13420.04,6,T018,Valid
3398,FR0026,D000511,P025,2026-04-26,13420.04,6,T018,Valid
3399,FR0026,D000343,P025,2026-04-08,13420.04,6,T018,Valid
3400,FR0026,D000108,P025,2026-05-26,26928.38,11,T018,Valid
3401,FR0026,D000511,P025,2026-05-20,26928.38,11,T018,Valid
3402,FR0026,D000902,P025,2026-06-17,15630.95,6,T018,Valid
3403,FR0026,D000343,P025,2026-06-22,15630.95,6,T018,Valid
3404,FR0026,D000511,P025,2026-06-27,15630.95,6,T018,Valid
3405,FR0026,D000261,P025,2026-06-19,15630.95,6,T018,Valid
3406,FR0026,D000261,P025,2026-07-16,20653.98,9,T018,Valid
3407,FR0026,D000108,P025,2026-07-11,20653.98,9,T018,Valid
3408,FR0026,D000902,P025,2026-07-10,20653.98,9,T018,Valid
3409,FR0026,D000261,P015,2026-01-04,104626.88,68,T018,Valid
3410,FR0026,D000511,P015,2026-01-18,104626.88,68,T018,Valid
3411,FR0026,D000108,P015,2026-01-12,104626.88,68,T018,Valid
3412,FR0026,D000261,P015,2026-02-20,77757.88,51,T018,Valid
3413,FR0026,D000902,P015,2026-02-22,77757.88,51,T018,Valid
3414,FR0026,D000511,P015,2026-03-11,34598.36,23,T018,Valid
3415,FR0026,D000261,P015,2026-03-04,34598.36,23,T018,Valid
3416,FR0026,D000902,P015,2026-03-08,34598.36,23,T018,Valid
3417,FR0026,D000343,P015,2026-03-16,34598.36,23,T018,Valid
3418,FR0026,D000108,P015,2026-03-19,34598.36,23,T018,Valid
3419,FR0026,D000261,P015,2026-04-03,34069.6,22,T018,Valid
3420,FR0026,D000343,P015,2026-04-03,34069.6,22,T018,Valid
3421,FR0026,D000108,P015,2026-04-26,34069.6,22,T018,Valid
3422,FR0026,D000902,P015,2026-04-01,34069.6,22,T018,Valid
3423,FR0026,D000511,P015,2026-04-18,34069.6,22,T018,Valid
3424,FR0026,D000108,P015,2026-05-06,48080.44,31,T018,Valid
3425,FR0026,D000902,P015,2026-05-05,48080.44,31,T018,Valid
3426,FR0026,D000261,P015,2026-05-27,48080.44,31,T018,Valid
3427,FR0026,D000108,P015,2026-06-04,34542.91,22,T018,Valid
3428,FR0026,D000902,P015,2026-06-19,34542.91,22,T018,Valid
3429,FR0026,D000511,P015,2026-06-02,34542.91,22,T018,Valid
3430,FR0026,D000261,P015,2026-06-01,34542.91,22,T018,Valid
3431,FR0026,D000343,P015,2026-06-07,34542.91,22,T018,Valid
3432,FR0026,D000343,P015,2026-07-20,77267.77,50,T018,Valid
3433,FR0026,D000902,P015,2026-07-17,77267.77,50,T018,Valid
3434,FR0026,D000511,P018,2026-01-22,143410.0,213,T018,Valid
3435,FR0026,D000343,P018,2026-01-23,143410.0,213,T018,Valid
3436,FR0026,D000511,P018,2026-02-22,34217.42,51,T018,Valid
3437,FR0026,D000902,P018,2026-02-07,34217.42,51,T018,Valid
3438,FR0026,D000108,P018,2026-02-15,34217.42,51,T018,Valid
3439,FR0026,D000261,P018,2026-02-23,34217.42,51,T018,Valid
3440,FR0026,D000261,P018,2026-03-25,97798.25,145,T018,Valid
3441,FR0026,D000108,P018,2026-03-23,97798.25,145,T018,Valid
3442,FR0026,D000902,P018,2026-03-19,97798.25,145,T018,Valid
3443,FR0026,D000902,P018,2026-04-21,27845.07,41,T018,Valid
3444,FR0026,D000343,P018,2026-04-12,27845.07,41,T018,Valid
3445,FR0026,D000511,P018,2026-04-13,27845.07,41,T018,Valid
3446,FR0026,D000108,P018,2026-04-12,27845.07,41,T018,Valid
3447,FR0026,D000261,P018,2026-04-02,27845.07,41,T018,Valid
3448,FR0026,D000511,P018,2026-05-05,30110.78,45,T018,Valid
3449,FR0026,D000902,P018,2026-05-11,30110.78,45,T018,Valid
3450,FR0026,D000343,P018,2026-05-23,30110.78,45,T018,Valid
3451,FR0026,D000261,P018,2026-05-22,30110.78,45,T018,Valid
3452,FR0026,D000108,P018,2026-05-25,30110.78,45,T018,Valid
3453,FR0026,D000343,P018,2026-06-16,43831.08,65,T018,Valid
3454,FR0026,D000511,P018,2026-06-05,43831.08,65,T018,Valid
3455,FR0026,D000108,P018,2026-06-05,43831.08,65,T018,Valid
3456,FR0026,D000261,P018,2026-07-25,47023.88,70,T018,Valid
3457,FR0026,D000511,P018,2026-07-21,47023.88,70,T018,Valid
3458,FR0026,D000108,P018,2026-07-23,47023.88,70,T018,Valid
3459,FR0026,D000343,P029,2026-01-25,48343.06,124,T018,Valid
3460,FR0026,D000511,P029,2026-01-26,48343.06,124,T018,Valid
3461,FR0026,D000902,P029,2026-01-15,48343.06,124,T018,Valid
3462,FR0026,D000108,P029,2026-01-19,48343.06,124,T018,Valid
3463,FR0026,D000261,P029,2026-01-10,48343.06,124,T018,Valid
3464,FR0026,D000511,P029,2026-02-16,68040.81,174,T018,Valid
3465,FR0026,D000108,P029,2026-02-14,68040.81,174,T018,Valid
3466,FR0026,D000902,P029,2026-03-10,35160.0,90,T018,Valid
3467,FR0026,D000261,P029,2026-03-02,35160.0,90,T018,Valid
3468,FR0026,D000511,P029,2026-03-08,35160.0,90,T018,Valid
3469,FR0026,D000343,P029,2026-03-19,35160.0,90,T018,Valid
3470,FR0026,D000511,P029,2026-04-01,40850.25,105,T018,Valid
3471,FR0026,D000261,P029,2026-04-02,40850.25,105,T018,Valid
3472,FR0026,D000902,P029,2026-04-26,40850.25,105,T018,Valid
3473,FR0026,D000108,P029,2026-05-19,29358.92,75,T018,Valid
3474,FR0026,D000343,P029,2026-05-18,29358.92,75,T018,Valid
3475,FR0026,D000511,P029,2026-05-18,29358.92,75,T018,Valid
3476,FR0026,D000902,P029,2026-05-25,29358.92,75,T018,Valid
3477,FR0026,D000261,P029,2026-05-08,29358.92,75,T018,Valid
3478,FR0026,D000108,P029,2026-06-11,44085.23,113,T018,Valid
3479,FR0026,D000511,P029,2026-06-08,44085.23,113,T018,Valid
3480,FR0026,D000902,P029,2026-06-01,44085.23,113,T018,Valid
3481,FR0026,D000343,P029,2026-07-07,36212.25,93,T018,Valid
3482,FR0026,D000511,P029,2026-07-06,36212.25,93,T018,Valid
3483,FR0026,D000108,P029,2026-07-04,36212.25,93,T018,Valid
3484,FR0026,D000261,P029,2026-07-10,36212.25,93,T018,Valid
3485,FR0026,D000108,P012,2026-01-03,73225.24,35,T018,Valid
3486,FR0026,D000261,P012,2026-01-25,73225.24,35,T018,Valid
3487,FR0026,D000343,P012,2026-02-16,30652.46,14,T018,Valid
3488,FR0026,D000108,P012,2026-02-20,30652.46,14,T018,Valid
3489,FR0026,D000902,P012,2026-02-26,30652.46,14,T018,Valid
3490,FR0026,D000261,P012,2026-02-12,30652.46,14,T018,Valid
3491,FR0026,D000511,P012,2026-02-03,30652.46,14,T018,Valid
3492,FR0026,D000108,P012,2026-03-05,43029.74,20,T018,Valid
3493,FR0026,D000902,P012,2026-03-06,43029.74,20,T018,Valid
3494,FR0026,D000511,P012,2026-03-27,43029.74,20,T018,Valid
3495,FR0026,D000343,P012,2026-03-18,43029.74,20,T018,Valid
3496,FR0026,D000343,P012,2026-04-26,88134.94,42,T018,Valid
3497,FR0026,D000511,P012,2026-04-14,88134.94,42,T018,Valid
3498,FR0026,D000261,P012,2026-05-24,57012.87,27,T018,Valid
3499,FR0026,D000511,P012,2026-05-03,57012.87,27,T018,Valid
3500,FR0026,D000343,P012,2026-05-08,57012.87,27,T018,Valid
3501,FR0026,D000511,P012,2026-06-02,35170.82,17,T018,Valid
3502,FR0026,D000343,P012,2026-06-15,35170.82,17,T018,Valid
3503,FR0026,D000902,P012,2026-06-01,35170.82,17,T018,Valid
3504,FR0026,D000261,P012,2026-06-12,35170.82,17,T018,Valid
3505,FR0026,D000108,P012,2026-06-22,35170.82,17,T018,Valid
3506,FR0026,D000511,P012,2026-07-20,39593.79,19,T018,Valid
3507,FR0026,D000108,P012,2026-07-18,39593.79,19,T018,Valid
3508,FR0026,D000902,P012,2026-07-04,39593.79,19,T018,Valid
3509,FR0026,D000343,P012,2026-07-05,39593.79,19,T018,Valid
3510,FR0026,D000343,P024,2026-01-10,48416.96,66,T018,Valid
3511,FR0026,D000261,P024,2026-01-27,48416.96,66,T018,Valid
3512,FR0026,D000261,P024,2026-02-09,27037.89,37,T018,Valid
3513,FR0026,D000343,P024,2026-02-14,27037.89,37,T018,Valid
3514,FR0026,D000902,P024,2026-02-17,27037.89,37,T018,Valid
3515,FR0026,D000108,P024,2026-02-03,27037.89,37,T018,Valid
3516,FR0026,D000343,P024,2026-03-05,23985.15,33,T018,Valid
3517,FR0026,D000261,P024,2026-03-20,23985.15,33,T018,Valid
3518,FR0026,D000902,P024,2026-03-04,23985.15,33,T018,Valid
3519,FR0026,D000108,P024,2026-03-04,23985.15,33,T018,Valid
3520,FR0026,D000261,P024,2026-04-19,53085.31,72,T018,Valid
3521,FR0026,D000902,P024,2026-04-03,53085.31,72,T018,Valid
3522,FR0026,D000108,P024,2026-05-14,194922.95,265,T018,Valid
3523,FR0026,D000108,P024,2026-06-04,47634.1,65,T018,Valid
3524,FR0026,D000902,P024,2026-06-02,47634.1,65,T018,Valid
3525,FR0026,D000902,P024,2026-07-11,32753.48,44,T018,Valid
3526,FR0026,D000261,P024,2026-07-06,32753.48,44,T018,Valid
3527,FR0026,D000108,P024,2026-07-19,32753.48,44,T018,Valid
3528,FR0027,D000155,P021,2026-01-16,17074.8,8,T004,Valid
3529,FR0027,D000379,P021,2026-01-08,17074.8,8,T004,Valid
3530,FR0027,D000123,P021,2026-01-14,17074.8,8,T004,Valid
3531,FR0027,D000285,P021,2026-01-20,17074.8,8,T004,Valid
3532,FR0027,D000455,P021,2026-01-13,17074.8,8,T004,Valid
3533,FR0027,D000393,P021,2026-01-27,17074.8,8,T004,Valid
3534,FR0027,D000393,P021,2026-02-04,17936.8,9,T004,Valid
3535,FR0027,D000285,P021,2026-02-14,17936.8,9,T004,Valid
3536,FR0027,D000455,P021,2026-02-21,17936.8,9,T004,Valid
3537,FR0027,D000155,P021,2026-02-16,17936.8,9,T004,Valid
3538,FR0027,D000956,P021,2026-02-04,17936.8,9,T004,Valid
3539,FR0027,D000155,P021,2026-03-05,17106.36,8,T004,Valid
3540,FR0027,D000455,P021,2026-03-02,17106.36,8,T004,Valid
3541,FR0027,D000393,P021,2026-03-08,17106.36,8,T004,Valid
3542,FR0027,D000123,P021,2026-03-02,17106.36,8,T004,Valid
3543,FR0027,D000285,P021,2026-03-03,17106.36,8,T004,Valid
3544,FR0027,D000379,P021,2026-03-13,17106.36,8,T004,Valid
3545,FR0027,D000455,P021,2026-04-23,46330.73,23,T004,Valid
3546,FR0027,D000155,P021,2026-04-27,46330.73,23,T004,Valid
3547,FR0027,D000956,P021,2026-05-11,44531.63,22,T004,Valid
3548,FR0027,D000285,P021,2026-05-13,44531.63,22,T004,Valid
3549,FR0027,D000155,P021,2026-06-07,30876.65,15,T004,Valid
3550,FR0027,D000379,P021,2026-06-22,30876.65,15,T004,Valid
3551,FR0027,D000285,P021,2026-06-16,30876.65,15,T004,Valid
3552,FR0027,D000379,P021,2026-07-15,19215.04,9,T004,Valid
3553,FR0027,D000155,P021,2026-07-10,19215.04,9,T004,Valid
3554,FR0027,D000123,P021,2026-07-14,19215.04,9,T004,Valid
3555,FR0027,D000393,P021,2026-07-10,19215.04,9,T004,Valid
3556,FR0027,D000285,P021,2026-07-10,19215.04,9,T004,Valid
3557,FR0027,D000285,P026,2026-01-23,13079.7,7,T004,Valid
3558,FR0027,D000956,P026,2026-01-27,13079.7,7,T004,Valid
3559,FR0027,D000155,P026,2026-01-13,13079.7,7,T004,Valid
3560,FR0027,D000379,P026,2026-01-06,13079.7,7,T004,Valid
3561,FR0027,D000123,P026,2026-01-08,13079.7,7,T004,Valid
3562,FR0027,D000379,P026,2026-02-09,11070.7,6,T004,Valid
3563,FR0027,D000155,P026,2026-02-12,11070.7,6,T004,Valid
3564,FR0027,D000393,P026,2026-02-09,11070.7,6,T004,Valid
3565,FR0027,D000455,P026,2026-02-04,11070.7,6,T004,Valid
3566,FR0027,D000123,P026,2026-02-22,11070.7,6,T004,Valid
3567,FR0027,D000123,P026,2026-03-21,10863.3,6,T004,Valid
3568,FR0027,D000155,P026,2026-03-17,10863.3,6,T004,Valid
3569,FR0027,D000285,P026,2026-03-05,10863.3,6,T004,Valid
3570,FR0027,D000393,P026,2026-03-11,10863.3,6,T004,Valid
3571,FR0027,D000956,P026,2026-03-23,10863.3,6,T004,Valid
3572,FR0027,D000379,P026,2026-03-18,10863.3,6,T004,Valid
3573,FR0027,D000455,P026,2026-04-24,27571.08,15,T004,Valid
3574,FR0027,D000285,P026,2026-04-14,27571.08,15,T004,Valid
3575,FR0027,D000455,P026,2026-05-13,11757.35,6,T004,Valid
3576,FR0027,D000393,P026,2026-05-20,11757.35,6,T004,Valid
3577,FR0027,D000956,P026,2026-05-08,11757.35,6,T004,Valid
3578,FR0027,D000285,P026,2026-05-02,11757.35,6,T004,Valid
3579,FR0027,D000123,P026,2026-05-12,11757.35,6,T004,Valid
3580,FR0027,D000393,P026,2026-06-05,12459.48,7,T004,Valid
3581,FR0027,D000123,P026,2026-06-14,12459.48,7,T004,Valid
3582,FR0027,D000455,P026,2026-06-07,12459.48,7,T004,Valid
3583,FR0027,D000956,P026,2026-06-14,12459.48,7,T004,Valid
3584,FR0027,D000285,P026,2026-06-24,12459.48,7,T004,Valid
3585,FR0027,D000155,P026,2026-07-07,22819.7,13,T004,Valid
3586,FR0027,D000455,P026,2026-07-04,22819.7,13,T004,Valid
3587,FR0027,D000956,P026,2026-07-09,22819.7,13,T004,Valid
3588,FR0027,D000123,P001,2026-01-20,52137.23,51,T004,Valid
3589,FR0027,D000285,P001,2026-01-03,52137.23,51,T004,Valid
3590,FR0027,D000155,P001,2026-01-09,52137.23,51,T004,Valid
3591,FR0027,D000123,P001,2026-02-18,53276.01,52,T004,Valid
3592,FR0027,D000379,P001,2026-02-22,53276.01,52,T004,Valid
3593,FR0027,D000285,P001,2026-02-23,53276.01,52,T004,Valid
3594,FR0027,D000123,P001,2026-03-09,40746.92,40,T004,Valid
3595,FR0027,D000956,P001,2026-03-12,40746.92,40,T005,Valid
3596,FR0027,D000393,P001,2026-03-06,40746.92,40,T003,Valid
3597,FR0027,D000155,P001,2026-03-21,40746.92,40,T004,Valid
3598,FR0027,D000155,P001,2026-04-05,48086.88,47,T004,Valid
3599,FR0027,D000956,P001,2026-04-15,48086.88,47,T004,Valid
3600,FR0027,D000455,P001,2026-04-22,48086.88,47,T004,Valid
3601,FR0027,D000285,P001,2026-05-27,46536.81,45,T004,Valid
3602,FR0027,D000455,P001,2026-05-14,46536.81,45,T004,Valid
3603,FR0027,D000956,P001,2026-05-23,46536.81,45,T004,Valid
3604,FR0027,D000285,P001,2026-06-06,46807.23,46,T004,Valid
3605,FR0027,D000123,P001,2026-06-27,46807.23,46,T004,Valid
3606,FR0027,D000393,P001,2026-06-04,46807.23,46,T004,Valid
3607,FR0027,D000379,P001,2026-07-23,71081.74,69,T004,Valid
3608,FR0027,D000155,P001,2026-07-06,71081.74,69,T004,Valid
3609,FR0028,D000958,P023,2026-01-11,29777.59,13,T013,Valid
3610,FR0028,D000034,P023,2026-01-20,29777.59,13,T013,Valid
3611,FR0028,D000589,P023,2026-01-24,29777.59,13,T013,Valid
3612,FR0028,D000149,P023,2026-01-25,29777.59,13,T013,Valid
3613,FR0028,D000104,P023,2026-01-01,29777.59,13,T013,Valid
3614,FR0028,D000034,P023,2026-02-23,71911.06,30,T013,Valid
3615,FR0028,D000958,P023,2026-02-02,71911.06,30,T013,Valid
3616,FR0028,D000994,P023,2026-03-17,24818.39,10,T013,Valid
3617,FR0028,D000149,P023,2026-03-18,24818.39,10,T013,Valid
3618,FR0028,D000754,P023,2026-03-26,24818.39,10,T013,Valid
3619,FR0028,D000589,P023,2026-03-08,24818.39,10,T013,Valid
3620,FR0028,D000034,P023,2026-03-17,24818.39,10,T013,Valid
3621,FR0028,D000018,P023,2026-03-18,24818.39,10,T013,Valid
3622,FR0028,D000034,P023,2026-04-02,24918.94,11,T013,Valid
3623,FR0028,D000104,P023,2026-04-16,24918.94,11,T013,Valid
3624,FR0028,D000958,P023,2026-04-07,24918.94,11,T013,Valid
3625,FR0028,D000754,P023,2026-04-26,24918.94,11,T013,Valid
3626,FR0028,D000994,P023,2026-04-08,24918.94,11,T013,Valid
3627,FR0028,D000018,P023,2026-04-21,24918.94,11,T013,Valid
3628,FR0028,D000034,P023,2026-05-09,25308.36,11,T013,Valid
3629,FR0028,D000754,P023,2026-05-01,25308.36,11,T013,Valid
3630,FR0028,D000104,P023,2026-05-25,25308.36,11,T013,Valid
3631,FR0028,D000149,P023,2026-05-25,25308.36,11,T013,Valid
3632,FR0028,D000994,P023,2026-05-25,25308.36,11,T013,Valid
3633,FR0028,D000958,P023,2026-05-23,25308.36,11,T013,Valid
3634,FR0028,D000034,P023,2026-06-07,51671.3,22,T013,Valid
3635,FR0028,D000018,P023,2026-06-26,51671.3,22,T013,Valid
3636,FR0028,D000754,P023,2026-06-15,51671.3,22,T013,Valid
3637,FR0028,D000018,P023,2026-07-22,25430.23,11,T013,Valid
3638,FR0028,D000754,P023,2026-07-26,25430.23,11,T013,Valid
3639,FR0028,D000034,P023,2026-07-21,25430.23,11,T013,Valid
3640,FR0028,D000104,P023,2026-07-25,25430.23,11,T013,Valid
3641,FR0028,D000589,P023,2026-07-09,25430.23,11,T013,Valid
3642,FR0028,D000958,P023,2026-07-03,25430.23,11,T013,Valid
3643,FR0028,D000104,P018,2026-01-27,69102.3,102,T013,Valid
3644,FR0028,D000034,P018,2026-01-10,69102.3,102,T013,Valid
3645,FR0028,D000958,P018,2026-02-01,62531.71,93,T013,Valid
3646,FR0028,D000149,P018,2026-02-20,62531.71,93,T013,Valid
3647,FR0028,D000589,P018,2026-03-08,235606.28,349,T013,Valid
3648,FR0028,D000754,P018,2026-04-10,32982.56,49,T013,Valid
3649,FR0028,D000994,P018,2026-04-06,32982.56,49,T013,Valid
3650,FR0028,D000018,P018,2026-04-19,32982.56,49,T013,Valid
3651,FR0028,D000104,P018,2026-04-24,32982.56,49,T013,Valid
3652,FR0028,D000149,P018,2026-05-20,24994.02,37,T013,Valid
3653,FR0028,D000034,P018,2026-05-26,24994.02,37,T013,Valid
3654,FR0028,D000994,P018,2026-05-25,24994.02,37,T013,Valid
3655,FR0028,D000589,P018,2026-05-25,24994.02,37,T013,Valid
3656,FR0028,D000754,P018,2026-05-17,24994.02,37,T013,Valid
3657,FR0028,D000958,P018,2026-06-27,62807.84,93,T013,Valid
3658,FR0028,D000104,P018,2026-06-04,62807.84,93,T013,Valid
3659,FR0028,D000104,P018,2026-07-08,36530.93,54,T013,Valid
3660,FR0028,D000589,P018,2026-07-07,36530.93,54,T013,Valid
3661,FR0028,D000149,P018,2026-07-23,36530.93,54,T013,Valid
3662,FR0028,D000754,P018,2026-07-07,36530.93,54,T013,Valid
3663,FR0028,D000589,P022,2026-01-14,24677.43,60,T013,Valid
3664,FR0028,D000754,P022,2026-01-06,24677.43,60,T013,Valid
3665,FR0028,D000034,P022,2026-01-08,24677.43,60,T013,Valid
3666,FR0028,D000994,P022,2026-01-25,24677.43,60,T013,Valid
3667,FR0028,D000104,P022,2026-01-05,24677.43,60,T013,Valid
3668,FR0028,D000589,P022,2026-02-09,63921.53,157,T013,Valid
3669,FR0028,D000958,P022,2026-02-15,63921.53,157,T013,Valid
3670,FR0028,D000104,P022,2026-03-06,22701.88,56,T013,Valid
3671,FR0028,D000994,P022,2026-03-26,22701.88,56,T013,Valid
3672,FR0028,D000958,P022,2026-03-24,22701.88,56,T013,Valid
3673,FR0028,D000754,P022,2026-03-12,22701.88,56,T013,Valid
3674,FR0028,D000018,P022,2026-03-18,22701.88,56,T013,Valid
3675,FR0028,D000034,P022,2026-04-13,55460.29,136,T013,Valid
3676,FR0028,D000149,P022,2026-04-14,55460.29,136,T013,Valid
3677,FR0028,D000018,P022,2026-05-18,18913.81,46,T013,Valid
3678,FR0028,D000958,P022,2026-05-17,18913.81,46,T013,Valid
3679,FR0028,D000034,P022,2026-05-06,18913.81,46,T013,Valid
3680,FR0028,D000994,P022,2026-05-09,18913.81,46,T013,Valid
3681,FR0028,D000104,P022,2026-05-24,18913.81,46,T013,Valid
3682,FR0028,D000589,P022,2026-05-15,18913.81,46,T013,Valid
3683,FR0028,D000589,P022,2026-06-21,53774.93,132,T013,Valid
3684,FR0028,D000754,P022,2026-06-10,53774.93,132,T013,Valid
3685,FR0028,D000149,P022,2026-07-19,27888.54,68,T013,Valid
3686,FR0028,D000958,P022,2026-07-23,27888.54,68,T013,Valid
3687,FR0028,D000589,P022,2026-07-13,27888.54,68,T013,Valid
3688,FR0028,D000104,P022,2026-07-08,27888.54,68,T013,Valid
3689,FR0028,D000018,P017,2026-01-07,29395.58,13,T013,Valid
3690,FR0028,D000589,P017,2026-01-19,29395.58,13,T013,Valid
3691,FR0028,D000754,P017,2026-02-24,10750.88,5,T013,Valid
3692,FR0028,D000034,P017,2026-02-03,10750.88,5,T013,Valid
3693,FR0028,D000018,P017,2026-02-20,10750.88,5,T013,Valid
3694,FR0028,D000149,P017,2026-02-17,10750.88,5,T013,Valid
3695,FR0028,D000994,P017,2026-02-25,10750.88,5,T013,Valid
3696,FR0028,D000018,P017,2026-03-26,10493.49,5,T013,Valid
3697,FR0028,D000994,P017,2026-03-19,10493.49,5,T013,Valid
3698,FR0028,D000034,P017,2026-03-11,10493.49,5,T013,Valid
3699,FR0028,D000754,P017,2026-03-14,10493.49,5,T013,Valid
3700,FR0028,D000958,P017,2026-03-18,10493.49,5,T013,Valid
3701,FR0028,D000754,P017,2026-04-24,11567.76,5,T013,Valid
3702,FR0028,D000149,P017,2026-04-27,11567.76,5,T013,Valid
3703,FR0028,D000994,P017,2026-04-04,11567.76,5,T013,Valid
3704,FR0028,D000958,P017,2026-04-14,11567.76,5,T013,Valid
3705,FR0028,D000104,P017,2026-04-20,11567.76,5,T013,Valid
3706,FR0028,D000018,P017,2026-05-20,18628.01,8,T013,Valid
3707,FR0028,D000994,P017,2026-05-26,18628.01,8,T013,Valid
3708,FR0028,D000104,P017,2026-05-17,18628.01,8,T013,Valid
3709,FR0028,D000149,P017,2026-06-16,18289.32,8,T013,Valid
3710,FR0028,D000994,P017,2026-06-27,18289.32,8,T013,Valid
3711,FR0028,D000589,P017,2026-06-19,18289.32,8,T013,Valid
3712,FR0028,D000149,P017,2026-07-17,18792.51,9,T013,Valid
3713,FR0028,D000589,P017,2026-07-03,18792.51,9,T013,Valid
3714,FR0028,D000958,P017,2026-07-15,18792.51,9,T013,Valid
3715,FR0028,D000104,P019,2026-01-24,22170.24,10,T013,Valid
3716,FR0028,D000589,P019,2026-01-27,22170.24,10,T013,Valid
3717,FR0028,D000958,P019,2026-01-21,22170.24,10,T013,Valid
3718,FR0028,D000149,P019,2026-01-25,22170.24,10,T013,Valid
3719,FR0028,D000018,P019,2026-02-24,16178.12,7,T013,Valid
3720,FR0028,D000589,P019,2026-02-14,16178.12,7,T013,Valid
3721,FR0028,D000754,P019,2026-02-01,16178.12,7,T013,Valid
3722,FR0028,D000994,P019,2026-02-07,16178.12,7,T013,Valid
3723,FR0028,D000958,P019,2026-02-17,16178.12,7,T013,Valid
3724,FR0028,D000958,P019,2026-03-22,39610.99,18,T013,Valid
3725,FR0028,D000034,P019,2026-03-03,39610.99,18,T013,Valid
3726,FR0028,D000589,P019,2026-04-02,25319.11,11,T013,Valid
3727,FR0028,D000104,P019,2026-04-14,25319.11,11,T013,Valid
3728,FR0028,D000958,P019,2026-04-18,25319.11,11,T013,Valid
3729,FR0028,D000958,P019,2026-05-17,14824.08,7,T013,Valid
3730,FR0028,D000994,P019,2026-05-09,14824.08,7,T013,Valid
3731,FR0028,D000589,P019,2026-05-24,14824.08,7,T013,Valid
3732,FR0028,D000034,P019,2026-05-04,14824.08,7,T013,Valid
3733,FR0028,D000754,P019,2026-05-10,14824.08,7,T013,Valid
3734,FR0028,D000994,P019,2026-06-14,81516.0,37,T013,Valid
3735,FR0028,D000018,P019,2026-07-22,41793.34,19,T013,Valid
3736,FR0028,D000994,P019,2026-07-15,41793.34,19,T013,Valid
3737,FR0028,D000958,P026,2026-01-19,236945.24,131,T013,Valid
3738,FR0028,D000994,P026,2026-02-26,22019.45,12,T013,Valid
3739,FR0028,D000018,P026,2026-02-19,22019.45,12,T013,Valid
3740,FR0028,D000589,P026,2026-02-21,22019.45,12,T013,Valid
3741,FR0028,D000104,P026,2026-02-08,22019.45,12,T013,Valid
3742,FR0028,D000034,P026,2026-02-11,22019.45,12,T013,Valid
3743,FR0028,D000754,P026,2026-02-04,22019.45,12,T013,Valid
3744,FR0028,D000589,P026,2026-03-25,65858.34,36,T013,Valid
3745,FR0028,D000958,P026,2026-03-13,65858.34,36,T013,Valid
3746,FR0028,D000034,P026,2026-03-18,65858.34,36,T013,Valid
3747,FR0028,D000104,P026,2026-04-25,25984.84,14,T013,Valid
3748,FR0028,D000149,P026,2026-04-01,25984.84,14,T013,Valid
3749,FR0028,D000754,P026,2026-04-15,25984.84,14,T013,Valid
3750,FR0028,D000018,P026,2026-04-24,25984.84,14,T013,Valid
3751,FR0028,D000958,P026,2026-04-10,25984.84,14,T013,Valid
3752,FR0028,D000754,P026,2026-05-20,43531.58,24,T013,Valid
3753,FR0028,D000994,P026,2026-05-21,43531.58,24,T013,Valid
3754,FR0028,D000958,P026,2026-05-17,43531.58,24,T013,Valid
3755,FR0028,D000018,P026,2026-06-05,31541.84,17,T013,Valid
3756,FR0028,D000104,P026,2026-06-19,31541.84,17,T013,Valid
3757,FR0028,D000149,P026,2026-06-14,31541.84,17,T013,Valid
3758,FR0028,D000994,P026,2026-06-01,31541.84,17,T013,Valid
3759,FR0028,D000104,P026,2026-07-03,33053.29,18,T013,Valid
3760,FR0028,D000149,P026,2026-07-18,33053.29,18,T013,Valid
3761,FR0028,D000754,P026,2026-07-19,33053.29,18,T013,Valid
3762,FR0028,D000994,P026,2026-07-12,33053.29,18,T013,Valid
3763,FR0028,D000104,P011,2026-01-07,59185.44,27,T013,Valid
3764,FR0028,D000958,P011,2026-01-17,59185.44,27,T013,Valid
3765,FR0028,D000149,P011,2026-02-18,32255.66,15,T013,Valid
3766,FR0028,D000958,P011,2026-02-08,32255.66,15,T013,Valid
3767,FR0028,D000104,P011,2026-02-26,32255.66,15,T013,Valid
3768,FR0028,D000994,P011,2026-02-10,32255.66,15,T013,Valid
3769,FR0028,D000994,P011,2026-03-01,42316.56,19,T013,Valid
3770,FR0028,D000958,P011,2026-03-22,42316.56,19,T013,Valid
3771,FR0028,D000034,P011,2026-03-14,42316.56,19,T013,Valid
3772,FR0028,D000034,P011,2026-04-25,63299.81,29,T013,Valid
3773,FR0028,D000958,P011,2026-04-17,63299.81,29,T013,Valid
3774,FR0028,D000018,P011,2026-05-10,54638.37,25,T013,Valid
3775,FR0028,D000589,P011,2026-05-20,54638.37,25,T013,Valid
3776,FR0028,D000754,P011,2026-05-24,54638.37,25,T013,Valid
3777,FR0028,D000104,P011,2026-05-02,54638.37,25,T013,Valid
3778,FR0028,D000994,P011,2026-05-14,54638.37,25,T013,Valid
3779,FR0028,D000994,P011,2026-06-12,20015.73,9,T013,Valid
3780,FR0028,D000754,P011,2026-06-21,20015.73,9,T013,Valid
3781,FR0028,D000149,P011,2026-06-09,20015.73,9,T013,Valid
3782,FR0028,D000034,P011,2026-06-16,20015.73,9,T013,Valid
3783,FR0028,D000018,P011,2026-06-15,20015.73,9,T013,Valid
3784,FR0028,D000104,P011,2026-06-10,20015.73,9,T013,Valid
3785,FR0028,D000958,P011,2026-07-22,40750.41,19,T013,Valid
3786,FR0028,D000994,P011,2026-07-20,40750.41,19,T013,Valid
3787,FR0028,D000149,P011,2026-07-12,40750.41,19,T013,Valid
3788,FR0029,D000969,P026,2026-01-01,77208.21,43,T003,Valid
3789,FR0029,D000504,P026,2026-01-17,77208.21,43,T003,Valid
3790,FR0029,D000705,P026,2026-02-05,45964.22,25,T003,Valid
3791,FR0029,D000493,P026,2026-02-12,45964.22,25,T003,Valid
3792,FR0029,D000028,P026,2026-02-06,45964.22,25,T003,Valid
3793,FR0029,D000028,P026,2026-03-03,27922.56,15,T003,Valid
3794,FR0029,D000705,P026,2026-03-06,27922.56,15,T003,Valid
3795,FR0029,D000969,P026,2026-03-13,27922.56,15,T003,Valid
3796,FR0029,D000493,P026,2026-03-08,27922.56,15,T003,Valid
3797,FR0029,D000790,P026,2026-03-14,27922.56,15,T003,Valid
3798,FR0029,D000504,P026,2026-03-27,27922.56,15,T003,Valid
3799,FR0029,D000790,P026,2026-04-15,24367.19,13,T003,Valid
3800,FR0029,D000504,P026,2026-04-22,24367.19,13,T003,Valid
3801,FR0029,D000705,P026,2026-04-10,24367.19,13,T003,Valid
3802,FR0029,D000028,P026,2026-04-09,24367.19,13,T003,Valid
3803,FR0029,D000969,P026,2026-04-02,24367.19,13,T003,Valid
3804,FR0029,D000945,P026,2026-04-06,24367.19,13,T003,Valid
3805,FR0029,D000028,P026,2026-05-08,23389.42,13,T003,Valid
3806,FR0029,D000969,P026,2026-05-07,23389.42,13,T003,Valid
3807,FR0029,D000705,P026,2026-05-09,23389.42,13,T003,Valid
3808,FR0029,D000504,P026,2026-05-04,23389.42,13,T003,Valid
3809,FR0029,D000493,P026,2026-05-16,23389.42,13,T003,Valid
3810,FR0029,D000945,P026,2026-05-04,23389.42,13,T003,Valid
3811,FR0029,D000493,P026,2026-06-16,26706.05,15,T003,Valid
3812,FR0029,D000969,P026,2026-06-19,26706.05,15,T003,Valid
3813,FR0029,D000028,P026,2026-06-27,26706.05,15,T003,Valid
3814,FR0029,D000790,P026,2026-06-04,26706.05,15,T003,Valid
3815,FR0029,D000705,P026,2026-06-07,26706.05,15,T003,Valid
3816,FR0029,D000504,P026,2026-06-17,26706.05,15,T003,Valid
3817,FR0029,D000969,P026,2026-07-25,30755.3,17,T003,Valid
3818,FR0029,D000945,P026,2026-07-27,30755.3,17,T003,Valid
3819,FR0029,D000790,P026,2026-07-27,30755.3,17,T003,Valid
3820,FR0029,D000705,P026,2026-07-08,30755.3,17,T003,Valid
3821,FR0029,D000028,P026,2026-07-17,30755.3,17,T003,Valid
3822,FR0029,D000945,P003,2026-01-22,20506.89,12,T003,Valid
3823,FR0029,D000028,P003,2026-01-15,20506.89,12,T003,Valid
3824,FR0029,D000705,P003,2026-01-23,20506.89,12,T003,Valid
3825,FR0029,D000790,P003,2026-01-13,20506.89,12,T003,Valid
3826,FR0029,D000493,P003,2026-01-08,20506.89,12,T003,Valid
3827,FR0029,D000504,P003,2026-02-13,56697.15,33,T003,Valid
3828,FR0029,D000028,P003,2026-02-05,56697.15,33,T003,Valid
3829,FR0029,D000504,P003,2026-03-13,24664.08,14,T003,Valid
3830,FR0029,D000945,P003,2026-03-22,24664.08,14,T003,Valid
3831,FR0029,D000493,P003,2026-03-01,24664.08,14,T003,Valid
3832,FR0029,D000028,P003,2026-03-11,24664.08,14,T003,Valid
3833,FR0029,D000790,P003,2026-04-19,23278.19,13,T003,Valid
3834,FR0029,D000493,P003,2026-04-11,23278.19,13,T003,Valid
3835,FR0029,D000028,P003,2026-04-13,23278.19,13,T003,Valid
3836,FR0029,D000945,P003,2026-04-25,23278.19,13,T003,Valid
3837,FR0029,D000969,P003,2026-04-02,23278.19,13,T003,Valid
3838,FR0029,D000790,P003,2026-05-01,22516.66,13,T003,Valid
3839,FR0029,D000969,P003,2026-05-05,22516.66,13,T003,Valid
3840,FR0029,D000945,P003,2026-05-11,22516.66,13,T003,Valid
3841,FR0029,D000504,P003,2026-05-02,22516.66,13,T003,Valid
3842,FR0029,D000705,P003,2026-05-23,22516.66,13,T003,Valid
3843,FR0029,D000945,P003,2026-06-10,19030.84,11,T003,Valid
3844,FR0029,D000969,P003,2026-06-11,19030.84,11,T003,Valid
3845,FR0029,D000504,P003,2026-06-20,19030.84,11,T003,Valid
3846,FR0029,D000790,P003,2026-06-18,19030.84,11,T003,Valid
3847,FR0029,D000705,P003,2026-06-03,19030.84,11,T003,Valid
3848,FR0029,D000028,P003,2026-06-03,19030.84,11,T003,Valid
3849,FR0029,D000945,P003,2026-07-15,54595.94,32,T003,Valid
3850,FR0029,D000969,P003,2026-07-12,54595.94,32,T003,Valid
3851,FR0029,D000028,P024,2026-01-09,22859.94,31,T003,Valid
3852,FR0029,D000790,P024,2026-01-25,22859.94,31,T003,Valid
3853,FR0029,D000705,P024,2026-01-20,22859.94,31,T003,Valid
3854,FR0029,D000790,P024,2026-02-17,11895.55,16,T003,Valid
3855,FR0029,D000705,P024,2026-02-23,11895.55,16,T003,Valid
3856,FR0029,D000945,P024,2026-02-27,11895.55,16,T003,Valid
3857,FR0029,D000493,P024,2026-02-05,11895.55,16,T003,Valid
3858,FR0029,D000504,P024,2026-02-17,11895.55,16,T003,Valid
3859,FR0029,D000969,P024,2026-02-07,11895.55,16,T003,Valid
3860,FR0029,D000945,P024,2026-03-21,15495.87,21,T003,Valid
3861,FR0029,D000790,P024,2026-03-22,15495.87,21,T003,Valid
3862,FR0029,D000028,P024,2026-03-26,15495.87,21,T003,Valid
3863,FR0029,D000705,P024,2026-03-12,15495.87,21,T003,Valid
3864,FR0029,D000969,P024,2026-04-22,18666.43,25,T003,Valid
3865,FR0029,D000705,P024,2026-04-19,18666.43,25,T003,Valid
3866,FR0029,D000945,P024,2026-04-01,18666.43,25,T003,Valid
3867,FR0029,D000504,P024,2026-04-04,18666.43,25,T003,Valid
3868,FR0029,D000969,P024,2026-05-06,17385.77,24,T003,Valid
3869,FR0029,D000504,P024,2026-05-13,17385.77,24,T003,Valid
3870,FR0029,D000945,P024,2026-05-19,17385.77,24,T003,Valid
3871,FR0029,D000790,P024,2026-05-07,17385.77,24,T003,Valid
3872,FR0029,D000945,P024,2026-06-24,24549.35,33,T003,Valid
3873,FR0029,D000493,P024,2026-06-09,24549.35,33,T003,Valid
3874,FR0029,D000790,P024,2026-06-13,24549.35,33,T003,Valid
3875,FR0029,D000028,P024,2026-07-22,12402.44,17,T003,Valid
3876,FR0029,D000504,P024,2026-07-11,12402.44,17,T003,Valid
3877,FR0029,D000705,P024,2026-07-18,12402.44,17,T003,Valid
3878,FR0029,D000493,P024,2026-07-11,12402.44,17,T003,Valid
3879,FR0029,D000790,P024,2026-07-16,12402.44,17,T003,Valid
3880,FR0029,D000969,P024,2026-07-11,12402.44,17,T003,Valid
3881,FR0029,D000504,P016,2026-01-26,20633.85,141,T003,Valid
3882,FR0029,D000790,P016,2026-01-12,20633.85,141,T003,Valid
3883,FR0029,D000945,P016,2026-01-08,20633.85,141,T003,Valid
3884,FR0029,D000945,P016,2026-02-17,31754.24,216,T003,Valid
3885,FR0029,D000705,P016,2026-02-13,31754.24,216,T003,Valid
3886,FR0029,D000969,P016,2026-03-07,15544.03,106,T003,Valid
3887,FR0029,D000504,P016,2026-03-21,15544.03,106,T003,Valid
3888,FR0029,D000493,P016,2026-03-04,15544.03,106,T003,Valid
3889,FR0029,D000028,P016,2026-03-17,15544.03,106,T003,Valid
3890,FR0029,D000790,P016,2026-04-17,13272.31,90,T003,Valid
3891,FR0029,D000705,P016,2026-04-23,13272.31,90,T003,Valid
3892,FR0029,D000493,P016,2026-04-19,13272.31,90,T003,Valid
3893,FR0029,D000028,P016,2026-04-09,13272.31,90,T003,Valid
3894,FR0029,D000945,P016,2026-04-02,13272.31,90,T003,Valid
3895,FR0029,D000504,P016,2026-05-27,14222.36,97,T003,Valid
3896,FR0029,D000705,P016,2026-05-07,14222.36,97,T003,Valid
3897,FR0029,D000028,P016,2026-05-07,14222.36,97,T003,Valid
3898,FR0029,D000969,P016,2026-05-06,14222.36,97,T003,Valid
3899,FR0029,D000028,P016,2026-06-01,9491.01,65,T003,Valid
3900,FR0029,D000493,P016,2026-06-09,9491.01,65,T003,Valid
3901,FR0029,D000705,P016,2026-06-23,9491.01,65,T003,Valid
3902,FR0029,D000790,P016,2026-06-26,9491.01,65,T003,Valid
3903,FR0029,D000945,P016,2026-06-10,9491.01,65,T003,Valid
3904,FR0029,D000969,P016,2026-06-26,9491.01,65,T003,Valid
3905,FR0029,D000790,P016,2026-07-09,116015.02,791,T003,Valid
3906,FR0029,D000493,P028,2026-01-26,20162.29,18,T003,Valid
3907,FR0029,D000504,P028,2026-01-25,20162.29,18,T003,Valid
3908,FR0029,D000790,P028,2026-01-14,20162.29,18,T003,Valid
3909,FR0029,D000969,P028,2026-02-10,12115.91,11,T003,Valid
3910,FR0029,D000705,P028,2026-02-05,12115.91,11,T003,Valid
3911,FR0029,D000790,P028,2026-02-23,12115.91,11,T003,Valid
3912,FR0029,D000945,P028,2026-02-17,12115.91,11,T003,Valid
3913,FR0029,D000493,P028,2026-02-24,12115.91,11,T003,Valid
3914,FR0029,D000504,P028,2026-03-17,11548.96,10,T003,Valid
3915,FR0029,D000969,P028,2026-03-10,11548.96,10,T003,Valid
3916,FR0029,D000790,P028,2026-03-04,11548.96,10,T003,Valid
3917,FR0029,D000945,P028,2026-03-26,11548.96,10,T003,Valid
3918,FR0029,D000028,P028,2026-03-14,11548.96,10,T003,Valid
3919,FR0029,D000504,P028,2026-04-03,24947.1,22,T003,Valid
3920,FR0029,D000945,P028,2026-04-05,24947.1,22,T003,Valid
3921,FR0029,D000493,P028,2026-04-27,24947.1,22,T003,Valid
3922,FR0029,D000790,P028,2026-04-04,24947.1,22,T003,Valid
3923,FR0029,D000504,P028,2026-05-21,13474.02,12,T003,Valid
3924,FR0029,D000705,P028,2026-05-14,13474.02,12,T003,Valid
3925,FR0029,D000028,P028,2026-05-24,13474.02,12,T003,Valid
3926,FR0029,D000493,P028,2026-05-22,13474.02,12,T003,Valid
3927,FR0029,D000705,P028,2026-06-23,8915.41,8,T003,Valid
3928,FR0029,D000969,P028,2026-06-14,8915.41,8,T003,Valid
3929,FR0029,D000790,P028,2026-06-21,8915.41,8,T003,Valid
3930,FR0029,D000945,P028,2026-06-15,8915.41,8,T003,Valid
3931,FR0029,D000028,P028,2026-06-10,8915.41,8,T003,Valid
3932,FR0029,D000493,P028,2026-06-14,8915.41,8,T003,Valid
3933,FR0029,D000504,P028,2026-07-03,17200.66,15,T003,Valid
3934,FR0029,D000969,P028,2026-07-07,17200.66,15,T003,Valid
3935,FR0029,D000493,P028,2026-07-27,17200.66,15,T003,Valid
3936,FR0029,D000493,P021,2026-01-27,38697.29,19,T003,Valid
3937,FR0029,D000790,P021,2026-01-01,38697.29,19,T003,Valid
3938,FR0029,D000969,P021,2026-01-10,38697.29,19,T003,Valid
3939,FR0029,D000790,P021,2026-02-14,61390.63,30,T003,Valid
3940,FR0029,D000493,P021,2026-02-16,61390.63,30,T003,Valid
3941,FR0029,D000493,P021,2026-03-06,21267.74,10,T003,Valid
3942,FR0029,D000705,P021,2026-03-06,21267.74,10,T003,Valid
3943,FR0029,D000945,P021,2026-03-16,21267.74,10,T003,Valid
3944,FR0029,D000028,P021,2026-03-11,21267.74,10,T003,Valid
3945,FR0029,D000504,P021,2026-03-24,21267.74,10,T003,Valid
3946,FR0029,D000969,P021,2026-03-18,21267.74,10,T003,Valid
3947,FR0029,D000028,P021,2026-04-13,19357.53,9,T003,Valid
3948,FR0029,D000504,P021,2026-04-18,19357.53,9,T003,Valid
3949,FR0029,D000493,P021,2026-04-24,19357.53,9,T003,Valid
3950,FR0029,D000969,P021,2026-04-13,19357.53,9,T003,Valid
3951,FR0029,D000945,P021,2026-04-18,19357.53,9,T003,Valid
3952,FR0029,D000790,P021,2026-04-23,19357.53,9,T003,Valid
3953,FR0029,D000945,P021,2026-05-24,26030.62,13,T003,Valid
3954,FR0029,D000493,P021,2026-05-19,26030.62,13,T003,Valid
3955,FR0029,D000969,P021,2026-05-19,26030.62,13,T003,Valid
3956,FR0029,D000705,P021,2026-05-27,26030.62,13,T003,Valid
3957,FR0029,D000504,P021,2026-05-11,26030.62,13,T003,Valid
3958,FR0029,D000493,P021,2026-06-26,21377.21,10,T003,Valid
3959,FR0029,D000945,P021,2026-06-22,21377.21,10,T003,Valid
3960,FR0029,D000705,P021,2026-06-03,21377.21,10,T003,Valid
3961,FR0029,D000969,P021,2026-06-10,21377.21,10,T003,Valid
3962,FR0029,D000028,P021,2026-06-18,21377.21,10,T003,Valid
3963,FR0029,D000790,P021,2026-06-05,21377.21,10,T003,Valid
3964,FR0029,D000969,P021,2026-07-07,40450.28,20,T003,Valid
3965,FR0029,D000790,P021,2026-07-18,40450.28,20,T003,Valid
3966,FR0029,D000945,P021,2026-07-09,40450.28,20,T003,Valid
3967,FR0029,D000969,P027,2026-01-08,19378.46,8,T003,Valid
3968,FR0029,D000705,P027,2026-01-19,19378.46,8,T003,Valid
3969,FR0029,D000504,P027,2026-01-09,19378.46,8,T003,Valid
3970,FR0029,D000493,P027,2026-02-20,30326.8,12,T003,Valid
3971,FR0029,D000705,P027,2026-02-19,30326.8,12,T003,Valid
3972,FR0029,D000705,P027,2026-03-23,16489.84,7,T003,Valid
3973,FR0029,D000790,P027,2026-03-11,16489.84,7,T003,Valid
3974,FR0029,D000969,P027,2026-03-19,16489.84,7,T003,Valid
3975,FR0029,D000028,P027,2026-03-17,16489.84,7,T003,Valid
3976,FR0029,D000945,P027,2026-03-05,16489.84,7,T003,Valid
3977,FR0029,D000493,P027,2026-03-01,16489.84,7,T003,Valid
3978,FR0029,D000705,P027,2026-04-06,15220.54,6,T003,Valid
3979,FR0029,D000945,P027,2026-04-02,15220.54,6,T003,Valid
3980,FR0029,D000028,P027,2026-04-25,15220.54,6,T003,Valid
3981,FR0029,D000493,P027,2026-04-16,15220.54,6,T003,Valid
3982,FR0029,D000790,P027,2026-05-23,9573.7,4,T003,Valid
3983,FR0029,D000969,P027,2026-05-24,9573.7,4,T003,Valid
3984,FR0029,D000705,P027,2026-05-12,9573.7,4,T003,Valid
3985,FR0029,D000504,P027,2026-05-17,9573.7,4,T003,Valid
3986,FR0029,D000945,P027,2026-05-06,9573.7,4,T003,Valid
3987,FR0029,D000028,P027,2026-05-21,9573.7,4,T003,Valid
3988,FR0029,D000493,P027,2026-06-09,24962.5,10,T003,Valid
3989,FR0029,D000028,P027,2026-06-08,24962.5,10,T003,Valid
3990,FR0029,D000504,P027,2026-07-07,9831.55,4,T003,Valid
3991,FR0029,D000028,P027,2026-07-19,9831.55,4,T003,Valid
3992,FR0029,D000705,P027,2026-07-01,9831.55,4,T003,Valid
3993,FR0029,D000945,P027,2026-07-05,9831.55,4,T003,Valid
3994,FR0029,D000493,P027,2026-07-19,9831.55,4,T003,Valid
3995,FR0029,D000790,P027,2026-07-25,9831.55,4,T003,Valid
3996,FR0030,D000066,P024,2026-01-16,30583.73,42,T018,Valid
3997,FR0030,D000386,P024,2026-01-07,30583.73,42,T018,Valid
3998,FR0030,D000368,P024,2026-01-19,30583.73,42,T018,Valid
3999,FR0030,D000349,P024,2026-02-05,54170.54,74,T018,Valid
4000,FR0030,D000630,P024,2026-02-07,54170.54,74,T018,Valid
4001,FR0030,D000855,P024,2026-03-04,20466.09,28,T018,Valid
4002,FR0030,D000368,P024,2026-03-25,20466.09,28,T018,Valid
4003,FR0030,D000630,P024,2026-03-22,20466.09,28,T018,Valid
4004,FR0030,D000348,P024,2026-03-04,20466.09,28,T018,Valid
4005,FR0030,D000066,P024,2026-03-13,20466.09,28,T018,Valid
4006,FR0030,D000066,P024,2026-04-07,17863.62,24,T018,Valid
4007,FR0030,D000368,P024,2026-04-24,17863.62,24,T018,Valid
4008,FR0030,D000348,P024,2026-04-07,17863.62,24,T018,Valid
4009,FR0030,D000349,P024,2026-04-10,17863.62,24,T018,Valid
4010,FR0030,D000855,P024,2026-04-07,17863.62,24,T018,Valid
4011,FR0030,D000912,P024,2026-04-13,17863.62,24,T018,Valid
4012,FR0030,D000348,P024,2026-05-04,21976.96,30,T018,Valid
4013,FR0030,D000912,P024,2026-05-10,21976.96,30,T018,Valid
4014,FR0030,D000349,P024,2026-05-26,21976.96,30,T018,Valid
4015,FR0030,D000855,P024,2026-05-22,21976.96,30,T018,Valid
4016,FR0030,D000630,P024,2026-06-05,45316.14,62,T018,Valid
4017,FR0030,D000348,P024,2026-06-10,45316.14,62,T018,Valid
4018,FR0030,D000630,P024,2026-07-26,26402.97,36,T018,Valid
4019,FR0030,D000912,P024,2026-07-24,26402.97,36,T018,Valid
4020,FR0030,D000368,P024,2026-07-01,26402.97,36,T018,Valid
4021,FR0030,D000066,P024,2026-07-07,26402.97,36,T018,Valid
4022,FR0030,D000348,P012,2026-01-15,63186.13,30,T018,Valid
4023,FR0030,D000912,P012,2026-01-05,63186.13,30,T018,Valid
4024,FR0030,D000630,P012,2026-02-09,22121.02,10,T018,Valid
4025,FR0030,D000368,P012,2026-02-24,22121.02,10,T018,Valid
4026,FR0030,D000349,P012,2026-02-05,22121.02,10,T018,Valid
4027,FR0030,D000348,P012,2026-02-05,22121.02,10,T018,Valid
4028,FR0030,D000386,P012,2026-02-02,22121.02,10,T018,Valid
4029,FR0030,D000066,P012,2026-02-04,22121.02,10,T018,Valid
4030,FR0030,D000066,P012,2026-03-02,30172.01,14,T018,Valid
4031,FR0030,D000348,P012,2026-03-24,30172.01,14,T018,Valid
4032,FR0030,D000386,P012,2026-03-03,30172.01,14,T018,Valid
4033,FR0030,D000630,P012,2026-03-14,30172.01,14,T018,Valid
4034,FR0030,D000349,P012,2026-04-08,50581.73,24,T018,Valid
4035,FR0030,D000855,P012,2026-04-23,50581.73,24,T018,Valid
4036,FR0030,D000630,P012,2026-04-02,50581.73,24,T018,Valid
4037,FR0030,D000066,P012,2026-04-02,50581.73,24,T018,Valid
4038,FR0030,D000855,P012,2026-05-19,29405.38,14,T005,Valid
4039,FR0030,D000912,P012,2026-05-12,29405.38,14,T018,Valid
4040,FR0030,D000349,P012,2026-05-06,29405.38,14,T002,Valid
4041,FR0030,D000386,P012,2026-05-04,29405.38,14,T013,Valid
4042,FR0030,D000066,P012,2026-06-02,57330.79,27,T018,Valid
4043,FR0030,D000386,P012,2026-06-04,57330.79,27,T018,Valid
4044,FR0030,D000368,P012,2026-07-25,22253.84,10,T018,Valid
4045,FR0030,D000066,P012,2026-07-16,22253.84,10,T018,Valid
4046,FR0030,D000912,P012,2026-07-14,22253.84,10,T018,Valid
4047,FR0030,D000630,P012,2026-07-02,22253.84,10,T018,Valid
4048,FR0030,D000349,P012,2026-07-01,22253.84,10,T018,Valid
4049,FR0030,D000630,P022,2026-01-02,23871.82,58,T018,Valid
4050,FR0030,D000912,P022,2026-01-03,23871.82,58,T018,Valid
4051,FR0030,D000912,P022,2026-02-08,25584.38,63,T018,Valid
4052,FR0030,D000630,P022,2026-02-03,25584.38,63,T018,Valid
4053,FR0030,D000912,P022,2026-03-06,12448.58,31,T018,Valid
4054,FR0030,D000349,P022,2026-03-23,12448.58,31,T018,Valid
4055,FR0030,D000348,P022,2026-03-01,12448.58,31,T018,Valid
4056,FR0030,D000368,P022,2026-03-19,12448.58,31,T018,Valid
4057,FR0030,D000912,P022,2026-04-20,13142.18,32,T018,Valid
4058,FR0030,D000368,P022,2026-04-16,13142.18,32,T018,Valid
4059,FR0030,D000630,P022,2026-04-07,13142.18,32,T018,Valid
4060,FR0030,D000855,P022,2026-04-18,13142.18,32,T018,Valid
4061,FR0030,D000855,P022,2026-05-09,19297.21,47,T018,Valid
4062,FR0030,D000348,P022,2026-05-14,19297.21,47,T018,Valid
4063,FR0030,D000368,P022,2026-05-14,19297.21,47,T018,Valid
4064,FR0030,D000349,P022,2026-06-01,16846.42,41,T018,Valid
4065,FR0030,D000630,P022,2026-06-02,16846.42,41,T018,Valid
4066,FR0030,D000368,P022,2026-06-13,16846.42,41,T018,Valid
4067,FR0030,D000066,P022,2026-07-19,8342.41,20,T018,Valid
4068,FR0030,D000855,P022,2026-07-22,8342.41,20,T018,Valid
4069,FR0030,D000912,P022,2026-07-04,8342.41,20,T018,Valid
4070,FR0030,D000630,P022,2026-07-02,8342.41,20,T018,Valid
4071,FR0030,D000386,P022,2026-07-24,8342.41,20,T018,Valid
4072,FR0030,D000348,P022,2026-07-09,8342.41,20,T018,Valid
4073,FR0030,D000066,P001,2026-01-11,18453.73,18,T018,Valid
4074,FR0030,D000349,P001,2026-01-06,18453.73,18,T018,Valid
4075,FR0030,D000348,P001,2026-01-09,18453.73,18,T018,Valid
4076,FR0030,D000912,P001,2026-01-20,18453.73,18,T018,Valid
4077,FR0030,D000855,P001,2026-02-27,70344.68,69,T010,Valid
4078,FR0030,D000855,P001,2026-03-10,13969.43,14,T018,Valid
4079,FR0030,D000066,P001,2026-03-16,13969.43,14,T018,Valid
4080,FR0030,D000348,P001,2026-03-19,13969.43,14,T018,Valid
4081,FR0030,D000630,P001,2026-03-08,13969.43,14,T018,Valid
4082,FR0030,D000368,P001,2026-03-27,13969.43,14,T018,Valid
4083,FR0030,D000386,P001,2026-04-03,11341.49,11,T018,Valid
4084,FR0030,D000912,P001,2026-04-27,11341.49,11,T018,Valid
4085,FR0030,D000855,P001,2026-04-06,11341.49,11,T018,Valid
4086,FR0030,D000066,P001,2026-04-22,11341.49,11,T018,Valid
4087,FR0030,D000368,P001,2026-04-01,11341.49,11,T018,Valid
4088,FR0030,D000630,P001,2026-04-15,11341.49,11,T018,Valid
4089,FR0030,D000348,P001,2026-05-02,24601.3,24,T018,Valid
4090,FR0030,D000066,P001,2026-05-06,24601.3,24,T018,Valid
4091,FR0030,D000368,P001,2026-05-22,24601.3,24,T018,Valid
4092,FR0030,D000368,P001,2026-06-22,36777.48,36,T018,Valid
4093,FR0030,D000349,P001,2026-06-25,36777.48,36,T018,Valid
4094,FR0030,D000912,P001,2026-07-24,11738.71,11,T018,Valid
4095,FR0030,D000348,P001,2026-07-18,11738.71,11,T018,Valid
4096,FR0030,D000066,P001,2026-07-21,11738.71,11,T018,Valid
4097,FR0030,D000630,P001,2026-07-10,11738.71,11,T018,Valid
4098,FR0030,D000368,P001,2026-07-17,11738.71,11,T018,Valid
4099,FR0030,D000386,P001,2026-07-27,11738.71,11,T018,Valid
4100,FR0030,D000349,P003,2026-01-15,51972.67,30,T018,Valid
4101,FR0030,D000855,P003,2026-01-17,51972.67,30,T018,Valid
4102,FR0030,D000066,P003,2026-01-24,51972.67,30,T018,Valid
4103,FR0030,D000066,P003,2026-02-09,28344.84,16,T018,Valid
4104,FR0030,D000386,P003,2026-02-02,28344.84,16,T018,Valid
4105,FR0030,D000348,P003,2026-02-16,28344.84,16,T018,Valid
4106,FR0030,D000912,P003,2026-02-16,28344.84,16,T018,Valid
4107,FR0030,D000855,P003,2026-02-03,28344.84,16,T018,Valid
4108,FR0030,D000386,P003,2026-03-13,77145.1,45,T018,Valid
4109,FR0030,D000912,P003,2026-03-25,77145.1,45,T018,Valid
4110,FR0030,D000386,P003,2026-04-18,31433.72,18,T018,Valid
4111,FR0030,D000855,P003,2026-04-05,31433.72,18,T018,Valid
4112,FR0030,D000348,P003,2026-04-24,31433.72,18,T018,Valid
4113,FR0030,D000912,P003,2026-04-13,31433.72,18,T018,Valid
4114,FR0030,D000368,P003,2026-04-22,31433.72,18,T018,Valid
4115,FR0030,D000368,P003,2026-05-26,32378.98,19,T018,Valid
4116,FR0030,D000630,P003,2026-05-26,32378.98,19,T018,Valid
4117,FR0030,D000066,P003,2026-05-14,32378.98,19,T018,Valid
4118,FR0030,D000349,P003,2026-05-12,32378.98,19,T018,Valid
4119,FR0030,D000368,P003,2026-06-15,39021.91,23,T016,Valid
4120,FR0030,D000349,P003,2026-06-26,39021.91,23,T018,Valid
4121,FR0030,D000630,P003,2026-06-13,39021.91,23,T018,Valid
4122,FR0030,D000912,P003,2026-06-20,39021.91,23,T020,Valid
4123,FR0030,D000368,P003,2026-07-01,27360.78,16,T018,Valid
4124,FR0030,D000630,P003,2026-07-15,27360.78,16,T018,Valid
4125,FR0030,D000349,P003,2026-07-10,27360.78,16,T018,Valid
4126,FR0030,D000386,P003,2026-07-03,27360.78,16,T018,Valid
4127,FR0030,D000912,P003,2026-07-01,27360.78,16,T018,Valid
4128,FR0030,D000855,P010,2026-01-18,39910.93,30,T018,Valid
4129,FR0030,D000349,P010,2026-01-01,39910.93,30,T018,Valid
4130,FR0030,D000386,P010,2026-01-19,39910.93,30,T018,Valid
4131,FR0030,D000368,P010,2026-02-13,17141.21,13,T018,Valid
4132,FR0030,D000386,P010,2026-02-05,17141.21,13,T018,Valid
4133,FR0030,D000066,P010,2026-02-17,17141.21,13,T018,Valid
4134,FR0030,D000912,P010,2026-02-20,17141.21,13,T018,Valid
4135,FR0030,D000348,P010,2026-02-03,17141.21,13,T018,Valid
4136,FR0030,D000855,P010,2026-02-01,17141.21,13,T018,Valid
4137,FR0030,D000368,P010,2026-03-22,49337.6,37,T018,Valid
4138,FR0030,D000349,P010,2026-03-20,49337.6,37,T018,Valid
4139,FR0030,D000348,P010,2026-04-01,24028.49,18,T018,Valid
4140,FR0030,D000912,P010,2026-04-06,24028.49,18,T018,Valid
4141,FR0030,D000855,P010,2026-04-02,24028.49,18,T018,Valid
4142,FR0030,D000368,P010,2026-04-11,24028.49,18,T018,Valid
4143,FR0030,D000386,P010,2026-04-17,24028.49,18,T018,Valid
4144,FR0030,D000630,P010,2026-05-16,38325.65,29,T018,Valid
4145,FR0030,D000349,P010,2026-05-09,38325.65,29,T018,Valid
4146,FR0030,D000855,P010,2026-05-20,38325.65,29,T018,Valid
4147,FR0030,D000386,P010,2026-06-13,27980.16,21,T018,Valid
4148,FR0030,D000066,P010,2026-06-16,27980.16,21,T018,Valid
4149,FR0030,D000912,P010,2026-06-24,27980.16,21,T018,Valid
4150,FR0030,D000368,P010,2026-06-24,27980.16,21,T018,Valid
4151,FR0030,D000066,P010,2026-07-27,16593.78,13,T018,Valid
4152,FR0030,D000386,P010,2026-07-05,16593.78,13,T018,Valid
4153,FR0030,D000855,P010,2026-07-09,16593.78,13,T018,Valid
4154,FR0030,D000912,P010,2026-07-15,16593.78,13,T018,Valid
4155,FR0030,D000368,P010,2026-07-14,16593.78,13,T018,Valid
4156,FR0030,D000348,P010,2026-07-04,16593.78,13,T018,Valid
4157,FR0030,D000855,P007,2026-01-20,16572.45,35,T018,Valid
4158,FR0030,D000386,P007,2026-01-08,16572.45,35,T018,Valid
4159,FR0030,D000630,P007,2026-01-19,16572.45,35,T018,Valid
4160,FR0030,D000912,P007,2026-01-23,16572.45,35,T018,Valid
4161,FR0030,D000386,P007,2026-02-09,10844.09,23,T018,Valid
4162,FR0030,D000630,P007,2026-02-26,10844.09,23,T018,Valid
4163,FR0030,D000066,P007,2026-02-02,10844.09,23,T018,Valid
4164,FR0030,D000349,P007,2026-02-04,10844.09,23,T018,Valid
4165,FR0030,D000912,P007,2026-02-05,10844.09,23,T018,Valid
4166,FR0030,D000368,P007,2026-02-20,10844.09,23,T018,Valid
4167,FR0030,D000368,P007,2026-03-12,18236.18,38,T018,Valid
4168,FR0030,D000630,P007,2026-03-03,18236.18,38,T018,Valid
4169,FR0030,D000912,P007,2026-03-03,18236.18,38,T018,Valid
4170,FR0030,D000066,P007,2026-03-22,18236.18,38,T018,Valid
4171,FR0030,D000349,P007,2026-04-02,14552.6,30,T005,Valid
4172,FR0030,D000066,P007,2026-04-01,14552.6,30,T009,Valid
4173,FR0030,D000386,P007,2026-04-19,14552.6,30,T018,Valid
4174,FR0030,D000630,P007,2026-04-10,14552.6,30,T018,Valid
4175,FR0030,D000912,P007,2026-04-09,14552.6,30,T018,Valid
4176,FR0030,D000855,P007,2026-05-27,74063.33,154,T014,Valid
4177,FR0030,D000912,P007,2026-06-26,13022.17,27,T018,Valid
4178,FR0030,D000349,P007,2026-06-25,13022.17,27,T018,Valid
4179,FR0030,D000386,P007,2026-06-08,13022.17,27,T018,Valid
4180,FR0030,D000066,P007,2026-06-26,13022.17,27,T018,Valid
4181,FR0030,D000368,P007,2026-06-26,13022.17,27,T018,Valid
4182,FR0030,D000630,P007,2026-07-02,62393.12,130,T018,Valid
4183,FR0031,D000290,P021,2026-01-10,75038.48,36,T010,Valid
4184,FR0031,D000268,P021,2026-01-25,75038.48,36,T010,Valid
4185,FR0031,D000433,P021,2026-02-20,33596.44,16,T010,Valid
4186,FR0031,D000609,P021,2026-02-13,33596.44,16,T010,Valid
4187,FR0031,D000268,P021,2026-02-04,33596.44,16,T010,Valid
4188,FR0031,D000843,P021,2026-02-06,33596.44,16,T010,Valid
4189,FR0031,D000454,P021,2026-02-23,33596.44,16,T010,Valid
4190,FR0031,D000671,P021,2026-03-13,41550.15,20,T010,Valid
4191,FR0031,D000903,P021,2026-03-01,41550.15,20,T010,Valid
4192,FR0031,D000660,P021,2026-03-18,41550.15,20,T010,Valid
4193,FR0031,D000722,P021,2026-03-04,41550.15,20,T010,Valid
4194,FR0031,D000671,P021,2026-04-06,33713.7,16,T010,Valid
4195,FR0031,D000268,P021,2026-04-20,33713.7,16,T010,Valid
4196,FR0031,D000301,P021,2026-04-15,33713.7,16,T010,Valid
4197,FR0031,D000957,P021,2026-04-01,33713.7,16,T010,Valid
4198,FR0031,D000166,P021,2026-04-09,33713.7,16,T010,Valid
4199,FR0031,D000722,P021,2026-05-03,53268.64,26,T010,Valid
4200,FR0031,D000903,P021,2026-05-24,53268.64,26,T010,Valid
4201,FR0031,D000625,P021,2026-05-06,53268.64,26,T010,Valid
4202,FR0031,D000454,P021,2026-06-19,28857.24,14,T010,Valid
4203,FR0031,D000364,P021,2026-06-13,28857.24,14,T010,Valid
4204,FR0031,D000625,P021,2026-06-18,28857.24,14,T010,Valid
4205,FR0031,D000457,P021,2026-06-15,28857.24,14,T010,Valid
4206,FR0031,D000813,P021,2026-06-12,28857.24,14,T010,Valid
4207,FR0031,D000290,P021,2026-07-23,24697.15,12,T010,Valid
4208,FR0031,D000433,P021,2026-07-08,24697.15,12,T010,Valid
4209,FR0031,D000268,P021,2026-07-11,24697.15,12,T010,Valid
4210,FR0031,D000215,P021,2026-07-12,24697.15,12,T010,Valid
4211,FR0031,D000740,P021,2026-07-25,24697.15,12,T010,Valid
4212,FR0031,D000671,P021,2026-07-02,24697.15,12,T010,Valid
4213,FR0031,D000815,P011,2026-01-03,29694.38,14,T010,Valid
4214,FR0031,D000268,P011,2026-01-05,29694.38,14,T010,Valid
4215,FR0031,D000957,P011,2026-01-05,29694.38,14,T010,Valid
4216,FR0031,D000301,P011,2026-01-15,29694.38,14,T010,Valid
4217,FR0031,D000740,P011,2026-02-15,25073.46,11,T010,Valid
4218,FR0031,D000719,P011,2026-02-25,25073.46,11,T010,Valid
4219,FR0031,D000815,P011,2026-02-25,25073.46,11,T010,Valid
4220,FR0031,D000933,P011,2026-02-08,25073.46,11,T010,Valid
4221,FR0031,D000166,P011,2026-02-10,25073.46,11,T010,Valid
4222,FR0031,D000301,P011,2026-03-27,64381.86,29,T010,Valid
4223,FR0031,D000957,P011,2026-03-18,64381.86,29,T010,Valid
4224,FR0031,D000813,P011,2026-04-02,32706.35,15,T010,Valid
4225,FR0031,D000139,P011,2026-04-03,32706.35,15,T010,Valid
4226,FR0031,D000722,P011,2026-04-26,32706.35,15,T010,Valid
4227,FR0031,D000671,P011,2026-04-08,32706.35,15,T010,Valid
4228,FR0031,D000903,P011,2026-05-09,19625.41,9,T010,Valid
4229,FR0031,D000364,P011,2026-05-11,19625.41,9,T010,Valid
4230,FR0031,D000454,P011,2026-05-01,19625.41,9,T010,Valid
4231,FR0031,D000815,P011,2026-05-23,19625.41,9,T010,Valid
4232,FR0031,D000671,P011,2026-05-17,19625.41,9,T018,Valid
4233,FR0031,D000660,P011,2026-05-13,19625.41,9,T010,Valid
4234,FR0031,D000457,P011,2026-06-02,23324.86,11,T010,Valid
4235,FR0031,D000290,P011,2026-06-18,23324.86,11,T010,Valid
4236,FR0031,D000397,P011,2026-06-27,23324.86,11,T010,Valid
4237,FR0031,D000740,P011,2026-06-12,23324.86,11,T010,Valid
4238,FR0031,D000625,P011,2026-06-03,23324.86,11,T010,Valid
4239,FR0031,D000215,P011,2026-07-22,19130.28,9,T010,Valid
4240,FR0031,D000139,P011,2026-07-08,19130.28,9,T010,Valid
4241,FR0031,D000722,P011,2026-07-20,19130.28,9,T010,Valid
4242,FR0031,D000740,P011,2026-07-05,19130.28,9,T010,Valid
4243,FR0031,D000933,P011,2026-07-15,19130.28,9,T010,Valid
4244,FR0031,D000815,P011,2026-07-17,19130.28,9,T010,Valid
4245,FR0031,D000660,P020,2026-01-20,12209.88,40,T010,Valid
4246,FR0031,D000981,P020,2026-01-10,12209.88,40,T010,Valid
4247,FR0031,D000843,P020,2026-01-16,12209.88,40,T010,Valid
4248,FR0031,D000268,P020,2026-01-23,12209.88,40,T010,Valid
4249,FR0031,D000933,P020,2026-01-27,12209.88,40,T010,Valid
4250,FR0031,D000813,P020,2026-01-04,12209.88,40,T010,Valid
4251,FR0031,D000141,P020,2026-02-24,24725.07,81,T010,Valid
4252,FR0031,D000903,P020,2026-02-18,24725.07,81,T010,Valid
4253,FR0031,D000166,P020,2026-02-13,24725.07,81,T010,Valid
4254,FR0031,D000722,P020,2026-03-08,11292.0,37,T010,Valid
4255,FR0031,D000364,P020,2026-03-19,11292.0,37,T010,Valid
4256,FR0031,D000685,P020,2026-03-04,11292.0,37,T010,Valid
4257,FR0031,D000638,P020,2026-03-04,11292.0,37,T010,Valid
4258,FR0031,D000290,P020,2026-03-22,11292.0,37,T010,Valid
4259,FR0031,D000660,P020,2026-03-16,11292.0,37,T010,Valid
4260,FR0031,D000301,P020,2026-04-19,12714.58,42,T010,Valid
4261,FR0031,D000290,P020,2026-04-07,12714.58,42,T010,Valid
4262,FR0031,D000660,P020,2026-04-05,12714.58,42,T010,Valid
4263,FR0031,D000933,P020,2026-04-02,12714.58,42,T010,Valid
4264,FR0031,D000141,P020,2026-04-04,12714.58,42,T010,Valid
4265,FR0031,D000813,P020,2026-04-06,12714.58,42,T010,Valid
4266,FR0031,D000609,P020,2026-05-01,10603.69,35,T010,Valid
4267,FR0031,D000638,P020,2026-05-27,10603.69,35,T010,Valid
4268,FR0031,D000625,P020,2026-05-20,10603.69,35,T010,Valid
4269,FR0031,D000981,P020,2026-05-18,10603.69,35,T010,Valid
4270,FR0031,D000215,P020,2026-05-22,10603.69,35,T010,Valid
4271,FR0031,D000141,P020,2026-05-23,10603.69,35,T010,Valid
4272,FR0031,D000457,P020,2026-06-03,24034.48,79,T010,Valid
4273,FR0031,D000609,P020,2026-06-02,24034.48,79,T010,Valid
4274,FR0031,D000903,P020,2026-06-08,24034.48,79,T010,Valid
4275,FR0031,D000685,P020,2026-07-25,34276.47,112,T010,Valid
4276,FR0031,D000660,P020,2026-07-26,34276.47,112,T010,Valid
4277,FR0031,D000433,P028,2026-01-11,18676.35,16,T010,Valid
4278,FR0031,D000625,P028,2026-01-22,18676.35,16,T010,Valid
4279,FR0031,D000957,P028,2026-01-04,18676.35,16,T010,Valid
4280,FR0031,D000685,P028,2026-01-01,18676.35,16,T010,Valid
4281,FR0031,D000290,P028,2026-02-11,16371.22,14,T010,Valid
4282,FR0031,D000139,P028,2026-02-19,16371.22,14,T010,Valid
4283,FR0031,D000457,P028,2026-02-15,16371.22,14,T010,Valid
4284,FR0031,D000933,P028,2026-02-03,16371.22,14,T010,Valid
4285,FR0031,D000397,P028,2026-02-01,16371.22,14,T010,Valid
4286,FR0031,D000139,P028,2026-03-10,72814.43,63,T010,Valid
4287,FR0031,D000433,P028,2026-04-15,25726.71,22,T010,Valid
4288,FR0031,D000139,P028,2026-04-11,25726.71,22,T010,Valid
4289,FR0031,D000903,P028,2026-04-13,25726.71,22,T010,Valid
4290,FR0031,D000643,P028,2026-05-25,13432.69,12,T010,Valid
4291,FR0031,D000141,P028,2026-05-25,13432.69,12,T010,Valid
4292,FR0031,D000660,P028,2026-05-14,13432.69,12,T010,Valid
4293,FR0031,D000719,P028,2026-05-18,13432.69,12,T010,Valid
4294,FR0031,D000139,P028,2026-05-10,13432.69,12,T010,Valid
4295,FR0031,D000457,P028,2026-05-05,13432.69,12,T010,Valid
4296,FR0031,D000609,P028,2026-06-26,24993.74,22,T010,Valid
4297,FR0031,D000719,P028,2026-06-17,24993.74,22,T010,Valid
4298,FR0031,D000638,P028,2026-06-18,24993.74,22,T010,Valid
4299,FR0031,D000643,P028,2026-07-22,37108.91,32,T010,Valid
4300,FR0031,D000660,P028,2026-07-21,37108.91,32,T010,Valid
4301,FR0031,D000139,P012,2026-01-05,56334.52,27,T020,Valid
4302,FR0031,D000813,P012,2026-01-25,56334.52,27,T010,Valid
4303,FR0031,D000719,P012,2026-01-17,56334.52,27,T011,Valid
4304,FR0031,D000364,P012,2026-01-06,56334.52,27,T004,Valid
4305,FR0031,D000268,P012,2026-01-18,56334.52,27,T004,Valid
4306,FR0031,D000166,P012,2026-02-12,49756.22,23,T010,Valid
4307,FR0031,D000903,P012,2026-02-17,49756.22,23,T010,Valid
4308,FR0031,D000638,P012,2026-02-04,49756.22,23,T010,Valid
4309,FR0031,D000643,P012,2026-03-20,42990.22,20,T010,Valid
4310,FR0031,D000433,P012,2026-03-26,42990.22,20,T010,Valid
4311,FR0031,D000609,P012,2026-03-04,42990.22,20,T010,Valid
4312,FR0031,D000166,P012,2026-04-13,36245.67,17,T010,Valid
4313,FR0031,D000719,P012,2026-04-14,36245.67,17,T010,Valid
4314,FR0031,D000813,P012,2026-04-06,36245.67,17,T010,Valid
4315,FR0031,D000685,P012,2026-04-05,36245.67,17,T010,Valid
4316,FR0031,D000141,P012,2026-05-24,26050.09,12,T010,Valid
4317,FR0031,D000903,P012,2026-05-12,26050.09,12,T010,Valid
4318,FR0031,D000813,P012,2026-05-05,26050.09,12,T010,Valid
4319,FR0031,D000981,P012,2026-05-27,26050.09,12,T010,Valid
4320,FR0031,D000397,P012,2026-05-12,26050.09,12,T010,Valid
4321,FR0031,D000625,P012,2026-06-01,33679.92,16,T010,Valid
4322,FR0031,D000843,P012,2026-06-05,33679.92,16,T010,Valid
4323,FR0031,D000660,P012,2026-06-12,33679.92,16,T010,Valid
4324,FR0031,D000268,P012,2026-06-27,33679.92,16,T010,Valid
4325,FR0031,D000722,P012,2026-07-08,60471.64,29,T010,Valid
4326,FR0031,D000609,P012,2026-07-11,60471.64,29,T010,Valid
4327,FR0031,D000290,P008,2026-01-24,15800.06,7,T010,Valid
4328,FR0031,D000660,P008,2026-01-09,15800.06,7,T010,Valid
4329,FR0031,D000671,P008,2026-01-02,15800.06,7,T010,Valid
4330,FR0031,D000719,P008,2026-01-16,15800.06,7,T010,Valid
4331,FR0031,D000454,P008,2026-01-21,15800.06,7,T010,Valid
4332,FR0031,D000364,P008,2026-02-18,13659.31,6,T010,Valid
4333,FR0031,D000166,P008,2026-02-25,13659.31,6,T010,Valid
4334,FR0031,D000268,P008,2026-02-01,13659.31,6,T010,Valid
4335,FR0031,D000625,P008,2026-02-03,13659.31,6,T010,Valid
4336,FR0031,D000609,P008,2026-02-26,13659.31,6,T010,Valid
4337,FR0031,D000166,P008,2026-03-19,38007.9,16,T010,Valid
4338,FR0031,D000215,P008,2026-03-01,38007.9,16,T010,Valid
4339,FR0031,D000454,P008,2026-04-14,36581.04,15,T010,Valid
4340,FR0031,D000290,P008,2026-04-24,36581.04,15,T010,Valid
4341,FR0031,D000141,P008,2026-05-02,13872.93,6,T010,Valid
4342,FR0031,D000933,P008,2026-05-15,13872.93,6,T010,Valid
4343,FR0031,D000685,P008,2026-05-26,13872.93,6,T010,Valid
4344,FR0031,D000268,P008,2026-05-19,13872.93,6,T010,Valid
4345,FR0031,D000301,P008,2026-05-22,13872.93,6,T010,Valid
4346,FR0031,D000268,P008,2026-06-19,152045.97,64,T012,Valid
4347,FR0031,D000397,P008,2026-07-14,18082.92,8,T010,Valid
4348,FR0031,D000643,P008,2026-07-24,18082.92,8,T010,Valid
4349,FR0031,D000843,P008,2026-07-20,18082.92,8,T010,Valid
4350,FR0031,D000215,P008,2026-07-24,18082.92,8,T010,Valid
4351,FR0032,D000219,P016,2026-01-25,36373.29,248,T020,Valid
4352,FR0032,D000045,P016,2026-01-22,36373.29,248,T020,Valid
4353,FR0032,D000071,P016,2026-01-13,36373.29,248,T020,Valid
4354,FR0032,D000861,P016,2026-01-22,36373.29,248,T020,Valid
4355,FR0032,D000856,P016,2026-02-09,150539.5,1026,T013,Valid
4356,FR0032,D000497,P016,2026-03-17,24349.45,166,T020,Valid
4357,FR0032,D000113,P016,2026-03-18,24349.45,166,T020,Valid
4358,FR0032,D000632,P016,2026-03-06,24349.45,166,T020,Valid
4359,FR0032,D000206,P016,2026-03-26,24349.45,166,T020,Valid
4360,FR0032,D000784,P016,2026-03-13,24349.45,166,T020,Valid
4361,FR0032,D000861,P016,2026-03-21,24349.45,166,T020,Valid
4362,FR0032,D000045,P016,2026-04-23,31936.74,218,T020,Valid
4363,FR0032,D000384,P016,2026-04-13,31936.74,218,T020,Valid
4364,FR0032,D000856,P016,2026-04-15,31936.74,218,T020,Valid
4365,FR0032,D000206,P016,2026-04-11,31936.74,218,T020,Valid
4366,FR0032,D000071,P016,2026-05-11,25434.9,173,T020,Valid
4367,FR0032,D000632,P016,2026-05-11,25434.9,173,T020,Valid
4368,FR0032,D000045,P016,2026-05-02,25434.9,173,T020,Valid
4369,FR0032,D000538,P016,2026-05-21,25434.9,173,T020,Valid
4370,FR0032,D000784,P016,2026-05-10,25434.9,173,T020,Valid
4371,FR0032,D000497,P016,2026-05-01,25434.9,173,T020,Valid
4372,FR0032,D000065,P016,2026-06-25,63326.95,432,T020,Valid
4373,FR0032,D000384,P016,2026-06-13,63326.95,432,T020,Valid
4374,FR0032,D000632,P016,2026-07-02,36081.21,246,T020,Valid
4375,FR0032,D000384,P016,2026-07-23,36081.21,246,T020,Valid
4376,FR0032,D000627,P016,2026-07-06,36081.21,246,T020,Valid
4377,FR0032,D000340,P016,2026-07-01,36081.21,246,T020,Valid
4378,FR0032,D000627,P007,2026-01-01,68058.78,142,T020,Valid
4379,FR0032,D000071,P007,2026-01-22,68058.78,142,T020,Valid
4380,FR0032,D000219,P007,2026-02-25,23072.39,48,T020,Valid
4381,FR0032,D000856,P007,2026-02-23,23072.39,48,T020,Valid
4382,FR0032,D000045,P007,2026-02-03,23072.39,48,T020,Valid
4383,FR0032,D000784,P007,2026-02-04,23072.39,48,T020,Valid
4384,FR0032,D000071,P007,2026-02-07,23072.39,48,T020,Valid
4385,FR0032,D000340,P007,2026-02-06,23072.39,48,T020,Valid
4386,FR0032,D000384,P007,2026-03-02,32900.06,69,T020,Valid
4387,FR0032,D000627,P007,2026-03-10,32900.06,69,T020,Valid
4388,FR0032,D000538,P007,2026-03-27,32900.06,69,T020,Valid
4389,FR0032,D000219,P007,2026-03-04,32900.06,69,T020,Valid
4390,FR0032,D000497,P007,2026-04-21,19791.55,41,T020,Valid
4391,FR0032,D000045,P007,2026-04-08,19791.55,41,T020,Valid
4392,FR0032,D000219,P007,2026-04-25,19791.55,41,T020,Valid
4393,FR0032,D000632,P007,2026-04-03,19791.55,41,T020,Valid
4394,FR0032,D000538,P007,2026-04-01,19791.55,41,T020,Valid
4395,FR0032,D000784,P007,2026-04-10,19791.55,41,T020,Valid
4396,FR0032,D000113,P007,2026-05-19,70169.97,146,T020,Valid
4397,FR0032,D000632,P007,2026-05-01,70169.97,146,T020,Valid
4398,FR0032,D000045,P007,2026-06-03,27889.69,58,T020,Valid
4399,FR0032,D000497,P007,2026-06-18,27889.69,58,T020,Valid
4400,FR0032,D000538,P007,2026-06-21,27889.69,58,T020,Valid
4401,FR0032,D000632,P007,2026-06-04,27889.69,58,T020,Valid
4402,FR0032,D000206,P007,2026-06-21,27889.69,58,T020,Valid
4403,FR0032,D000219,P007,2026-07-11,21757.39,45,T020,Valid
4404,FR0032,D000861,P007,2026-07-02,21757.39,45,T020,Valid
4405,FR0032,D000784,P007,2026-07-13,21757.39,45,T020,Valid
4406,FR0032,D000113,P007,2026-07-02,21757.39,45,T020,Valid
4407,FR0032,D000856,P007,2026-07-14,21757.39,45,T020,Valid
4408,FR0032,D000538,P007,2026-07-19,21757.39,45,T020,Valid
4409,FR0032,D000045,P026,2026-01-09,7671.93,4,T020,Valid
4410,FR0032,D000065,P026,2026-01-25,7671.93,4,T020,Valid
4411,FR0032,D000497,P026,2026-01-08,7671.93,4,T020,Valid
4412,FR0032,D000340,P026,2026-01-17,7671.93,4,T020,Valid
4413,FR0032,D000384,P026,2026-01-23,7671.93,4,T020,Valid
4414,FR0032,D000627,P026,2026-01-05,7671.93,4,T020,Valid
4415,FR0032,D000206,P026,2026-02-08,9850.23,5,T020,Valid
4416,FR0032,D000538,P026,2026-02-01,9850.23,5,T020,Valid
4417,FR0032,D000632,P026,2026-02-16,9850.23,5,T020,Valid
4418,FR0032,D000219,P026,2026-02-13,9850.23,5,T020,Valid
4419,FR0032,D000071,P026,2026-03-27,12948.83,7,T020,Valid
4420,FR0032,D000627,P026,2026-03-03,12948.83,7,T020,Valid
4421,FR0032,D000219,P026,2026-03-07,12948.83,7,T020,Valid
4422,FR0032,D000065,P026,2026-04-06,9649.52,5,T020,Valid
4423,FR0032,D000384,P026,2026-04-02,9649.52,5,T020,Valid
4424,FR0032,D000497,P026,2026-04-06,9649.52,5,T020,Valid
4425,FR0032,D000206,P026,2026-04-19,9649.52,5,T020,Valid
4426,FR0032,D000856,P026,2026-05-24,9852.58,5,T020,Valid
4427,FR0032,D000065,P026,2026-05-02,9852.58,5,T020,Valid
4428,FR0032,D000861,P026,2026-05-02,9852.58,5,T020,Valid
4429,FR0032,D000045,P026,2026-05-14,9852.58,5,T020,Valid
4430,FR0032,D000497,P026,2026-06-05,6777.7,4,T020,Valid
4431,FR0032,D000340,P026,2026-06-03,6777.7,4,T020,Valid
4432,FR0032,D000861,P026,2026-06-13,6777.7,4,T020,Valid
4433,FR0032,D000206,P026,2026-06-08,6777.7,4,T020,Valid
4434,FR0032,D000113,P026,2026-06-05,6777.7,4,T020,Valid
4435,FR0032,D000045,P026,2026-06-01,6777.7,4,T020,Valid
4436,FR0032,D000219,P026,2026-07-15,8093.63,4,T020,Valid
4437,FR0032,D000784,P026,2026-07-19,8093.63,4,T020,Valid
4438,FR0032,D000538,P026,2026-07-03,8093.63,4,T020,Valid
4439,FR0032,D000497,P026,2026-07-19,8093.63,4,T020,Valid
4440,FR0032,D000632,P026,2026-07-19,8093.63,4,T020,Valid
4441,FR0032,D000045,P010,2026-01-20,162582.01,123,T020,Valid
4442,FR0032,D000045,P010,2026-02-21,15104.56,11,T020,Valid
4443,FR0032,D000071,P010,2026-02-20,15104.56,11,T020,Valid
4444,FR0032,D000113,P010,2026-02-22,15104.56,11,T020,Valid
4445,FR0032,D000340,P010,2026-02-03,15104.56,11,T020,Valid
4446,FR0032,D000856,P010,2026-02-17,15104.56,11,T020,Valid
4447,FR0032,D000065,P010,2026-02-04,15104.56,11,T020,Valid
4448,FR0032,D000538,P010,2026-03-25,22876.2,17,T020,Valid
4449,FR0032,D000065,P010,2026-03-17,22876.2,17,T020,Valid
4450,FR0032,D000340,P010,2026-03-07,22876.2,17,T020,Valid
4451,FR0032,D000856,P010,2026-03-12,22876.2,17,T020,Valid
4452,FR0032,D000538,P010,2026-04-16,20841.8,16,T020,Valid
4453,FR0032,D000632,P010,2026-04-23,20841.8,16,T020,Valid
4454,FR0032,D000384,P010,2026-04-04,20841.8,16,T020,Valid
4455,FR0032,D000856,P010,2026-04-18,20841.8,16,T020,Valid
4456,FR0032,D000856,P010,2026-05-17,13790.61,10,T020,Valid
4457,FR0032,D000113,P010,2026-05-26,13790.61,10,T013,Valid
4458,FR0032,D000065,P010,2026-05-10,13790.61,10,T004,Valid
4459,FR0032,D000497,P010,2026-05-17,13790.61,10,T020,Valid
4460,FR0032,D000340,P010,2026-05-16,13790.61,10,T012,Valid
4461,FR0032,D000538,P010,2026-05-18,13790.61,10,T005,Valid
4462,FR0032,D000071,P010,2026-06-02,30820.1,23,T020,Valid
4463,FR0032,D000627,P010,2026-06-03,30820.1,23,T020,Valid
4464,FR0032,D000861,P010,2026-06-09,30820.1,23,T020,Valid
4465,FR0032,D000632,P010,2026-07-20,15803.59,12,T020,Valid
4466,FR0032,D000065,P010,2026-07-07,15803.59,12,T020,Valid
4467,FR0032,D000856,P010,2026-07-01,15803.59,12,T020,Valid
4468,FR0032,D000340,P010,2026-07-05,15803.59,12,T020,Valid
4469,FR0032,D000219,P010,2026-07-21,15803.59,12,T020,Valid
4470,FR0032,D000538,P010,2026-07-01,15803.59,12,T020,Valid
4471,FR0033,D000635,P021,2026-01-12,15929.98,8,T012,Valid
4472,FR0033,D000559,P021,2026-01-07,15929.98,8,T012,Valid
4473,FR0033,D000221,P021,2026-01-25,15929.98,8,T012,Valid
4474,FR0033,D000211,P021,2026-01-05,15929.98,8,T012,Valid
4475,FR0033,D000986,P021,2026-01-03,15929.98,8,T012,Valid
4476,FR0033,D000088,P021,2026-02-23,22224.56,11,T012,Valid
4477,FR0033,D000986,P021,2026-02-20,22224.56,11,T012,Valid
4478,FR0033,D000559,P021,2026-02-27,22224.56,11,T012,Valid
4479,FR0033,D000874,P021,2026-03-08,35824.84,17,T012,Valid
4480,FR0033,D000748,P021,2026-03-25,35824.84,17,T012,Valid
4481,FR0033,D000584,P021,2026-04-16,38208.74,19,T012,Valid
4482,FR0033,D000211,P021,2026-04-13,38208.74,19,T012,Valid
4483,FR0033,D000527,P021,2026-05-07,23137.73,11,T011,Valid
4484,FR0033,D000211,P021,2026-05-17,23137.73,11,T014,Valid
4485,FR0033,D000584,P021,2026-05-12,23137.73,11,T003,Valid
4486,FR0033,D000748,P021,2026-05-13,23137.73,11,T005,Valid
4487,FR0033,D000874,P021,2026-05-02,23137.73,11,T012,Valid
4488,FR0033,D000635,P021,2026-05-05,23137.73,11,T001,Valid
4489,FR0033,D000527,P021,2026-06-10,39436.7,19,T012,Valid
4490,FR0033,D000874,P021,2026-06-25,39436.7,19,T012,Valid
4491,FR0033,D000584,P021,2026-07-08,15297.24,7,T012,Valid
4492,FR0033,D000461,P021,2026-07-14,15297.24,7,T012,Valid
4493,FR0033,D000527,P021,2026-07-01,15297.24,7,T012,Valid
4494,FR0033,D000874,P021,2026-07-21,15297.24,7,T012,Valid
4495,FR0033,D000559,P021,2026-07-13,15297.24,7,T012,Valid
4496,FR0033,D000211,P007,2026-01-05,43894.35,92,T012,Valid
4497,FR0033,D000527,P007,2026-01-07,43894.35,92,T012,Valid
4498,FR0033,D000986,P007,2026-02-22,21961.49,46,T012,Valid
4499,FR0033,D000748,P007,2026-02-04,21961.49,46,T012,Valid
4500,FR0033,D000559,P007,2026-02-17,21961.49,46,T012,Valid
4501,FR0033,D000527,P007,2026-02-21,21961.49,46,T012,Valid
4502,FR0033,D000211,P007,2026-03-24,15872.1,33,T012,Valid
4503,FR0033,D000874,P007,2026-03-27,15872.1,33,T012,Valid
4504,FR0033,D000584,P007,2026-03-03,15872.1,33,T012,Valid
4505,FR0033,D000221,P007,2026-03-20,15872.1,33,T012,Valid
4506,FR0033,D000559,P007,2026-03-22,15872.1,33,T012,Valid
4507,FR0033,D000986,P007,2026-03-09,15872.1,33,T012,Valid
4508,FR0033,D000527,P007,2026-04-12,30676.64,64,T012,Valid
4509,FR0033,D000635,P007,2026-04-02,30676.64,64,T012,Valid
4510,FR0033,D000221,P007,2026-04-18,30676.64,64,T012,Valid
4511,FR0033,D000461,P007,2026-05-03,45203.74,94,T012,Valid
4512,FR0033,D000211,P007,2026-05-27,45203.74,94,T012,Valid
4513,FR0033,D000527,P007,2026-06-23,23995.18,50,T012,Valid
4514,FR0033,D000559,P007,2026-06-22,23995.18,50,T012,Valid
4515,FR0033,D000635,P007,2026-06-16,23995.18,50,T012,Valid
4516,FR0033,D000584,P007,2026-06-26,23995.18,50,T012,Valid
4517,FR0033,D000986,P007,2026-07-08,24946.2,52,T012,Valid
4518,FR0033,D000559,P007,2026-07-12,24946.2,52,T012,Valid
4519,FR0033,D000461,P007,2026-07-16,24946.2,52,T012,Valid
4520,FR0033,D000874,P007,2026-07-13,24946.2,52,T012,Valid
4521,FR0033,D000527,P002,2026-01-06,56231.0,41,T012,Valid
4522,FR0033,D000221,P002,2026-01-10,56231.0,41,T012,Valid
4523,FR0033,D000211,P002,2026-01-01,56231.0,41,T012,Valid
4524,FR0033,D000527,P002,2026-02-20,22805.54,17,T012,Valid
4525,FR0033,D000748,P002,2026-02-11,22805.54,17,T012,Valid
4526,FR0033,D000211,P002,2026-02-12,22805.54,17,T012,Valid
4527,FR0033,D000559,P002,2026-02-13,22805.54,17,T012,Valid
4528,FR0033,D000874,P002,2026-02-10,22805.54,17,T012,Valid
4529,FR0033,D000461,P002,2026-02-06,22805.54,17,T012,Valid
4530,FR0033,D000221,P002,2026-03-09,36141.3,26,T012,Valid
4531,FR0033,D000461,P002,2026-03-13,36141.3,26,T012,Valid
4532,FR0033,D000559,P002,2026-03-27,36141.3,26,T012,Valid
4533,FR0033,D000211,P002,2026-03-02,36141.3,26,T012,Valid
4534,FR0033,D000221,P002,2026-04-10,52763.45,39,T012,Valid
4535,FR0033,D000584,P002,2026-04-11,52763.45,39,T012,Valid
4536,FR0033,D000211,P002,2026-04-07,52763.45,39,T012,Valid
4537,FR0033,D000461,P002,2026-05-21,30337.02,22,T012,Valid
4538,FR0033,D000211,P002,2026-05-24,30337.02,22,T012,Valid
4539,FR0033,D000088,P002,2026-05-16,30337.02,22,T012,Valid
4540,FR0033,D000748,P002,2026-05-27,30337.02,22,T012,Valid
4541,FR0033,D000527,P002,2026-05-06,30337.02,22,T012,Valid
4542,FR0033,D000211,P002,2026-06-07,27843.91,20,T012,Valid
4543,FR0033,D000748,P002,2026-06-27,27843.91,20,T012,Valid
4544,FR0033,D000527,P002,2026-06-09,27843.91,20,T012,Valid
4545,FR0033,D000559,P002,2026-06-06,27843.91,20,T012,Valid
4546,FR0033,D000986,P002,2026-06-17,27843.91,20,T012,Valid
4547,FR0033,D000088,P002,2026-07-06,29096.85,21,T012,Valid
4548,FR0033,D000211,P002,2026-07-27,29096.85,21,T012,Valid
4549,FR0033,D000635,P002,2026-07-01,29096.85,21,T012,Valid
4550,FR0033,D000461,P002,2026-07-17,29096.85,21,T012,Valid
4551,FR0033,D000559,P002,2026-07-26,29096.85,21,T012,Valid
4552,FR0034,D000232,P008,2026-01-21,51437.9,22,T019,Valid
4553,FR0034,D000010,P008,2026-01-02,51437.9,22,T019,Valid
4554,FR0034,D000587,P008,2026-02-21,21386.83,9,T019,Valid
4555,FR0034,D000147,P008,2026-02-22,21386.83,9,T019,Valid
4556,FR0034,D000010,P008,2026-02-02,21386.83,9,T019,Valid
4557,FR0034,D000178,P008,2026-02-05,21386.83,9,T019,Valid
4558,FR0034,D000531,P008,2026-02-22,21386.83,9,T019,Valid
4559,FR0034,D000220,P008,2026-03-10,19985.74,8,T019,Valid
4560,FR0034,D000147,P008,2026-03-19,19985.74,8,T019,Valid
4561,FR0034,D000531,P008,2026-03-26,19985.74,8,T019,Valid
4562,FR0034,D000010,P008,2026-03-25,19985.74,8,T019,Valid
4563,FR0034,D000232,P008,2026-03-25,19985.74,8,T019,Valid
4564,FR0034,D000010,P008,2026-04-07,37811.89,16,T019,Valid
4565,FR0034,D000220,P008,2026-04-20,37811.89,16,T019,Valid
4566,FR0034,D000147,P008,2026-04-12,37811.89,16,T019,Valid
4567,FR0034,D000984,P008,2026-05-19,58497.08,24,T019,Valid
4568,FR0034,D000178,P008,2026-05-21,58497.08,24,T019,Valid
4569,FR0034,D000431,P008,2026-06-21,17769.7,7,T019,Valid
4570,FR0034,D000220,P008,2026-06-25,17769.7,7,T019,Valid
4571,FR0034,D000587,P008,2026-06-15,17769.7,7,T019,Valid
4572,FR0034,D000147,P008,2026-06-23,17769.7,7,T019,Valid
4573,FR0034,D000531,P008,2026-06-07,17769.7,7,T019,Valid
4574,FR0034,D000984,P008,2026-06-20,17769.7,7,T019,Valid
4575,FR0034,D000431,P008,2026-07-08,35085.52,15,T019,Valid
4576,FR0034,D000220,P008,2026-07-14,35085.52,15,T019,Valid
4577,FR0034,D000178,P008,2026-07-17,35085.52,15,T019,Valid
4578,FR0034,D000587,P029,2026-01-13,71331.12,183,T019,Valid
4579,FR0034,D000178,P029,2026-01-16,71331.12,183,T019,Valid
4580,FR0034,D000531,P029,2026-02-01,55773.36,143,T019,Valid
4581,FR0034,D000010,P029,2026-02-04,55773.36,143,T019,Valid
4582,FR0034,D000147,P029,2026-02-13,55773.36,143,T019,Valid
4583,FR0034,D000220,P029,2026-03-22,28350.92,73,T019,Valid
4584,FR0034,D000587,P029,2026-03-27,28350.92,73,T019,Valid
4585,FR0034,D000178,P029,2026-03-14,28350.92,73,T019,Valid
4586,FR0034,D000431,P029,2026-03-25,28350.92,73,T019,Valid
4587,FR0034,D000010,P029,2026-03-18,28350.92,73,T019,Valid
4588,FR0034,D000984,P029,2026-03-25,28350.92,73,T019,Valid
4589,FR0034,D000178,P029,2026-04-23,50717.07,130,T019,Valid
4590,FR0034,D000220,P029,2026-04-05,50717.07,130,T019,Valid
4591,FR0034,D000587,P029,2026-04-23,50717.07,130,T019,Valid
4592,FR0034,D000178,P029,2026-05-13,144632.55,370,T019,Valid
4593,FR0034,D000431,P029,2026-06-08,54089.85,139,T019,Valid
4594,FR0034,D000010,P029,2026-06-21,54089.85,139,T019,Valid
4595,FR0034,D000531,P029,2026-06-24,54089.85,139,T019,Valid
4596,FR0034,D000587,P029,2026-07-09,74702.87,191,T019,Valid
4597,FR0034,D000010,P029,2026-07-22,74702.87,191,T019,Valid
4598,FR0034,D000232,P015,2026-01-08,16614.82,11,T019,Valid
4599,FR0034,D000147,P015,2026-01-13,16614.82,11,T019,Valid
4600,FR0034,D000431,P015,2026-01-13,16614.82,11,T019,Valid
4601,FR0034,D000587,P015,2026-01-02,16614.82,11,T019,Valid
4602,FR0034,D000010,P015,2026-01-26,16614.82,11,T019,Valid
4603,FR0034,D000561,P015,2026-01-22,16614.82,11,T019,Valid
4604,FR0034,D000531,P015,2026-02-09,26787.96,17,T019,Valid
4605,FR0034,D000147,P015,2026-02-16,26787.96,17,T019,Valid
4606,FR0034,D000431,P015,2026-02-12,26787.96,17,T019,Valid
4607,FR0034,D000561,P015,2026-02-09,26787.96,17,T019,Valid
4608,FR0034,D000531,P015,2026-03-03,92908.16,60,T019,Valid
4609,FR0034,D000010,P015,2026-04-07,25944.19,17,T019,Valid
4610,FR0034,D000147,P015,2026-04-11,25944.19,17,T019,Valid
4611,FR0034,D000531,P015,2026-04-18,25944.19,17,T019,Valid
4612,FR0034,D000232,P015,2026-04-12,25944.19,17,T019,Valid
4613,FR0034,D000010,P015,2026-05-14,33168.59,22,T019,Valid
4614,FR0034,D000232,P015,2026-05-22,33168.59,22,T019,Valid
4615,FR0034,D000178,P015,2026-05-03,33168.59,22,T019,Valid
4616,FR0034,D000178,P015,2026-06-03,49959.5,32,T019,Valid
4617,FR0034,D000232,P015,2026-06-19,49959.5,32,T019,Valid
4618,FR0034,D000561,P015,2026-07-19,19695.68,13,T019,Valid
4619,FR0034,D000587,P015,2026-07-16,19695.68,13,T019,Valid
4620,FR0034,D000984,P015,2026-07-03,19695.68,13,T019,Valid
4621,FR0034,D000220,P015,2026-07-14,19695.68,13,T019,Valid
4622,FR0034,D000010,P015,2026-07-16,19695.68,13,T019,Valid
4623,FR0034,D000561,P005,2026-01-23,23033.97,12,T019,Valid
4624,FR0034,D000431,P005,2026-01-17,23033.97,12,T019,Valid
4625,FR0034,D000220,P005,2026-02-04,17235.66,9,T019,Valid
4626,FR0034,D000232,P005,2026-02-03,17235.66,9,T019,Valid
4627,FR0034,D000984,P005,2026-02-25,17235.66,9,T019,Valid
4628,FR0034,D000431,P005,2026-03-06,7780.77,4,T019,Valid
4629,FR0034,D000178,P005,2026-03-19,7780.77,4,T019,Valid
4630,FR0034,D000220,P005,2026-03-12,7780.77,4,T019,Valid
4631,FR0034,D000010,P005,2026-03-01,7780.77,4,T019,Valid
4632,FR0034,D000147,P005,2026-03-12,7780.77,4,T019,Valid
4633,FR0034,D000531,P005,2026-03-26,7780.77,4,T019,Valid
4634,FR0034,D000561,P005,2026-04-05,11928.64,6,T019,Valid
4635,FR0034,D000010,P005,2026-04-18,11928.64,6,T019,Valid
4636,FR0034,D000587,P005,2026-04-13,11928.64,6,T019,Valid
4637,FR0034,D000984,P005,2026-04-10,11928.64,6,T019,Valid
4638,FR0034,D000561,P005,2026-05-13,8229.66,4,T019,Valid
4639,FR0034,D000984,P005,2026-05-14,8229.66,4,T019,Valid
4640,FR0034,D000232,P005,2026-05-02,8229.66,4,T019,Valid
4641,FR0034,D000010,P005,2026-05-11,8229.66,4,T019,Valid
4642,FR0034,D000220,P005,2026-05-01,8229.66,4,T019,Valid
4643,FR0034,D000147,P005,2026-05-08,8229.66,4,T019,Valid
4644,FR0034,D000531,P005,2026-06-15,7839.34,4,T019,Valid
4645,FR0034,D000232,P005,2026-06-04,7839.34,4,T019,Valid
4646,FR0034,D000984,P005,2026-06-19,7839.34,4,T019,Valid
4647,FR0034,D000587,P005,2026-06-12,7839.34,4,T019,Valid
4648,FR0034,D000147,P005,2026-06-19,7839.34,4,T019,Valid
4649,FR0034,D000220,P005,2026-06-13,7839.34,4,T019,Valid
4650,FR0034,D000010,P005,2026-07-06,9034.01,5,T019,Valid
4651,FR0034,D000178,P005,2026-07-06,9034.01,5,T019,Valid
4652,FR0034,D000431,P005,2026-07-14,9034.01,5,T019,Valid
4653,FR0034,D000587,P005,2026-07-07,9034.01,5,T019,Valid
4654,FR0034,D000984,P005,2026-07-10,9034.01,5,T019,Valid
4655,FR0035,D000415,P028,2026-01-14,27049.57,23,T007,Valid
4656,FR0035,D000435,P028,2026-01-14,27049.57,23,T007,Valid
4657,FR0035,D000009,P028,2026-01-10,27049.57,23,T007,Valid
4658,FR0035,D000435,P028,2026-02-23,27236.96,24,T007,Valid
4659,FR0035,D000009,P028,2026-02-26,27236.96,24,T007,Valid
4660,FR0035,D000415,P028,2026-02-26,27236.96,24,T007,Valid
4661,FR0035,D000009,P028,2026-03-09,24608.82,21,T007,Valid
4662,FR0035,D000435,P028,2026-03-15,24608.82,21,T007,Valid
4663,FR0035,D000415,P028,2026-03-08,24608.82,21,T007,Valid
4664,FR0035,D000435,P028,2026-04-08,27250.2,24,T007,Valid
4665,FR0035,D000009,P028,2026-04-19,27250.2,24,T007,Valid
4666,FR0035,D000415,P028,2026-04-17,27250.2,24,T007,Valid
4667,FR0035,D000435,P028,2026-05-08,26404.81,23,T007,Valid
4668,FR0035,D000415,P028,2026-05-04,26404.81,23,T007,Valid
4669,FR0035,D000009,P028,2026-05-25,26404.81,23,T007,Valid
4670,FR0035,D000009,P028,2026-06-10,22775.03,20,T007,Valid
4671,FR0035,D000415,P028,2026-06-12,22775.03,20,T007,Valid
4672,FR0035,D000435,P028,2026-06-10,22775.03,20,T007,Valid
4673,FR0035,D000009,P028,2026-07-08,24703.58,21,T007,Valid
4674,FR0035,D000435,P028,2026-07-02,24703.58,21,T007,Valid
4675,FR0035,D000415,P028,2026-07-09,24703.58,21,T007,Valid
4676,FR0035,D000009,P011,2026-01-24,28582.58,13,T007,Valid
4677,FR0035,D000435,P011,2026-01-04,28582.58,13,T007,Valid
4678,FR0035,D000415,P011,2026-01-25,28582.58,13,T007,Valid
4679,FR0035,D000415,P011,2026-02-11,33405.97,15,T007,Valid
4680,FR0035,D000435,P011,2026-02-11,33405.97,15,T007,Valid
4681,FR0035,D000009,P011,2026-02-22,33405.97,15,T007,Valid
4682,FR0035,D000435,P011,2026-03-03,41396.65,19,T007,Valid
4683,FR0035,D000009,P011,2026-03-23,41396.65,19,T007,Valid
4684,FR0035,D000415,P011,2026-04-03,28857.47,13,T007,Valid
4685,FR0035,D000009,P011,2026-04-18,28857.47,13,T007,Valid
4686,FR0035,D000435,P011,2026-04-12,28857.47,13,T007,Valid
4687,FR0035,D000009,P011,2026-05-08,29582.07,14,T007,Valid
4688,FR0035,D000435,P011,2026-05-10,29582.07,14,T007,Valid
4689,FR0035,D000415,P011,2026-05-10,29582.07,14,T007,Valid
4690,FR0035,D000009,P011,2026-06-17,28983.95,13,T007,Valid
4691,FR0035,D000415,P011,2026-06-23,28983.95,13,T007,Valid
4692,FR0035,D000435,P011,2026-06-26,28983.95,13,T007,Valid
4693,FR0035,D000435,P011,2026-07-23,49681.97,23,T007,Valid
4694,FR0035,D000415,P011,2026-07-05,49681.97,23,T007,Valid
4695,FR0035,D000435,P020,2026-01-15,65248.97,214,T007,Valid
4696,FR0035,D000415,P020,2026-01-03,65248.97,214,T007,Valid
4697,FR0035,D000009,P020,2026-02-18,53409.47,175,T007,Valid
4698,FR0035,D000435,P020,2026-02-26,53409.47,175,T007,Valid
4699,FR0035,D000415,P020,2026-02-12,53409.47,175,T007,Valid
4700,FR0035,D000415,P020,2026-03-06,51534.63,169,T007,Valid
4701,FR0035,D000435,P020,2026-03-25,51534.63,169,T007,Valid
4702,FR0035,D000009,P020,2026-03-24,51534.63,169,T007,Valid
4703,FR0035,D000009,P020,2026-04-05,44648.08,146,T007,Valid
4704,FR0035,D000435,P020,2026-04-05,44648.08,146,T007,Valid
4705,FR0035,D000415,P020,2026-04-13,44648.08,146,T007,Valid
4706,FR0035,D000009,P020,2026-05-09,45236.78,148,T007,Valid
4707,FR0035,D000435,P020,2026-05-15,45236.78,148,T007,Valid
4708,FR0035,D000415,P020,2026-05-03,45236.78,148,T007,Valid
4709,FR0035,D000415,P020,2026-06-14,50014.23,164,T007,Valid
4710,FR0035,D000009,P020,2026-06-25,50014.23,164,T007,Valid
4711,FR0035,D000435,P020,2026-06-20,50014.23,164,T007,Valid
4712,FR0035,D000009,P020,2026-07-21,77282.47,253,T007,Valid
4713,FR0035,D000415,P020,2026-07-07,77282.47,253,T007,Valid
4714,FR0036,D000360,P029,2026-01-23,36542.04,94,T003,Valid
4715,FR0036,D000474,P029,2026-01-05,36542.04,94,T003,Valid
4716,FR0036,D000058,P029,2026-02-26,10889.73,28,T003,Valid
4717,FR0036,D000061,P029,2026-02-10,10889.73,28,T003,Valid
4718,FR0036,D000710,P029,2026-02-12,10889.73,28,T003,Valid
4719,FR0036,D000245,P029,2026-02-15,10889.73,28,T003,Valid
4720,FR0036,D000908,P029,2026-02-24,10889.73,28,T003,Valid
4721,FR0036,D000521,P029,2026-02-27,10889.73,28,T003,Valid
4722,FR0036,D000710,P029,2026-03-11,34534.34,88,T003,Valid
4723,FR0036,D000988,P029,2026-03-09,34534.34,88,T003,Valid
4724,FR0036,D000474,P029,2026-04-12,24215.38,62,T003,Valid
4725,FR0036,D000058,P029,2026-04-18,24215.38,62,T003,Valid
4726,FR0036,D000613,P029,2026-04-18,24215.38,62,T003,Valid
4727,FR0036,D000747,P029,2026-05-11,17755.59,45,T003,Valid
4728,FR0036,D000061,P029,2026-05-02,17755.59,45,T003,Valid
4729,FR0036,D000245,P029,2026-05-19,17755.59,45,T003,Valid
4730,FR0036,D000988,P029,2026-05-23,17755.59,45,T003,Valid
4731,FR0036,D000747,P029,2026-06-08,18055.75,46,T003,Valid
4732,FR0036,D000245,P029,2026-06-07,18055.75,46,T003,Valid
4733,FR0036,D000360,P029,2026-06-19,18055.75,46,T003,Valid
4734,FR0036,D000710,P029,2026-06-03,18055.75,46,T003,Valid
4735,FR0036,D000061,P029,2026-07-15,31432.87,81,T003,Valid
4736,FR0036,D000747,P029,2026-07-02,31432.87,81,T003,Valid
4737,FR0036,D000988,P006,2026-01-15,66611.01,181,T003,Valid
4738,FR0036,D000061,P006,2026-01-27,66611.01,181,T003,Valid
4739,FR0036,D000908,P006,2026-02-04,37414.87,102,T003,Valid
4740,FR0036,D000245,P006,2026-02-20,37414.87,102,T003,Valid
4741,FR0036,D000521,P006,2026-02-09,37414.87,102,T003,Valid
4742,FR0036,D000710,P006,2026-03-06,63766.59,173,T003,Valid
4743,FR0036,D000061,P006,2026-03-05,63766.59,173,T003,Valid
4744,FR0036,D000710,P006,2026-04-05,21936.66,60,T003,Valid
4745,FR0036,D000245,P006,2026-04-04,21936.66,60,T003,Valid
4746,FR0036,D000908,P006,2026-04-06,21936.66,60,T003,Valid
4747,FR0036,D000058,P006,2026-04-22,21936.66,60,T003,Valid
4748,FR0036,D000747,P006,2026-04-22,21936.66,60,T003,Valid
4749,FR0036,D000613,P006,2026-04-09,21936.66,60,T003,Valid
4750,FR0036,D000058,P006,2026-05-07,40555.74,110,T003,Valid
4751,FR0036,D000747,P006,2026-05-10,40555.74,110,T003,Valid
4752,FR0036,D000360,P006,2026-05-15,40555.74,110,T003,Valid
4753,FR0036,D000058,P006,2026-06-20,214463.82,583,T003,Valid
4754,FR0036,D000521,P006,2026-07-23,20844.43,57,T003,Valid
4755,FR0036,D000360,P006,2026-07-13,20844.43,57,T003,Valid
4756,FR0036,D000710,P006,2026-07-21,20844.43,57,T003,Valid
4757,FR0036,D000747,P006,2026-07-07,20844.43,57,T003,Valid
4758,FR0036,D000245,P006,2026-07-20,20844.43,57,T003,Valid
4759,FR0036,D000474,P006,2026-07-11,20844.43,57,T003,Valid
4760,FR0036,D000521,P030,2026-01-01,22758.0,90,T003,Valid
4761,FR0036,D000908,P030,2026-01-03,22758.0,90,T003,Valid
4762,FR0036,D000245,P030,2026-01-12,22758.0,90,T003,Valid
4763,FR0036,D000908,P030,2026-02-04,18322.37,72,T003,Valid
4764,FR0036,D000245,P030,2026-02-11,18322.37,72,T003,Valid
4765,FR0036,D000988,P030,2026-02-14,18322.37,72,T003,Valid
4766,FR0036,D000474,P030,2026-02-02,18322.37,72,T003,Valid
4767,FR0036,D000613,P030,2026-03-24,10984.27,43,T003,Valid
4768,FR0036,D000360,P030,2026-03-05,10984.27,43,T003,Valid
4769,FR0036,D000988,P030,2026-03-14,10984.27,43,T003,Valid
4770,FR0036,D000908,P030,2026-03-27,10984.27,43,T003,Valid
4771,FR0036,D000710,P030,2026-03-24,10984.27,43,T003,Valid
4772,FR0036,D000521,P030,2026-03-22,10984.27,43,T003,Valid
4773,FR0036,D000988,P030,2026-04-21,15455.45,61,T003,Valid
4774,FR0036,D000474,P030,2026-04-18,15455.45,61,T003,Valid
4775,FR0036,D000747,P030,2026-04-04,15455.45,61,T003,Valid
4776,FR0036,D000058,P030,2026-04-07,15455.45,61,T003,Valid
4777,FR0036,D000058,P030,2026-05-19,35487.03,140,T003,Valid
4778,FR0036,D000474,P030,2026-05-08,35487.03,140,T003,Valid
4779,FR0036,D000245,P030,2026-06-26,20714.39,82,T003,Valid
4780,FR0036,D000061,P030,2026-06-12,20714.39,82,T003,Valid
4781,FR0036,D000988,P030,2026-06-10,20714.39,82,T003,Valid
4782,FR0036,D000245,P030,2026-07-13,12399.16,49,T003,Valid
4783,FR0036,D000613,P030,2026-07-01,12399.16,49,T003,Valid
4784,FR0036,D000747,P030,2026-07-25,12399.16,49,T003,Valid
4785,FR0036,D000908,P030,2026-07-04,12399.16,49,T003,Valid
4786,FR0036,D000474,P030,2026-07-11,12399.16,49,T003,Valid
4787,FR0036,D000360,P030,2026-07-18,12399.16,49,T003,Valid
4788,FR0037,D000809,P013,2026-01-13,60219.53,129,T006,Valid
4789,FR0037,D000112,P013,2026-02-04,19870.8,43,T002,Valid
4790,FR0037,D000429,P013,2026-02-05,19870.8,43,T002,Valid
4791,FR0037,D000043,P013,2026-02-14,19870.8,43,T002,Valid
4792,FR0037,D000039,P013,2026-03-20,12837.7,28,T002,Valid
4793,FR0037,D000032,P013,2026-03-18,12837.7,28,T002,Valid
4794,FR0037,D000429,P013,2026-03-26,12837.7,28,T002,Valid
4795,FR0037,D000907,P013,2026-03-10,12837.7,28,T002,Valid
4796,FR0037,D000039,P013,2026-04-20,28362.34,61,T002,Valid
4797,FR0037,D000751,P013,2026-04-05,28362.34,61,T002,Valid
4798,FR0037,D000429,P013,2026-05-23,9612.4,21,T002,Valid
4799,FR0037,D000809,P013,2026-05-04,9612.4,21,T002,Valid
4800,FR0037,D000039,P013,2026-05-18,9612.4,21,T002,Valid
4801,FR0037,D000552,P013,2026-05-02,9612.4,21,T002,Valid
4802,FR0037,D000751,P013,2026-05-14,9612.4,21,T002,Valid
4803,FR0037,D000907,P013,2026-05-14,9612.4,21,T002,Valid
4804,FR0037,D000032,P013,2026-06-07,29804.78,64,T002,Valid
4805,FR0037,D000552,P013,2026-06-06,29804.78,64,T002,Valid
4806,FR0037,D000032,P013,2026-07-21,28565.05,61,T002,Valid
4807,FR0037,D000552,P013,2026-07-11,28565.05,61,T002,Valid
4808,FR0037,D000809,P010,2026-01-26,14640.58,11,T002,Valid
4809,FR0037,D000043,P010,2026-01-06,14640.58,11,T002,Valid
4810,FR0037,D000618,P010,2026-01-25,14640.58,11,T002,Valid
4811,FR0037,D000751,P010,2026-01-25,14640.58,11,T002,Valid
4812,FR0037,D000112,P010,2026-02-17,20496.21,16,T002,Valid
4813,FR0037,D000043,P010,2026-02-22,20496.21,16,T002,Valid
4814,FR0037,D000907,P010,2026-02-07,20496.21,16,T002,Valid
4815,FR0037,D000552,P010,2026-03-04,10149.75,8,T002,Valid
4816,FR0037,D000039,P010,2026-03-14,10149.75,8,T002,Valid
4817,FR0037,D000618,P010,2026-03-10,10149.75,8,T002,Valid
4818,FR0037,D000809,P010,2026-03-04,10149.75,8,T002,Valid
4819,FR0037,D000112,P010,2026-03-03,10149.75,8,T002,Valid
4820,FR0037,D000907,P010,2026-03-05,10149.75,8,T002,Valid
4821,FR0037,D000043,P010,2026-04-24,9584.19,7,T002,Valid
4822,FR0037,D000039,P010,2026-04-24,9584.19,7,T002,Valid
4823,FR0037,D000112,P010,2026-04-17,9584.19,7,T002,Valid
4824,FR0037,D000907,P010,2026-04-11,9584.19,7,T002,Valid
4825,FR0037,D000809,P010,2026-04-25,9584.19,7,T002,Valid
4826,FR0037,D000751,P010,2026-04-23,9584.19,7,T002,Valid
4827,FR0037,D000032,P010,2026-05-25,33753.43,26,T002,Valid
4828,FR0037,D000618,P010,2026-05-24,33753.43,26,T002,Valid
4829,FR0037,D000809,P010,2026-06-05,9607.2,7,T002,Valid
4830,FR0037,D000039,P010,2026-06-20,9607.2,7,T002,Valid
4831,FR0037,D000429,P010,2026-06-14,9607.2,7,T002,Valid
4832,FR0037,D000907,P010,2026-06-15,9607.2,7,T002,Valid
4833,FR0037,D000032,P010,2026-06-23,9607.2,7,T002,Valid
4834,FR0037,D000751,P010,2026-06-12,9607.2,7,T002,Valid
4835,FR0037,D000429,P010,2026-07-23,11155.42,8,T002,Valid
4836,FR0037,D000552,P010,2026-07-24,11155.42,8,T002,Valid
4837,FR0037,D000751,P010,2026-07-23,11155.42,8,T002,Valid
4838,FR0037,D000039,P010,2026-07-13,11155.42,8,T002,Valid
4839,FR0037,D000809,P010,2026-07-23,11155.42,8,T002,Valid
4840,FR0037,D000032,P010,2026-07-13,11155.42,8,T002,Valid
4841,FR0037,D000751,P025,2026-01-17,22103.62,9,T002,Valid
4842,FR0037,D000112,P025,2026-01-19,22103.62,9,T002,Valid
4843,FR0037,D000429,P025,2026-01-11,22103.62,9,T002,Valid
4844,FR0037,D000907,P025,2026-01-08,22103.62,9,T002,Valid
4845,FR0037,D000429,P025,2026-02-21,17153.84,7,T002,Valid
4846,FR0037,D000043,P025,2026-02-05,17153.84,7,T002,Valid
4847,FR0037,D000032,P025,2026-02-20,17153.84,7,T002,Valid
4848,FR0037,D000112,P025,2026-02-14,17153.84,7,T002,Valid
4849,FR0037,D000809,P025,2026-02-10,17153.84,7,T002,Valid
4850,FR0037,D000809,P025,2026-03-18,44201.06,18,T002,Valid
4851,FR0037,D000032,P025,2026-03-20,44201.06,18,T002,Valid
4852,FR0037,D000907,P025,2026-04-03,22600.91,9,T002,Valid
4853,FR0037,D000429,P025,2026-04-07,22600.91,9,T002,Valid
4854,FR0037,D000618,P025,2026-04-20,22600.91,9,T002,Valid
4855,FR0037,D000043,P025,2026-04-17,22600.91,9,T002,Valid
4856,FR0037,D000809,P025,2026-05-19,17255.75,7,T002,Valid
4857,FR0037,D000552,P025,2026-05-26,17255.75,7,T002,Valid
4858,FR0037,D000112,P025,2026-05-04,17255.75,7,T002,Valid
4859,FR0037,D000751,P025,2026-05-10,17255.75,7,T002,Valid
4860,FR0037,D000907,P025,2026-05-19,17255.75,7,T002,Valid
4861,FR0037,D000043,P025,2026-06-02,73111.92,30,T001,Valid
4862,FR0037,D000618,P025,2026-06-20,73111.92,30,T017,Valid
4863,FR0037,D000809,P025,2026-07-22,185878.88,77,T002,Valid
4864,FR0038,D000692,P011,2026-01-14,61859.66,28,T008,Valid
4865,FR0038,D000319,P011,2026-01-01,61859.66,28,T008,Valid
4866,FR0038,D000089,P011,2026-02-07,59906.86,27,T008,Valid
4867,FR0038,D000711,P011,2026-02-22,59906.86,27,T008,Valid
4868,FR0038,D000692,P011,2026-03-10,21344.93,10,T008,Valid
4869,FR0038,D000319,P011,2026-03-18,21344.93,10,T008,Valid
4870,FR0038,D000092,P011,2026-03-25,21344.93,10,T008,Valid
4871,FR0038,D000089,P011,2026-03-07,21344.93,10,T008,Valid
4872,FR0038,D000533,P011,2026-03-15,21344.93,10,T008,Valid
4873,FR0038,D000711,P011,2026-03-22,21344.93,10,T008,Valid
4874,FR0038,D000711,P011,2026-04-06,24609.1,11,T008,Valid
4875,FR0038,D000089,P011,2026-04-21,24609.1,11,T008,Valid
4876,FR0038,D000692,P011,2026-04-02,24609.1,11,T008,Valid
4877,FR0038,D000319,P011,2026-04-04,24609.1,11,T008,Valid
4878,FR0038,D000092,P011,2026-04-25,24609.1,11,T008,Valid
4879,FR0038,D000319,P011,2026-05-09,43823.26,20,T008,Valid
4880,FR0038,D000711,P011,2026-05-20,43823.26,20,T008,Valid
4881,FR0038,D000692,P011,2026-05-02,43823.26,20,T008,Valid
4882,FR0038,D000533,P011,2026-06-05,20929.06,10,T008,Valid
4883,FR0038,D000319,P011,2026-06-25,20929.06,10,T008,Valid
4884,FR0038,D000092,P011,2026-06-04,20929.06,10,T008,Valid
4885,FR0038,D000711,P011,2026-06-12,20929.06,10,T008,Valid
4886,FR0038,D000089,P011,2026-06-20,20929.06,10,T008,Valid
4887,FR0038,D000692,P011,2026-06-16,20929.06,10,T008,Valid
4888,FR0038,D000089,P011,2026-07-11,39747.74,18,T008,Valid
4889,FR0038,D000692,P011,2026-07-07,39747.74,18,T008,Valid
4890,FR0038,D000711,P011,2026-07-21,39747.74,18,T008,Valid
4891,FR0038,D000692,P016,2026-01-20,18236.34,124,T008,Valid
4892,FR0038,D000319,P016,2026-01-20,18236.34,124,T008,Valid
4893,FR0038,D000711,P016,2026-01-11,18236.34,124,T008,Valid
4894,FR0038,D000092,P016,2026-01-04,18236.34,124,T008,Valid
4895,FR0038,D000089,P016,2026-02-07,15342.29,105,T008,Valid
4896,FR0038,D000092,P016,2026-02-06,15342.29,105,T008,Valid
4897,FR0038,D000319,P016,2026-02-27,15342.29,105,T008,Valid
4898,FR0038,D000692,P016,2026-02-02,15342.29,105,T008,Valid
4899,FR0038,D000533,P016,2026-02-24,15342.29,105,T008,Valid
4900,FR0038,D000711,P016,2026-03-08,39384.3,268,T008,Valid
4901,FR0038,D000533,P016,2026-03-21,39384.3,268,T008,Valid
4902,FR0038,D000692,P016,2026-04-12,18883.22,129,T008,Valid
4903,FR0038,D000711,P016,2026-04-11,18883.22,129,T008,Valid
4904,FR0038,D000092,P016,2026-04-22,18883.22,129,T008,Valid
4905,FR0038,D000319,P016,2026-04-18,18883.22,129,T008,Valid
4906,FR0038,D000092,P016,2026-05-04,19385.51,132,T008,Valid
4907,FR0038,D000319,P016,2026-05-11,19385.51,132,T008,Valid
4908,FR0038,D000089,P016,2026-05-12,19385.51,132,T008,Valid
4909,FR0038,D000711,P016,2026-05-03,19385.51,132,T008,Valid
4910,FR0038,D000711,P016,2026-06-12,145331.91,990,T008,Valid
4911,FR0038,D000089,P016,2026-07-19,18779.75,128,T008,Valid
4912,FR0038,D000533,P016,2026-07-23,18779.75,128,T008,Valid
4913,FR0038,D000711,P016,2026-07-19,18779.75,128,T008,Valid
4914,FR0038,D000092,P016,2026-07-07,18779.75,128,T008,Valid
4915,FR0038,D000089,P010,2026-01-03,12122.35,9,T008,Valid
4916,FR0038,D000092,P010,2026-01-03,12122.35,9,T008,Valid
4917,FR0038,D000692,P010,2026-01-07,12122.35,9,T008,Valid
4918,FR0038,D000711,P010,2026-01-27,12122.35,9,T008,Valid
4919,FR0038,D000319,P010,2026-01-17,12122.35,9,T008,Valid
4920,FR0038,D000533,P010,2026-01-06,12122.35,9,T008,Valid
4921,FR0038,D000692,P010,2026-02-26,25228.95,19,T008,Valid
4922,FR0038,D000089,P010,2026-02-16,25228.95,19,T008,Valid
4923,FR0038,D000319,P010,2026-02-16,25228.95,19,T008,Valid
4924,FR0038,D000533,P010,2026-03-24,133021.42,101,T008,Valid
4925,FR0038,D000692,P010,2026-04-04,40250.18,31,T008,Valid
4926,FR0038,D000711,P010,2026-04-14,40250.18,31,T008,Valid
4927,FR0038,D000089,P010,2026-05-06,14412.56,11,T008,Valid
4928,FR0038,D000533,P010,2026-05-26,14412.56,11,T008,Valid
4929,FR0038,D000692,P010,2026-05-19,14412.56,11,T008,Valid
4930,FR0038,D000319,P010,2026-05-10,14412.56,11,T008,Valid
4931,FR0038,D000092,P010,2026-05-07,14412.56,11,T008,Valid
4932,FR0038,D000711,P010,2026-06-20,15382.92,12,T008,Valid
4933,FR0038,D000533,P010,2026-06-19,15382.92,12,T008,Valid
4934,FR0038,D000319,P010,2026-06-26,15382.92,12,T008,Valid
4935,FR0038,D000092,P010,2026-06-23,15382.92,12,T008,Valid
4936,FR0038,D000089,P010,2026-06-04,15382.92,12,T008,Valid
4937,FR0038,D000089,P010,2026-07-04,12727.15,10,T008,Valid
4938,FR0038,D000692,P010,2026-07-03,12727.15,10,T008,Valid
4939,FR0038,D000092,P010,2026-07-20,12727.15,10,T008,Valid
4940,FR0038,D000319,P010,2026-07-22,12727.15,10,T008,Valid
4941,FR0038,D000533,P010,2026-07-10,12727.15,10,T008,Valid
4942,FR0038,D000711,P010,2026-07-06,12727.15,10,T008,Valid
4943,FR0039,D000796,P013,2026-01-12,22128.04,47,T010,Valid
4944,FR0039,D000566,P013,2026-01-25,22128.04,47,T010,Valid
4945,FR0039,D000612,P013,2026-01-11,22128.04,47,T010,Valid
4946,FR0039,D000309,P013,2026-01-23,22128.04,47,T010,Valid
4947,FR0039,D000776,P013,2026-01-12,22128.04,47,T010,Valid
4948,FR0039,D000132,P013,2026-02-15,18836.78,40,T010,Valid
4949,FR0039,D000309,P013,2026-02-18,18836.78,40,T010,Valid
4950,FR0039,D000299,P013,2026-02-22,18836.78,40,T010,Valid
4951,FR0039,D000266,P013,2026-02-21,18836.78,40,T010,Valid
4952,FR0039,D000612,P013,2026-02-03,18836.78,40,T010,Valid
4953,FR0039,D000796,P013,2026-02-05,18836.78,40,T010,Valid
4954,FR0039,D000266,P013,2026-03-19,19202.46,41,T010,Valid
4955,FR0039,D000612,P013,2026-03-10,19202.46,41,T010,Valid
4956,FR0039,D000038,P013,2026-03-11,19202.46,41,T010,Valid
4957,FR0039,D000550,P013,2026-03-04,19202.46,41,T010,Valid
4958,FR0039,D000942,P013,2026-03-09,19202.46,41,T010,Valid
4959,FR0039,D000648,P013,2026-04-03,33783.83,72,T010,Valid
4960,FR0039,D000568,P013,2026-04-24,33783.83,72,T010,Valid
4961,FR0039,D000289,P013,2026-04-21,33783.83,72,T010,Valid
4962,FR0039,D000289,P013,2026-05-27,17181.12,37,T010,Valid
4963,FR0039,D000266,P013,2026-05-03,17181.12,37,T010,Valid
4964,FR0039,D000796,P013,2026-05-11,17181.12,37,T010,Valid
4965,FR0039,D000344,P013,2026-05-01,17181.12,37,T010,Valid
4966,FR0039,D000830,P013,2026-05-01,17181.12,37,T010,Valid
4967,FR0039,D000631,P013,2026-05-26,17181.12,37,T010,Valid
4968,FR0039,D000845,P013,2026-06-02,18541.37,40,T010,Valid
4969,FR0039,D000309,P013,2026-06-11,18541.37,40,T010,Valid
4970,FR0039,D000289,P013,2026-06-18,18541.37,40,T010,Valid
4971,FR0039,D000612,P013,2026-06-14,18541.37,40,T010,Valid
4972,FR0039,D000899,P013,2026-06-07,18541.37,40,T010,Valid
4973,FR0039,D000796,P013,2026-06-27,18541.37,40,T010,Valid
4974,FR0039,D000776,P013,2026-07-05,17649.49,38,T010,Valid
4975,FR0039,D000038,P013,2026-07-13,17649.49,38,T010,Valid
4976,FR0039,D000612,P013,2026-07-24,17649.49,38,T010,Valid
4977,FR0039,D000925,P013,2026-07-04,17649.49,38,T010,Valid
4978,FR0039,D000550,P013,2026-07-19,17649.49,38,T010,Valid
4979,FR0039,D000331,P013,2026-07-26,17649.49,38,T010,Valid
4980,FR0039,D000424,P009,2026-01-04,9198.22,4,T010,Valid
4981,FR0039,D000299,P009,2026-01-24,9198.22,4,T010,Valid
4982,FR0039,D000845,P009,2026-01-02,9198.22,4,T010,Valid
4983,FR0039,D000550,P009,2026-01-02,9198.22,4,T010,Valid
4984,FR0039,D000566,P009,2026-01-17,9198.22,4,T010,Valid
4985,FR0039,D000132,P009,2026-02-11,26660.11,11,T010,Valid
4986,FR0039,D000424,P009,2026-02-05,26660.11,11,T010,Valid
4987,FR0039,D000924,P009,2026-03-13,12412.31,5,T010,Valid
4988,FR0039,D000648,P009,2026-03-13,12412.31,5,T010,Valid
4989,FR0039,D000631,P009,2026-03-15,12412.31,5,T010,Valid
4990,FR0039,D000331,P009,2026-03-07,12412.31,5,T010,Valid
4991,FR0039,D000331,P009,2026-04-26,17493.54,7,T010,Valid
4992,FR0039,D000566,P009,2026-04-02,17493.54,7,T010,Valid
4993,FR0039,D000344,P009,2026-04-01,17493.54,7,T010,Valid
4994,FR0039,D000266,P009,2026-05-22,9626.01,4,T010,Valid
4995,FR0039,D000566,P009,2026-05-03,9626.01,4,T010,Valid
4996,FR0039,D000845,P009,2026-05-11,9626.01,4,T010,Valid
4997,FR0039,D000424,P009,2026-05-27,9626.01,4,T010,Valid
4998,FR0039,D000612,P009,2026-05-08,9626.01,4,T010,Valid
4999,FR0039,D000289,P009,2026-06-10,23324.33,10,T010,Valid
5000,FR0039,D000568,P009,2026-06-13,23324.33,10,T010,Valid
5001,FR0039,D000631,P009,2026-07-01,17273.21,7,T010,Valid
5002,FR0039,D000309,P009,2026-07-18,17273.21,7,T010,Valid
5003,FR0039,D000612,P009,2026-07-14,17273.21,7,T010,Valid
5004,FR0039,D000568,P024,2026-01-09,56345.86,77,T010,Valid
5005,FR0039,D000420,P024,2026-01-27,56345.86,77,T010,Valid
5006,FR0039,D000924,P024,2026-02-18,18034.06,24,T010,Valid
5007,FR0039,D000612,P024,2026-02-21,18034.06,24,T010,Valid
5008,FR0039,D000550,P024,2026-02-14,18034.06,24,T010,Valid
5009,FR0039,D000845,P024,2026-02-09,18034.06,24,T010,Valid
5010,FR0039,D000331,P024,2026-02-12,18034.06,24,T010,Valid
5011,FR0039,D000942,P024,2026-02-02,18034.06,24,T010,Valid
5012,FR0039,D000038,P024,2026-03-16,40138.59,55,T010,Valid
5013,FR0039,D000420,P024,2026-03-07,40138.59,55,T010,Valid
5014,FR0039,D000299,P024,2026-03-05,40138.59,55,T010,Valid
5015,FR0039,D000612,P024,2026-04-19,28263.31,38,T010,Valid
5016,FR0039,D000289,P024,2026-04-19,28263.31,38,T010,Valid
5017,FR0039,D000648,P024,2026-04-26,28263.31,38,T010,Valid
5018,FR0039,D000942,P024,2026-04-01,28263.31,38,T010,Valid
5019,FR0039,D000420,P024,2026-05-21,25383.57,34,T010,Valid
5020,FR0039,D000924,P024,2026-05-01,25383.57,34,T010,Valid
5021,FR0039,D000942,P024,2026-05-06,25383.57,34,T010,Valid
5022,FR0039,D000899,P024,2026-05-17,25383.57,34,T010,Valid
5023,FR0039,D000830,P024,2026-05-25,25383.57,34,T010,Valid
5024,FR0039,D000942,P024,2026-06-08,29859.13,41,T010,Valid
5025,FR0039,D000566,P024,2026-06-27,29859.13,41,T010,Valid
5026,FR0039,D000289,P024,2026-06-11,29859.13,41,T010,Valid
5027,FR0039,D000924,P024,2026-06-24,29859.13,41,T010,Valid
5028,FR0039,D000038,P024,2026-07-26,39654.77,54,T010,Valid
5029,FR0039,D000845,P024,2026-07-18,39654.77,54,T010,Valid
5030,FR0039,D000606,P024,2026-07-26,39654.77,54,T010,Valid
5031,FR0039,D000331,P017,2026-01-07,70077.51,32,T010,Valid
5032,FR0039,D000424,P017,2026-01-17,70077.51,32,T010,Valid
5033,FR0039,D000631,P017,2026-02-24,19948.08,9,T010,Valid
5034,FR0039,D000612,P017,2026-02-07,19948.08,9,T010,Valid
5035,FR0039,D000845,P017,2026-02-10,19948.08,9,T010,Valid
5036,FR0039,D000566,P017,2026-02-16,19948.08,9,T010,Valid
5037,FR0039,D000648,P017,2026-02-01,19948.08,9,T010,Valid
5038,FR0039,D000344,P017,2026-02-09,19948.08,9,T010,Valid
5039,FR0039,D000566,P017,2026-03-17,59029.56,27,T010,Valid
5040,FR0039,D000331,P017,2026-03-21,59029.56,27,T010,Valid
5041,FR0039,D000566,P017,2026-04-02,41060.48,19,T010,Valid
5042,FR0039,D000420,P017,2026-04-03,41060.48,19,T010,Valid
5043,FR0039,D000309,P017,2026-04-06,41060.48,19,T010,Valid
5044,FR0039,D000612,P017,2026-05-25,33854.76,15,T010,Valid
5045,FR0039,D000299,P017,2026-05-03,33854.76,15,T010,Valid
5046,FR0039,D000038,P017,2026-05-02,33854.76,15,T010,Valid
5047,FR0039,D000420,P017,2026-05-23,33854.76,15,T010,Valid
5048,FR0039,D000331,P017,2026-06-21,23662.55,11,T010,Valid
5049,FR0039,D000309,P017,2026-06-02,23662.55,11,T010,Valid
5050,FR0039,D000420,P017,2026-06-16,23662.55,11,T010,Valid
5051,FR0039,D000566,P017,2026-06-20,23662.55,11,T010,Valid
5052,FR0039,D000344,P017,2026-06-04,23662.55,11,T010,Valid
5053,FR0039,D000776,P017,2026-06-05,23662.55,11,T010,Valid
5054,FR0039,D000925,P017,2026-07-09,22247.15,10,T010,Valid
5055,FR0039,D000942,P017,2026-07-14,22247.15,10,T010,Valid
5056,FR0039,D000776,P017,2026-07-06,22247.15,10,T010,Valid
5057,FR0039,D000631,P017,2026-07-12,22247.15,10,T010,Valid
5058,FR0039,D000299,P017,2026-07-16,22247.15,10,T010,Valid
5059,FR0039,D000568,P017,2026-07-10,22247.15,10,T010,Valid
5060,FR0039,D000309,P025,2026-01-04,20929.49,9,T010,Valid
5061,FR0039,D000606,P025,2026-01-27,20929.49,9,T010,Valid
5062,FR0039,D000289,P025,2026-01-02,20929.49,9,T010,Valid
5063,FR0039,D000331,P025,2026-02-18,11278.22,5,T010,Valid
5064,FR0039,D000132,P025,2026-02-15,11278.22,5,T010,Valid
5065,FR0039,D000631,P025,2026-02-21,11278.22,5,T010,Valid
5066,FR0039,D000038,P025,2026-02-02,11278.22,5,T010,Valid
5067,FR0039,D000299,P025,2026-02-25,11278.22,5,T010,Valid
5068,FR0039,D000331,P025,2026-03-15,13948.55,6,T001,Valid
5069,FR0039,D000606,P025,2026-03-02,13948.55,6,T007,Valid
5070,FR0039,D000776,P025,2026-03-11,13948.55,6,T008,Valid
5071,FR0039,D000796,P025,2026-03-01,13948.55,6,T004,Valid
5072,FR0039,D000845,P025,2026-04-06,29662.62,12,T010,Valid
5073,FR0039,D000612,P025,2026-04-03,29662.62,12,T010,Valid
5074,FR0039,D000631,P025,2026-05-06,10302.81,4,T010,Valid
5075,FR0039,D000266,P025,2026-05-01,10302.81,4,T010,Valid
5076,FR0039,D000845,P025,2026-05-27,10302.81,4,T010,Valid
5077,FR0039,D000568,P025,2026-05-11,10302.81,4,T010,Valid
5078,FR0039,D000942,P025,2026-05-25,10302.81,4,T010,Valid
5079,FR0039,D000299,P025,2026-05-24,10302.81,4,T010,Valid
5080,FR0039,D000776,P025,2026-06-27,21386.32,9,T010,Valid
5081,FR0039,D000266,P025,2026-06-15,21386.32,9,T010,Valid
5082,FR0039,D000631,P025,2026-06-10,21386.32,9,T010,Valid
5083,FR0039,D000942,P025,2026-07-06,21321.01,9,T010,Valid
5084,FR0039,D000424,P025,2026-07-05,21321.01,9,T010,Valid
5085,FR0039,D000299,P025,2026-07-21,21321.01,9,T010,Valid
5086,FR0040,D000453,P005,2026-01-10,30618.96,16,T003,Valid
5087,FR0040,D000234,P005,2026-01-27,30618.96,16,T003,Valid
5088,FR0040,D000005,P005,2026-02-11,11008.16,6,T003,Valid
5089,FR0040,D000217,P005,2026-02-08,11008.16,6,T003,Valid
5090,FR0040,D000574,P005,2026-02-16,11008.16,6,T003,Valid
5091,FR0040,D000172,P005,2026-02-03,11008.16,6,T003,Valid
5092,FR0040,D000382,P005,2026-02-15,11008.16,6,T003,Valid
5093,FR0040,D000350,P005,2026-02-27,11008.16,6,T003,Valid
5094,FR0040,D000234,P005,2026-03-12,19844.51,10,T003,Valid
5095,FR0040,D000350,P005,2026-03-18,19844.51,10,T003,Valid
5096,FR0040,D000680,P005,2026-03-04,19844.51,10,T003,Valid
5097,FR0040,D000574,P005,2026-04-10,60714.97,31,T003,Valid
5098,FR0040,D000411,P005,2026-05-05,13387.46,7,T003,Valid
5099,FR0040,D000382,P005,2026-05-15,13387.46,7,T003,Valid
5100,FR0040,D000800,P005,2026-05-02,13387.46,7,T003,Valid
5101,FR0040,D000574,P005,2026-05-17,13387.46,7,T003,Valid
5102,FR0040,D000739,P005,2026-05-09,13387.46,7,T003,Valid
5103,FR0040,D000800,P005,2026-06-04,11905.34,6,T003,Valid
5104,FR0040,D000574,P005,2026-06-02,11905.34,6,T003,Valid
5105,FR0040,D000411,P005,2026-06-10,11905.34,6,T003,Valid
5106,FR0040,D000056,P005,2026-06-19,11905.34,6,T003,Valid
5107,FR0040,D000453,P005,2026-06-03,11905.34,6,T003,Valid
5108,FR0040,D000800,P005,2026-07-27,9985.54,5,T003,Valid
5109,FR0040,D000739,P005,2026-07-26,9985.54,5,T003,Valid
5110,FR0040,D000217,P005,2026-07-08,9985.54,5,T003,Valid
5111,FR0040,D000382,P005,2026-07-18,9985.54,5,T003,Valid
5112,FR0040,D000453,P005,2026-07-17,9985.54,5,T003,Valid
5113,FR0040,D000172,P005,2026-07-09,9985.54,5,T003,Valid
5114,FR0040,D000350,P011,2026-01-23,29113.64,13,T003,Valid
5115,FR0040,D000234,P011,2026-01-06,29113.64,13,T003,Valid
5116,FR0040,D000382,P011,2026-01-06,29113.64,13,T003,Valid
5117,FR0040,D000172,P011,2026-01-24,29113.64,13,T003,Valid
5118,FR0040,D000574,P011,2026-01-16,29113.64,13,T003,Valid
5119,FR0040,D000005,P011,2026-02-02,35754.3,16,T003,Valid
5120,FR0040,D000217,P011,2026-02-01,35754.3,16,T003,Valid
5121,FR0040,D000739,P011,2026-02-17,35754.3,16,T003,Valid
5122,FR0040,D000800,P011,2026-02-08,35754.3,16,T003,Valid
5123,FR0040,D000453,P011,2026-03-01,54036.52,25,T003,Valid
5124,FR0040,D000056,P011,2026-03-17,54036.52,25,T003,Valid
5125,FR0040,D000800,P011,2026-03-19,54036.52,25,T003,Valid
5126,FR0040,D000382,P011,2026-04-01,85861.41,39,T003,Valid
5127,FR0040,D000739,P011,2026-04-19,85861.41,39,T003,Valid
5128,FR0040,D000172,P011,2026-05-07,54471.17,25,T003,Valid
5129,FR0040,D000574,P011,2026-05-24,54471.17,25,T003,Valid
5130,FR0040,D000385,P011,2026-05-19,54471.17,25,T003,Valid
5131,FR0040,D000005,P011,2026-06-18,27350.09,12,T003,Valid
5132,FR0040,D000382,P011,2026-06-03,27350.09,12,T003,Valid
5133,FR0040,D000800,P011,2026-06-14,27350.09,12,T003,Valid
5134,FR0040,D000411,P011,2026-06-09,27350.09,12,T003,Valid
5135,FR0040,D000350,P011,2026-06-08,27350.09,12,T003,Valid
5136,FR0040,D000234,P011,2026-06-02,27350.09,12,T003,Valid
5137,FR0040,D000234,P011,2026-07-04,27589.63,13,T003,Valid
5138,FR0040,D000574,P011,2026-07-27,27589.63,13,T003,Valid
5139,FR0040,D000217,P011,2026-07-15,27589.63,13,T003,Valid
5140,FR0040,D000680,P011,2026-07-04,27589.63,13,T003,Valid
5141,FR0040,D000382,P011,2026-07-03,27589.63,13,T003,Valid
5142,FR0040,D000056,P011,2026-07-03,27589.63,13,T003,Valid
5143,FR0040,D000739,P006,2026-01-26,18234.39,50,T003,Valid
5144,FR0040,D000234,P006,2026-01-01,18234.39,50,T003,Valid
5145,FR0040,D000172,P006,2026-01-12,18234.39,50,T003,Valid
5146,FR0040,D000005,P006,2026-01-11,18234.39,50,T003,Valid
5147,FR0040,D000217,P006,2026-01-08,18234.39,50,T003,Valid
5148,FR0040,D000800,P006,2026-01-14,18234.39,50,T003,Valid
5149,FR0040,D000382,P006,2026-02-23,109206.5,297,T003,Valid
5150,FR0040,D000739,P006,2026-03-23,57435.58,156,T003,Valid
5151,FR0040,D000172,P006,2026-03-18,57435.58,156,T003,Valid
5152,FR0040,D000411,P006,2026-04-25,35004.31,95,T003,Valid
5153,FR0040,D000385,P006,2026-04-01,35004.31,95,T003,Valid
5154,FR0040,D000453,P006,2026-04-13,35004.31,95,T003,Valid
5155,FR0040,D000350,P006,2026-05-07,109825.2,299,T003,Valid
5156,FR0040,D000005,P006,2026-06-20,24956.62,68,T003,Valid
5157,FR0040,D000800,P006,2026-06-25,24956.62,68,T003,Valid
5158,FR0040,D000234,P006,2026-06-05,24956.62,68,T003,Valid
5159,FR0040,D000056,P006,2026-06-23,24956.62,68,T003,Valid
5160,FR0040,D000172,P006,2026-06-04,24956.62,68,T003,Valid
5161,FR0040,D000739,P006,2026-07-12,37202.56,101,T003,Valid
5162,FR0040,D000574,P006,2026-07-01,37202.56,101,T003,Valid
5163,FR0040,D000350,P006,2026-07-22,37202.56,101,T003,Valid
5164,FR0041,D000481,P029,2026-01-05,37018.26,95,T008,Valid
5165,FR0041,D000252,P029,2026-01-03,37018.26,95,T008,Valid
5166,FR0041,D000999,P029,2026-01-03,37018.26,95,T008,Valid
5167,FR0041,D000481,P029,2026-02-03,41123.61,105,T008,Valid
5168,FR0041,D000832,P029,2026-02-03,41123.61,105,T008,Valid
5169,FR0041,D000459,P029,2026-02-01,41123.61,105,T008,Valid
5170,FR0041,D000459,P029,2026-03-14,62168.32,159,T008,Valid
5171,FR0041,D000832,P029,2026-03-25,62168.32,159,T008,Valid
5172,FR0041,D000450,P029,2026-04-21,30272.06,78,T008,Valid
5173,FR0041,D000459,P029,2026-04-05,30272.06,78,T008,Valid
5174,FR0041,D000162,P029,2026-04-14,30272.06,78,T008,Valid
5175,FR0041,D000999,P029,2026-04-21,30272.06,78,T008,Valid
5176,FR0041,D000450,P029,2026-05-01,62413.77,160,T008,Valid
5177,FR0041,D000252,P029,2026-05-16,62413.77,160,T008,Valid
5178,FR0041,D000459,P029,2026-06-12,29105.95,75,T008,Valid
5179,FR0041,D000252,P029,2026-06-14,29105.95,75,T008,Valid
5180,FR0041,D000450,P029,2026-06-16,29105.95,75,T008,Valid
5181,FR0041,D000832,P029,2026-06-18,29105.95,75,T008,Valid
5182,FR0041,D000999,P029,2026-07-13,36273.27,93,T008,Valid
5183,FR0041,D000459,P029,2026-07-01,36273.27,93,T008,Valid
5184,FR0041,D000252,P029,2026-07-13,36273.27,93,T008,Valid
5185,FR0041,D000999,P002,2026-01-03,43705.75,32,T008,Valid
5186,FR0041,D000252,P002,2026-01-15,43705.75,32,T008,Valid
5187,FR0041,D000450,P002,2026-01-18,43705.75,32,T008,Valid
5188,FR0041,D000459,P002,2026-02-19,33775.2,25,T008,Valid
5189,FR0041,D000999,P002,2026-02-21,33775.2,25,T008,Valid
5190,FR0041,D000162,P002,2026-02-12,33775.2,25,T008,Valid
5191,FR0041,D000252,P002,2026-02-02,33775.2,25,T008,Valid
5192,FR0041,D000481,P002,2026-03-11,19161.3,14,T008,Valid
5193,FR0041,D000459,P002,2026-03-26,19161.3,14,T008,Valid
5194,FR0041,D000450,P002,2026-03-10,19161.3,14,T008,Valid
5195,FR0041,D000252,P002,2026-03-10,19161.3,14,T008,Valid
5196,FR0041,D000162,P002,2026-03-14,19161.3,14,T008,Valid
5197,FR0041,D000999,P002,2026-03-25,19161.3,14,T008,Valid
5198,FR0041,D000999,P002,2026-04-20,34481.23,25,T008,Valid
5199,FR0041,D000832,P002,2026-04-25,34481.23,25,T008,Valid
5200,FR0041,D000459,P002,2026-04-06,34481.23,25,T008,Valid
5201,FR0041,D000450,P002,2026-04-09,34481.23,25,T008,Valid
5202,FR0041,D000999,P002,2026-05-04,28114.65,21,T008,Valid
5203,FR0041,D000450,P002,2026-05-23,28114.65,21,T008,Valid
5204,FR0041,D000162,P002,2026-05-16,28114.65,21,T008,Valid
5205,FR0041,D000481,P002,2026-05-07,28114.65,21,T008,Valid
5206,FR0041,D000999,P002,2026-06-14,63264.7,46,T008,Valid
5207,FR0041,D000832,P002,2026-06-10,63264.7,46,T008,Valid
5208,FR0041,D000999,P002,2026-07-18,21341.74,16,T008,Valid
5209,FR0041,D000252,P002,2026-07-13,21341.74,16,T008,Valid
5210,FR0041,D000162,P002,2026-07-09,21341.74,16,T008,Valid
5211,FR0041,D000450,P002,2026-07-01,21341.74,16,T008,Valid
5212,FR0041,D000459,P002,2026-07-04,21341.74,16,T008,Valid
5213,FR0041,D000832,P002,2026-07-04,21341.74,16,T008,Valid
5214,FR0041,D000162,P015,2026-01-01,14964.37,10,T008,Valid
5215,FR0041,D000832,P015,2026-01-23,14964.37,10,T008,Valid
5216,FR0041,D000252,P015,2026-01-02,14964.37,10,T008,Valid
5217,FR0041,D000481,P015,2026-01-20,14964.37,10,T008,Valid
5218,FR0041,D000459,P015,2026-02-23,20464.15,13,T008,Valid
5219,FR0041,D000252,P015,2026-02-21,20464.15,13,T008,Valid
5220,FR0041,D000162,P015,2026-02-13,20464.15,13,T008,Valid
5221,FR0041,D000162,P015,2026-03-18,19461.3,13,T008,Valid
5222,FR0041,D000481,P015,2026-03-19,19461.3,13,T008,Valid
5223,FR0041,D000459,P015,2026-03-20,19461.3,13,T008,Valid
5224,FR0041,D000252,P015,2026-04-16,33305.04,22,T008,Valid
5225,FR0041,D000450,P015,2026-04-04,33305.04,22,T008,Valid
5226,FR0041,D000999,P015,2026-05-21,10834.86,7,T008,Valid
5227,FR0041,D000459,P015,2026-05-13,10834.86,7,T008,Valid
5228,FR0041,D000481,P015,2026-05-25,10834.86,7,T008,Valid
5229,FR0041,D000832,P015,2026-05-22,10834.86,7,T008,Valid
5230,FR0041,D000162,P015,2026-05-20,10834.86,7,T008,Valid
5231,FR0041,D000450,P015,2026-05-02,10834.86,7,T008,Valid
5232,FR0041,D000999,P015,2026-06-21,11393.63,7,T008,Valid
5233,FR0041,D000481,P015,2026-06-03,11393.63,7,T008,Valid
5234,FR0041,D000450,P015,2026-06-15,11393.63,7,T008,Valid
5235,FR0041,D000832,P015,2026-06-08,11393.63,7,T008,Valid
5236,FR0041,D000162,P015,2026-06-17,11393.63,7,T008,Valid
5237,FR0041,D000481,P015,2026-07-25,9322.7,6,T008,Valid
5238,FR0041,D000832,P015,2026-07-20,9322.7,6,T008,Valid
5239,FR0041,D000459,P015,2026-07-02,9322.7,6,T008,Valid
5240,FR0041,D000162,P015,2026-07-08,9322.7,6,T008,Valid
5241,FR0041,D000252,P015,2026-07-04,9322.7,6,T008,Valid
5242,FR0041,D000999,P015,2026-07-04,9322.7,6,T008,Valid
5243,FR0042,D000795,P018,2026-01-07,8301.58,12,T004,Valid
5244,FR0042,D000214,P018,2026-01-11,8301.58,12,T004,Valid
5245,FR0042,D000218,P018,2026-01-08,8301.58,12,T004,Valid
5246,FR0042,D000693,P018,2026-01-15,8301.58,12,T004,Valid
5247,FR0042,D000047,P018,2026-01-18,8301.58,12,T004,Valid
5248,FR0042,D000829,P018,2026-01-01,8301.58,12,T004,Valid
5249,FR0042,D000693,P018,2026-02-06,9068.87,13,T004,Valid
5250,FR0042,D000795,P018,2026-02-09,9068.87,13,T004,Valid
5251,FR0042,D000214,P018,2026-02-10,9068.87,13,T004,Valid
5252,FR0042,D000218,P018,2026-02-26,9068.87,13,T004,Valid
5253,FR0042,D000047,P018,2026-02-05,9068.87,13,T004,Valid
5254,FR0042,D000265,P018,2026-02-13,9068.87,13,T004,Valid
5255,FR0042,D000795,P018,2026-03-22,28832.76,43,T004,Valid
5256,FR0042,D000265,P018,2026-03-13,28832.76,43,T004,Valid
5257,FR0042,D000047,P018,2026-04-14,10668.8,16,T004,Valid
5258,FR0042,D000218,P018,2026-04-23,10668.8,16,T004,Valid
5259,FR0042,D000795,P018,2026-04-08,10668.8,16,T004,Valid
5260,FR0042,D000214,P018,2026-04-12,10668.8,16,T004,Valid
5261,FR0042,D000829,P018,2026-04-24,10668.8,16,T004,Valid
5262,FR0042,D000265,P018,2026-05-01,9727.94,14,T004,Valid
5263,FR0042,D000795,P018,2026-05-01,9727.94,14,T004,Valid
5264,FR0042,D000067,P018,2026-05-07,9727.94,14,T004,Valid
5265,FR0042,D000218,P018,2026-05-02,9727.94,14,T004,Valid
5266,FR0042,D000047,P018,2026-05-21,9727.94,14,T004,Valid
5267,FR0042,D000067,P018,2026-06-08,19489.91,29,T004,Valid
5268,FR0042,D000265,P018,2026-06-05,19489.91,29,T004,Valid
5269,FR0042,D000795,P018,2026-06-18,19489.91,29,T004,Valid
5270,FR0042,D000795,P018,2026-07-26,25290.52,37,T004,Valid
5271,FR0042,D000265,P018,2026-07-03,25290.52,37,T004,Valid
5272,FR0042,D000047,P023,2026-01-20,38600.23,16,T004,Valid
5273,FR0042,D000047,P023,2026-02-16,10683.74,5,T004,Valid
5274,FR0042,D000795,P023,2026-02-09,10683.74,5,T004,Valid
5275,FR0042,D000829,P023,2026-02-05,10683.74,5,T004,Valid
5276,FR0042,D000214,P023,2026-02-17,10683.74,5,T004,Valid
5277,FR0042,D000693,P023,2026-03-08,22460.0,9,T004,Valid
5278,FR0042,D000218,P023,2026-03-11,22460.0,9,T004,Valid
5279,FR0042,D000067,P023,2026-04-08,7681.82,3,T004,Valid
5280,FR0042,D000218,P023,2026-04-12,7681.82,3,T004,Valid
5281,FR0042,D000795,P023,2026-04-19,7681.82,3,T004,Valid
5282,FR0042,D000214,P023,2026-04-17,7681.82,3,T004,Valid
5283,FR0042,D000047,P023,2026-04-11,7681.82,3,T004,Valid
5284,FR0042,D000693,P023,2026-04-09,7681.82,3,T004,Valid
5285,FR0042,D000829,P023,2026-05-10,7719.41,3,T004,Valid
5286,FR0042,D000067,P023,2026-05-10,7719.41,3,T004,Valid
5287,FR0042,D000795,P023,2026-05-25,7719.41,3,T004,Valid
5288,FR0042,D000218,P023,2026-05-27,7719.41,3,T004,Valid
5289,FR0042,D000047,P023,2026-05-25,7719.41,3,T004,Valid
5290,FR0042,D000265,P023,2026-05-14,7719.41,3,T004,Valid
5291,FR0042,D000067,P023,2026-06-27,7794.47,3,T004,Valid
5292,FR0042,D000047,P023,2026-06-15,7794.47,3,T004,Valid
5293,FR0042,D000218,P023,2026-06-12,7794.47,3,T004,Valid
5294,FR0042,D000829,P023,2026-06-26,7794.47,3,T004,Valid
5295,FR0042,D000795,P023,2026-06-25,7794.47,3,T004,Valid
5296,FR0042,D000047,P023,2026-07-10,9366.46,4,T004,Valid
5297,FR0042,D000067,P023,2026-07-17,9366.46,4,T004,Valid
5298,FR0042,D000829,P023,2026-07-25,9366.46,4,T004,Valid
5299,FR0042,D000218,P023,2026-07-15,9366.46,4,T004,Valid
5300,FR0042,D000214,P023,2026-07-27,9366.46,4,T004,Valid
5301,FR0042,D000214,P017,2026-01-06,70501.51,32,T004,Valid
5302,FR0042,D000265,P017,2026-01-09,70501.51,32,T004,Valid
5303,FR0042,D000829,P017,2026-02-17,49338.0,22,T004,Valid
5304,FR0042,D000067,P017,2026-02-10,49338.0,22,T004,Valid
5305,FR0042,D000265,P017,2026-02-15,49338.0,22,T004,Valid
5306,FR0042,D000218,P017,2026-03-11,26199.19,12,T004,Valid
5307,FR0042,D000067,P017,2026-03-24,26199.19,12,T004,Valid
5308,FR0042,D000829,P017,2026-03-13,26199.19,12,T004,Valid
5309,FR0042,D000047,P017,2026-03-14,26199.19,12,T004,Valid
5310,FR0042,D000795,P017,2026-03-05,26199.19,12,T004,Valid
5311,FR0042,D000829,P017,2026-04-17,22255.06,10,T004,Valid
5312,FR0042,D000265,P017,2026-04-13,22255.06,10,T004,Valid
5313,FR0042,D000047,P017,2026-04-22,22255.06,10,T004,Valid
5314,FR0042,D000218,P017,2026-04-06,22255.06,10,T004,Valid
5315,FR0042,D000693,P017,2026-04-23,22255.06,10,T004,Valid
5316,FR0042,D000067,P017,2026-04-25,22255.06,10,T004,Valid
5317,FR0042,D000214,P017,2026-05-07,67413.18,31,T004,Valid
5318,FR0042,D000218,P017,2026-05-14,67413.18,31,T004,Valid
5319,FR0042,D000795,P017,2026-06-22,30963.61,14,T004,Valid
5320,FR0042,D000214,P017,2026-06-24,30963.61,14,T004,Valid
5321,FR0042,D000047,P017,2026-06-14,30963.61,14,T004,Valid
5322,FR0042,D000829,P017,2026-06-02,30963.61,14,T004,Valid
5323,FR0042,D000067,P017,2026-06-16,30963.61,14,T004,Valid
5324,FR0042,D000265,P017,2026-07-19,35284.49,16,T004,Valid
5325,FR0042,D000067,P017,2026-07-01,35284.49,16,T004,Valid
5326,FR0042,D000218,P017,2026-07-27,35284.49,16,T004,Valid
5327,FR0042,D000047,P017,2026-07-17,35284.49,16,T004,Valid
5328,FR0043,D000216,P028,2026-01-16,50625.01,44,T013,Valid
5329,FR0043,D000375,P028,2026-01-04,50625.01,44,T013,Valid
5330,FR0043,D000148,P028,2026-01-03,50625.01,44,T013,Valid
5331,FR0043,D000148,P028,2026-02-06,35151.16,31,T013,Valid
5332,FR0043,D000216,P028,2026-02-25,35151.16,31,T013,Valid
5333,FR0043,D000460,P028,2026-02-06,35151.16,31,T013,Valid
5334,FR0043,D000375,P028,2026-02-18,35151.16,31,T013,Valid
5335,FR0043,D000216,P028,2026-03-04,34341.4,30,T013,Valid
5336,FR0043,D000148,P028,2026-03-14,34341.4,30,T013,Valid
5337,FR0043,D000460,P028,2026-03-01,34341.4,30,T013,Valid
5338,FR0043,D000375,P028,2026-03-19,34341.4,30,T013,Valid
5339,FR0043,D000148,P028,2026-04-22,32461.56,28,T013,Valid
5340,FR0043,D000460,P028,2026-04-09,32461.56,28,T013,Valid
5341,FR0043,D000216,P028,2026-04-27,32461.56,28,T013,Valid
5342,FR0043,D000375,P028,2026-04-02,32461.56,28,T013,Valid
5343,FR0043,D000216,P028,2026-05-13,78138.79,68,T013,Valid
5344,FR0043,D000148,P028,2026-05-15,78138.79,68,T013,Valid
5345,FR0043,D000460,P028,2026-06-06,139704.7,121,T013,Valid
5346,FR0043,D000460,P028,2026-07-19,70392.81,61,T013,Valid
5347,FR0043,D000148,P028,2026-07-26,70392.81,61,T013,Valid
5348,FR0043,D000460,P006,2026-01-09,46857.86,127,T013,Valid
5349,FR0043,D000216,P006,2026-01-06,46857.86,127,T013,Valid
5350,FR0043,D000148,P006,2026-02-05,23797.34,65,T013,Valid
5351,FR0043,D000375,P006,2026-02-23,23797.34,65,T013,Valid
5352,FR0043,D000460,P006,2026-02-25,23797.34,65,T013,Valid
5353,FR0043,D000216,P006,2026-02-06,23797.34,65,T013,Valid
5354,FR0043,D000216,P006,2026-03-25,21507.07,58,T013,Valid
5355,FR0043,D000460,P006,2026-03-27,21507.07,58,T013,Valid
5356,FR0043,D000148,P006,2026-03-02,21507.07,58,T013,Valid
5357,FR0043,D000375,P006,2026-03-27,21507.07,58,T013,Valid
5358,FR0043,D000460,P006,2026-04-12,30649.21,83,T013,Valid
5359,FR0043,D000148,P006,2026-04-19,30649.21,83,T013,Valid
5360,FR0043,D000216,P006,2026-04-09,30649.21,83,T013,Valid
5361,FR0043,D000460,P006,2026-05-27,47327.9,129,T013,Valid
5362,FR0043,D000216,P006,2026-05-14,47327.9,129,T013,Valid
5363,FR0043,D000216,P006,2026-06-18,45071.48,123,T013,Valid
5364,FR0043,D000148,P006,2026-06-22,45071.48,123,T013,Valid
5365,FR0043,D000148,P006,2026-07-25,31407.99,85,T013,Valid
5366,FR0043,D000460,P006,2026-07-12,31407.99,85,T013,Valid
5367,FR0043,D000375,P006,2026-07-27,31407.99,85,T013,Valid
5368,FR0043,D000216,P016,2026-01-07,46526.97,317,T013,Valid
5369,FR0043,D000148,P016,2026-01-07,46526.97,317,T013,Valid
5370,FR0043,D000460,P016,2026-01-01,46526.97,317,T013,Valid
5371,FR0043,D000375,P016,2026-02-20,33356.51,227,T013,Valid
5372,FR0043,D000216,P016,2026-02-08,33356.51,227,T013,Valid
5373,FR0043,D000148,P016,2026-02-10,33356.51,227,T013,Valid
5374,FR0043,D000460,P016,2026-02-26,33356.51,227,T013,Valid
5375,FR0043,D000375,P016,2026-03-25,33085.01,225,T013,Valid
5376,FR0043,D000460,P016,2026-03-08,33085.01,225,T013,Valid
5377,FR0043,D000148,P016,2026-03-06,33085.01,225,T013,Valid
5378,FR0043,D000216,P016,2026-03-08,33085.01,225,T013,Valid
5379,FR0043,D000148,P016,2026-04-05,37566.92,256,T013,Valid
5380,FR0043,D000216,P016,2026-04-26,37566.92,256,T013,Valid
5381,FR0043,D000460,P016,2026-04-25,37566.92,256,T013,Valid
5382,FR0043,D000375,P016,2026-04-03,37566.92,256,T013,Valid
5383,FR0043,D000460,P016,2026-05-04,33278.67,227,T013,Valid
5384,FR0043,D000216,P016,2026-05-08,33278.67,227,T013,Valid
5385,FR0043,D000148,P016,2026-05-13,33278.67,227,T013,Valid
5386,FR0043,D000375,P016,2026-05-03,33278.67,227,T013,Valid
5387,FR0043,D000148,P016,2026-06-06,75068.11,512,T013,Valid
5388,FR0043,D000216,P016,2026-06-25,75068.11,512,T013,Valid
5389,FR0043,D000148,P016,2026-07-13,37360.45,255,T013,Valid
5390,FR0043,D000375,P016,2026-07-03,37360.45,255,T013,Valid
5391,FR0043,D000460,P016,2026-07-08,37360.45,255,T013,Valid
5392,FR0043,D000216,P016,2026-07-16,37360.45,255,T013,Valid
5393,FR0043,D000216,P007,2026-01-13,18457.96,38,T013,Valid
5394,FR0043,D000375,P007,2026-01-05,18457.96,38,T013,Valid
5395,FR0043,D000460,P007,2026-01-01,18457.96,38,T013,Valid
5396,FR0043,D000148,P007,2026-01-14,18457.96,38,T013,Valid
5397,FR0043,D000216,P007,2026-02-05,18127.61,38,T013,Valid
5398,FR0043,D000375,P007,2026-02-02,18127.61,38,T013,Valid
5399,FR0043,D000460,P007,2026-02-06,18127.61,38,T013,Valid
5400,FR0043,D000148,P007,2026-02-04,18127.61,38,T013,Valid
5401,FR0043,D000375,P007,2026-03-09,32253.17,67,T013,Valid
5402,FR0043,D000148,P007,2026-03-24,32253.17,67,T013,Valid
5403,FR0043,D000148,P007,2026-04-16,23251.75,48,T013,Valid
5404,FR0043,D000375,P007,2026-04-15,23251.75,48,T013,Valid
5405,FR0043,D000216,P007,2026-04-05,23251.75,48,T013,Valid
5406,FR0043,D000216,P007,2026-05-23,18901.52,39,T013,Valid
5407,FR0043,D000148,P007,2026-05-09,18901.52,39,T013,Valid
5408,FR0043,D000375,P007,2026-05-26,18901.52,39,T013,Valid
5409,FR0043,D000460,P007,2026-05-11,18901.52,39,T013,Valid
5410,FR0043,D000375,P007,2026-06-16,36440.05,76,T013,Valid
5411,FR0043,D000460,P007,2026-06-02,36440.05,76,T013,Valid
5412,FR0043,D000216,P007,2026-07-12,22258.13,46,T013,Valid
5413,FR0043,D000148,P007,2026-07-12,22258.13,46,T013,Valid
5414,FR0043,D000460,P007,2026-07-02,22258.13,46,T013,Valid
5415,FR0044,D000242,P015,2026-01-23,37768.15,25,T009,Valid
5416,FR0044,D000490,P015,2026-01-23,37768.15,25,T009,Valid
5417,FR0044,D000241,P015,2026-01-16,37768.15,25,T009,Valid
5418,FR0044,D000897,P015,2026-01-13,37768.15,25,T009,Valid
5419,FR0044,D000242,P015,2026-02-10,41234.82,27,T009,Valid
5420,FR0044,D000490,P015,2026-02-25,41234.82,27,T009,Valid
5421,FR0044,D000241,P015,2026-02-11,41234.82,27,T009,Valid
5422,FR0044,D000897,P015,2026-02-12,41234.82,27,T009,Valid
5423,FR0044,D000242,P015,2026-03-25,51020.47,33,T009,Valid
5424,FR0044,D000897,P015,2026-03-18,51020.47,33,T009,Valid
5425,FR0044,D000241,P015,2026-03-12,51020.47,33,T009,Valid
5426,FR0044,D000897,P015,2026-04-19,42892.3,28,T009,Valid
5427,FR0044,D000241,P015,2026-04-09,42892.3,28,T009,Valid
5428,FR0044,D000242,P015,2026-04-21,42892.3,28,T009,Valid
5429,FR0044,D000490,P015,2026-04-03,42892.3,28,T009,Valid
5430,FR0044,D000242,P015,2026-05-20,37018.16,24,T009,Valid
5431,FR0044,D000490,P015,2026-05-21,37018.16,24,T009,Valid
5432,FR0044,D000241,P015,2026-05-13,37018.16,24,T009,Valid
5433,FR0044,D000897,P015,2026-05-27,37018.16,24,T009,Valid
5434,FR0044,D000490,P015,2026-06-07,36068.03,23,T009,Valid
5435,FR0044,D000241,P015,2026-06-03,36068.03,23,T009,Valid
5436,FR0044,D000242,P015,2026-06-27,36068.03,23,T009,Valid
5437,FR0044,D000897,P015,2026-06-21,36068.03,23,T009,Valid
5438,FR0044,D000242,P015,2026-07-27,66290.4,43,T009,Valid
5439,FR0044,D000241,P015,2026-07-03,66290.4,43,T009,Valid
5440,FR0044,D000490,P015,2026-07-19,66290.4,43,T009,Valid
5441,FR0044,D000897,P015,2026-07-13,66290.4,43,T009,Valid
5442,FR0044,D000897,P023,2026-01-10,216283.31,91,T009,Valid
5443,FR0044,D000490,P023,2026-02-15,65200.44,27,T009,Valid
5444,FR0044,D000241,P023,2026-02-07,65200.44,27,T009,Valid
5445,FR0044,D000242,P023,2026-03-07,41037.3,17,T009,Valid
5446,FR0044,D000490,P023,2026-03-26,41037.3,17,T009,Valid
5447,FR0044,D000241,P023,2026-03-04,41037.3,17,T009,Valid
5448,FR0044,D000897,P023,2026-04-05,66277.17,28,T009,Valid
5449,FR0044,D000242,P023,2026-04-23,66277.17,28,T009,Valid
5450,FR0044,D000242,P023,2026-05-06,59266.8,25,T009,Valid
5451,FR0044,D000897,P023,2026-05-16,59266.8,25,T009,Valid
5452,FR0044,D000241,P023,2026-06-20,31311.79,13,T009,Valid
5453,FR0044,D000242,P023,2026-06-06,31311.79,13,T009,Valid
5454,FR0044,D000897,P023,2026-06-02,31311.79,13,T009,Valid
5455,FR0044,D000490,P023,2026-06-09,31311.79,13,T009,Valid
5456,FR0044,D000897,P023,2026-07-03,61945.31,26,T009,Valid
5457,FR0044,D000241,P023,2026-07-16,61945.31,26,T009,Valid
5458,FR0044,D000242,P018,2026-01-25,26762.83,40,T009,Valid
5459,FR0044,D000897,P018,2026-01-03,26762.83,40,T009,Valid
5460,FR0044,D000490,P018,2026-01-16,26762.83,40,T009,Valid
5461,FR0044,D000241,P018,2026-01-08,26762.83,40,T009,Valid
5462,FR0044,D000897,P018,2026-02-19,30508.62,45,T009,Valid
5463,FR0044,D000490,P018,2026-02-01,30508.62,45,T009,Valid
5464,FR0044,D000242,P018,2026-02-12,30508.62,45,T009,Valid
5465,FR0044,D000241,P018,2026-02-25,30508.62,45,T009,Valid
5466,FR0044,D000897,P018,2026-03-09,36039.82,53,T009,Valid
5467,FR0044,D000490,P018,2026-03-15,36039.82,53,T009,Valid
5468,FR0044,D000241,P018,2026-03-07,36039.82,53,T009,Valid
5469,FR0044,D000241,P018,2026-04-11,60080.33,89,T009,Valid
5470,FR0044,D000490,P018,2026-04-17,60080.33,89,T009,Valid
5471,FR0044,D000242,P018,2026-05-08,27578.18,41,T009,Valid
5472,FR0044,D000241,P018,2026-05-25,27578.18,41,T009,Valid
5473,FR0044,D000897,P018,2026-05-20,27578.18,41,T009,Valid
5474,FR0044,D000490,P018,2026-05-27,27578.18,41,T009,Valid
5475,FR0044,D000241,P018,2026-06-10,122037.2,181,T009,Valid
5476,FR0044,D000242,P018,2026-07-24,31606.28,47,T009,Valid
5477,FR0044,D000897,P018,2026-07-03,31606.28,47,T009,Valid
5478,FR0044,D000241,P018,2026-07-25,31606.28,47,T009,Valid
5479,FR0044,D000490,P018,2026-07-27,31606.28,47,T009,Valid
5480,FR0044,D000897,P022,2026-01-18,56891.27,139,T009,Valid
5481,FR0044,D000241,P022,2026-01-26,56891.27,139,T009,Valid
5482,FR0044,D000242,P022,2026-01-12,56891.27,139,T009,Valid
5483,FR0044,D000241,P022,2026-02-16,40939.38,100,T009,Valid
5484,FR0044,D000897,P022,2026-02-06,40939.38,100,T009,Valid
5485,FR0044,D000490,P022,2026-02-27,40939.38,100,T009,Valid
5486,FR0044,D000242,P022,2026-02-01,40939.38,100,T009,Valid
5487,FR0044,D000897,P022,2026-03-12,37863.65,93,T009,Valid
5488,FR0044,D000241,P022,2026-03-25,37863.65,93,T009,Valid
5489,FR0044,D000242,P022,2026-03-02,37863.65,93,T009,Valid
5490,FR0044,D000490,P022,2026-03-02,37863.65,93,T009,Valid
5491,FR0044,D000242,P022,2026-04-16,38802.11,95,T009,Valid
5492,FR0044,D000241,P022,2026-04-15,38802.11,95,T009,Valid
5493,FR0044,D000490,P022,2026-04-07,38802.11,95,T009,Valid
5494,FR0044,D000897,P022,2026-04-27,38802.11,95,T009,Valid
5495,FR0044,D000242,P022,2026-05-14,41773.17,102,T009,Valid
5496,FR0044,D000241,P022,2026-05-19,41773.17,102,T009,Valid
5497,FR0044,D000490,P022,2026-05-09,41773.17,102,T009,Valid
5498,FR0044,D000897,P022,2026-05-03,41773.17,102,T009,Valid
5499,FR0044,D000897,P022,2026-06-27,299597.93,734,T003,Valid
5500,FR0044,D000897,P022,2026-07-26,40935.89,100,T009,Valid
5501,FR0044,D000242,P022,2026-07-11,40935.89,100,T009,Valid
5502,FR0044,D000241,P022,2026-07-22,40935.89,100,T009,Valid
5503,FR0044,D000490,P022,2026-07-10,40935.89,100,T009,Valid
5504,FR0044,D000897,P010,2026-01-22,12909.93,10,T009,Valid
5505,FR0044,D000490,P010,2026-01-15,12909.93,10,T009,Valid
5506,FR0044,D000241,P010,2026-01-14,12909.93,10,T009,Valid
5507,FR0044,D000242,P010,2026-01-07,12909.93,10,T009,Valid
5508,FR0044,D000241,P010,2026-02-26,20132.95,15,T009,Valid
5509,FR0044,D000242,P010,2026-02-19,20132.95,15,T009,Valid
5510,FR0044,D000897,P010,2026-02-25,20132.95,15,T009,Valid
5511,FR0044,D000242,P010,2026-03-14,14642.91,11,T009,Valid
5512,FR0044,D000897,P010,2026-03-11,14642.91,11,T009,Valid
5513,FR0044,D000241,P010,2026-03-07,14642.91,11,T009,Valid
5514,FR0044,D000490,P010,2026-03-26,14642.91,11,T009,Valid
5515,FR0044,D000897,P010,2026-04-20,28301.66,21,T009,Valid
5516,FR0044,D000242,P010,2026-04-06,28301.66,21,T009,Valid
5517,FR0044,D000242,P010,2026-05-10,13218.09,10,T009,Valid
5518,FR0044,D000241,P010,2026-05-21,13218.09,10,T009,Valid
5519,FR0044,D000490,P010,2026-05-23,13218.09,10,T009,Valid
5520,FR0044,D000897,P010,2026-05-04,13218.09,10,T009,Valid
5521,FR0044,D000241,P010,2026-06-20,14486.96,11,T009,Valid
5522,FR0044,D000242,P010,2026-06-27,14486.96,11,T009,Valid
5523,FR0044,D000897,P010,2026-06-15,14486.96,11,T009,Valid
5524,FR0044,D000490,P010,2026-06-01,14486.96,11,T009,Valid
5525,FR0044,D000242,P010,2026-07-26,14616.62,11,T009,Valid
5526,FR0044,D000490,P010,2026-07-23,14616.62,11,T009,Valid
5527,FR0044,D000897,P010,2026-07-26,14616.62,11,T009,Valid
5528,FR0044,D000241,P010,2026-07-22,14616.62,11,T009,Valid
5529,FR0045,D000447,P015,2026-01-21,12030.83,8,T015,Valid
5530,FR0045,D000236,P015,2026-01-19,12030.83,8,T015,Valid
5531,FR0045,D000614,P015,2026-01-25,12030.83,8,T015,Valid
5532,FR0045,D000673,P015,2026-01-04,12030.83,8,T015,Valid
5533,FR0045,D000951,P015,2026-02-01,17008.38,11,T015,Valid
5534,FR0045,D000196,P015,2026-02-15,17008.38,11,T015,Valid
5535,FR0045,D000614,P015,2026-02-02,17008.38,11,T015,Valid
5536,FR0045,D000610,P015,2026-03-07,11812.83,8,T015,Valid
5537,FR0045,D000161,P015,2026-03-17,11812.83,8,T015,Valid
5538,FR0045,D000673,P015,2026-03-18,11812.83,8,T015,Valid
5539,FR0045,D000826,P015,2026-03-17,11812.83,8,T015,Valid
5540,FR0045,D000135,P015,2026-03-03,11812.83,8,T015,Valid
5541,FR0045,D000993,P015,2026-04-27,9964.5,6,T015,Valid
5542,FR0045,D000430,P015,2026-04-11,9964.5,6,T015,Valid
5543,FR0045,D000610,P015,2026-04-01,9964.5,6,T015,Valid
5544,FR0045,D000663,P015,2026-04-01,9964.5,6,T015,Valid
5545,FR0045,D000357,P015,2026-04-05,9964.5,6,T015,Valid
5546,FR0045,D000430,P015,2026-05-18,9144.15,6,T015,Valid
5547,FR0045,D000673,P015,2026-05-14,9144.15,6,T015,Valid
5548,FR0045,D000467,P015,2026-05-22,9144.15,6,T015,Valid
5549,FR0045,D000161,P015,2026-05-24,9144.15,6,T015,Valid
5550,FR0045,D000951,P015,2026-05-13,9144.15,6,T015,Valid
5551,FR0045,D000441,P015,2026-05-06,9144.15,6,T015,Valid
5552,FR0045,D000951,P015,2026-06-27,26330.88,17,T015,Valid
5553,FR0045,D000357,P015,2026-06-08,26330.88,17,T015,Valid
5554,FR0045,D000663,P015,2026-07-09,16241.75,11,T015,Valid
5555,FR0045,D000441,P015,2026-07-07,16241.75,11,T015,Valid
5556,FR0045,D000467,P015,2026-07-26,16241.75,11,T015,Valid
5557,FR0045,D000135,P024,2026-01-24,16700.71,23,T015,Valid
5558,FR0045,D000196,P024,2026-01-26,16700.71,23,T015,Valid
5559,FR0045,D000430,P024,2026-01-22,16700.71,23,T015,Valid
5560,FR0045,D000993,P024,2026-01-10,16700.71,23,T015,Valid
5561,FR0045,D000622,P024,2026-01-22,16700.71,23,T015,Valid
5562,FR0045,D000447,P024,2026-02-08,29486.77,40,T015,Valid
5563,FR0045,D000673,P024,2026-02-06,29486.77,40,T015,Valid
5564,FR0045,D000622,P024,2026-02-09,29486.77,40,T015,Valid
5565,FR0045,D000447,P024,2026-03-21,46364.93,63,T015,Valid
5566,FR0045,D000654,P024,2026-03-15,46364.93,63,T015,Valid
5567,FR0045,D000357,P024,2026-04-12,22858.33,31,T015,Valid
5568,FR0045,D000610,P024,2026-04-23,22858.33,31,T015,Valid
5569,FR0045,D000161,P024,2026-04-14,22858.33,31,T015,Valid
5570,FR0045,D000430,P024,2026-04-17,22858.33,31,T015,Valid
5571,FR0045,D000430,P024,2026-05-15,198654.48,270,T015,Valid
5572,FR0045,D000663,P024,2026-06-14,16834.43,23,T015,Valid
5573,FR0045,D000357,P024,2026-06-13,16834.43,23,T015,Valid
5574,FR0045,D000441,P024,2026-06-26,16834.43,23,T015,Valid
5575,FR0045,D000196,P024,2026-06-20,16834.43,23,T015,Valid
5576,FR0045,D000236,P024,2026-06-20,16834.43,23,T015,Valid
5577,FR0045,D000610,P024,2026-07-09,14707.64,20,T015,Valid
5578,FR0045,D000826,P024,2026-07-20,14707.64,20,T015,Valid
5579,FR0045,D000430,P024,2026-07-13,14707.64,20,T015,Valid
5580,FR0045,D000196,P024,2026-07-06,14707.64,20,T015,Valid
5581,FR0045,D000622,P024,2026-07-19,14707.64,20,T015,Valid
5582,FR0045,D000135,P024,2026-07-05,14707.64,20,T015,Valid
5583,FR0045,D000430,P018,2026-01-19,19082.87,28,T015,Valid
5584,FR0045,D000441,P018,2026-01-22,19082.87,28,T015,Valid
5585,FR0045,D000622,P018,2026-01-05,19082.87,28,T015,Valid
5586,FR0045,D000951,P018,2026-01-24,19082.87,28,T015,Valid
5587,FR0045,D000610,P018,2026-01-26,19082.87,28,T015,Valid
5588,FR0045,D000654,P018,2026-02-15,16306.16,24,T015,Valid
5589,FR0045,D000951,P018,2026-02-06,16306.16,24,T015,Valid
5590,FR0045,D000673,P018,2026-02-25,16306.16,24,T015,Valid
5591,FR0045,D000622,P018,2026-02-01,16306.16,24,T015,Valid
5592,FR0045,D000447,P018,2026-02-04,16306.16,24,T015,Valid
5593,FR0045,D000447,P018,2026-03-20,20180.74,30,T015,Valid
5594,FR0045,D000236,P018,2026-03-24,20180.74,30,T015,Valid
5595,FR0045,D000614,P018,2026-03-25,20180.74,30,T015,Valid
5596,FR0045,D000951,P018,2026-03-03,20180.74,30,T015,Valid
5597,FR0045,D000610,P018,2026-04-02,42536.74,63,T015,Valid
5598,FR0045,D000993,P018,2026-04-22,42536.74,63,T015,Valid
5599,FR0045,D000610,P018,2026-05-02,42503.09,63,T015,Valid
5600,FR0045,D000447,P018,2026-05-24,42503.09,63,T015,Valid
5601,FR0045,D000826,P018,2026-06-27,13857.27,21,T001,Valid
5602,FR0045,D000357,P018,2026-06-24,13857.27,21,T014,Valid
5603,FR0045,D000161,P018,2026-06-23,13857.27,21,T015,Valid
5604,FR0045,D000610,P018,2026-06-11,13857.27,21,T014,Valid
5605,FR0045,D000673,P018,2026-06-21,13857.27,21,T015,Valid
5606,FR0045,D000467,P018,2026-06-08,13857.27,21,T018,Valid
5607,FR0045,D000663,P018,2026-07-13,15608.07,23,T015,Valid
5608,FR0045,D000236,P018,2026-07-19,15608.07,23,T015,Valid
5609,FR0045,D000467,P018,2026-07-25,15608.07,23,T015,Valid
5610,FR0045,D000826,P018,2026-07-27,15608.07,23,T015,Valid
5611,FR0045,D000610,P018,2026-07-21,15608.07,23,T015,Valid
5612,FR0046,D000114,P018,2026-01-06,86708.1,129,T020,Valid
5613,FR0046,D000449,P018,2026-02-16,12783.65,19,T012,Valid
5614,FR0046,D000466,P018,2026-02-07,12783.65,19,T012,Valid
5615,FR0046,D000084,P018,2026-02-06,12783.65,19,T012,Valid
5616,FR0046,D000852,P018,2026-02-16,12783.65,19,T012,Valid
5617,FR0046,D000992,P018,2026-02-02,12783.65,19,T012,Valid
5618,FR0046,D000120,P018,2026-02-14,12783.65,19,T012,Valid
5619,FR0046,D000114,P018,2026-03-27,44699.9,66,T012,Valid
5620,FR0046,D000449,P018,2026-03-24,44699.9,66,T012,Valid
5621,FR0046,D000852,P018,2026-04-10,14778.5,22,T012,Valid
5622,FR0046,D000120,P018,2026-04-06,14778.5,22,T012,Valid
5623,FR0046,D000090,P018,2026-04-10,14778.5,22,T012,Valid
5624,FR0046,D000992,P018,2026-04-09,14778.5,22,T012,Valid
5625,FR0046,D000084,P018,2026-04-10,14778.5,22,T012,Valid
5626,FR0046,D000466,P018,2026-04-20,14778.5,22,T012,Valid
5627,FR0046,D000466,P018,2026-05-01,14075.82,21,T012,Valid
5628,FR0046,D000114,P018,2026-05-27,14075.82,21,T012,Valid
5629,FR0046,D000992,P018,2026-05-14,14075.82,21,T012,Valid
5630,FR0046,D000090,P018,2026-05-03,14075.82,21,T012,Valid
5631,FR0046,D000852,P018,2026-05-25,14075.82,21,T012,Valid
5632,FR0046,D000084,P018,2026-05-03,14075.82,21,T012,Valid
5633,FR0046,D000449,P018,2026-06-18,12665.67,19,T012,Valid
5634,FR0046,D000090,P018,2026-06-12,12665.67,19,T012,Valid
5635,FR0046,D000120,P018,2026-06-09,12665.67,19,T012,Valid
5636,FR0046,D000992,P018,2026-06-13,12665.67,19,T012,Valid
5637,FR0046,D000852,P018,2026-06-09,12665.67,19,T012,Valid
5638,FR0046,D000267,P018,2026-06-20,12665.67,19,T012,Valid
5639,FR0046,D000852,P018,2026-07-09,187498.01,278,T012,Valid
5640,FR0046,D000084,P005,2026-01-02,28103.03,14,T012,Valid
5641,FR0046,D000852,P005,2026-01-01,28103.03,14,T012,Valid
5642,FR0046,D000466,P005,2026-01-08,28103.03,14,T012,Valid
5643,FR0046,D000120,P005,2026-01-26,28103.03,14,T012,Valid
5644,FR0046,D000992,P005,2026-01-23,28103.03,14,T012,Valid
5645,FR0046,D000120,P005,2026-02-06,65908.46,34,T012,Valid
5646,FR0046,D000114,P005,2026-02-26,65908.46,34,T012,Valid
5647,FR0046,D000992,P005,2026-03-21,54419.83,28,T012,Valid
5648,FR0046,D000466,P005,2026-03-24,54419.83,28,T012,Valid
5649,FR0046,D000449,P005,2026-03-22,54419.83,28,T012,Valid
5650,FR0046,D000114,P005,2026-03-18,54419.83,28,T012,Valid
5651,FR0046,D000992,P005,2026-04-07,231647.66,119,T012,Valid
5652,FR0046,D000084,P005,2026-05-16,35148.42,18,T012,Valid
5653,FR0046,D000992,P005,2026-05-17,35148.42,18,T012,Valid
5654,FR0046,D000466,P005,2026-05-20,35148.42,18,T012,Valid
5655,FR0046,D000120,P005,2026-05-16,35148.42,18,T012,Valid
5656,FR0046,D000090,P005,2026-06-08,61855.57,32,T012,Valid
5657,FR0046,D000267,P005,2026-06-03,61855.57,32,T012,Valid
5658,FR0046,D000090,P005,2026-07-18,29948.49,15,T012,Valid
5659,FR0046,D000992,P005,2026-07-18,29948.49,15,T012,Valid
5660,FR0046,D000114,P005,2026-07-11,29948.49,15,T012,Valid
5661,FR0046,D000267,P005,2026-07-26,29948.49,15,T012,Valid
5662,FR0046,D000466,P005,2026-07-08,29948.49,15,T012,Valid
5663,FR0046,D000114,P001,2026-01-08,35975.27,35,T012,Valid
5664,FR0046,D000084,P001,2026-01-16,35975.27,35,T012,Valid
5665,FR0046,D000992,P001,2026-01-01,35975.27,35,T012,Valid
5666,FR0046,D000852,P001,2026-02-22,28553.83,28,T012,Valid
5667,FR0046,D000084,P001,2026-02-25,28553.83,28,T012,Valid
5668,FR0046,D000466,P001,2026-02-21,28553.83,28,T012,Valid
5669,FR0046,D000267,P001,2026-02-03,28553.83,28,T012,Valid
5670,FR0046,D000449,P001,2026-03-26,19108.47,19,T012,Valid
5671,FR0046,D000120,P001,2026-03-14,19108.47,19,T012,Valid
5672,FR0046,D000267,P001,2026-03-14,19108.47,19,T012,Valid
5673,FR0046,D000114,P001,2026-03-08,19108.47,19,T012,Valid
5674,FR0046,D000852,P001,2026-03-23,19108.47,19,T012,Valid
5675,FR0046,D000466,P001,2026-03-19,19108.47,19,T012,Valid
5676,FR0046,D000466,P001,2026-04-18,38862.82,38,T012,Valid
5677,FR0046,D000090,P001,2026-04-01,38862.82,38,T012,Valid
5678,FR0046,D000449,P001,2026-04-12,38862.82,38,T012,Valid
5679,FR0046,D000992,P001,2026-05-13,26165.07,26,T012,Valid
5680,FR0046,D000466,P001,2026-05-02,26165.07,26,T012,Valid
5681,FR0046,D000084,P001,2026-05-13,26165.07,26,T012,Valid
5682,FR0046,D000114,P001,2026-05-14,26165.07,26,T012,Valid
5683,FR0046,D000852,P001,2026-05-01,26165.07,26,T012,Valid
5684,FR0046,D000084,P001,2026-06-04,31552.8,31,T010,Valid
5685,FR0046,D000090,P001,2026-06-08,31552.8,31,T007,Valid
5686,FR0046,D000992,P001,2026-06-05,31552.8,31,T008,Valid
5687,FR0046,D000852,P001,2026-06-06,31552.8,31,T001,Valid
5688,FR0046,D000852,P001,2026-07-13,21959.28,21,T012,Valid
5689,FR0046,D000449,P001,2026-07-02,21959.28,21,T012,Valid
5690,FR0046,D000090,P001,2026-07-23,21959.28,21,T012,Valid
5691,FR0046,D000084,P001,2026-07-14,21959.28,21,T012,Valid
5692,FR0046,D000267,P001,2026-07-05,21959.28,21,T012,Valid
5693,FR0046,D000466,P001,2026-07-12,21959.28,21,T012,Valid
5694,FR0046,D000114,P003,2026-01-23,24508.24,14,T012,Valid
5695,FR0046,D000084,P003,2026-01-11,24508.24,14,T012,Valid
5696,FR0046,D000992,P003,2026-01-17,24508.24,14,T012,Valid
5697,FR0046,D000466,P003,2026-01-04,24508.24,14,T012,Valid
5698,FR0046,D000267,P003,2026-01-01,24508.24,14,T012,Valid
5699,FR0046,D000449,P003,2026-01-18,24508.24,14,T012,Valid
5700,FR0046,D000992,P003,2026-02-25,39615.08,23,T012,Valid
5701,FR0046,D000120,P003,2026-02-13,39615.08,23,T012,Valid
5702,FR0046,D000114,P003,2026-02-06,39615.08,23,T012,Valid
5703,FR0046,D000466,P003,2026-02-20,39615.08,23,T012,Valid
5704,FR0046,D000084,P003,2026-03-01,28676.92,17,T012,Valid
5705,FR0046,D000449,P003,2026-03-26,28676.92,17,T012,Valid
5706,FR0046,D000852,P003,2026-03-04,28676.92,17,T012,Valid
5707,FR0046,D000120,P003,2026-03-14,28676.92,17,T012,Valid
5708,FR0046,D000466,P003,2026-03-05,28676.92,17,T012,Valid
5709,FR0046,D000114,P003,2026-04-07,27872.64,16,T012,Valid
5710,FR0046,D000466,P003,2026-04-26,27872.64,16,T012,Valid
5711,FR0046,D000120,P003,2026-04-12,27872.64,16,T012,Valid
5712,FR0046,D000084,P003,2026-04-12,27872.64,16,T012,Valid
5713,FR0046,D000090,P003,2026-04-03,27872.64,16,T012,Valid
5714,FR0046,D000090,P003,2026-05-26,53785.54,31,T012,Valid
5715,FR0046,D000466,P003,2026-05-11,53785.54,31,T012,Valid
5716,FR0046,D000120,P003,2026-05-02,53785.54,31,T012,Valid
5717,FR0046,D000267,P003,2026-06-07,52559.04,30,T012,Valid
5718,FR0046,D000992,P003,2026-06-19,52559.04,30,T012,Valid
5719,FR0046,D000084,P003,2026-06-10,52559.04,30,T012,Valid
5720,FR0046,D000449,P003,2026-07-26,35061.7,20,T012,Valid
5721,FR0046,D000120,P003,2026-07-23,35061.7,20,T012,Valid
5722,FR0046,D000084,P003,2026-07-19,35061.7,20,T012,Valid
5723,FR0046,D000992,P003,2026-07-11,35061.7,20,T012,Valid
5724,FR0046,D000992,P016,2026-01-19,16932.58,115,T012,Valid
5725,FR0046,D000466,P016,2026-01-14,16932.58,115,T012,Valid
5726,FR0046,D000120,P016,2026-01-13,16932.58,115,T012,Valid
5727,FR0046,D000449,P016,2026-01-18,16932.58,115,T012,Valid
5728,FR0046,D000114,P016,2026-01-07,16932.58,115,T012,Valid
5729,FR0046,D000852,P016,2026-01-23,16932.58,115,T012,Valid
5730,FR0046,D000992,P016,2026-02-02,19769.08,135,T012,Valid
5731,FR0046,D000084,P016,2026-02-06,19769.08,135,T012,Valid
5732,FR0046,D000114,P016,2026-02-24,19769.08,135,T012,Valid
5733,FR0046,D000449,P016,2026-02-16,19769.08,135,T012,Valid
5734,FR0046,D000120,P016,2026-02-26,19769.08,135,T012,Valid
5735,FR0046,D000114,P016,2026-03-01,45632.36,311,T012,Valid
5736,FR0046,D000992,P016,2026-03-12,45632.36,311,T012,Valid
5737,FR0046,D000852,P016,2026-04-22,30083.96,205,T012,Valid
5738,FR0046,D000120,P016,2026-04-07,30083.96,205,T012,Valid
5739,FR0046,D000466,P016,2026-04-13,30083.96,205,T012,Valid
5740,FR0046,D000449,P016,2026-05-06,29867.68,204,T012,Valid
5741,FR0046,D000120,P016,2026-05-13,29867.68,204,T012,Valid
5742,FR0046,D000466,P016,2026-05-15,29867.68,204,T012,Valid
5743,FR0046,D000852,P016,2026-06-20,32714.78,223,T012,Valid
5744,FR0046,D000992,P016,2026-06-06,32714.78,223,T012,Valid
5745,FR0046,D000090,P016,2026-06-24,32714.78,223,T012,Valid
5746,FR0046,D000114,P016,2026-07-04,33119.58,226,T012,Valid
5747,FR0046,D000084,P016,2026-07-23,33119.58,226,T012,Valid
5748,FR0046,D000267,P016,2026-07-03,33119.58,226,T012,Valid
5749,FR0046,D000267,P022,2026-01-03,38523.31,94,T012,Valid
5750,FR0046,D000852,P022,2026-01-19,38523.31,94,T012,Valid
5751,FR0046,D000449,P022,2026-01-05,38523.31,94,T012,Valid
5752,FR0046,D000084,P022,2026-02-14,259801.33,637,T012,Valid
5753,FR0046,D000090,P022,2026-03-23,39410.22,97,T012,Valid
5754,FR0046,D000084,P022,2026-03-13,39410.22,97,T012,Valid
5755,FR0046,D000852,P022,2026-03-10,39410.22,97,T012,Valid
5756,FR0046,D000114,P022,2026-04-15,21300.15,52,T012,Valid
5757,FR0046,D000992,P022,2026-04-07,21300.15,52,T012,Valid
5758,FR0046,D000120,P022,2026-04-14,21300.15,52,T012,Valid
5759,FR0046,D000466,P022,2026-04-17,21300.15,52,T012,Valid
5760,FR0046,D000449,P022,2026-04-02,21300.15,52,T012,Valid
5761,FR0046,D000084,P022,2026-05-08,22022.66,54,T012,Valid
5762,FR0046,D000120,P022,2026-05-26,22022.66,54,T012,Valid
5763,FR0046,D000267,P022,2026-05-11,22022.66,54,T012,Valid
5764,FR0046,D000114,P022,2026-05-11,22022.66,54,T012,Valid
5765,FR0046,D000992,P022,2026-05-20,22022.66,54,T012,Valid
5766,FR0046,D000852,P022,2026-06-24,53006.39,130,T012,Valid
5767,FR0046,D000267,P022,2026-06-05,53006.39,130,T012,Valid
5768,FR0046,D000449,P022,2026-07-05,23912.34,59,T012,Valid
5769,FR0046,D000114,P022,2026-07-19,23912.34,59,T012,Valid
5770,FR0046,D000120,P022,2026-07-27,23912.34,59,T012,Valid
5771,FR0046,D000466,P022,2026-07-27,23912.34,59,T012,Valid
5772,FR0046,D000992,P022,2026-07-01,23912.34,59,T012,Valid
5773,FR0047,D000763,P008,2026-01-19,13079.39,5,T006,Valid
5774,FR0047,D000939,P008,2026-01-09,13079.39,5,T006,Valid
5775,FR0047,D000868,P008,2026-01-20,13079.39,5,T006,Valid
5776,FR0047,D000160,P008,2026-01-21,13079.39,5,T006,Valid
5777,FR0047,D000583,P008,2026-01-07,13079.39,5,T006,Valid
5778,FR0047,D000943,P008,2026-02-20,9938.29,4,T006,Valid
5779,FR0047,D000763,P008,2026-02-17,9938.29,4,T006,Valid
5780,FR0047,D000939,P008,2026-02-02,9938.29,4,T006,Valid
5781,FR0047,D000997,P008,2026-02-24,9938.29,4,T006,Valid
5782,FR0047,D000160,P008,2026-02-11,9938.29,4,T006,Valid
5783,FR0047,D000583,P008,2026-02-11,9938.29,4,T006,Valid
5784,FR0047,D000583,P008,2026-03-14,21627.93,9,T006,Valid
5785,FR0047,D000939,P008,2026-03-07,21627.93,9,T006,Valid
5786,FR0047,D000943,P008,2026-03-05,21627.93,9,T006,Valid
5787,FR0047,D000583,P008,2026-04-06,32395.27,14,T006,Valid
5788,FR0047,D000295,P008,2026-04-18,32395.27,14,T006,Valid
5789,FR0047,D000295,P008,2026-05-20,34402.37,14,T006,Valid
5790,FR0047,D000868,P008,2026-05-18,34402.37,14,T006,Valid
5791,FR0047,D000943,P008,2026-06-23,18947.89,8,T006,Valid
5792,FR0047,D000939,P008,2026-06-05,18947.89,8,T006,Valid
5793,FR0047,D000868,P008,2026-06-27,18947.89,8,T006,Valid
5794,FR0047,D000763,P008,2026-07-11,13270.12,6,T006,Valid
5795,FR0047,D000583,P008,2026-07-23,13270.12,6,T006,Valid
5796,FR0047,D000939,P008,2026-07-24,13270.12,6,T006,Valid
5797,FR0047,D000868,P008,2026-07-23,13270.12,6,T006,Valid
5798,FR0047,D000295,P008,2026-07-03,13270.12,6,T006,Valid
5799,FR0047,D000943,P023,2026-01-03,20565.91,9,T006,Valid
5800,FR0047,D000160,P023,2026-01-17,20565.91,9,T006,Valid
5801,FR0047,D000583,P023,2026-01-13,20565.91,9,T006,Valid
5802,FR0047,D000868,P023,2026-01-03,20565.91,9,T006,Valid
5803,FR0047,D000763,P023,2026-01-07,20565.91,9,T006,Valid
5804,FR0047,D000939,P023,2026-01-24,20565.91,9,T006,Valid
5805,FR0047,D000997,P023,2026-02-22,21742.01,9,T006,Valid
5806,FR0047,D000763,P023,2026-02-20,21742.01,9,T006,Valid
5807,FR0047,D000703,P023,2026-02-19,21742.01,9,T006,Valid
5808,FR0047,D000160,P023,2026-02-26,21742.01,9,T006,Valid
5809,FR0047,D000583,P023,2026-02-07,21742.01,9,T006,Valid
5810,FR0047,D000939,P023,2026-02-18,21742.01,9,T006,Valid
5811,FR0047,D000583,P023,2026-03-27,28934.22,12,T006,Valid
5812,FR0047,D000703,P023,2026-03-02,28934.22,12,T006,Valid
5813,FR0047,D000943,P023,2026-03-05,28934.22,12,T006,Valid
5814,FR0047,D000160,P023,2026-03-03,28934.22,12,T006,Valid
5815,FR0047,D000868,P023,2026-03-13,28934.22,12,T006,Valid
5816,FR0047,D000868,P023,2026-04-11,32968.44,14,T006,Valid
5817,FR0047,D000943,P023,2026-04-12,32968.44,14,T006,Valid
5818,FR0047,D000997,P023,2026-04-09,32968.44,14,T013,Valid
5819,FR0047,D000763,P023,2026-04-01,32968.44,14,T011,Valid
5820,FR0047,D000997,P023,2026-05-12,26536.85,11,T006,Valid
5821,FR0047,D000583,P023,2026-05-14,26536.85,11,T006,Valid
5822,FR0047,D000943,P023,2026-05-12,26536.85,11,T006,Valid
5823,FR0047,D000868,P023,2026-05-11,26536.85,11,T006,Valid
5824,FR0047,D000160,P023,2026-05-05,26536.85,11,T006,Valid
5825,FR0047,D000943,P023,2026-06-17,24137.48,10,T006,Valid
5826,FR0047,D000763,P023,2026-06-18,24137.48,10,T006,Valid
5827,FR0047,D000160,P023,2026-06-01,24137.48,10,T006,Valid
5828,FR0047,D000295,P023,2026-06-25,24137.48,10,T006,Valid
5829,FR0047,D000868,P023,2026-06-27,24137.48,10,T006,Valid
5830,FR0047,D000997,P023,2026-06-27,24137.48,10,T006,Valid
5831,FR0047,D000939,P023,2026-07-20,46994.26,20,T006,Valid
5832,FR0047,D000703,P023,2026-07-26,46994.26,20,T006,Valid
5833,FR0047,D000160,P023,2026-07-05,46994.26,20,T006,Valid
5834,FR0047,D000997,P013,2026-01-01,54589.56,117,T006,Valid
5835,FR0047,D000703,P013,2026-01-25,54589.56,117,T006,Valid
5836,FR0047,D000939,P013,2026-02-27,48059.63,103,T006,Valid
5837,FR0047,D000295,P013,2026-02-16,48059.63,103,T006,Valid
5838,FR0047,D000943,P013,2026-03-18,18372.67,39,T006,Valid
5839,FR0047,D000583,P013,2026-03-04,18372.67,39,T006,Valid
5840,FR0047,D000939,P013,2026-03-12,18372.67,39,T006,Valid
5841,FR0047,D000997,P013,2026-03-20,18372.67,39,T006,Valid
5842,FR0047,D000868,P013,2026-03-17,18372.67,39,T006,Valid
5843,FR0047,D000295,P013,2026-03-10,18372.67,39,T006,Valid
5844,FR0047,D000943,P013,2026-04-11,20347.08,44,T006,Valid
5845,FR0047,D000763,P013,2026-04-21,20347.08,44,T006,Valid
5846,FR0047,D000997,P013,2026-04-08,20347.08,44,T006,Valid
5847,FR0047,D000160,P013,2026-04-09,20347.08,44,T006,Valid
5848,FR0047,D000939,P013,2026-04-01,20347.08,44,T006,Valid
5849,FR0047,D000939,P013,2026-05-23,35132.03,75,T006,Valid
5850,FR0047,D000160,P013,2026-05-09,35132.03,75,T006,Valid
5851,FR0047,D000295,P013,2026-05-05,35132.03,75,T006,Valid
5852,FR0047,D000868,P013,2026-06-11,55251.79,118,T006,Valid
5853,FR0047,D000583,P013,2026-06-09,55251.79,118,T006,Valid
5854,FR0047,D000583,P013,2026-07-19,22940.82,49,T006,Valid
5855,FR0047,D000160,P013,2026-07-15,22940.82,49,T006,Valid
5856,FR0047,D000295,P013,2026-07-15,22940.82,49,T006,Valid
5857,FR0047,D000943,P013,2026-07-10,22940.82,49,T006,Valid
5858,FR0048,D000726,P015,2026-01-27,12312.92,8,T012,Valid
5859,FR0048,D000398,P015,2026-01-11,12312.92,8,T012,Valid
5860,FR0048,D000757,P015,2026-01-21,12312.92,8,T012,Valid
5861,FR0048,D000256,P015,2026-01-13,12312.92,8,T012,Valid
5862,FR0048,D000523,P015,2026-01-17,12312.92,8,T012,Valid
5863,FR0048,D000530,P015,2026-01-09,12312.92,8,T012,Valid
5864,FR0048,D000398,P015,2026-02-24,24014.85,16,T012,Valid
5865,FR0048,D000530,P015,2026-02-12,24014.85,16,T012,Valid
5866,FR0048,D000256,P015,2026-02-18,24014.85,16,T012,Valid
5867,FR0048,D000757,P015,2026-03-15,16434.84,11,T012,Valid
5868,FR0048,D000530,P015,2026-03-23,16434.84,11,T012,Valid
5869,FR0048,D000523,P015,2026-03-13,16434.84,11,T012,Valid
5870,FR0048,D000398,P015,2026-03-06,16434.84,11,T012,Valid
5871,FR0048,D000256,P015,2026-03-19,16434.84,11,T012,Valid
5872,FR0048,D000256,P015,2026-04-18,20058.3,13,T012,Valid
5873,FR0048,D000594,P015,2026-04-05,20058.3,13,T012,Valid
5874,FR0048,D000757,P015,2026-04-25,20058.3,13,T012,Valid
5875,FR0048,D000530,P015,2026-04-13,20058.3,13,T012,Valid
5876,FR0048,D000594,P015,2026-05-05,12517.98,8,T012,Valid
5877,FR0048,D000757,P015,2026-05-24,12517.98,8,T012,Valid
5878,FR0048,D000256,P015,2026-05-08,12517.98,8,T012,Valid
5879,FR0048,D000530,P015,2026-05-16,12517.98,8,T012,Valid
5880,FR0048,D000726,P015,2026-05-15,12517.98,8,T012,Valid
5881,FR0048,D000523,P015,2026-05-17,12517.98,8,T012,Valid
5882,FR0048,D000523,P015,2026-06-22,21987.58,14,T012,Valid
5883,FR0048,D000757,P015,2026-06-09,21987.58,14,T012,Valid
5884,FR0048,D000594,P015,2026-06-15,21987.58,14,T012,Valid
5885,FR0048,D000530,P015,2026-06-19,21987.58,14,T012,Valid
5886,FR0048,D000256,P015,2026-06-23,21987.58,14,T012,Valid
5887,FR0048,D000757,P015,2026-07-27,82755.91,54,T012,Valid
5888,FR0048,D000594,P012,2026-01-18,254804.09,120,T012,Valid
5889,FR0048,D000256,P012,2026-02-13,40917.98,19,T012,Valid
5890,FR0048,D000726,P012,2026-02-05,40917.98,19,T012,Valid
5891,FR0048,D000530,P012,2026-02-19,40917.98,19,T012,Valid
5892,FR0048,D000256,P012,2026-03-05,20340.15,10,T012,Valid
5893,FR0048,D000726,P012,2026-03-21,20340.15,10,T012,Valid
5894,FR0048,D000523,P012,2026-03-18,20340.15,10,T012,Valid
5895,FR0048,D000757,P012,2026-03-21,20340.15,10,T012,Valid
5896,FR0048,D000594,P012,2026-03-21,20340.15,10,T012,Valid
5897,FR0048,D000530,P012,2026-03-25,20340.15,10,T012,Valid
5898,FR0048,D000256,P012,2026-04-02,24141.93,11,T012,Valid
5899,FR0048,D000530,P012,2026-04-19,24141.93,11,T012,Valid
5900,FR0048,D000726,P012,2026-04-08,24141.93,11,T012,Valid
5901,FR0048,D000757,P012,2026-04-25,24141.93,11,T012,Valid
5902,FR0048,D000594,P012,2026-04-19,24141.93,11,T012,Valid
5903,FR0048,D000523,P012,2026-05-22,44231.56,21,T012,Valid
5904,FR0048,D000726,P012,2026-05-22,44231.56,21,T012,Valid
5905,FR0048,D000594,P012,2026-05-20,44231.56,21,T012,Valid
5906,FR0048,D000530,P012,2026-06-26,24763.64,12,T012,Valid
5907,FR0048,D000523,P012,2026-06-08,24763.64,12,T012,Valid
5908,FR0048,D000757,P012,2026-06-11,24763.64,12,T012,Valid
5909,FR0048,D000594,P012,2026-06-23,24763.64,12,T012,Valid
5910,FR0048,D000726,P012,2026-06-01,24763.64,12,T012,Valid
5911,FR0048,D000757,P012,2026-07-04,41210.97,19,T012,Valid
5912,FR0048,D000726,P012,2026-07-11,41210.97,19,T012,Valid
5913,FR0048,D000398,P012,2026-07-21,41210.97,19,T012,Valid
5914,FR0048,D000594,P020,2026-01-20,66914.93,219,T012,Valid
5915,FR0048,D000530,P020,2026-01-22,66914.93,219,T012,Valid
5916,FR0048,D000256,P020,2026-02-04,29230.26,96,T012,Valid
5917,FR0048,D000523,P020,2026-02-10,29230.26,96,T012,Valid
5918,FR0048,D000726,P020,2026-02-10,29230.26,96,T012,Valid
5919,FR0048,D000398,P020,2026-02-02,29230.26,96,T012,Valid
5920,FR0048,D000726,P020,2026-03-07,37442.81,123,T012,Valid
5921,FR0048,D000523,P020,2026-03-18,37442.81,123,T012,Valid
5922,FR0048,D000256,P020,2026-03-04,37442.81,123,T012,Valid
5923,FR0048,D000594,P020,2026-04-18,20021.23,66,T012,Valid
5924,FR0048,D000256,P020,2026-04-05,20021.23,66,T012,Valid
5925,FR0048,D000726,P020,2026-04-21,20021.23,66,T012,Valid
5926,FR0048,D000530,P020,2026-04-26,20021.23,66,T012,Valid
5927,FR0048,D000398,P020,2026-04-21,20021.23,66,T012,Valid
5928,FR0048,D000523,P020,2026-04-12,20021.23,66,T012,Valid
5929,FR0048,D000757,P020,2026-05-10,19440.21,64,T012,Valid
5930,FR0048,D000523,P020,2026-05-01,19440.21,64,T012,Valid
5931,FR0048,D000256,P020,2026-05-14,19440.21,64,T012,Valid
5932,FR0048,D000398,P020,2026-05-05,19440.21,64,T012,Valid
5933,FR0048,D000530,P020,2026-05-11,19440.21,64,T012,Valid
5934,FR0048,D000726,P020,2026-05-07,19440.21,64,T012,Valid
5935,FR0048,D000594,P020,2026-06-23,31829.03,104,T012,Valid
5936,FR0048,D000530,P020,2026-06-20,31829.03,104,T012,Valid
5937,FR0048,D000523,P020,2026-06-22,31829.03,104,T012,Valid
5938,FR0048,D000726,P020,2026-06-22,31829.03,104,T012,Valid
5939,FR0048,D000726,P020,2026-07-19,41073.78,134,T012,Valid
5940,FR0048,D000256,P020,2026-07-03,41073.78,134,T012,Valid
5941,FR0048,D000398,P020,2026-07-18,41073.78,134,T012,Valid
5942,FR0048,D000523,P029,2026-01-24,56183.52,144,T012,Valid
5943,FR0048,D000256,P029,2026-01-03,56183.52,144,T012,Valid
5944,FR0048,D000530,P029,2026-01-12,56183.52,144,T012,Valid
5945,FR0048,D000256,P029,2026-02-26,30672.43,79,T012,Valid
5946,FR0048,D000530,P029,2026-02-16,30672.43,79,T012,Valid
5947,FR0048,D000398,P029,2026-02-09,30672.43,79,T012,Valid
5948,FR0048,D000523,P029,2026-02-06,30672.43,79,T012,Valid
5949,FR0048,D000594,P029,2026-02-04,30672.43,79,T012,Valid
5950,FR0048,D000726,P029,2026-03-09,77256.91,198,T012,Valid
5951,FR0048,D000530,P029,2026-03-20,77256.91,198,T012,Valid
5952,FR0048,D000398,P029,2026-04-22,50064.92,128,T012,Valid
5953,FR0048,D000256,P029,2026-04-13,50064.92,128,T012,Valid
5954,FR0048,D000594,P029,2026-04-18,50064.92,128,T012,Valid
5955,FR0048,D000398,P029,2026-05-27,83394.94,214,T012,Valid
5956,FR0048,D000523,P029,2026-05-22,83394.94,214,T012,Valid
5957,FR0048,D000757,P029,2026-06-26,41254.85,106,T012,Valid
5958,FR0048,D000594,P029,2026-06-10,41254.85,106,T012,Valid
5959,FR0048,D000398,P029,2026-06-24,41254.85,106,T012,Valid
5960,FR0048,D000530,P029,2026-06-19,41254.85,106,T012,Valid
5961,FR0048,D000398,P029,2026-07-14,46568.35,119,T012,Valid
5962,FR0048,D000256,P029,2026-07-12,46568.35,119,T012,Valid
5963,FR0048,D000757,P029,2026-07-01,46568.35,119,T012,Valid
5964,FR0048,D000530,P004,2026-01-15,39881.11,23,T012,Valid
5965,FR0048,D000757,P004,2026-01-20,39881.11,23,T012,Valid
5966,FR0048,D000726,P004,2026-01-13,39881.11,23,T012,Valid
5967,FR0048,D000726,P004,2026-02-06,35262.12,20,T012,Valid
5968,FR0048,D000530,P004,2026-02-02,35262.12,20,T012,Valid
5969,FR0048,D000398,P004,2026-02-26,35262.12,20,T012,Valid
5970,FR0048,D000523,P004,2026-02-05,35262.12,20,T012,Valid
5971,FR0048,D000594,P004,2026-03-14,23630.68,14,T012,Valid
5972,FR0048,D000256,P004,2026-03-08,23630.68,14,T012,Valid
5973,FR0048,D000726,P004,2026-03-16,23630.68,14,T012,Valid
5974,FR0048,D000398,P004,2026-03-20,23630.68,14,T012,Valid
5975,FR0048,D000523,P004,2026-03-01,23630.68,14,T012,Valid
5976,FR0048,D000530,P004,2026-03-16,23630.68,14,T012,Valid
5977,FR0048,D000757,P004,2026-04-10,30891.3,18,T012,Valid
5978,FR0048,D000530,P004,2026-04-20,30891.3,18,T012,Valid
5979,FR0048,D000256,P004,2026-04-07,30891.3,18,T012,Valid
5980,FR0048,D000523,P004,2026-04-25,30891.3,18,T012,Valid
5981,FR0048,D000757,P004,2026-05-16,122912.1,71,T010,Valid
5982,FR0048,D000726,P004,2026-06-12,30127.72,17,T012,Valid
5983,FR0048,D000757,P004,2026-06-25,30127.72,17,T012,Valid
5984,FR0048,D000530,P004,2026-06-21,30127.72,17,T012,Valid
5985,FR0048,D000523,P004,2026-06-16,30127.72,17,T012,Valid
5986,FR0048,D000523,P004,2026-07-02,69101.6,40,T012,Valid
5987,FR0048,D000594,P004,2026-07-07,69101.6,40,T012,Valid
5988,FR0048,D000757,P022,2026-01-16,76435.45,187,T012,Valid
5989,FR0048,D000523,P022,2026-01-06,76435.45,187,T012,Valid
5990,FR0048,D000726,P022,2026-01-18,76435.45,187,T012,Valid
5991,FR0048,D000530,P022,2026-01-19,76435.45,187,T012,Valid
5992,FR0048,D000523,P022,2026-02-09,80122.97,196,T012,Valid
5993,FR0048,D000757,P022,2026-02-24,80122.97,196,T012,Valid
5994,FR0048,D000757,P022,2026-03-09,24606.53,60,T012,Valid
5995,FR0048,D000398,P022,2026-03-26,24606.53,60,T012,Valid
5996,FR0048,D000726,P022,2026-03-15,24606.53,60,T012,Valid
5997,FR0048,D000523,P022,2026-03-17,24606.53,60,T012,Valid
5998,FR0048,D000256,P022,2026-03-19,24606.53,60,T012,Valid
5999,FR0048,D000530,P022,2026-03-11,24606.53,60,T012,Valid
6000,FR0048,D000523,P022,2026-04-21,41052.04,101,T012,Valid
6001,FR0048,D000398,P022,2026-04-14,41052.04,101,T012,Valid
6002,FR0048,D000530,P022,2026-04-17,41052.04,101,T012,Valid
6003,FR0048,D000594,P022,2026-04-02,41052.04,101,T012,Valid
6004,FR0048,D000726,P022,2026-05-18,73822.63,181,T012,Valid
6005,FR0048,D000757,P022,2026-05-08,73822.63,181,T012,Valid
6006,FR0048,D000523,P022,2026-06-14,77267.02,189,T012,Valid
6007,FR0048,D000398,P022,2026-06-18,77267.02,189,T012,Valid
6008,FR0048,D000757,P022,2026-07-02,27742.77,68,T012,Valid
6009,FR0048,D000594,P022,2026-07-22,27742.77,68,T012,Valid
6010,FR0048,D000256,P022,2026-07-21,27742.77,68,T012,Valid
6011,FR0048,D000530,P022,2026-07-11,27742.77,68,T012,Valid
6012,FR0048,D000726,P022,2026-07-10,27742.77,68,T012,Valid
6013,FR0049,D000062,P025,2026-01-02,127617.06,53,T012,Valid
6014,FR0049,D000782,P025,2026-02-11,21353.36,9,T012,Valid
6015,FR0049,D000534,P025,2026-02-05,21353.36,9,T012,Valid
6016,FR0049,D000774,P025,2026-02-10,21353.36,9,T012,Valid
6017,FR0049,D000062,P025,2026-02-04,21353.36,9,T012,Valid
6018,FR0049,D000753,P025,2026-02-10,21353.36,9,T012,Valid
6019,FR0049,D000534,P025,2026-03-09,57884.28,24,T012,Valid
6020,FR0049,D000062,P025,2026-03-24,57884.28,24,T012,Valid
6021,FR0049,D000608,P025,2026-04-05,21172.36,9,T012,Valid
6022,FR0049,D000222,P025,2026-04-09,21172.36,9,T012,Valid
6023,FR0049,D000774,P025,2026-04-02,21172.36,9,T012,Valid
6024,FR0049,D000753,P025,2026-04-08,21172.36,9,T012,Valid
6025,FR0049,D000062,P025,2026-04-05,21172.36,9,T012,Valid
6026,FR0049,D000062,P025,2026-05-24,53292.76,22,T012,Valid
6027,FR0049,D000774,P025,2026-05-25,53292.76,22,T012,Valid
6028,FR0049,D000534,P025,2026-06-21,18050.5,7,T012,Valid
6029,FR0049,D000222,P025,2026-06-12,18050.5,7,T012,Valid
6030,FR0049,D000774,P025,2026-06-17,18050.5,7,T012,Valid
6031,FR0049,D000062,P025,2026-06-04,18050.5,7,T012,Valid
6032,FR0049,D000608,P025,2026-06-07,18050.5,7,T012,Valid
6033,FR0049,D000782,P025,2026-06-08,18050.5,7,T012,Valid
6034,FR0049,D000534,P025,2026-07-06,28503.1,12,T012,Valid
6035,FR0049,D000222,P025,2026-07-13,28503.1,12,T012,Valid
6036,FR0049,D000774,P025,2026-07-25,28503.1,12,T012,Valid
6037,FR0049,D000782,P025,2026-07-10,28503.1,12,T012,Valid
6038,FR0049,D000534,P015,2026-01-24,31923.76,21,T012,Valid
6039,FR0049,D000222,P015,2026-01-19,31923.76,21,T012,Valid
6040,FR0049,D000062,P015,2026-01-08,31923.76,21,T012,Valid
6041,FR0049,D000534,P015,2026-02-18,32285.76,21,T012,Valid
6042,FR0049,D000774,P015,2026-02-21,32285.76,21,T012,Valid
6043,FR0049,D000753,P015,2026-02-06,32285.76,21,T012,Valid
6044,FR0049,D000534,P015,2026-03-06,44283.92,29,T012,Valid
6045,FR0049,D000774,P015,2026-03-13,44283.92,29,T012,Valid
6046,FR0049,D000782,P015,2026-04-21,19068.5,12,T012,Valid
6047,FR0049,D000608,P015,2026-04-02,19068.5,12,T012,Valid
6048,FR0049,D000222,P015,2026-04-14,19068.5,12,T012,Valid
6049,FR0049,D000534,P015,2026-04-10,19068.5,12,T012,Valid
6050,FR0049,D000062,P015,2026-04-09,19068.5,12,T012,Valid
6051,FR0049,D000774,P015,2026-05-25,15230.55,10,T012,Valid
6052,FR0049,D000534,P015,2026-05-14,15230.55,10,T012,Valid
6053,FR0049,D000222,P015,2026-05-11,15230.55,10,T012,Valid
6054,FR0049,D000782,P015,2026-05-08,15230.55,10,T012,Valid
6055,FR0049,D000753,P015,2026-05-07,15230.55,10,T012,Valid
6056,FR0049,D000608,P015,2026-05-19,15230.55,10,T012,Valid
6057,FR0049,D000753,P015,2026-06-23,17130.65,11,T012,Valid
6058,FR0049,D000534,P015,2026-06-13,17130.65,11,T012,Valid
6059,FR0049,D000222,P015,2026-06-19,17130.65,11,T012,Valid
6060,FR0049,D000782,P015,2026-06-10,17130.65,11,T012,Valid
6061,FR0049,D000608,P015,2026-06-11,17130.65,11,T012,Valid
6062,FR0049,D000062,P015,2026-06-03,17130.65,11,T012,Valid
6063,FR0049,D000222,P015,2026-07-09,20300.59,13,T012,Valid
6064,FR0049,D000774,P015,2026-07-22,20300.59,13,T012,Valid
6065,FR0049,D000753,P015,2026-07-14,20300.59,13,T012,Valid
6066,FR0049,D000782,P015,2026-07-11,20300.59,13,T012,Valid
6067,FR0049,D000608,P015,2026-07-24,20300.59,13,T012,Valid
6068,FR0049,D000534,P027,2026-01-19,21385.23,9,T012,Valid
6069,FR0049,D000753,P027,2026-01-08,21385.23,9,T012,Valid
6070,FR0049,D000608,P027,2026-01-20,21385.23,9,T012,Valid
6071,FR0049,D000062,P027,2026-02-13,14193.5,6,T012,Valid
6072,FR0049,D000534,P027,2026-02-17,14193.5,6,T012,Valid
6073,FR0049,D000222,P027,2026-02-07,14193.5,6,T012,Valid
6074,FR0049,D000782,P027,2026-02-15,14193.5,6,T012,Valid
6075,FR0049,D000608,P027,2026-02-01,14193.5,6,T012,Valid
6076,FR0049,D000062,P027,2026-03-27,76929.43,31,T003,Valid
6077,FR0049,D000534,P027,2026-03-23,76929.43,31,T012,Valid
6078,FR0049,D000222,P027,2026-04-26,10791.25,4,T012,Valid
6079,FR0049,D000062,P027,2026-04-19,10791.25,4,T012,Valid
6080,FR0049,D000782,P027,2026-04-10,10791.25,4,T012,Valid
6081,FR0049,D000774,P027,2026-04-25,10791.25,4,T012,Valid
6082,FR0049,D000753,P027,2026-04-13,10791.25,4,T012,Valid
6083,FR0049,D000534,P027,2026-04-11,10791.25,4,T012,Valid
6084,FR0049,D000608,P027,2026-05-12,21603.98,9,T012,Valid
6085,FR0049,D000774,P027,2026-05-13,21603.98,9,T012,Valid
6086,FR0049,D000534,P027,2026-05-27,21603.98,9,T012,Valid
6087,FR0049,D000782,P027,2026-06-27,11607.62,5,T012,Valid
6088,FR0049,D000753,P027,2026-06-09,11607.62,5,T012,Valid
6089,FR0049,D000534,P027,2026-06-22,11607.62,5,T012,Valid
6090,FR0049,D000062,P027,2026-06-22,11607.62,5,T012,Valid
6091,FR0049,D000608,P027,2026-06-06,11607.62,5,T012,Valid
6092,FR0049,D000222,P027,2026-06-14,11607.62,5,T012,Valid
6093,FR0049,D000753,P027,2026-07-15,36801.6,15,T012,Valid
6094,FR0049,D000608,P027,2026-07-01,36801.6,15,T012,Valid
6095,FR0049,D000608,P002,2026-01-06,57781.46,42,T012,Valid
6096,FR0049,D000062,P002,2026-01-26,57781.46,42,T012,Valid
6097,FR0049,D000753,P002,2026-02-24,37564.24,27,T012,Valid
6098,FR0049,D000782,P002,2026-02-02,37564.24,27,T012,Valid
6099,FR0049,D000534,P002,2026-02-25,37564.24,27,T012,Valid
6100,FR0049,D000608,P002,2026-03-27,38618.81,28,T012,Valid
6101,FR0049,D000774,P002,2026-03-22,38618.81,28,T012,Valid
6102,FR0049,D000782,P002,2026-03-07,38618.81,28,T012,Valid
6103,FR0049,D000753,P002,2026-04-03,21824.15,16,T012,Valid
6104,FR0049,D000774,P002,2026-04-16,21824.15,16,T012,Valid
6105,FR0049,D000534,P002,2026-04-07,21824.15,16,T012,Valid
6106,FR0049,D000062,P002,2026-04-03,21824.15,16,T012,Valid
6107,FR0049,D000782,P002,2026-04-18,21824.15,16,T012,Valid
6108,FR0049,D000608,P002,2026-04-04,21824.15,16,T012,Valid
6109,FR0049,D000062,P002,2026-05-14,85138.82,62,T013,Valid
6110,FR0049,D000222,P002,2026-05-13,85138.82,62,T012,Valid
6111,FR0049,D000753,P002,2026-05-24,85138.82,62,T012,Valid
6112,FR0049,D000062,P002,2026-06-17,41929.84,31,T012,Valid
6113,FR0049,D000222,P002,2026-06-11,41929.84,31,T012,Valid
6114,FR0049,D000534,P002,2026-06-18,41929.84,31,T012,Valid
6115,FR0049,D000062,P002,2026-07-23,45451.66,33,T012,Valid
6116,FR0049,D000608,P002,2026-07-19,45451.66,33,T012,Valid
6117,FR0049,D000782,P002,2026-07-04,45451.66,33,T012,Valid
6118,FR0049,D000534,P014,2026-01-04,77444.65,56,T012,Valid
6119,FR0049,D000608,P014,2026-01-03,77444.65,56,T012,Valid
6120,FR0049,D000753,P014,2026-02-10,66357.22,48,T012,Valid
6121,FR0049,D000774,P014,2026-02-01,66357.22,48,T012,Valid
6122,FR0049,D000753,P014,2026-03-10,46923.35,34,T012,Valid
6123,FR0049,D000782,P014,2026-03-04,46923.35,34,T012,Valid
6124,FR0049,D000062,P014,2026-03-27,46923.35,34,T012,Valid
6125,FR0049,D000774,P014,2026-04-16,29192.88,21,T012,Valid
6126,FR0049,D000062,P014,2026-04-12,29192.88,21,T012,Valid
6127,FR0049,D000753,P014,2026-04-13,29192.88,21,T012,Valid
6128,FR0049,D000222,P014,2026-04-14,29192.88,21,T012,Valid
6129,FR0049,D000608,P014,2026-04-20,29192.88,21,T012,Valid
6130,FR0049,D000534,P014,2026-05-26,30160.95,22,T012,Valid
6131,FR0049,D000753,P014,2026-05-10,30160.95,22,T012,Valid
6132,FR0049,D000062,P014,2026-05-08,30160.95,22,T012,Valid
6133,FR0049,D000608,P014,2026-05-05,30160.95,22,T012,Valid
6134,FR0049,D000774,P014,2026-05-12,30160.95,22,T012,Valid
6135,FR0049,D000222,P014,2026-06-20,32196.25,23,T012,Valid
6136,FR0049,D000534,P014,2026-06-14,32196.25,23,T012,Valid
6137,FR0049,D000062,P014,2026-06-06,32196.25,23,T012,Valid
6138,FR0049,D000608,P014,2026-06-03,32196.25,23,T012,Valid
6139,FR0049,D000222,P014,2026-07-03,37898.44,27,T012,Valid
6140,FR0049,D000774,P014,2026-07-05,37898.44,27,T012,Valid
6141,FR0049,D000608,P014,2026-07-12,37898.44,27,T012,Valid
6142,FR0049,D000534,P014,2026-07-16,37898.44,27,T012,Valid
6143,FR0050,D000558,P030,2026-01-19,27912.27,110,T007,Valid
6144,FR0050,D000810,P030,2026-01-08,27912.27,110,T007,Valid
6145,FR0050,D000370,P030,2026-01-01,27912.27,110,T007,Valid
6146,FR0050,D000661,P030,2026-01-04,27912.27,110,T007,Valid
6147,FR0050,D000370,P030,2026-02-25,23202.19,91,T007,Valid
6148,FR0050,D000558,P030,2026-02-10,23202.19,91,T007,Valid
6149,FR0050,D000128,P030,2026-02-06,23202.19,91,T007,Valid
6150,FR0050,D000661,P030,2026-02-21,23202.19,91,T007,Valid
6151,FR0050,D000810,P030,2026-02-03,23202.19,91,T007,Valid
6152,FR0050,D000558,P030,2026-03-13,27207.8,107,T007,Valid
6153,FR0050,D000370,P030,2026-03-16,27207.8,107,T007,Valid
6154,FR0050,D000031,P030,2026-03-22,27207.8,107,T007,Valid
6155,FR0050,D000128,P030,2026-03-03,27207.8,107,T007,Valid
6156,FR0050,D000031,P030,2026-04-06,38292.25,151,T007,Valid
6157,FR0050,D000558,P030,2026-04-02,38292.25,151,T007,Valid
6158,FR0050,D000661,P030,2026-04-23,38292.25,151,T007,Valid
6159,FR0050,D000810,P030,2026-05-14,59304.03,234,T007,Valid
6160,FR0050,D000558,P030,2026-05-20,59304.03,234,T007,Valid
6161,FR0050,D000558,P030,2026-06-18,61486.03,242,T007,Valid
6162,FR0050,D000128,P030,2026-06-01,61486.03,242,T007,Valid
6163,FR0050,D000370,P030,2026-07-05,51848.83,204,T007,Valid
6164,FR0050,D000128,P030,2026-07-05,51848.83,204,T007,Valid
6165,FR0050,D000128,P023,2026-01-20,13040.1,5,T007,Valid
6166,FR0050,D000661,P023,2026-01-20,13040.1,5,T007,Valid
6167,FR0050,D000810,P023,2026-01-02,13040.1,5,T007,Valid
6168,FR0050,D000558,P023,2026-01-09,13040.1,5,T007,Valid
6169,FR0050,D000128,P023,2026-02-27,68062.8,29,T007,Valid
6170,FR0050,D000370,P023,2026-02-25,68062.8,29,T020,Valid
6171,FR0050,D000128,P023,2026-03-16,9014.44,4,T007,Valid
6172,FR0050,D000031,P023,2026-03-02,9014.44,4,T007,Valid
6173,FR0050,D000558,P023,2026-03-25,9014.44,4,T007,Valid
6174,FR0050,D000810,P023,2026-03-17,9014.44,4,T007,Valid
6175,FR0050,D000661,P023,2026-03-01,9014.44,4,T007,Valid
6176,FR0050,D000370,P023,2026-03-18,9014.44,4,T007,Valid
6177,FR0050,D000370,P023,2026-04-25,8715.76,4,T007,Valid
6178,FR0050,D000810,P023,2026-04-26,8715.76,4,T007,Valid
6179,FR0050,D000128,P023,2026-04-17,8715.76,4,T007,Valid
6180,FR0050,D000558,P023,2026-04-04,8715.76,4,T007,Valid
6181,FR0050,D000031,P023,2026-04-09,8715.76,4,T007,Valid
6182,FR0050,D000661,P023,2026-04-16,8715.76,4,T007,Valid
6183,FR0050,D000661,P023,2026-05-03,19254.91,8,T007,Valid
6184,FR0050,D000031,P023,2026-05-17,19254.91,8,T007,Valid
6185,FR0050,D000128,P023,2026-05-18,19254.91,8,T007,Valid
6186,FR0050,D000661,P023,2026-06-22,11378.56,5,T007,Valid
6187,FR0050,D000031,P023,2026-06-04,11378.56,5,T007,Valid
6188,FR0050,D000128,P023,2026-06-27,11378.56,5,T007,Valid
6189,FR0050,D000558,P023,2026-06-20,11378.56,5,T007,Valid
6190,FR0050,D000810,P023,2026-06-23,11378.56,5,T007,Valid
6191,FR0050,D000661,P023,2026-07-18,12731.31,5,T007,Valid
6192,FR0050,D000810,P023,2026-07-12,12731.31,5,T007,Valid
6193,FR0050,D000031,P023,2026-07-26,12731.31,5,T007,Valid
6194,FR0050,D000128,P023,2026-07-19,12731.31,5,T007,Valid
6195,FR0050,D000370,P023,2026-07-10,12731.31,5,T007,Valid
6196,FR0050,D000661,P015,2026-01-12,27141.59,18,T007,Valid
6197,FR0050,D000558,P015,2026-01-17,27141.59,18,T007,Valid
6198,FR0050,D000031,P015,2026-01-26,27141.59,18,T007,Valid
6199,FR0050,D000370,P015,2026-01-14,27141.59,18,T007,Valid
6200,FR0050,D000128,P015,2026-01-13,27141.59,18,T007,Valid
6201,FR0050,D000128,P015,2026-02-12,43419.45,28,T007,Valid
6202,FR0050,D000558,P015,2026-02-02,43419.45,28,T007,Valid
6203,FR0050,D000370,P015,2026-02-13,43419.45,28,T007,Valid
6204,FR0050,D000810,P015,2026-03-05,26202.11,17,T007,Valid
6205,FR0050,D000661,P015,2026-03-08,26202.11,17,T007,Valid
6206,FR0050,D000031,P015,2026-03-01,26202.11,17,T007,Valid
6207,FR0050,D000128,P015,2026-03-09,26202.11,17,T007,Valid
6208,FR0050,D000558,P015,2026-03-16,26202.11,17,T007,Valid
6209,FR0050,D000370,P015,2026-04-06,27361.83,18,T007,Valid
6210,FR0050,D000810,P015,2026-04-26,27361.83,18,T007,Valid
6211,FR0050,D000661,P015,2026-04-01,27361.83,18,T007,Valid
6212,FR0050,D000128,P015,2026-04-10,27361.83,18,T007,Valid
6213,FR0050,D000558,P015,2026-04-06,27361.83,18,T007,Valid
6214,FR0050,D000661,P015,2026-05-03,36289.99,24,T007,Valid
6215,FR0050,D000031,P015,2026-05-23,36289.99,24,T007,Valid
6216,FR0050,D000810,P015,2026-05-10,36289.99,24,T007,Valid
6217,FR0050,D000128,P015,2026-05-24,36289.99,24,T007,Valid
6218,FR0050,D000370,P015,2026-06-11,73181.09,48,T007,Valid
6219,FR0050,D000661,P015,2026-06-15,73181.09,48,T007,Valid
6220,FR0050,D000558,P015,2026-07-01,45323.68,29,T007,Valid
6221,FR0050,D000661,P015,2026-07-09,45323.68,29,T007,Valid
6222,FR0050,D000810,P015,2026-07-12,45323.68,29,T007,Valid
6223,FR0051,D000106,P008,2026-01-21,23278.08,10,T009,Valid
6224,FR0051,D000073,P008,2026-01-26,23278.08,10,T009,Valid
6225,FR0051,D000198,P008,2026-01-17,23278.08,10,T009,Valid
6226,FR0051,D000407,P008,2026-02-06,21343.57,9,T009,Valid
6227,FR0051,D000303,P008,2026-02-20,21343.57,9,T009,Valid
6228,FR0051,D000937,P008,2026-02-03,21343.57,9,T009,Valid
6229,FR0051,D000106,P008,2026-03-15,11174.41,5,T009,Valid
6230,FR0051,D000937,P008,2026-03-25,11174.41,5,T009,Valid
6231,FR0051,D000073,P008,2026-03-04,11174.41,5,T009,Valid
6232,FR0051,D000407,P008,2026-03-22,11174.41,5,T009,Valid
6233,FR0051,D000303,P008,2026-03-19,11174.41,5,T009,Valid
6234,FR0051,D000198,P008,2026-03-13,11174.41,5,T009,Valid
6235,FR0051,D000303,P008,2026-04-05,33446.05,14,T009,Valid
6236,FR0051,D000106,P008,2026-04-12,33446.05,14,T009,Valid
6237,FR0051,D000073,P008,2026-05-14,30367.84,13,T009,Valid
6238,FR0051,D000106,P008,2026-05-22,30367.84,13,T009,Valid
6239,FR0051,D000407,P008,2026-05-02,30367.84,13,T009,Valid
6240,FR0051,D000937,P008,2026-05-19,30367.84,13,T009,Valid
6241,FR0051,D000407,P008,2026-06-01,12607.22,5,T009,Valid
6242,FR0051,D000303,P008,2026-06-21,12607.22,5,T009,Valid
6243,FR0051,D000073,P008,2026-06-06,12607.22,5,T009,Valid
6244,FR0051,D000198,P008,2026-06-19,12607.22,5,T009,Valid
6245,FR0051,D000937,P008,2026-06-11,12607.22,5,T009,Valid
6246,FR0051,D000937,P008,2026-07-12,12415.53,5,T009,Valid
6247,FR0051,D000198,P008,2026-07-10,12415.53,5,T009,Valid
6248,FR0051,D000303,P008,2026-07-24,12415.53,5,T009,Valid
6249,FR0051,D000073,P008,2026-07-19,12415.53,5,T009,Valid
6250,FR0051,D000106,P008,2026-07-26,12415.53,5,T009,Valid
6251,FR0051,D000937,P025,2026-01-13,23752.52,10,T009,Valid
6252,FR0051,D000106,P025,2026-01-21,23752.52,10,T009,Valid
6253,FR0051,D000073,P025,2026-01-15,23752.52,10,T009,Valid
6254,FR0051,D000303,P025,2026-02-01,15405.47,6,T009,Valid
6255,FR0051,D000198,P025,2026-02-24,15405.47,6,T009,Valid
6256,FR0051,D000106,P025,2026-02-20,15405.47,6,T009,Valid
6257,FR0051,D000937,P025,2026-02-25,15405.47,6,T009,Valid
6258,FR0051,D000937,P025,2026-03-16,34795.52,14,T009,Valid
6259,FR0051,D000303,P025,2026-03-14,34795.52,14,T009,Valid
6260,FR0051,D000937,P025,2026-04-26,12273.93,5,T009,Valid
6261,FR0051,D000303,P025,2026-04-06,12273.93,5,T009,Valid
6262,FR0051,D000073,P025,2026-04-03,12273.93,5,T009,Valid
6263,FR0051,D000407,P025,2026-04-23,12273.93,5,T009,Valid
6264,FR0051,D000198,P025,2026-04-11,12273.93,5,T009,Valid
6265,FR0051,D000073,P025,2026-05-13,11087.01,5,T009,Valid
6266,FR0051,D000106,P025,2026-05-21,11087.01,5,T009,Valid
6267,FR0051,D000407,P025,2026-05-22,11087.01,5,T009,Valid
6268,FR0051,D000937,P025,2026-05-01,11087.01,5,T009,Valid
6269,FR0051,D000198,P025,2026-05-21,11087.01,5,T009,Valid
6270,FR0051,D000303,P025,2026-05-16,11087.01,5,T009,Valid
6271,FR0051,D000937,P025,2026-06-18,21821.62,9,T009,Valid
6272,FR0051,D000303,P025,2026-06-19,21821.62,9,T009,Valid
6273,FR0051,D000073,P025,2026-06-03,21821.62,9,T009,Valid
6274,FR0051,D000198,P025,2026-07-10,11651.46,5,T009,Valid
6275,FR0051,D000303,P025,2026-07-20,11651.46,5,T009,Valid
6276,FR0051,D000106,P025,2026-07-07,11651.46,5,T009,Valid
6277,FR0051,D000407,P025,2026-07-02,11651.46,5,T009,Valid
6278,FR0051,D000073,P025,2026-07-24,11651.46,5,T009,Valid
6279,FR0051,D000937,P025,2026-07-15,11651.46,5,T009,Valid
6280,FR0051,D000106,P007,2026-01-05,27290.71,57,T009,Valid
6281,FR0051,D000073,P007,2026-01-14,27290.71,57,T009,Valid
6282,FR0051,D000937,P007,2026-01-20,27290.71,57,T009,Valid
6283,FR0051,D000106,P007,2026-02-04,29139.55,61,T009,Valid
6284,FR0051,D000303,P007,2026-02-22,29139.55,61,T009,Valid
6285,FR0051,D000198,P007,2026-02-07,29139.55,61,T009,Valid
6286,FR0051,D000106,P007,2026-03-04,19914.68,42,T009,Valid
6287,FR0051,D000407,P007,2026-03-25,19914.68,42,T009,Valid
6288,FR0051,D000937,P007,2026-03-22,19914.68,42,T009,Valid
6289,FR0051,D000073,P007,2026-03-27,19914.68,42,T009,Valid
6290,FR0051,D000106,P007,2026-04-12,18813.33,39,T009,Valid
6291,FR0051,D000303,P007,2026-04-26,18813.33,39,T009,Valid
6292,FR0051,D000407,P007,2026-04-16,18813.33,39,T009,Valid
6293,FR0051,D000073,P007,2026-04-09,18813.33,39,T009,Valid
6294,FR0051,D000303,P007,2026-05-11,25420.15,53,T009,Valid
6295,FR0051,D000198,P007,2026-05-13,25420.15,53,T009,Valid
6296,FR0051,D000937,P007,2026-05-16,25420.15,53,T009,Valid
6297,FR0051,D000106,P007,2026-06-23,16032.75,33,T009,Valid
6298,FR0051,D000937,P007,2026-06-27,16032.75,33,T009,Valid
6299,FR0051,D000198,P007,2026-06-01,16032.75,33,T009,Valid
6300,FR0051,D000303,P007,2026-06-14,16032.75,33,T009,Valid
6301,FR0051,D000407,P007,2026-06-05,16032.75,33,T009,Valid
6302,FR0051,D000106,P007,2026-07-14,79668.28,166,T009,Valid
6303,FR0052,D000121,P006,2026-01-04,13588.64,37,T003,Valid
6304,FR0052,D000191,P006,2026-01-14,13588.64,37,T003,Valid
6305,FR0052,D000281,P006,2026-01-22,13588.64,37,T003,Valid
6306,FR0052,D000785,P006,2026-02-23,10024.24,27,T003,Valid
6307,FR0052,D000853,P006,2026-02-24,10024.24,27,T003,Valid
6308,FR0052,D000281,P006,2026-02-01,10024.24,27,T003,Valid
6309,FR0052,D000544,P006,2026-02-12,10024.24,27,T003,Valid
6310,FR0052,D000121,P006,2026-03-02,10674.87,29,T003,Valid
6311,FR0052,D000281,P006,2026-03-01,10674.87,29,T003,Valid
6312,FR0052,D000544,P006,2026-03-08,10674.87,29,T003,Valid
6313,FR0052,D000773,P006,2026-03-20,10674.87,29,T003,Valid
6314,FR0052,D000250,P006,2026-04-21,13698.66,37,T003,Valid
6315,FR0052,D000853,P006,2026-04-05,13698.66,37,T003,Valid
6316,FR0052,D000785,P006,2026-04-02,13698.66,37,T003,Valid
6317,FR0052,D000785,P006,2026-05-01,8176.3,22,T003,Valid
6318,FR0052,D000773,P006,2026-05-07,8176.3,22,T003,Valid
6319,FR0052,D000853,P006,2026-05-21,8176.3,22,T003,Valid
6320,FR0052,D000544,P006,2026-05-22,8176.3,22,T003,Valid
6321,FR0052,D000250,P006,2026-05-26,8176.3,22,T003,Valid
6322,FR0052,D000191,P006,2026-06-27,13410.71,36,T003,Valid
6323,FR0052,D000025,P006,2026-06-24,13410.71,36,T003,Valid
6324,FR0052,D000773,P006,2026-06-17,13410.71,36,T003,Valid
6325,FR0052,D000853,P006,2026-07-14,10217.31,28,T003,Valid
6326,FR0052,D000250,P006,2026-07-22,10217.31,28,T003,Valid
6327,FR0052,D000121,P006,2026-07-13,10217.31,28,T003,Valid
6328,FR0052,D000773,P006,2026-07-26,10217.31,28,T003,Valid
6329,FR0052,D000250,P020,2026-01-01,29659.43,97,T003,Valid
6330,FR0052,D000773,P020,2026-01-21,29659.43,97,T003,Valid
6331,FR0052,D000191,P020,2026-02-19,11011.99,36,T003,Valid
6332,FR0052,D000025,P020,2026-02-27,11011.99,36,T003,Valid
6333,FR0052,D000281,P020,2026-02-04,11011.99,36,T003,Valid
6334,FR0052,D000853,P020,2026-02-05,11011.99,36,T003,Valid
6335,FR0052,D000250,P020,2026-02-20,11011.99,36,T003,Valid
6336,FR0052,D000544,P020,2026-02-25,11011.99,36,T003,Valid
6337,FR0052,D000121,P020,2026-03-11,33122.86,108,T003,Valid
6338,FR0052,D000853,P020,2026-03-13,33122.86,108,T003,Valid
6339,FR0052,D000853,P020,2026-04-07,32176.65,105,T003,Valid
6340,FR0052,D000025,P020,2026-04-24,32176.65,105,T003,Valid
6341,FR0052,D000281,P020,2026-05-02,15990.2,52,T003,Valid
6342,FR0052,D000121,P020,2026-05-08,15990.2,52,T003,Valid
6343,FR0052,D000025,P020,2026-05-12,15990.2,52,T003,Valid
6344,FR0052,D000191,P020,2026-05-13,15990.2,52,T003,Valid
6345,FR0052,D000853,P020,2026-06-17,21011.44,69,T003,Valid
6346,FR0052,D000121,P020,2026-06-07,21011.44,69,T003,Valid
6347,FR0052,D000191,P020,2026-06-10,21011.44,69,T003,Valid
6348,FR0052,D000025,P020,2026-07-10,10106.82,33,T003,Valid
6349,FR0052,D000121,P020,2026-07-04,10106.82,33,T003,Valid
6350,FR0052,D000250,P020,2026-07-27,10106.82,33,T003,Valid
6351,FR0052,D000281,P020,2026-07-15,10106.82,33,T003,Valid
6352,FR0052,D000191,P020,2026-07-09,10106.82,33,T003,Valid
6353,FR0052,D000773,P020,2026-07-03,10106.82,33,T003,Valid
6354,FR0052,D000853,P008,2026-01-03,7740.87,3,T003,Valid
6355,FR0052,D000250,P008,2026-01-12,7740.87,3,T003,Valid
6356,FR0052,D000785,P008,2026-01-13,7740.87,3,T003,Valid
6357,FR0052,D000544,P008,2026-01-26,7740.87,3,T003,Valid
6358,FR0052,D000025,P008,2026-01-14,7740.87,3,T003,Valid
6359,FR0052,D000773,P008,2026-01-03,7740.87,3,T003,Valid
6360,FR0052,D000853,P008,2026-02-06,12025.93,5,T003,Valid
6361,FR0052,D000250,P008,2026-02-03,12025.93,5,T003,Valid
6362,FR0052,D000544,P008,2026-02-02,12025.93,5,T003,Valid
6363,FR0052,D000121,P008,2026-02-11,12025.93,5,T003,Valid
6364,FR0052,D000281,P008,2026-03-18,16531.63,7,T003,Valid
6365,FR0052,D000544,P008,2026-03-19,16531.63,7,T003,Valid
6366,FR0052,D000785,P008,2026-03-14,16531.63,7,T003,Valid
6367,FR0052,D000250,P008,2026-04-19,10371.16,4,T003,Valid
6368,FR0052,D000853,P008,2026-04-25,10371.16,4,T003,Valid
6369,FR0052,D000281,P008,2026-04-06,10371.16,4,T003,Valid
6370,FR0052,D000544,P008,2026-04-06,10371.16,4,T003,Valid
6371,FR0052,D000544,P008,2026-05-18,8281.42,3,T003,Valid
6372,FR0052,D000025,P008,2026-05-09,8281.42,3,T003,Valid
6373,FR0052,D000785,P008,2026-05-14,8281.42,3,T003,Valid
6374,FR0052,D000853,P008,2026-05-16,8281.42,3,T003,Valid
6375,FR0052,D000191,P008,2026-05-07,8281.42,3,T003,Valid
6376,FR0052,D000544,P008,2026-06-25,7935.39,3,T003,Valid
6377,FR0052,D000250,P008,2026-06-14,7935.39,3,T003,Valid
6378,FR0052,D000121,P008,2026-06-18,7935.39,3,T003,Valid
6379,FR0052,D000785,P008,2026-06-21,7935.39,3,T003,Valid
6380,FR0052,D000773,P008,2026-06-09,7935.39,3,T003,Valid
6381,FR0052,D000853,P008,2026-06-03,7935.39,3,T003,Valid
6382,FR0052,D000191,P008,2026-07-04,11810.85,5,T003,Valid
6383,FR0052,D000544,P008,2026-07-01,11810.85,5,T003,Valid
6384,FR0052,D000853,P008,2026-07-18,11810.85,5,T003,Valid
6385,FR0052,D000250,P008,2026-07-27,11810.85,5,T003,Valid
6386,FR0052,D000785,P024,2026-01-18,84379.34,115,T003,Valid
6387,FR0052,D000250,P024,2026-01-06,84379.34,115,T003,Valid
6388,FR0052,D000121,P024,2026-02-05,76728.23,104,T003,Valid
6389,FR0052,D000281,P024,2026-02-05,76728.23,104,T003,Valid
6390,FR0052,D000025,P024,2026-03-15,53208.65,72,T003,Valid
6391,FR0052,D000853,P024,2026-03-05,53208.65,72,T003,Valid
6392,FR0052,D000785,P024,2026-03-02,53208.65,72,T003,Valid
6393,FR0052,D000281,P024,2026-04-02,41631.81,57,T003,Valid
6394,FR0052,D000785,P024,2026-04-24,41631.81,57,T003,Valid
6395,FR0052,D000121,P024,2026-04-16,41631.81,57,T003,Valid
6396,FR0052,D000544,P024,2026-04-23,41631.81,57,T003,Valid
6397,FR0052,D000121,P024,2026-05-23,30694.71,42,T003,Valid
6398,FR0052,D000785,P024,2026-05-14,30694.71,42,T003,Valid
6399,FR0052,D000025,P024,2026-05-25,30694.71,42,T003,Valid
6400,FR0052,D000250,P024,2026-05-13,30694.71,42,T003,Valid
6401,FR0052,D000191,P024,2026-05-15,30694.71,42,T003,Valid
6402,FR0052,D000853,P024,2026-06-01,31620.86,43,T003,Valid
6403,FR0052,D000250,P024,2026-06-20,31620.86,43,T003,Valid
6404,FR0052,D000121,P024,2026-06-12,31620.86,43,T003,Valid
6405,FR0052,D000191,P024,2026-06-06,31620.86,43,T003,Valid
6406,FR0052,D000544,P024,2026-06-27,31620.86,43,T003,Valid
6407,FR0052,D000250,P024,2026-07-23,42715.96,58,T003,Valid
6408,FR0052,D000785,P024,2026-07-05,42715.96,58,T003,Valid
6409,FR0052,D000281,P024,2026-07-03,42715.96,58,T003,Valid
6410,FR0052,D000121,P024,2026-07-03,42715.96,58,T003,Valid
6411,FR0052,D000785,P011,2026-01-25,17767.23,8,T003,Valid
6412,FR0052,D000250,P011,2026-01-11,17767.23,8,T003,Valid
6413,FR0052,D000853,P011,2026-01-26,17767.23,8,T003,Valid
6414,FR0052,D000025,P011,2026-01-19,17767.23,8,T003,Valid
6415,FR0052,D000025,P011,2026-02-13,39330.6,18,T003,Valid
6416,FR0052,D000121,P011,2026-02-27,39330.6,18,T003,Valid
6417,FR0052,D000544,P011,2026-03-11,12876.86,6,T003,Valid
6418,FR0052,D000250,P011,2026-03-15,12876.86,6,T003,Valid
6419,FR0052,D000853,P011,2026-03-07,12876.86,6,T003,Valid
6420,FR0052,D000191,P011,2026-03-11,12876.86,6,T003,Valid
6421,FR0052,D000785,P011,2026-03-17,12876.86,6,T003,Valid
6422,FR0052,D000191,P011,2026-04-19,11583.17,5,T003,Valid
6423,FR0052,D000121,P011,2026-04-27,11583.17,5,T003,Valid
6424,FR0052,D000853,P011,2026-04-13,11583.17,5,T003,Valid
6425,FR0052,D000281,P011,2026-04-23,11583.17,5,T003,Valid
6426,FR0052,D000250,P011,2026-04-14,11583.17,5,T003,Valid
6427,FR0052,D000544,P011,2026-04-13,11583.17,5,T003,Valid
6428,FR0052,D000121,P011,2026-05-05,22551.44,10,T003,Valid
6429,FR0052,D000785,P011,2026-05-22,22551.44,10,T003,Valid
6430,FR0052,D000544,P011,2026-05-14,22551.44,10,T003,Valid
6431,FR0052,D000544,P011,2026-06-22,12000.49,5,T003,Valid
6432,FR0052,D000281,P011,2026-06-10,12000.49,5,T003,Valid
6433,FR0052,D000773,P011,2026-06-02,12000.49,5,T003,Valid
6434,FR0052,D000785,P011,2026-06-02,12000.49,5,T003,Valid
6435,FR0052,D000121,P011,2026-06-24,12000.49,5,T003,Valid
6436,FR0052,D000250,P011,2026-06-22,12000.49,5,T003,Valid
6437,FR0052,D000025,P011,2026-07-13,20487.31,9,T003,Valid
6438,FR0052,D000544,P011,2026-07-21,20487.31,9,T020,Valid
6439,FR0052,D000191,P011,2026-07-08,20487.31,9,T003,Valid
6440,FR0052,D000121,P011,2026-07-21,20487.31,9,T003,Valid
6441,FR0052,D000785,P011,2026-07-25,20487.31,9,T013,Valid
6442,FR0052,D000250,P011,2026-07-26,20487.31,9,T003,Valid
6443,FR0052,D000250,P023,2026-01-24,8705.56,4,T003,Valid
6444,FR0052,D000121,P023,2026-01-26,8705.56,4,T003,Valid
6445,FR0052,D000281,P023,2026-01-27,8705.56,4,T003,Valid
6446,FR0052,D000853,P023,2026-01-02,8705.56,4,T003,Valid
6447,FR0052,D000773,P023,2026-01-17,8705.56,4,T003,Valid
6448,FR0052,D000025,P023,2026-01-08,8705.56,4,T003,Valid
6449,FR0052,D000191,P023,2026-02-09,8127.73,3,T003,Valid
6450,FR0052,D000025,P023,2026-02-08,8127.73,3,T003,Valid
6451,FR0052,D000281,P023,2026-02-15,8127.73,3,T003,Valid
6452,FR0052,D000544,P023,2026-02-14,8127.73,3,T003,Valid
6453,FR0052,D000121,P023,2026-02-08,8127.73,3,T003,Valid
6454,FR0052,D000785,P023,2026-02-14,8127.73,3,T003,Valid
6455,FR0052,D000191,P023,2026-03-22,27940.62,12,T003,Valid
6456,FR0052,D000853,P023,2026-03-14,27940.62,12,T003,Valid
6457,FR0052,D000025,P023,2026-04-03,55176.57,23,T007,Valid
6458,FR0052,D000025,P023,2026-05-07,17751.7,7,T003,Valid
6459,FR0052,D000773,P023,2026-05-15,17751.7,7,T003,Valid
6460,FR0052,D000250,P023,2026-05-17,17751.7,7,T003,Valid
6461,FR0052,D000281,P023,2026-06-22,23356.34,10,T003,Valid
6462,FR0052,D000191,P023,2026-06-20,23356.34,10,T003,Valid
6463,FR0052,D000121,P023,2026-07-26,25105.89,11,T003,Valid
6464,FR0052,D000773,P023,2026-07-14,25105.89,11,T003,Valid
6465,FR0053,D000315,P017,2026-01-22,51891.05,23,T020,Valid
6466,FR0053,D000637,P017,2026-01-12,51891.05,23,T020,Valid
6467,FR0053,D000844,P017,2026-01-03,51891.05,23,T020,Valid
6468,FR0053,D000505,P017,2026-02-19,52617.38,24,T020,Valid
6469,FR0053,D000315,P017,2026-02-06,52617.38,24,T020,Valid
6470,FR0053,D000122,P017,2026-02-14,52617.38,24,T020,Valid
6471,FR0053,D000145,P017,2026-03-06,26053.04,12,T020,Valid
6472,FR0053,D000505,P017,2026-03-18,26053.04,12,T020,Valid
6473,FR0053,D000315,P017,2026-03-20,26053.04,12,T020,Valid
6474,FR0053,D000091,P017,2026-03-23,26053.04,12,T020,Valid
6475,FR0053,D000869,P017,2026-03-20,26053.04,12,T020,Valid
6476,FR0053,D000122,P017,2026-03-15,26053.04,12,T020,Valid
6477,FR0053,D000091,P017,2026-04-16,22935.36,10,T020,Valid
6478,FR0053,D000122,P017,2026-04-05,22935.36,10,T020,Valid
6479,FR0053,D000291,P017,2026-04-11,22935.36,10,T020,Valid
6480,FR0053,D000637,P017,2026-04-27,22935.36,10,T020,Valid
6481,FR0053,D000212,P017,2026-04-13,22935.36,10,T020,Valid
6482,FR0053,D000145,P017,2026-04-01,22935.36,10,T020,Valid
6483,FR0053,D000049,P017,2026-05-04,26483.57,12,T020,Valid
6484,FR0053,D000291,P017,2026-05-15,26483.57,12,T020,Valid
6485,FR0053,D000869,P017,2026-05-25,26483.57,12,T020,Valid
6486,FR0053,D000091,P017,2026-05-11,26483.57,12,T020,Valid
6487,FR0053,D000844,P017,2026-05-18,26483.57,12,T020,Valid
6488,FR0053,D000122,P017,2026-05-07,26483.57,12,T020,Valid
6489,FR0053,D000869,P017,2026-06-27,156069.31,71,T017,Valid
6490,FR0053,D000049,P017,2026-07-09,32795.46,15,T020,Valid
6491,FR0053,D000869,P017,2026-07-23,32795.46,15,T020,Valid
6492,FR0053,D000122,P017,2026-07-06,32795.46,15,T020,Valid
6493,FR0053,D000212,P017,2026-07-15,32795.46,15,T020,Valid
6494,FR0053,D000122,P016,2026-01-07,78413.23,534,T020,Valid
6495,FR0053,D000844,P016,2026-01-04,78413.23,534,T020,Valid
6496,FR0053,D000869,P016,2026-02-13,65417.3,446,T020,Valid
6497,FR0053,D000637,P016,2026-02-21,65417.3,446,T020,Valid
6498,FR0053,D000315,P016,2026-03-12,65741.08,448,T020,Valid
6499,FR0053,D000844,P016,2026-03-06,65741.08,448,T020,Valid
6500,FR0053,D000869,P016,2026-04-01,66020.55,450,T020,Valid
6501,FR0053,D000637,P016,2026-04-06,66020.55,450,T020,Valid
6502,FR0053,D000315,P016,2026-05-09,51862.16,353,T020,Valid
6503,FR0053,D000869,P016,2026-05-26,51862.16,353,T020,Valid
6504,FR0053,D000122,P016,2026-05-15,51862.16,353,T020,Valid
6505,FR0053,D000049,P016,2026-06-26,38842.36,265,T020,Valid
6506,FR0053,D000291,P016,2026-06-25,38842.36,265,T020,Valid
6507,FR0053,D000505,P016,2026-06-10,38842.36,265,T020,Valid
6508,FR0053,D000091,P016,2026-06-22,38842.36,265,T020,Valid
6509,FR0053,D000212,P016,2026-07-07,27759.34,189,T020,Valid
6510,FR0053,D000049,P016,2026-07-21,27759.34,189,T020,Valid
6511,FR0053,D000315,P016,2026-07-09,27759.34,189,T020,Valid
6512,FR0053,D000505,P016,2026-07-08,27759.34,189,T020,Valid
6513,FR0053,D000637,P016,2026-07-11,27759.34,189,T020,Valid
6514,FR0053,D000291,P013,2026-01-07,9772.89,21,T020,Valid
6515,FR0053,D000637,P013,2026-01-10,9772.89,21,T020,Valid
6516,FR0053,D000145,P013,2026-01-24,9772.89,21,T020,Valid
6517,FR0053,D000212,P013,2026-01-22,9772.89,21,T020,Valid
6518,FR0053,D000505,P013,2026-01-21,9772.89,21,T020,Valid
6519,FR0053,D000145,P013,2026-02-11,9943.52,21,T020,Valid
6520,FR0053,D000315,P013,2026-02-05,9943.52,21,T020,Valid
6521,FR0053,D000844,P013,2026-02-22,9943.52,21,T020,Valid
6522,FR0053,D000212,P013,2026-02-15,9943.52,21,T020,Valid
6523,FR0053,D000505,P013,2026-02-12,9943.52,21,T020,Valid
6524,FR0053,D000145,P013,2026-03-22,13204.33,28,T020,Valid
6525,FR0053,D000122,P013,2026-03-21,13204.33,28,T020,Valid
6526,FR0053,D000315,P013,2026-03-10,13204.33,28,T020,Valid
6527,FR0053,D000869,P013,2026-03-24,13204.33,28,T020,Valid
6528,FR0053,D000291,P013,2026-04-25,25177.52,54,T020,Valid
6529,FR0053,D000049,P013,2026-04-26,25177.52,54,T020,Valid
6530,FR0053,D000844,P013,2026-05-18,21855.2,47,T020,Valid
6531,FR0053,D000122,P013,2026-05-13,21855.2,47,T020,Valid
6532,FR0053,D000212,P013,2026-06-19,17249.18,37,T020,Valid
6533,FR0053,D000122,P013,2026-06-23,17249.18,37,T020,Valid
6534,FR0053,D000145,P013,2026-06-15,17249.18,37,T020,Valid
6535,FR0053,D000291,P013,2026-07-01,8040.61,17,T020,Valid
6536,FR0053,D000212,P013,2026-07-14,8040.61,17,T020,Valid
6537,FR0053,D000869,P013,2026-07-11,8040.61,17,T020,Valid
6538,FR0053,D000049,P013,2026-07-12,8040.61,17,T020,Valid
6539,FR0053,D000091,P013,2026-07-12,8040.61,17,T020,Valid
6540,FR0053,D000844,P013,2026-07-22,8040.61,17,T020,Valid
6541,FR0054,D000329,P010,2026-01-20,56272.51,43,T006,Valid
6542,FR0054,D000929,P010,2026-01-25,56272.51,43,T006,Valid
6543,FR0054,D000665,P010,2026-02-04,24994.21,19,T006,Valid
6544,FR0054,D000347,P010,2026-02-08,24994.21,19,T006,Valid
6545,FR0054,D000044,P010,2026-02-12,24994.21,19,T006,Valid
6546,FR0054,D000972,P010,2026-02-01,24994.21,19,T006,Valid
6547,FR0054,D000928,P010,2026-02-06,24994.21,19,T006,Valid
6548,FR0054,D000972,P010,2026-03-22,43404.89,33,T006,Valid
6549,FR0054,D000928,P010,2026-03-06,43404.89,33,T006,Valid
6550,FR0054,D000929,P010,2026-03-22,43404.89,33,T006,Valid
6551,FR0054,D000972,P010,2026-04-23,36131.47,27,T006,Valid
6552,FR0054,D000347,P010,2026-04-12,36131.47,27,T006,Valid
6553,FR0054,D000598,P010,2026-04-10,36131.47,27,T006,Valid
6554,FR0054,D000213,P010,2026-05-11,56924.48,43,T006,Valid
6555,FR0054,D000347,P010,2026-05-03,56924.48,43,T006,Valid
6556,FR0054,D000665,P010,2026-06-23,32803.85,25,T006,Valid
6557,FR0054,D000347,P010,2026-06-25,32803.85,25,T006,Valid
6558,FR0054,D000972,P010,2026-06-05,32803.85,25,T006,Valid
6559,FR0054,D000929,P010,2026-06-06,32803.85,25,T006,Valid
6560,FR0054,D000598,P010,2026-07-22,23587.27,18,T006,Valid
6561,FR0054,D000928,P010,2026-07-27,23587.27,18,T006,Valid
6562,FR0054,D000044,P010,2026-07-12,23587.27,18,T006,Valid
6563,FR0054,D000213,P010,2026-07-24,23587.27,18,T006,Valid
6564,FR0054,D000929,P010,2026-07-25,23587.27,18,T006,Valid
6565,FR0054,D000598,P011,2026-01-06,9384.6,4,T006,Valid
6566,FR0054,D000213,P011,2026-01-19,9384.6,4,T006,Valid
6567,FR0054,D000972,P011,2026-01-02,9384.6,4,T006,Valid
6568,FR0054,D000665,P011,2026-01-19,9384.6,4,T006,Valid
6569,FR0054,D000347,P011,2026-01-03,9384.6,4,T006,Valid
6570,FR0054,D000928,P011,2026-01-27,9384.6,4,T006,Valid
6571,FR0054,D000665,P011,2026-02-10,10740.79,5,T006,Valid
6572,FR0054,D000213,P011,2026-02-02,10740.79,5,T006,Valid
6573,FR0054,D000347,P011,2026-02-11,10740.79,5,T006,Valid
6574,FR0054,D000972,P011,2026-02-20,10740.79,5,T006,Valid
6575,FR0054,D000928,P011,2026-02-19,10740.79,5,T006,Valid
6576,FR0054,D000044,P011,2026-02-05,10740.79,5,T006,Valid
6577,FR0054,D000347,P011,2026-03-26,12590.76,6,T006,Valid
6578,FR0054,D000213,P011,2026-03-27,12590.76,6,T006,Valid
6579,FR0054,D000929,P011,2026-03-17,12590.76,6,T006,Valid
6580,FR0054,D000928,P011,2026-03-17,12590.76,6,T006,Valid
6581,FR0054,D000329,P011,2026-03-10,12590.76,6,T006,Valid
6582,FR0054,D000044,P011,2026-04-20,22122.63,10,T006,Valid
6583,FR0054,D000329,P011,2026-04-08,22122.63,10,T006,Valid
6584,FR0054,D000929,P011,2026-04-10,22122.63,10,T006,Valid
6585,FR0054,D000929,P011,2026-05-04,26835.93,12,T009,Valid
6586,FR0054,D000928,P011,2026-05-01,26835.93,12,T011,Valid
6587,FR0054,D000347,P011,2026-05-07,26835.93,12,T009,Valid
6588,FR0054,D000213,P011,2026-05-07,26835.93,12,T017,Valid
6589,FR0054,D000213,P011,2026-06-21,19922.63,9,T006,Valid
6590,FR0054,D000044,P011,2026-06-22,19922.63,9,T006,Valid
6591,FR0054,D000665,P011,2026-06-16,19922.63,9,T006,Valid
6592,FR0054,D000329,P011,2026-07-05,12499.23,6,T006,Valid
6593,FR0054,D000213,P011,2026-07-26,12499.23,6,T006,Valid
6594,FR0054,D000665,P011,2026-07-26,12499.23,6,T006,Valid
6595,FR0054,D000347,P011,2026-07-15,12499.23,6,T006,Valid
6596,FR0054,D000598,P011,2026-07-06,12499.23,6,T006,Valid
6597,FR0054,D000929,P001,2026-01-04,8170.98,8,T006,Valid
6598,FR0054,D000347,P001,2026-01-18,8170.98,8,T006,Valid
6599,FR0054,D000928,P001,2026-01-13,8170.98,8,T006,Valid
6600,FR0054,D000598,P001,2026-01-03,8170.98,8,T006,Valid
6601,FR0054,D000213,P001,2026-01-11,8170.98,8,T006,Valid
6602,FR0054,D000665,P001,2026-01-07,8170.98,8,T006,Valid
6603,FR0054,D000665,P001,2026-02-19,28592.09,28,T006,Valid
6604,FR0054,D000329,P001,2026-02-22,28592.09,28,T006,Valid
6605,FR0054,D000213,P001,2026-03-09,8873.1,9,T006,Valid
6606,FR0054,D000665,P001,2026-03-02,8873.1,9,T006,Valid
6607,FR0054,D000928,P001,2026-03-26,8873.1,9,T006,Valid
6608,FR0054,D000972,P001,2026-03-01,8873.1,9,T006,Valid
6609,FR0054,D000044,P001,2026-03-25,8873.1,9,T006,Valid
6610,FR0054,D000329,P001,2026-03-13,8873.1,9,T006,Valid
6611,FR0054,D000044,P001,2026-04-06,8485.46,8,T006,Valid
6612,FR0054,D000347,P001,2026-04-11,8485.46,8,T006,Valid
6613,FR0054,D000665,P001,2026-04-13,8485.46,8,T006,Valid
6614,FR0054,D000329,P001,2026-04-25,8485.46,8,T006,Valid
6615,FR0054,D000928,P001,2026-04-02,8485.46,8,T006,Valid
6616,FR0054,D000972,P001,2026-04-21,8485.46,8,T006,Valid
6617,FR0054,D000044,P001,2026-05-23,48146.55,47,T006,Valid
6618,FR0054,D000044,P001,2026-06-08,28655.47,28,T006,Valid
6619,FR0054,D000213,P001,2026-06-18,28655.47,28,T006,Valid
6620,FR0054,D000213,P001,2026-07-13,12518.21,12,T006,Valid
6621,FR0054,D000347,P001,2026-07-04,12518.21,12,T006,Valid
6622,FR0054,D000972,P001,2026-07-10,12518.21,12,T006,Valid
6623,FR0054,D000329,P001,2026-07-05,12518.21,12,T006,Valid
6624,FR0055,D000723,P008,2026-01-17,31932.78,13,T018,Valid
6625,FR0055,D000080,P008,2026-01-24,31932.78,13,T018,Valid
6626,FR0055,D000337,P008,2026-01-21,31932.78,13,T018,Valid
6627,FR0055,D000723,P008,2026-02-13,19101.89,8,T018,Valid
6628,FR0055,D000775,P008,2026-02-01,19101.89,8,T018,Valid
6629,FR0055,D000080,P008,2026-02-24,19101.89,8,T018,Valid
6630,FR0055,D000446,P008,2026-02-19,19101.89,8,T018,Valid
6631,FR0055,D000159,P008,2026-02-10,19101.89,8,T018,Valid
6632,FR0055,D000305,P008,2026-02-16,19101.89,8,T018,Valid
6633,FR0055,D000080,P008,2026-03-25,32046.24,13,T018,Valid
6634,FR0055,D000182,P008,2026-03-16,32046.24,13,T018,Valid
6635,FR0055,D000775,P008,2026-03-15,32046.24,13,T018,Valid
6636,FR0055,D000723,P008,2026-04-18,50658.35,21,T018,Valid
6637,FR0055,D000775,P008,2026-04-20,50658.35,21,T018,Valid
6638,FR0055,D000080,P008,2026-05-20,25025.32,10,T018,Valid
6639,FR0055,D000775,P008,2026-05-26,25025.32,10,T018,Valid
6640,FR0055,D000524,P008,2026-05-10,25025.32,10,T018,Valid
6641,FR0055,D000723,P008,2026-05-09,25025.32,10,T018,Valid
6642,FR0055,D000305,P008,2026-06-15,26512.1,11,T018,Valid
6643,FR0055,D000337,P008,2026-06-16,26512.1,11,T018,Valid
6644,FR0055,D000080,P008,2026-06-08,26512.1,11,T018,Valid
6645,FR0055,D000127,P008,2026-06-15,26512.1,11,T018,Valid
6646,FR0055,D000470,P008,2026-07-12,16294.84,7,T018,Valid
6647,FR0055,D000337,P008,2026-07-04,16294.84,7,T018,Valid
6648,FR0055,D000127,P008,2026-07-24,16294.84,7,T018,Valid
6649,FR0055,D000723,P008,2026-07-25,16294.84,7,T018,Valid
6650,FR0055,D000159,P008,2026-07-13,16294.84,7,T018,Valid
6651,FR0055,D000182,P008,2026-07-15,16294.84,7,T018,Valid
6652,FR0055,D000470,P018,2026-01-05,10441.65,15,T018,Valid
6653,FR0055,D000446,P018,2026-01-22,10441.65,15,T018,Valid
6654,FR0055,D000182,P018,2026-01-23,10441.65,15,T018,Valid
6655,FR0055,D000064,P018,2026-01-10,10441.65,15,T018,Valid
6656,FR0055,D000127,P018,2026-01-13,10441.65,15,T018,Valid
6657,FR0055,D000305,P018,2026-01-10,10441.65,15,T018,Valid
6658,FR0055,D000159,P018,2026-02-03,14507.18,22,T018,Valid
6659,FR0055,D000775,P018,2026-02-15,14507.18,22,T018,Valid
6660,FR0055,D000064,P018,2026-02-25,14507.18,22,T018,Valid
6661,FR0055,D000182,P018,2026-02-22,14507.18,22,T018,Valid
6662,FR0055,D000080,P018,2026-02-06,14507.18,22,T018,Valid
6663,FR0055,D000080,P018,2026-03-18,21695.24,32,T018,Valid
6664,FR0055,D000524,P018,2026-03-14,21695.24,32,T018,Valid
6665,FR0055,D000337,P018,2026-03-14,21695.24,32,T018,Valid
6666,FR0055,D000470,P018,2026-04-01,14378.84,21,T018,Valid
6667,FR0055,D000524,P018,2026-04-13,14378.84,21,T018,Valid
6668,FR0055,D000337,P018,2026-04-18,14378.84,21,T018,Valid
6669,FR0055,D000775,P018,2026-04-08,14378.84,21,T018,Valid
6670,FR0055,D000446,P018,2026-04-01,14378.84,21,T018,Valid
6671,FR0055,D000337,P018,2026-05-25,22238.55,33,T018,Valid
6672,FR0055,D000159,P018,2026-05-19,22238.55,33,T018,Valid
6673,FR0055,D000080,P018,2026-05-24,22238.55,33,T018,Valid
6674,FR0055,D000723,P018,2026-06-06,34964.93,52,T018,Valid
6675,FR0055,D000775,P018,2026-06-02,34964.93,52,T018,Valid
6676,FR0055,D000064,P018,2026-07-03,15719.25,23,T018,Valid
6677,FR0055,D000337,P018,2026-07-15,15719.25,23,T018,Valid
6678,FR0055,D000127,P018,2026-07-05,15719.25,23,T018,Valid
6679,FR0055,D000080,P018,2026-07-06,15719.25,23,T018,Valid
6680,FR0055,D000775,P022,2026-01-20,29266.72,72,T008,Valid
6681,FR0055,D000470,P022,2026-01-05,29266.72,72,T015,Valid
6682,FR0055,D000182,P022,2026-01-09,29266.72,72,T003,Valid
6683,FR0055,D000446,P022,2026-01-26,29266.72,72,T018,Valid
6684,FR0055,D000524,P022,2026-01-12,29266.72,72,T018,Valid
6685,FR0055,D000723,P022,2026-01-18,29266.72,72,T018,Valid
6686,FR0055,D000337,P022,2026-02-16,45004.85,110,T018,Valid
6687,FR0055,D000080,P022,2026-02-21,45004.85,110,T018,Valid
6688,FR0055,D000159,P022,2026-03-06,21675.23,53,T018,Valid
6689,FR0055,D000080,P022,2026-03-15,21675.23,53,T018,Valid
6690,FR0055,D000337,P022,2026-03-27,21675.23,53,T018,Valid
6691,FR0055,D000775,P022,2026-03-15,21675.23,53,T018,Valid
6692,FR0055,D000723,P022,2026-03-06,21675.23,53,T018,Valid
6693,FR0055,D000524,P022,2026-04-18,24179.07,59,T018,Valid
6694,FR0055,D000337,P022,2026-04-03,24179.07,59,T018,Valid
6695,FR0055,D000159,P022,2026-04-19,24179.07,59,T018,Valid
6696,FR0055,D000446,P022,2026-04-07,24179.07,59,T018,Valid
6697,FR0055,D000064,P022,2026-05-25,17178.82,42,T018,Valid
6698,FR0055,D000337,P022,2026-05-21,17178.82,42,T018,Valid
6699,FR0055,D000470,P022,2026-05-01,17178.82,42,T018,Valid
6700,FR0055,D000127,P022,2026-05-03,17178.82,42,T018,Valid
6701,FR0055,D000775,P022,2026-05-16,17178.82,42,T018,Valid
6702,FR0055,D000446,P022,2026-05-07,17178.82,42,T018,Valid
6703,FR0055,D000337,P022,2026-06-03,30502.24,75,T018,Valid
6704,FR0055,D000080,P022,2026-06-20,30502.24,75,T018,Valid
6705,FR0055,D000159,P022,2026-06-11,30502.24,75,T018,Valid
6706,FR0055,D000064,P022,2026-07-10,17335.47,42,T018,Valid
6707,FR0055,D000159,P022,2026-07-17,17335.47,42,T018,Valid
6708,FR0055,D000446,P022,2026-07-11,17335.47,42,T018,Valid
6709,FR0055,D000127,P022,2026-07-08,17335.47,42,T018,Valid
6710,FR0055,D000305,P022,2026-07-23,17335.47,42,T018,Valid
6711,FR0055,D000524,P022,2026-07-27,17335.47,42,T018,Valid
6712,FR0056,D000390,P030,2026-01-09,36905.9,145,T008,Valid
6713,FR0056,D000102,P030,2026-01-27,36905.9,145,T008,Valid
6714,FR0056,D000679,P030,2026-01-23,36905.9,145,T008,Valid
6715,FR0056,D000646,P030,2026-01-06,36905.9,145,T008,Valid
6716,FR0056,D000679,P030,2026-02-27,38828.54,153,T008,Valid
6717,FR0056,D000646,P030,2026-02-06,38828.54,153,T008,Valid
6718,FR0056,D000152,P030,2026-02-07,38828.54,153,T008,Valid
6719,FR0056,D000046,P030,2026-02-26,38828.54,153,T008,Valid
6720,FR0056,D000300,P030,2026-03-09,24134.48,95,T008,Valid
6721,FR0056,D000390,P030,2026-03-08,24134.48,95,T008,Valid
6722,FR0056,D000798,P030,2026-03-11,24134.48,95,T008,Valid
6723,FR0056,D000046,P030,2026-03-07,24134.48,95,T008,Valid
6724,FR0056,D000102,P030,2026-03-02,24134.48,95,T008,Valid
6725,FR0056,D000679,P030,2026-03-08,24134.48,95,T008,Valid
6726,FR0056,D000390,P030,2026-04-12,25483.59,100,T008,Valid
6727,FR0056,D000046,P030,2026-04-19,25483.59,100,T008,Valid
6728,FR0056,D000646,P030,2026-04-15,25483.59,100,T008,Valid
6729,FR0056,D000798,P030,2026-04-21,25483.59,100,T008,Valid
6730,FR0056,D000679,P030,2026-04-24,25483.59,100,T008,Valid
6731,FR0056,D000152,P030,2026-04-18,25483.59,100,T008,Valid
6732,FR0056,D000679,P030,2026-05-14,30988.29,122,T008,Valid
6733,FR0056,D000207,P030,2026-05-17,30988.29,122,T008,Valid
6734,FR0056,D000390,P030,2026-05-03,30988.29,122,T008,Valid
6735,FR0056,D000798,P030,2026-05-07,30988.29,122,T008,Valid
6736,FR0056,D000046,P030,2026-05-16,30988.29,122,T008,Valid
6737,FR0056,D000102,P030,2026-06-23,47339.83,187,T008,Valid
6738,FR0056,D000679,P030,2026-06-01,47339.83,187,T008,Valid
6739,FR0056,D000207,P030,2026-06-06,47339.83,187,T008,Valid
6740,FR0056,D000102,P030,2026-07-26,33307.79,131,T008,Valid
6741,FR0056,D000702,P030,2026-07-14,33307.79,131,T008,Valid
6742,FR0056,D000207,P030,2026-07-08,33307.79,131,T008,Valid
6743,FR0056,D000646,P030,2026-07-24,33307.79,131,T008,Valid
6744,FR0056,D000300,P019,2026-01-22,100917.02,46,T008,Valid
6745,FR0056,D000102,P019,2026-02-11,179394.27,81,T008,Valid
6746,FR0056,D000102,P019,2026-03-07,20755.58,9,T008,Valid
6747,FR0056,D000300,P019,2026-03-18,20755.58,9,T008,Valid
6748,FR0056,D000679,P019,2026-03-23,20755.58,9,T008,Valid
6749,FR0056,D000152,P019,2026-03-07,20755.58,9,T008,Valid
6750,FR0056,D000046,P019,2026-04-21,182553.3,83,T008,Valid
6751,FR0056,D000798,P019,2026-05-16,14888.46,7,T008,Valid
6752,FR0056,D000152,P019,2026-05-23,14888.46,7,T008,Valid
6753,FR0056,D000046,P019,2026-05-14,14888.46,7,T008,Valid
6754,FR0056,D000390,P019,2026-05-22,14888.46,7,T008,Valid
6755,FR0056,D000102,P019,2026-05-20,14888.46,7,T008,Valid
6756,FR0056,D000646,P019,2026-05-25,14888.46,7,T008,Valid
6757,FR0056,D000798,P019,2026-06-03,43796.5,20,T008,Valid
6758,FR0056,D000300,P019,2026-06-03,43796.5,20,T008,Valid
6759,FR0056,D000798,P019,2026-07-26,49353.38,22,T008,Valid
6760,FR0056,D000207,P019,2026-07-10,49353.38,22,T008,Valid
6761,FR0056,D000702,P018,2026-01-14,22107.82,33,T008,Valid
6762,FR0056,D000207,P018,2026-01-07,22107.82,33,T008,Valid
6763,FR0056,D000300,P018,2026-01-10,22107.82,33,T008,Valid
6764,FR0056,D000207,P018,2026-02-24,19020.77,28,T008,Valid
6765,FR0056,D000679,P018,2026-02-13,19020.77,28,T008,Valid
6766,FR0056,D000390,P018,2026-02-20,19020.77,28,T008,Valid
6767,FR0056,D000046,P018,2026-02-24,19020.77,28,T008,Valid
6768,FR0056,D000152,P018,2026-03-18,19715.65,29,T008,Valid
6769,FR0056,D000300,P018,2026-03-13,19715.65,29,T008,Valid
6770,FR0056,D000207,P018,2026-03-05,19715.65,29,T008,Valid
6771,FR0056,D000390,P018,2026-03-11,19715.65,29,T008,Valid
6772,FR0056,D000152,P018,2026-04-09,17661.6,26,T008,Valid
6773,FR0056,D000702,P018,2026-04-27,17661.6,26,T008,Valid
6774,FR0056,D000390,P018,2026-04-01,17661.6,26,T008,Valid
6775,FR0056,D000300,P018,2026-04-19,17661.6,26,T008,Valid
6776,FR0056,D000390,P018,2026-05-04,19022.96,28,T008,Valid
6777,FR0056,D000207,P018,2026-05-16,19022.96,28,T008,Valid
6778,FR0056,D000798,P018,2026-05-11,19022.96,28,T008,Valid
6779,FR0056,D000300,P018,2026-05-09,19022.96,28,T008,Valid
6780,FR0056,D000798,P018,2026-06-09,37595.45,56,T008,Valid
6781,FR0056,D000390,P018,2026-06-18,37595.45,56,T008,Valid
6782,FR0056,D000798,P018,2026-07-14,17431.83,26,T008,Valid
6783,FR0056,D000646,P018,2026-07-15,17431.83,26,T008,Valid
6784,FR0056,D000702,P018,2026-07-18,17431.83,26,T008,Valid
6785,FR0056,D000300,P018,2026-07-19,17431.83,26,T008,Valid
6786,FR0056,D000646,P025,2026-01-03,49982.66,21,T008,Valid
6787,FR0056,D000046,P025,2026-01-20,49982.66,21,T008,Valid
6788,FR0056,D000702,P025,2026-02-04,29013.37,12,T008,Valid
6789,FR0056,D000300,P025,2026-02-13,29013.37,12,T008,Valid
6790,FR0056,D000679,P025,2026-02-27,29013.37,12,T008,Valid
6791,FR0056,D000102,P025,2026-03-22,25135.38,10,T008,Valid
6792,FR0056,D000702,P025,2026-03-13,25135.38,10,T008,Valid
6793,FR0056,D000646,P025,2026-03-22,25135.38,10,T008,Valid
6794,FR0056,D000046,P025,2026-03-09,25135.38,10,T008,Valid
6795,FR0056,D000390,P025,2026-04-01,33202.23,14,T008,Valid
6796,FR0056,D000646,P025,2026-04-11,33202.23,14,T008,Valid
6797,FR0056,D000798,P025,2026-04-01,33202.23,14,T008,Valid
6798,FR0056,D000207,P025,2026-05-27,15647.85,6,T008,Valid
6799,FR0056,D000679,P025,2026-05-24,15647.85,6,T008,Valid
6800,FR0056,D000390,P025,2026-05-06,15647.85,6,T008,Valid
6801,FR0056,D000152,P025,2026-05-18,15647.85,6,T008,Valid
6802,FR0056,D000046,P025,2026-05-03,15647.85,6,T008,Valid
6803,FR0056,D000102,P025,2026-05-27,15647.85,6,T008,Valid
6804,FR0056,D000102,P025,2026-06-11,17771.17,7,T008,Valid
6805,FR0056,D000300,P025,2026-06-22,17771.17,7,T008,Valid
6806,FR0056,D000046,P025,2026-06-18,17771.17,7,T008,Valid
6807,FR0056,D000646,P025,2026-06-23,17771.17,7,T008,Valid
6808,FR0056,D000798,P025,2026-06-14,17771.17,7,T008,Valid
6809,FR0056,D000102,P025,2026-07-19,15534.6,6,T008,Valid
6810,FR0056,D000646,P025,2026-07-25,15534.6,6,T008,Valid
6811,FR0056,D000207,P025,2026-07-14,15534.6,6,T008,Valid
6812,FR0056,D000300,P025,2026-07-02,15534.6,6,T008,Valid
6813,FR0056,D000390,P025,2026-07-13,15534.6,6,T008,Valid
6814,FR0056,D000152,P025,2026-07-11,15534.6,6,T008,Valid
6815,FR0056,D000679,P004,2026-01-20,24759.44,14,T008,Valid
6816,FR0056,D000702,P004,2026-01-03,24759.44,14,T008,Valid
6817,FR0056,D000646,P004,2026-01-20,24759.44,14,T008,Valid
6818,FR0056,D000390,P004,2026-02-13,14599.28,8,T008,Valid
6819,FR0056,D000152,P004,2026-02-16,14599.28,8,T008,Valid
6820,FR0056,D000679,P004,2026-02-07,14599.28,8,T008,Valid
6821,FR0056,D000207,P004,2026-02-11,14599.28,8,T008,Valid
6822,FR0056,D000702,P004,2026-02-05,14599.28,8,T008,Valid
6823,FR0056,D000300,P004,2026-02-07,14599.28,8,T008,Valid
6824,FR0056,D000798,P004,2026-03-17,26156.11,15,T008,Valid
6825,FR0056,D000300,P004,2026-03-20,26156.11,15,T008,Valid
6826,FR0056,D000646,P004,2026-03-24,26156.11,15,T008,Valid
6827,FR0056,D000207,P004,2026-04-15,26029.08,15,T008,Valid
6828,FR0056,D000798,P004,2026-04-14,26029.08,15,T008,Valid
6829,FR0056,D000390,P004,2026-04-16,26029.08,15,T008,Valid
6830,FR0056,D000102,P004,2026-05-09,30059.97,17,T008,Valid
6831,FR0056,D000679,P004,2026-05-15,30059.97,17,T008,Valid
6832,FR0056,D000300,P004,2026-05-14,30059.97,17,T008,Valid
6833,FR0056,D000679,P004,2026-06-17,17992.69,10,T008,Valid
6834,FR0056,D000702,P004,2026-06-18,17992.69,10,T008,Valid
6835,FR0056,D000390,P004,2026-06-16,17992.69,10,T008,Valid
6836,FR0056,D000798,P004,2026-06-16,17992.69,10,T008,Valid
6837,FR0056,D000046,P004,2026-06-26,17992.69,10,T008,Valid
6838,FR0056,D000207,P004,2026-07-19,22348.63,13,T008,Valid
6839,FR0056,D000300,P004,2026-07-07,22348.63,13,T008,Valid
6840,FR0056,D000390,P004,2026-07-24,22348.63,13,T008,Valid
6841,FR0056,D000102,P004,2026-07-26,22348.63,13,T008,Valid
6842,FR0056,D000646,P005,2026-01-09,31183.76,16,T008,Valid
6843,FR0056,D000702,P005,2026-01-01,31183.76,16,T008,Valid
6844,FR0056,D000679,P005,2026-01-14,31183.76,16,T008,Valid
6845,FR0056,D000152,P005,2026-01-12,31183.76,16,T008,Valid
6846,FR0056,D000046,P005,2026-01-10,31183.76,16,T008,Valid
6847,FR0056,D000679,P005,2026-02-20,34307.76,18,T008,Valid
6848,FR0056,D000207,P005,2026-02-02,34307.76,18,T008,Valid
6849,FR0056,D000702,P005,2026-02-02,34307.76,18,T008,Valid
6850,FR0056,D000046,P005,2026-02-23,34307.76,18,T008,Valid
6851,FR0056,D000390,P005,2026-03-05,27945.43,14,T008,Valid
6852,FR0056,D000646,P005,2026-03-24,27945.43,14,T008,Valid
6853,FR0056,D000798,P005,2026-03-24,27945.43,14,T008,Valid
6854,FR0056,D000679,P005,2026-03-11,27945.43,14,T008,Valid
6855,FR0056,D000300,P005,2026-03-17,27945.43,14,T008,Valid
6856,FR0056,D000152,P005,2026-04-14,37965.95,20,T008,Valid
6857,FR0056,D000207,P005,2026-04-21,37965.95,20,T008,Valid
6858,FR0056,D000798,P005,2026-04-22,37965.95,20,T008,Valid
6859,FR0056,D000702,P005,2026-04-01,37965.95,20,T008,Valid
6860,FR0056,D000102,P005,2026-05-24,65883.81,34,T008,Valid
6861,FR0056,D000046,P005,2026-05-27,65883.81,34,T008,Valid
6862,FR0056,D000102,P005,2026-06-03,30988.38,16,T008,Valid
6863,FR0056,D000798,P005,2026-06-18,30988.38,16,T008,Valid
6864,FR0056,D000646,P005,2026-06-22,30988.38,16,T008,Valid
6865,FR0056,D000679,P005,2026-06-17,30988.38,16,T008,Valid
6866,FR0056,D000152,P005,2026-06-24,30988.38,16,T008,Valid
6867,FR0056,D000300,P005,2026-07-03,34923.14,18,T008,Valid
6868,FR0056,D000679,P005,2026-07-21,34923.14,18,T008,Valid
6869,FR0056,D000702,P005,2026-07-21,34923.14,18,T008,Valid
6870,FR0056,D000207,P005,2026-07-17,34923.14,18,T008,Valid
6871,FR0056,D000702,P016,2026-01-23,24737.0,169,T008,Valid
6872,FR0056,D000152,P016,2026-01-12,24737.0,169,T008,Valid
6873,FR0056,D000046,P016,2026-01-11,24737.0,169,T008,Valid
6874,FR0056,D000390,P016,2026-01-19,24737.0,169,T008,Valid
6875,FR0056,D000798,P016,2026-01-01,24737.0,169,T008,Valid
6876,FR0056,D000207,P016,2026-02-19,36679.45,250,T008,Valid
6877,FR0056,D000046,P016,2026-02-06,36679.45,250,T008,Valid
6878,FR0056,D000152,P016,2026-02-14,36679.45,250,T008,Valid
6879,FR0056,D000798,P016,2026-03-06,38864.55,265,T008,Valid
6880,FR0056,D000702,P016,2026-03-03,38864.55,265,T008,Valid
6881,FR0056,D000646,P016,2026-03-02,38864.55,265,T008,Valid
6882,FR0056,D000702,P016,2026-04-11,248063.47,1690,T008,Valid
6883,FR0056,D000046,P016,2026-05-20,38720.67,264,T008,Valid
6884,FR0056,D000207,P016,2026-05-10,38720.67,264,T008,Valid
6885,FR0056,D000390,P016,2026-05-01,38720.67,264,T008,Valid
6886,FR0056,D000679,P016,2026-06-14,18774.92,128,T008,Valid
6887,FR0056,D000207,P016,2026-06-16,18774.92,128,T008,Valid
6888,FR0056,D000390,P016,2026-06-10,18774.92,128,T008,Valid
6889,FR0056,D000046,P016,2026-06-07,18774.92,128,T008,Valid
6890,FR0056,D000300,P016,2026-06-07,18774.92,128,T008,Valid
6891,FR0056,D000702,P016,2026-06-03,18774.92,128,T008,Valid
6892,FR0056,D000207,P016,2026-07-11,27118.4,185,T008,Valid
6893,FR0056,D000300,P016,2026-07-27,27118.4,185,T008,Valid
6894,FR0056,D000646,P016,2026-07-12,27118.4,185,T008,Valid
6895,FR0056,D000679,P016,2026-07-20,27118.4,185,T008,Valid
6896,FR0057,D000321,P012,2026-01-11,19393.66,9,T006,Valid
6897,FR0057,D000777,P012,2026-01-26,19393.66,9,T006,Valid
6898,FR0057,D000742,P012,2026-01-27,19393.66,9,T006,Valid
6899,FR0057,D000079,P012,2026-01-13,19393.66,9,T006,Valid
6900,FR0057,D000097,P012,2026-01-12,19393.66,9,T006,Valid
6901,FR0057,D000553,P012,2026-01-20,19393.66,9,T006,Valid
6902,FR0057,D000294,P012,2026-02-24,17687.87,8,T006,Valid
6903,FR0057,D000321,P012,2026-02-07,17687.87,8,T006,Valid
6904,FR0057,D000672,P012,2026-02-03,17687.87,8,T006,Valid
6905,FR0057,D000715,P012,2026-02-09,17687.87,8,T006,Valid
6906,FR0057,D000079,P012,2026-02-07,17687.87,8,T006,Valid
6907,FR0057,D000063,P012,2026-02-05,17687.87,8,T006,Valid
6908,FR0057,D000079,P012,2026-03-12,40405.69,19,T006,Valid
6909,FR0057,D000777,P012,2026-03-15,40405.69,19,T006,Valid
6910,FR0057,D000715,P012,2026-03-27,40405.69,19,T006,Valid
6911,FR0057,D000097,P012,2026-04-17,60985.99,29,T006,Valid
6912,FR0057,D000079,P012,2026-04-05,60985.99,29,T006,Valid
6913,FR0057,D000777,P012,2026-05-08,27085.47,13,T006,Valid
6914,FR0057,D000553,P012,2026-05-11,27085.47,13,T006,Valid
6915,FR0057,D000079,P012,2026-05-12,27085.47,13,T006,Valid
6916,FR0057,D000294,P012,2026-05-07,27085.47,13,T006,Valid
6917,FR0057,D000880,P012,2026-06-10,54486.32,26,T006,Valid
6918,FR0057,D000321,P012,2026-06-15,54486.32,26,T006,Valid
6919,FR0057,D000715,P012,2026-07-14,58821.26,28,T006,Valid
6920,FR0057,D000777,P012,2026-07-20,58821.26,28,T006,Valid
6921,FR0057,D000294,P021,2026-01-04,15113.39,7,T006,Valid
6922,FR0057,D000777,P021,2026-01-18,15113.39,7,T006,Valid
6923,FR0057,D000321,P021,2026-01-06,15113.39,7,T006,Valid
6924,FR0057,D000394,P021,2026-01-19,15113.39,7,T006,Valid
6925,FR0057,D000742,P021,2026-01-05,15113.39,7,T006,Valid
6926,FR0057,D000097,P021,2026-02-22,20785.7,10,T006,Valid
6927,FR0057,D000063,P021,2026-02-20,20785.7,10,T006,Valid
6928,FR0057,D000553,P021,2026-02-26,20785.7,10,T006,Valid
6929,FR0057,D000321,P021,2026-02-01,20785.7,10,T006,Valid
6930,FR0057,D000777,P021,2026-03-25,16830.28,8,T006,Valid
6931,FR0057,D000715,P021,2026-03-23,16830.28,8,T006,Valid
6932,FR0057,D000079,P021,2026-03-17,16830.28,8,T006,Valid
6933,FR0057,D000063,P021,2026-03-05,16830.28,8,T006,Valid
6934,FR0057,D000880,P021,2026-03-22,16830.28,8,T006,Valid
6935,FR0057,D000553,P021,2026-04-05,27055.47,13,T006,Valid
6936,FR0057,D000672,P021,2026-04-03,27055.47,13,T006,Valid
6937,FR0057,D000097,P021,2026-04-26,27055.47,13,T006,Valid
6938,FR0057,D000715,P021,2026-05-17,15890.48,8,T006,Valid
6939,FR0057,D000880,P021,2026-05-21,15890.48,8,T006,Valid
6940,FR0057,D000553,P021,2026-05-16,15890.48,8,T006,Valid
6941,FR0057,D000097,P021,2026-05-26,15890.48,8,T006,Valid
6942,FR0057,D000063,P021,2026-05-03,15890.48,8,T006,Valid
6943,FR0057,D000742,P021,2026-06-22,157120.2,76,T008,Valid
6944,FR0057,D000777,P021,2026-07-15,14644.81,7,T006,Valid
6945,FR0057,D000097,P021,2026-07-05,14644.81,7,T006,Valid
6946,FR0057,D000321,P021,2026-07-12,14644.81,7,T006,Valid
6947,FR0057,D000294,P021,2026-07-10,14644.81,7,T006,Valid
6948,FR0057,D000672,P021,2026-07-06,14644.81,7,T006,Valid
6949,FR0057,D000777,P006,2026-01-21,75182.22,204,T006,Valid
6950,FR0057,D000097,P006,2026-01-13,75182.22,204,T006,Valid
6951,FR0057,D000880,P006,2026-02-01,41652.89,113,T006,Valid
6952,FR0057,D000097,P006,2026-02-26,41652.89,113,T006,Valid
6953,FR0057,D000321,P006,2026-02-10,41652.89,113,T006,Valid
6954,FR0057,D000394,P006,2026-03-21,25413.5,69,T006,Valid
6955,FR0057,D000063,P006,2026-03-24,25413.5,69,T006,Valid
6956,FR0057,D000715,P006,2026-03-17,25413.5,69,T006,Valid
6957,FR0057,D000777,P006,2026-03-14,25413.5,69,T006,Valid
6958,FR0057,D000321,P006,2026-03-23,25413.5,69,T006,Valid
6959,FR0057,D000079,P006,2026-03-07,25413.5,69,T006,Valid
6960,FR0057,D000553,P006,2026-04-18,33846.31,92,T006,Valid
6961,FR0057,D000097,P006,2026-04-17,33846.31,92,T006,Valid
6962,FR0057,D000294,P006,2026-04-17,33846.31,92,T006,Valid
6963,FR0057,D000672,P006,2026-04-24,33846.31,92,T006,Valid
6964,FR0057,D000715,P006,2026-05-14,24117.21,66,T006,Valid
6965,FR0057,D000294,P006,2026-05-05,24117.21,66,T006,Valid
6966,FR0057,D000079,P006,2026-05-27,24117.21,66,T006,Valid
6967,FR0057,D000777,P006,2026-05-01,24117.21,66,T006,Valid
6968,FR0057,D000553,P006,2026-05-04,24117.21,66,T006,Valid
6969,FR0057,D000063,P006,2026-05-24,24117.21,66,T006,Valid
6970,FR0057,D000321,P006,2026-06-17,20651.18,56,T006,Valid
6971,FR0057,D000742,P006,2026-06-07,20651.18,56,T006,Valid
6972,FR0057,D000571,P006,2026-06-04,20651.18,56,T006,Valid
6973,FR0057,D000079,P006,2026-06-24,20651.18,56,T006,Valid
6974,FR0057,D000063,P006,2026-06-09,20651.18,56,T006,Valid
6975,FR0057,D000294,P006,2026-06-19,20651.18,56,T006,Valid
6976,FR0057,D000777,P006,2026-07-10,44460.77,121,T006,Valid
6977,FR0057,D000715,P006,2026-07-19,44460.77,121,T006,Valid
6978,FR0057,D000321,P006,2026-07-25,44460.77,121,T006,Valid
6979,FR0057,D000097,P023,2026-01-03,15803.94,7,T006,Valid
6980,FR0057,D000672,P023,2026-01-14,15803.94,7,T006,Valid
6981,FR0057,D000294,P023,2026-01-07,15803.94,7,T006,Valid
6982,FR0057,D000715,P023,2026-01-02,15803.94,7,T006,Valid
6983,FR0057,D000394,P023,2026-01-19,15803.94,7,T006,Valid
6984,FR0057,D000063,P023,2026-02-13,13202.47,6,T006,Valid
6985,FR0057,D000672,P023,2026-02-21,13202.47,6,T006,Valid
6986,FR0057,D000321,P023,2026-02-24,13202.47,6,T006,Valid
6987,FR0057,D000777,P023,2026-02-14,13202.47,6,T006,Valid
6988,FR0057,D000715,P023,2026-02-26,13202.47,6,T006,Valid
6989,FR0057,D000394,P023,2026-03-18,24794.33,10,T006,Valid
6990,FR0057,D000742,P023,2026-03-06,24794.33,10,T006,Valid
6991,FR0057,D000777,P023,2026-03-17,24794.33,10,T006,Valid
6992,FR0057,D000672,P023,2026-04-05,39071.84,16,T006,Valid
6993,FR0057,D000294,P023,2026-04-12,39071.84,16,T006,Valid
6994,FR0057,D000571,P023,2026-05-20,78099.98,33,T006,Valid
6995,FR0057,D000777,P023,2026-06-27,19147.08,8,T006,Valid
6996,FR0057,D000321,P023,2026-06-16,19147.08,8,T006,Valid
6997,FR0057,D000715,P023,2026-06-05,19147.08,8,T006,Valid
6998,FR0057,D000394,P023,2026-06-08,19147.08,8,T006,Valid
6999,FR0057,D000742,P023,2026-07-21,16327.24,7,T006,Valid
7000,FR0057,D000777,P023,2026-07-17,16327.24,7,T006,Valid
7001,FR0057,D000394,P023,2026-07-20,16327.24,7,T006,Valid
7002,FR0057,D000715,P023,2026-07-09,16327.24,7,T006,Valid
7003,FR0057,D000672,P004,2026-01-14,32846.53,19,T006,Valid
7004,FR0057,D000553,P004,2026-01-11,32846.53,19,T006,Valid
7005,FR0057,D000742,P004,2026-01-04,32846.53,19,T006,Valid
7006,FR0057,D000097,P004,2026-01-24,32846.53,19,T006,Valid
7007,FR0057,D000394,P004,2026-02-14,32373.88,19,T006,Valid
7008,FR0057,D000294,P004,2026-02-26,32373.88,19,T006,Valid
7009,FR0057,D000321,P004,2026-02-03,32373.88,19,T006,Valid
7010,FR0057,D000715,P004,2026-02-12,32373.88,19,T006,Valid
7011,FR0057,D000571,P004,2026-03-24,24213.49,14,T006,Valid
7012,FR0057,D000672,P004,2026-03-26,24213.49,14,T006,Valid
7013,FR0057,D000715,P004,2026-03-19,24213.49,14,T006,Valid
7014,FR0057,D000553,P004,2026-03-12,24213.49,14,T006,Valid
7015,FR0057,D000294,P004,2026-03-17,24213.49,14,T006,Valid
7016,FR0057,D000063,P004,2026-04-19,45163.66,26,T006,Valid
7017,FR0057,D000079,P004,2026-04-21,45163.66,26,T006,Valid
7018,FR0057,D000394,P004,2026-04-05,45163.66,26,T006,Valid
7019,FR0057,D000880,P004,2026-05-13,19416.48,11,T006,Valid
7020,FR0057,D000777,P004,2026-05-18,19416.48,11,T006,Valid
7021,FR0057,D000294,P004,2026-05-19,19416.48,11,T006,Valid
7022,FR0057,D000321,P004,2026-05-17,19416.48,11,T006,Valid
7023,FR0057,D000097,P004,2026-05-09,19416.48,11,T006,Valid
7024,FR0057,D000571,P004,2026-05-21,19416.48,11,T006,Valid
7025,FR0057,D000321,P004,2026-06-27,245087.01,141,T006,Valid
7026,FR0057,D000553,P004,2026-07-09,20764.47,12,T006,Valid
7027,FR0057,D000880,P004,2026-07-14,20764.47,12,T006,Valid
7028,FR0057,D000571,P004,2026-07-12,20764.47,12,T006,Valid
7029,FR0057,D000079,P004,2026-07-19,20764.47,12,T006,Valid
7030,FR0057,D000394,P004,2026-07-13,20764.47,12,T006,Valid
7031,FR0057,D000672,P004,2026-07-20,20764.47,12,T006,Valid
7032,FR0057,D000571,P016,2026-01-21,36573.51,249,T006,Valid
7033,FR0057,D000097,P016,2026-01-24,36573.51,249,T006,Valid
7034,FR0057,D000063,P016,2026-01-13,36573.51,249,T006,Valid
7035,FR0057,D000715,P016,2026-02-05,47393.11,323,T006,Valid
7036,FR0057,D000777,P016,2026-02-17,47393.11,323,T006,Valid
7037,FR0057,D000880,P016,2026-03-24,32386.08,221,T006,Valid
7038,FR0057,D000672,P016,2026-03-06,32386.08,221,T006,Valid
7039,FR0057,D000394,P016,2026-03-12,32386.08,221,T006,Valid
7040,FR0057,D000672,P016,2026-04-22,35560.32,242,T006,Valid
7041,FR0057,D000294,P016,2026-04-15,35560.32,242,T006,Valid
7042,FR0057,D000063,P016,2026-04-11,35560.32,242,T006,Valid
7043,FR0057,D000321,P016,2026-05-16,21614.27,147,T006,Valid
7044,FR0057,D000294,P016,2026-05-17,21614.27,147,T006,Valid
7045,FR0057,D000715,P016,2026-05-10,21614.27,147,T006,Valid
7046,FR0057,D000394,P016,2026-05-13,21614.27,147,T006,Valid
7047,FR0057,D000553,P016,2026-05-15,21614.27,147,T006,Valid
7048,FR0057,D000079,P016,2026-06-04,26575.25,181,T006,Valid
7049,FR0057,D000742,P016,2026-06-17,26575.25,181,T006,Valid
7050,FR0057,D000715,P016,2026-06-15,26575.25,181,T006,Valid
7051,FR0057,D000777,P016,2026-06-12,26575.25,181,T006,Valid
7052,FR0057,D000394,P016,2026-07-14,199700.48,1361,T006,Valid
7053,FR0057,D000742,P018,2026-01-15,30518.83,45,T006,Valid
7054,FR0057,D000715,P018,2026-01-14,30518.83,45,T006,Valid
7055,FR0057,D000571,P018,2026-01-13,30518.83,45,T006,Valid
7056,FR0057,D000321,P018,2026-01-11,30518.83,45,T006,Valid
7057,FR0057,D000777,P018,2026-02-21,28766.38,43,T006,Valid
7058,FR0057,D000715,P018,2026-02-10,28766.38,43,T006,Valid
7059,FR0057,D000321,P018,2026-02-25,28766.38,43,T006,Valid
7060,FR0057,D000294,P018,2026-02-18,28766.38,43,T006,Valid
7061,FR0057,D000097,P018,2026-03-16,17585.61,26,T006,Valid
7062,FR0057,D000880,P018,2026-03-23,17585.61,26,T006,Valid
7063,FR0057,D000063,P018,2026-03-10,17585.61,26,T006,Valid
7064,FR0057,D000715,P018,2026-03-12,17585.61,26,T006,Valid
7065,FR0057,D000321,P018,2026-03-12,17585.61,26,T006,Valid
7066,FR0057,D000742,P018,2026-03-15,17585.61,26,T006,Valid
7067,FR0057,D000394,P018,2026-04-09,52116.41,77,T006,Valid
7068,FR0057,D000742,P018,2026-04-15,52116.41,77,T006,Valid
7069,FR0057,D000742,P018,2026-05-23,59208.21,88,T006,Valid
7070,FR0057,D000321,P018,2026-05-16,59208.21,88,T006,Valid
7071,FR0057,D000394,P018,2026-06-09,21111.89,31,T006,Valid
7072,FR0057,D000553,P018,2026-06-24,21111.89,31,T006,Valid
7073,FR0057,D000321,P018,2026-06-16,21111.89,31,T006,Valid
7074,FR0057,D000079,P018,2026-06-04,21111.89,31,T006,Valid
7075,FR0057,D000294,P018,2026-06-18,21111.89,31,T006,Valid
7076,FR0057,D000880,P018,2026-06-21,21111.89,31,T006,Valid
7077,FR0057,D000097,P018,2026-07-12,39514.19,59,T006,Valid
7078,FR0057,D000672,P018,2026-07-18,39514.19,59,T006,Valid
7079,FR0057,D000394,P018,2026-07-27,39514.19,59,T006,Valid
7080,FR0058,D000884,P026,2026-01-21,48690.93,27,T015,Valid
7081,FR0058,D000409,P026,2026-01-04,48690.93,27,T015,Valid
7082,FR0058,D000235,P026,2026-01-07,48690.93,27,T015,Valid
7083,FR0058,D000333,P026,2026-02-15,33129.9,18,T015,Valid
7084,FR0058,D000024,P026,2026-02-09,33129.9,18,T015,Valid
7085,FR0058,D000235,P026,2026-02-26,33129.9,18,T015,Valid
7086,FR0058,D000884,P026,2026-02-15,33129.9,18,T015,Valid
7087,FR0058,D000333,P026,2026-03-18,22297.39,12,T015,Valid
7088,FR0058,D000718,P026,2026-03-23,22297.39,12,T015,Valid
7089,FR0058,D000884,P026,2026-03-19,22297.39,12,T015,Valid
7090,FR0058,D000227,P026,2026-03-02,22297.39,12,T015,Valid
7091,FR0058,D000235,P026,2026-03-23,22297.39,12,T015,Valid
7092,FR0058,D000136,P026,2026-03-16,22297.39,12,T015,Valid
7093,FR0058,D000024,P026,2026-04-01,29910.12,17,T015,Valid
7094,FR0058,D000227,P026,2026-04-15,29910.12,17,T015,Valid
7095,FR0058,D000494,P026,2026-04-20,29910.12,17,T015,Valid
7096,FR0058,D000314,P026,2026-04-01,29910.12,17,T015,Valid
7097,FR0058,D000136,P026,2026-04-02,29910.12,17,T015,Valid
7098,FR0058,D000494,P026,2026-05-02,29806.19,16,T015,Valid
7099,FR0058,D000884,P026,2026-05-18,29806.19,16,T015,Valid
7100,FR0058,D000687,P026,2026-05-23,29806.19,16,T015,Valid
7101,FR0058,D000235,P026,2026-05-06,29806.19,16,T015,Valid
7102,FR0058,D000979,P026,2026-05-11,29806.19,16,T015,Valid
7103,FR0058,D000718,P026,2026-06-12,69099.39,38,T015,Valid
7104,FR0058,D000884,P026,2026-06-26,69099.39,38,T015,Valid
7105,FR0058,D000314,P026,2026-07-07,23812.1,13,T015,Valid
7106,FR0058,D000333,P026,2026-07-14,23812.1,13,T015,Valid
7107,FR0058,D000979,P026,2026-07-08,23812.1,13,T015,Valid
7108,FR0058,D000687,P026,2026-07-22,23812.1,13,T015,Valid
7109,FR0058,D000227,P026,2026-07-12,23812.1,13,T015,Valid
7110,FR0058,D000288,P026,2026-07-17,23812.1,13,T015,Valid
7111,FR0058,D000884,P027,2026-01-26,20652.55,8,T015,Valid
7112,FR0058,D000136,P027,2026-01-27,20652.55,8,T015,Valid
7113,FR0058,D000227,P027,2026-01-25,20652.55,8,T015,Valid
7114,FR0058,D000718,P027,2026-01-20,20652.55,8,T015,Valid
7115,FR0058,D000227,P027,2026-02-24,13953.27,6,T019,Valid
7116,FR0058,D000314,P027,2026-02-27,13953.27,6,T012,Valid
7117,FR0058,D000884,P027,2026-02-09,13953.27,6,T015,Valid
7118,FR0058,D000687,P027,2026-02-07,13953.27,6,T015,Valid
7119,FR0058,D000979,P027,2026-02-22,13953.27,6,T015,Valid
7120,FR0058,D000288,P027,2026-02-15,13953.27,6,T015,Valid
7121,FR0058,D000979,P027,2026-03-27,19149.74,8,T015,Valid
7122,FR0058,D000288,P027,2026-03-17,19149.74,8,T015,Valid
7123,FR0058,D000409,P027,2026-03-11,19149.74,8,T015,Valid
7124,FR0058,D000158,P027,2026-03-22,19149.74,8,T015,Valid
7125,FR0058,D000314,P027,2026-03-08,19149.74,8,T015,Valid
7126,FR0058,D000158,P027,2026-04-25,45788.49,18,T015,Valid
7127,FR0058,D000409,P027,2026-04-13,45788.49,18,T015,Valid
7128,FR0058,D000227,P027,2026-05-03,27346.67,11,T015,Valid
7129,FR0058,D000884,P027,2026-05-21,27346.67,11,T015,Valid
7130,FR0058,D000158,P027,2026-05-06,27346.67,11,T015,Valid
7131,FR0058,D000494,P027,2026-06-26,47879.35,19,T015,Valid
7132,FR0058,D000333,P027,2026-06-18,47879.35,19,T015,Valid
7133,FR0058,D000979,P027,2026-07-21,13813.7,6,T015,Valid
7134,FR0058,D000235,P027,2026-07-09,13813.7,6,T015,Valid
7135,FR0058,D000314,P027,2026-07-12,13813.7,6,T015,Valid
7136,FR0058,D000288,P027,2026-07-07,13813.7,6,T015,Valid
7137,FR0058,D000333,P027,2026-07-12,13813.7,6,T015,Valid
7138,FR0058,D000884,P027,2026-07-27,13813.7,6,T015,Valid
7139,FR0058,D000687,P012,2026-01-13,11306.29,5,T015,Valid
7140,FR0058,D000884,P012,2026-01-07,11306.29,5,T015,Valid
7141,FR0058,D000718,P012,2026-01-01,11306.29,5,T015,Valid
7142,FR0058,D000288,P012,2026-01-11,11306.29,5,T015,Valid
7143,FR0058,D000136,P012,2026-01-02,11306.29,5,T015,Valid
7144,FR0058,D000227,P012,2026-01-18,11306.29,5,T015,Valid
7145,FR0058,D000333,P012,2026-02-17,25000.57,12,T015,Valid
7146,FR0058,D000718,P012,2026-02-25,25000.57,12,T015,Valid
7147,FR0058,D000314,P012,2026-02-18,25000.57,12,T015,Valid
7148,FR0058,D000314,P012,2026-03-01,20054.56,9,T015,Valid
7149,FR0058,D000687,P012,2026-03-09,20054.56,9,T015,Valid
7150,FR0058,D000158,P012,2026-03-17,20054.56,9,T015,Valid
7151,FR0058,D000718,P012,2026-03-07,20054.56,9,T015,Valid
7152,FR0058,D000158,P012,2026-04-06,41022.77,19,T015,Valid
7153,FR0058,D000333,P012,2026-04-07,41022.77,19,T015,Valid
7154,FR0058,D000979,P012,2026-05-08,66283.94,31,T006,Valid
7155,FR0058,D000333,P012,2026-06-21,34298.08,16,T015,Valid
7156,FR0058,D000314,P012,2026-06-23,34298.08,16,T015,Valid
7157,FR0058,D000314,P012,2026-07-17,20993.05,10,T015,Valid
7158,FR0058,D000409,P012,2026-07-27,20993.05,10,T015,Valid
7159,FR0058,D000024,P012,2026-07-08,20993.05,10,T015,Valid
7160,FR0058,D000687,P012,2026-07-08,20993.05,10,T015,Valid
7161,FR0058,D000235,P012,2026-07-22,20993.05,10,T015,Valid
7162,FR0058,D000136,P012,2026-07-13,20993.05,10,T015,Valid
7163,FR0058,D000494,P016,2026-01-20,19644.22,134,T015,Valid
7164,FR0058,D000136,P016,2026-01-01,19644.22,134,T015,Valid
7165,FR0058,D000314,P016,2026-01-26,19644.22,134,T015,Valid
7166,FR0058,D000024,P016,2026-01-26,19644.22,134,T015,Valid
7167,FR0058,D000288,P016,2026-01-19,19644.22,134,T015,Valid
7168,FR0058,D000227,P016,2026-01-19,19644.22,134,T015,Valid
7169,FR0058,D000158,P016,2026-02-23,29838.82,203,T015,Valid
7170,FR0058,D000288,P016,2026-02-15,29838.82,203,T015,Valid
7171,FR0058,D000687,P016,2026-02-02,29838.82,203,T015,Valid
7172,FR0058,D000136,P016,2026-02-18,29838.82,203,T015,Valid
7173,FR0058,D000314,P016,2026-03-19,38804.87,264,T015,Valid
7174,FR0058,D000409,P016,2026-03-15,38804.87,264,T015,Valid
7175,FR0058,D000158,P016,2026-03-15,38804.87,264,T015,Valid
7176,FR0058,D000494,P016,2026-04-21,65859.7,449,T015,Valid
7177,FR0058,D000227,P016,2026-04-24,65859.7,449,T015,Valid
7178,FR0058,D000158,P016,2026-05-04,57779.22,394,T015,Valid
7179,FR0058,D000979,P016,2026-05-19,57779.22,394,T015,Valid
7180,FR0058,D000288,P016,2026-06-05,21464.58,146,T015,Valid
7181,FR0058,D000884,P016,2026-06-20,21464.58,146,T015,Valid
7182,FR0058,D000235,P016,2026-06-07,21464.58,146,T015,Valid
7183,FR0058,D000409,P016,2026-06-12,21464.58,146,T015,Valid
7184,FR0058,D000024,P016,2026-06-08,21464.58,146,T015,Valid
7185,FR0058,D000687,P016,2026-07-08,19073.37,130,T015,Valid
7186,FR0058,D000136,P016,2026-07-11,19073.37,130,T015,Valid
7187,FR0058,D000024,P016,2026-07-16,19073.37,130,T015,Valid
7188,FR0058,D000314,P016,2026-07-11,19073.37,130,T015,Valid
7189,FR0058,D000288,P016,2026-07-13,19073.37,130,T015,Valid
7190,FR0058,D000333,P016,2026-07-07,19073.37,130,T015,Valid
7191,FR0058,D000227,P024,2026-01-17,31045.24,42,T015,Valid
7192,FR0058,D000979,P024,2026-01-19,31045.24,42,T015,Valid
7193,FR0058,D000136,P024,2026-01-16,31045.24,42,T015,Valid
7194,FR0058,D000494,P024,2026-01-19,31045.24,42,T015,Valid
7195,FR0058,D000288,P024,2026-01-08,31045.24,42,T015,Valid
7196,FR0058,D000687,P024,2026-01-26,31045.24,42,T015,Valid
7197,FR0058,D000136,P024,2026-02-02,24562.37,33,T015,Valid
7198,FR0058,D000333,P024,2026-02-14,24562.37,33,T015,Valid
7199,FR0058,D000718,P024,2026-02-15,24562.37,33,T015,Valid
7200,FR0058,D000024,P024,2026-02-19,24562.37,33,T015,Valid
7201,FR0058,D000227,P024,2026-02-03,24562.37,33,T015,Valid
7202,FR0058,D000136,P024,2026-03-26,33939.41,46,T015,Valid
7203,FR0058,D000314,P024,2026-03-25,33939.41,46,T015,Valid
7204,FR0058,D000235,P024,2026-03-21,33939.41,46,T015,Valid
7205,FR0058,D000409,P024,2026-03-19,33939.41,46,T015,Valid
7206,FR0058,D000884,P024,2026-04-15,61330.57,83,T015,Valid
7207,FR0058,D000409,P024,2026-04-27,61330.57,83,T015,Valid
7208,FR0058,D000024,P024,2026-05-09,66970.98,91,T015,Valid
7209,FR0058,D000314,P024,2026-05-10,66970.98,91,T015,Valid
7210,FR0058,D000884,P024,2026-06-21,21379.59,29,T015,Valid
7211,FR0058,D000718,P024,2026-06-16,21379.59,29,T015,Valid
7212,FR0058,D000333,P024,2026-06-08,21379.59,29,T015,Valid
7213,FR0058,D000687,P024,2026-06-08,21379.59,29,T015,Valid
7214,FR0058,D000227,P024,2026-06-06,21379.59,29,T015,Valid
7215,FR0058,D000136,P024,2026-06-19,21379.59,29,T015,Valid
7216,FR0058,D000884,P024,2026-07-04,33235.85,45,T015,Valid
7217,FR0058,D000333,P024,2026-07-01,33235.85,45,T015,Valid
7218,FR0058,D000235,P024,2026-07-18,33235.85,45,T015,Valid
7219,FR0058,D000288,P024,2026-07-18,33235.85,45,T015,Valid
7220,FR0058,D000409,P020,2026-01-12,58487.65,191,T015,Valid
7221,FR0058,D000136,P020,2026-01-01,58487.65,191,T015,Valid
7222,FR0058,D000884,P020,2026-02-14,17216.24,56,T015,Valid
7223,FR0058,D000494,P020,2026-02-04,17216.24,56,T015,Valid
7224,FR0058,D000288,P020,2026-02-04,17216.24,56,T015,Valid
7225,FR0058,D000979,P020,2026-02-16,17216.24,56,T015,Valid
7226,FR0058,D000235,P020,2026-02-16,17216.24,56,T015,Valid
7227,FR0058,D000333,P020,2026-02-10,17216.24,56,T015,Valid
7228,FR0058,D000333,P020,2026-03-26,28929.6,95,T015,Valid
7229,FR0058,D000158,P020,2026-03-05,28929.6,95,T015,Valid
7230,FR0058,D000409,P020,2026-03-13,28929.6,95,T015,Valid
7231,FR0058,D000494,P020,2026-03-19,28929.6,95,T015,Valid
7232,FR0058,D000884,P020,2026-04-19,53781.84,176,T015,Valid
7233,FR0058,D000227,P020,2026-04-20,53781.84,176,T015,Valid
7234,FR0058,D000718,P020,2026-05-13,29000.46,95,T015,Valid
7235,FR0058,D000314,P020,2026-05-19,29000.46,95,T015,Valid
7236,FR0058,D000024,P020,2026-05-20,29000.46,95,T015,Valid
7237,FR0058,D000884,P020,2026-05-21,29000.46,95,T015,Valid
7238,FR0058,D000884,P020,2026-06-25,20200.36,66,T015,Valid
7239,FR0058,D000409,P020,2026-06-15,20200.36,66,T015,Valid
7240,FR0058,D000333,P020,2026-06-15,20200.36,66,T015,Valid
7241,FR0058,D000024,P020,2026-06-12,20200.36,66,T015,Valid
7242,FR0058,D000494,P020,2026-06-02,20200.36,66,T015,Valid
7243,FR0058,D000158,P020,2026-07-19,22637.98,74,T015,Valid
7244,FR0058,D000314,P020,2026-07-24,22637.98,74,T015,Valid
7245,FR0058,D000227,P020,2026-07-25,22637.98,74,T015,Valid
7246,FR0058,D000333,P020,2026-07-03,22637.98,74,T015,Valid
7247,FR0058,D000687,P020,2026-07-26,22637.98,74,T015,Valid
7248,FR0058,D000314,P010,2026-01-18,7604.41,6,T015,Valid
7249,FR0058,D000158,P010,2026-01-06,7604.41,6,T015,Valid
7250,FR0058,D000884,P010,2026-01-07,7604.41,6,T015,Valid
7251,FR0058,D000687,P010,2026-01-08,7604.41,6,T015,Valid
7252,FR0058,D000024,P010,2026-01-22,7604.41,6,T015,Valid
7253,FR0058,D000979,P010,2026-01-08,7604.41,6,T015,Valid
7254,FR0058,D000235,P010,2026-02-01,14723.63,11,T015,Valid
7255,FR0058,D000979,P010,2026-02-13,14723.63,11,T015,Valid
7256,FR0058,D000314,P010,2026-02-23,14723.63,11,T015,Valid
7257,FR0058,D000718,P010,2026-03-13,12930.6,10,T015,Valid
7258,FR0058,D000227,P010,2026-03-12,12930.6,10,T015,Valid
7259,FR0058,D000687,P010,2026-03-05,12930.6,10,T015,Valid
7260,FR0058,D000024,P010,2026-03-11,12930.6,10,T015,Valid
7261,FR0058,D000235,P010,2026-04-16,7662.87,6,T015,Valid
7262,FR0058,D000136,P010,2026-04-27,7662.87,6,T015,Valid
7263,FR0058,D000158,P010,2026-04-02,7662.87,6,T015,Valid
7264,FR0058,D000409,P010,2026-04-13,7662.87,6,T015,Valid
7265,FR0058,D000288,P010,2026-04-09,7662.87,6,T015,Valid
7266,FR0058,D000227,P010,2026-04-27,7662.87,6,T015,Valid
7267,FR0058,D000227,P010,2026-05-21,11853.08,9,T015,Valid
7268,FR0058,D000136,P010,2026-05-25,11853.08,9,T015,Valid
7269,FR0058,D000884,P010,2026-05-17,11853.08,9,T015,Valid
7270,FR0058,D000494,P010,2026-05-01,11853.08,9,T015,Valid
7271,FR0058,D000409,P010,2026-06-11,15183.09,12,T015,Valid
7272,FR0058,D000884,P010,2026-06-15,15183.09,12,T015,Valid
7273,FR0058,D000024,P010,2026-06-25,15183.09,12,T015,Valid
7274,FR0058,D000409,P010,2026-07-18,9140.83,7,T015,Valid
7275,FR0058,D000314,P010,2026-07-01,9140.83,7,T015,Valid
7276,FR0058,D000979,P010,2026-07-06,9140.83,7,T015,Valid
7277,FR0058,D000718,P010,2026-07-08,9140.83,7,T015,Valid
7278,FR0058,D000333,P010,2026-07-19,9140.83,7,T015,Valid
7279,FR0059,D000850,P004,2026-01-25,38888.84,22,T013,Valid
7280,FR0059,D000501,P004,2026-01-22,38888.84,22,T013,Valid
7281,FR0059,D000336,P004,2026-01-18,38888.84,22,T013,Valid
7282,FR0059,D000515,P004,2026-01-16,38888.84,22,T013,Valid
7283,FR0059,D000982,P004,2026-02-26,25169.98,14,T013,Valid
7284,FR0059,D000336,P004,2026-02-19,25169.98,14,T013,Valid
7285,FR0059,D000760,P004,2026-02-26,25169.98,14,T013,Valid
7286,FR0059,D000187,P004,2026-02-06,25169.98,14,T013,Valid
7287,FR0059,D000358,P004,2026-02-27,25169.98,14,T013,Valid
7288,FR0059,D000515,P004,2026-02-16,25169.98,14,T013,Valid
7289,FR0059,D000501,P004,2026-03-25,72632.66,42,T013,Valid
7290,FR0059,D000336,P004,2026-03-18,72632.66,42,T013,Valid
7291,FR0059,D000187,P004,2026-04-17,75294.9,43,T013,Valid
7292,FR0059,D000336,P004,2026-04-10,75294.9,43,T013,Valid
7293,FR0059,D000187,P004,2026-05-16,46665.12,27,T013,Valid
7294,FR0059,D000982,P004,2026-05-10,46665.12,27,T013,Valid
7295,FR0059,D000760,P004,2026-05-09,46665.12,27,T013,Valid
7296,FR0059,D000187,P004,2026-06-09,76265.72,44,T013,Valid
7297,FR0059,D000850,P004,2026-06-14,76265.72,44,T013,Valid
7298,FR0059,D000760,P004,2026-07-13,72794.88,42,T013,Valid
7299,FR0059,D000336,P004,2026-07-22,72794.88,42,T013,Valid
7300,FR0059,D000982,P008,2026-01-25,44523.2,19,T013,Valid
7301,FR0059,D000515,P008,2026-01-10,44523.2,19,T013,Valid
7302,FR0059,D000760,P008,2026-02-16,51829.56,22,T013,Valid
7303,FR0059,D000515,P008,2026-02-08,51829.56,22,T013,Valid
7304,FR0059,D000850,P008,2026-03-26,46255.24,19,T013,Valid
7305,FR0059,D000187,P008,2026-03-09,46255.24,19,T013,Valid
7306,FR0059,D000982,P008,2026-04-17,19312.13,8,T013,Valid
7307,FR0059,D000187,P008,2026-04-04,19312.13,8,T013,Valid
7308,FR0059,D000358,P008,2026-04-21,19312.13,8,T013,Valid
7309,FR0059,D000515,P008,2026-04-01,19312.13,8,T013,Valid
7310,FR0059,D000760,P008,2026-04-12,19312.13,8,T013,Valid
7311,FR0059,D000358,P008,2026-05-03,19192.92,8,T013,Valid
7312,FR0059,D000187,P008,2026-05-05,19192.92,8,T013,Valid
7313,FR0059,D000515,P008,2026-05-04,19192.92,8,T013,Valid
7314,FR0059,D000336,P008,2026-05-05,19192.92,8,T013,Valid
7315,FR0059,D000982,P008,2026-05-24,19192.92,8,T013,Valid
7316,FR0059,D000982,P008,2026-06-19,14870.14,6,T013,Valid
7317,FR0059,D000850,P008,2026-06-17,14870.14,6,T013,Valid
7318,FR0059,D000187,P008,2026-06-19,14870.14,6,T013,Valid
7319,FR0059,D000358,P008,2026-06-11,14870.14,6,T013,Valid
7320,FR0059,D000336,P008,2026-06-21,14870.14,6,T013,Valid
7321,FR0059,D000501,P008,2026-06-11,14870.14,6,T013,Valid
7322,FR0059,D000982,P008,2026-07-26,15526.48,6,T013,Valid
7323,FR0059,D000187,P008,2026-07-11,15526.48,6,T013,Valid
7324,FR0059,D000358,P008,2026-07-15,15526.48,6,T013,Valid
7325,FR0059,D000515,P008,2026-07-23,15526.48,6,T013,Valid
7326,FR0059,D000336,P008,2026-07-26,15526.48,6,T013,Valid
7327,FR0059,D000850,P008,2026-07-06,15526.48,6,T013,Valid
7328,FR0059,D000336,P029,2026-01-23,26587.71,68,T013,Valid
7329,FR0059,D000515,P029,2026-01-06,26587.71,68,T013,Valid
7330,FR0059,D000850,P029,2026-01-21,26587.71,68,T013,Valid
7331,FR0059,D000982,P029,2026-01-26,26587.71,68,T013,Valid
7332,FR0059,D000982,P029,2026-02-07,20436.87,52,T013,Valid
7333,FR0059,D000501,P029,2026-02-10,20436.87,52,T013,Valid
7334,FR0059,D000336,P029,2026-02-21,20436.87,52,T013,Valid
7335,FR0059,D000358,P029,2026-02-10,20436.87,52,T013,Valid
7336,FR0059,D000515,P029,2026-02-15,20436.87,52,T013,Valid
7337,FR0059,D000982,P029,2026-03-25,27718.75,71,T013,Valid
7338,FR0059,D000187,P029,2026-03-10,27718.75,71,T013,Valid
7339,FR0059,D000358,P029,2026-03-17,27718.75,71,T013,Valid
7340,FR0059,D000501,P029,2026-03-21,27718.75,71,T013,Valid
7341,FR0059,D000515,P029,2026-04-01,37035.35,95,T013,Valid
7342,FR0059,D000982,P029,2026-04-10,37035.35,95,T013,Valid
7343,FR0059,D000760,P029,2026-04-10,37035.35,95,T013,Valid
7344,FR0059,D000187,P029,2026-05-10,53254.73,136,T013,Valid
7345,FR0059,D000515,P029,2026-05-20,53254.73,136,T013,Valid
7346,FR0059,D000358,P029,2026-06-23,20997.58,54,T013,Valid
7347,FR0059,D000982,P029,2026-06-23,20997.58,54,T013,Valid
7348,FR0059,D000336,P029,2026-06-05,20997.58,54,T013,Valid
7349,FR0059,D000501,P029,2026-06-12,20997.58,54,T013,Valid
7350,FR0059,D000515,P029,2026-06-20,20997.58,54,T013,Valid
7351,FR0059,D000187,P029,2026-07-23,33944.86,87,T013,Valid
7352,FR0059,D000515,P029,2026-07-27,33944.86,87,T013,Valid
7353,FR0059,D000982,P029,2026-07-02,33944.86,87,T013,Valid
7354,FR0059,D000358,P003,2026-01-03,26907.27,16,T013,Valid
7355,FR0059,D000850,P003,2026-01-16,26907.27,16,T013,Valid
7356,FR0059,D000336,P003,2026-01-14,26907.27,16,T013,Valid
7357,FR0059,D000501,P003,2026-01-26,26907.27,16,T013,Valid
7358,FR0059,D000982,P003,2026-01-01,26907.27,16,T013,Valid
7359,FR0059,D000515,P003,2026-02-18,19401.96,11,T013,Valid
7360,FR0059,D000501,P003,2026-02-08,19401.96,11,T013,Valid
7361,FR0059,D000358,P003,2026-02-26,19401.96,11,T013,Valid
7362,FR0059,D000336,P003,2026-02-21,19401.96,11,T013,Valid
7363,FR0059,D000982,P003,2026-02-11,19401.96,11,T013,Valid
7364,FR0059,D000760,P003,2026-02-14,19401.96,11,T013,Valid
7365,FR0059,D000760,P003,2026-03-20,63919.1,37,T013,Valid
7366,FR0059,D000336,P003,2026-03-26,63919.1,37,T013,Valid
7367,FR0059,D000982,P003,2026-04-11,32464.61,19,T013,Valid
7368,FR0059,D000760,P003,2026-04-02,32464.61,19,T013,Valid
7369,FR0059,D000336,P003,2026-04-07,32464.61,19,T013,Valid
7370,FR0059,D000501,P003,2026-04-20,32464.61,19,T013,Valid
7371,FR0059,D000982,P003,2026-05-17,27580.19,16,T008,Valid
7372,FR0059,D000501,P003,2026-05-23,27580.19,16,T004,Valid
7373,FR0059,D000187,P003,2026-05-02,27580.19,16,T008,Valid
7374,FR0059,D000358,P003,2026-05-06,27580.19,16,T013,Valid
7375,FR0059,D000187,P003,2026-06-15,40003.24,23,T013,Valid
7376,FR0059,D000760,P003,2026-06-26,40003.24,23,T013,Valid
7377,FR0059,D000501,P003,2026-06-19,40003.24,23,T013,Valid
7378,FR0059,D000850,P003,2026-07-24,19579.56,11,T013,Valid
7379,FR0059,D000515,P003,2026-07-22,19579.56,11,T013,Valid
7380,FR0059,D000187,P003,2026-07-06,19579.56,11,T013,Valid
7381,FR0059,D000358,P003,2026-07-23,19579.56,11,T013,Valid
7382,FR0059,D000982,P003,2026-07-06,19579.56,11,T013,Valid
7383,FR0059,D000760,P003,2026-07-16,19579.56,11,T013,Valid
7384,FR0060,D000383,P011,2026-01-02,26424.46,12,T009,Valid
7385,FR0060,D000278,P011,2026-01-08,26424.46,12,T009,Valid
7386,FR0060,D000746,P011,2026-01-10,26424.46,12,T009,Valid
7387,FR0060,D000117,P011,2026-01-06,26424.46,12,T009,Valid
7388,FR0060,D000472,P011,2026-01-10,26424.46,12,T009,Valid
7389,FR0060,D000689,P011,2026-02-08,22184.73,10,T009,Valid
7390,FR0060,D000117,P011,2026-02-12,22184.73,10,T009,Valid
7391,FR0060,D000761,P011,2026-02-11,22184.73,10,T009,Valid
7392,FR0060,D000383,P011,2026-02-13,22184.73,10,T009,Valid
7393,FR0060,D000746,P011,2026-02-05,22184.73,10,T009,Valid
7394,FR0060,D000105,P011,2026-02-27,22184.73,10,T009,Valid
7395,FR0060,D000689,P011,2026-03-11,75215.15,34,T009,Valid
7396,FR0060,D000278,P011,2026-03-16,75215.15,34,T009,Valid
7397,FR0060,D000472,P011,2026-04-05,77316.51,35,T009,Valid
7398,FR0060,D000117,P011,2026-04-27,77316.51,35,T009,Valid
7399,FR0060,D000117,P011,2026-05-20,77167.62,35,T009,Valid
7400,FR0060,D000472,P011,2026-05-12,77167.62,35,T009,Valid
7401,FR0060,D000105,P011,2026-06-27,21337.58,10,T009,Valid
7402,FR0060,D000383,P011,2026-06-12,21337.58,10,T009,Valid
7403,FR0060,D000472,P011,2026-06-12,21337.58,10,T009,Valid
7404,FR0060,D000761,P011,2026-06-24,21337.58,10,T009,Valid
7405,FR0060,D000689,P011,2026-06-24,21337.58,10,T009,Valid
7406,FR0060,D000746,P011,2026-06-10,21337.58,10,T009,Valid
7407,FR0060,D000761,P011,2026-07-16,25647.46,12,T009,Valid
7408,FR0060,D000105,P011,2026-07-13,25647.46,12,T009,Valid
7409,FR0060,D000278,P011,2026-07-26,25647.46,12,T009,Valid
7410,FR0060,D000383,P011,2026-07-06,25647.46,12,T009,Valid
7411,FR0060,D000689,P011,2026-07-21,25647.46,12,T009,Valid
7412,FR0060,D000117,P011,2026-07-05,25647.46,12,T009,Valid
7413,FR0060,D000689,P015,2026-01-14,41297.25,27,T009,Valid
7414,FR0060,D000761,P015,2026-01-11,41297.25,27,T009,Valid
7415,FR0060,D000472,P015,2026-02-11,95515.08,62,T009,Valid
7416,FR0060,D000761,P015,2026-03-22,17558.73,11,T009,Valid
7417,FR0060,D000383,P015,2026-03-23,17558.73,11,T009,Valid
7418,FR0060,D000105,P015,2026-03-01,17558.73,11,T009,Valid
7419,FR0060,D000278,P015,2026-03-02,17558.73,11,T009,Valid
7420,FR0060,D000117,P015,2026-03-25,17558.73,11,T009,Valid
7421,FR0060,D000278,P015,2026-04-20,28197.76,18,T009,Valid
7422,FR0060,D000383,P015,2026-04-02,28197.76,18,T009,Valid
7423,FR0060,D000472,P015,2026-04-26,28197.76,18,T009,Valid
7424,FR0060,D000689,P015,2026-04-22,28197.76,18,T009,Valid
7425,FR0060,D000105,P015,2026-04-13,28197.76,18,T009,Valid
7426,FR0060,D000761,P015,2026-04-18,28197.76,18,T009,Valid
7427,FR0060,D000689,P015,2026-05-02,16533.0,11,T009,Valid
7428,FR0060,D000105,P015,2026-05-21,16533.0,11,T009,Valid
7429,FR0060,D000472,P015,2026-05-22,16533.0,11,T009,Valid
7430,FR0060,D000278,P015,2026-05-13,16533.0,11,T009,Valid
7431,FR0060,D000383,P015,2026-05-13,16533.0,11,T009,Valid
7432,FR0060,D000761,P015,2026-05-18,16533.0,11,T009,Valid
7433,FR0060,D000105,P015,2026-06-05,43845.65,29,T009,Valid
7434,FR0060,D000383,P015,2026-06-16,43845.65,29,T009,Valid
7435,FR0060,D000472,P015,2026-07-05,47217.19,31,T009,Valid
7436,FR0060,D000383,P015,2026-07-07,47217.19,31,T009,Valid
7437,FR0060,D000689,P007,2026-01-20,23325.0,49,T009,Valid
7438,FR0060,D000105,P007,2026-01-07,23325.0,49,T009,Valid
7439,FR0060,D000761,P007,2026-01-15,23325.0,49,T009,Valid
7440,FR0060,D000278,P007,2026-01-09,23325.0,49,T009,Valid
7441,FR0060,D000472,P007,2026-01-16,23325.0,49,T009,Valid
7442,FR0060,D000117,P007,2026-01-19,23325.0,49,T009,Valid
7443,FR0060,D000761,P007,2026-02-25,12841.41,27,T009,Valid
7444,FR0060,D000278,P007,2026-02-04,12841.41,27,T009,Valid
7445,FR0060,D000105,P007,2026-02-14,12841.41,27,T009,Valid
7446,FR0060,D000472,P007,2026-02-12,12841.41,27,T009,Valid
7447,FR0060,D000746,P007,2026-02-02,12841.41,27,T009,Valid
7448,FR0060,D000472,P007,2026-03-17,23397.52,49,T009,Valid
7449,FR0060,D000117,P007,2026-03-21,23397.52,49,T009,Valid
7450,FR0060,D000105,P007,2026-03-15,23397.52,49,T009,Valid
7451,FR0060,D000689,P007,2026-04-14,20289.73,42,T009,Valid
7452,FR0060,D000472,P007,2026-04-25,20289.73,42,T009,Valid
7453,FR0060,D000278,P007,2026-04-07,20289.73,42,T009,Valid
7454,FR0060,D000105,P007,2026-05-04,22956.53,48,T009,Valid
7455,FR0060,D000689,P007,2026-05-16,22956.53,48,T009,Valid
7456,FR0060,D000117,P007,2026-05-18,22956.53,48,T009,Valid
7457,FR0060,D000689,P007,2026-06-18,35004.06,73,T009,Valid
7458,FR0060,D000278,P007,2026-06-22,35004.06,73,T009,Valid
7459,FR0060,D000689,P007,2026-07-11,15062.68,31,T009,Valid
7460,FR0060,D000278,P007,2026-07-19,15062.68,31,T009,Valid
7461,FR0060,D000105,P007,2026-07-17,15062.68,31,T009,Valid
7462,FR0060,D000761,P007,2026-07-24,15062.68,31,T009,Valid
7463,FR0060,D000761,P008,2026-01-05,22682.87,9,T009,Valid
7464,FR0060,D000117,P008,2026-01-13,22682.87,9,T009,Valid
7465,FR0060,D000472,P008,2026-01-13,22682.87,9,T009,Valid
7466,FR0060,D000689,P008,2026-01-01,22682.87,9,T009,Valid
7467,FR0060,D000383,P008,2026-01-26,22682.87,9,T009,Valid
7468,FR0060,D000105,P008,2026-02-19,57234.06,24,T009,Valid
7469,FR0060,D000761,P008,2026-02-10,57234.06,24,T009,Valid
7470,FR0060,D000105,P008,2026-03-23,41377.21,17,T009,Valid
7471,FR0060,D000383,P008,2026-03-04,41377.21,17,T009,Valid
7472,FR0060,D000689,P008,2026-03-19,41377.21,17,T009,Valid
7473,FR0060,D000746,P008,2026-04-23,23759.04,10,T009,Valid
7474,FR0060,D000117,P008,2026-04-12,23759.04,10,T009,Valid
7475,FR0060,D000472,P008,2026-04-17,23759.04,10,T009,Valid
7476,FR0060,D000689,P008,2026-04-26,23759.04,10,T009,Valid
7477,FR0060,D000383,P008,2026-04-06,23759.04,10,T009,Valid
7478,FR0060,D000105,P008,2026-05-02,23967.77,10,T009,Valid
7479,FR0060,D000761,P008,2026-05-08,23967.77,10,T009,Valid
7480,FR0060,D000117,P008,2026-05-02,23967.77,10,T009,Valid
7481,FR0060,D000689,P008,2026-05-13,23967.77,10,T009,Valid
7482,FR0060,D000472,P008,2026-05-15,23967.77,10,T009,Valid
7483,FR0060,D000117,P008,2026-06-19,33410.21,14,T009,Valid
7484,FR0060,D000689,P008,2026-06-02,33410.21,14,T009,Valid
7485,FR0060,D000278,P008,2026-06-09,33410.21,14,T009,Valid
7486,FR0060,D000472,P008,2026-06-17,33410.21,14,T009,Valid
7487,FR0060,D000689,P008,2026-07-14,65323.02,27,T009,Valid
7488,FR0060,D000105,P008,2026-07-14,65323.02,27,T009,Valid
7489,FR0061,D000890,P026,2026-01-11,24803.9,14,T018,Valid
7490,FR0061,D000081,P026,2026-01-16,24803.9,14,T018,Valid
7491,FR0061,D000669,P026,2026-01-20,24803.9,14,T018,Valid
7492,FR0061,D000765,P026,2026-01-27,24803.9,14,T018,Valid
7493,FR0061,D000669,P026,2026-02-26,26806.91,15,T018,Valid
7494,FR0061,D000081,P026,2026-02-23,26806.91,15,T018,Valid
7495,FR0061,D000765,P026,2026-02-05,26806.91,15,T018,Valid
7496,FR0061,D000890,P026,2026-02-18,26806.91,15,T018,Valid
7497,FR0061,D000669,P026,2026-03-12,23207.75,13,T018,Valid
7498,FR0061,D000890,P026,2026-03-08,23207.75,13,T018,Valid
7499,FR0061,D000081,P026,2026-03-27,23207.75,13,T018,Valid
7500,FR0061,D000765,P026,2026-03-04,23207.75,13,T018,Valid
7501,FR0061,D000890,P026,2026-04-03,65323.33,36,T018,Valid
7502,FR0061,D000081,P026,2026-04-09,65323.33,36,T018,Valid
7503,FR0061,D000669,P026,2026-04-26,65323.33,36,T018,Valid
7504,FR0061,D000081,P026,2026-05-26,49775.22,27,T018,Valid
7505,FR0061,D000765,P026,2026-05-20,49775.22,27,T018,Valid
7506,FR0061,D000669,P026,2026-06-18,26760.78,15,T018,Valid
7507,FR0061,D000890,P026,2026-06-22,26760.78,15,T018,Valid
7508,FR0061,D000765,P026,2026-06-07,26760.78,15,T018,Valid
7509,FR0061,D000081,P026,2026-06-03,26760.78,15,T018,Valid
7510,FR0061,D000081,P026,2026-07-18,45191.79,25,T018,Valid
7511,FR0061,D000890,P026,2026-07-04,45191.79,25,T018,Valid
7512,FR0061,D000081,P004,2026-01-10,10841.08,6,T018,Valid
7513,FR0061,D000669,P004,2026-01-02,10841.08,6,T018,Valid
7514,FR0061,D000890,P004,2026-01-12,10841.08,6,T018,Valid
7515,FR0061,D000765,P004,2026-01-01,10841.08,6,T018,Valid
7516,FR0061,D000890,P004,2026-02-17,11056.12,6,T018,Valid
7517,FR0061,D000081,P004,2026-02-03,11056.12,6,T018,Valid
7518,FR0061,D000669,P004,2026-02-07,11056.12,6,T018,Valid
7519,FR0061,D000765,P004,2026-02-09,11056.12,6,T018,Valid
7520,FR0061,D000890,P004,2026-03-11,10989.42,6,T018,Valid
7521,FR0061,D000081,P004,2026-03-16,10989.42,6,T018,Valid
7522,FR0061,D000765,P004,2026-03-09,10989.42,6,T018,Valid
7523,FR0061,D000669,P004,2026-03-02,10989.42,6,T018,Valid
7524,FR0061,D000765,P004,2026-04-20,9323.96,5,T018,Valid
7525,FR0061,D000669,P004,2026-04-08,9323.96,5,T018,Valid
7526,FR0061,D000890,P004,2026-04-04,9323.96,5,T018,Valid
7527,FR0061,D000081,P004,2026-04-08,9323.96,5,T018,Valid
7528,FR0061,D000890,P004,2026-05-01,15364.84,9,T018,Valid
7529,FR0061,D000669,P004,2026-05-13,15364.84,9,T018,Valid
7530,FR0061,D000081,P004,2026-05-08,15364.84,9,T018,Valid
7531,FR0061,D000081,P004,2026-06-16,22187.76,13,T018,Valid
7532,FR0061,D000669,P004,2026-06-08,22187.76,13,T018,Valid
7533,FR0061,D000890,P004,2026-07-14,9344.07,5,T018,Valid
7534,FR0061,D000765,P004,2026-07-04,9344.07,5,T018,Valid
7535,FR0061,D000669,P004,2026-07-11,9344.07,5,T018,Valid
7536,FR0061,D000081,P004,2026-07-13,9344.07,5,T018,Valid
7537,FR0061,D000890,P028,2026-01-21,86357.99,75,T008,Valid
7538,FR0061,D000890,P028,2026-02-16,19996.92,17,T018,Valid
7539,FR0061,D000081,P028,2026-02-08,19996.92,17,T018,Valid
7540,FR0061,D000765,P028,2026-02-16,19996.92,17,T018,Valid
7541,FR0061,D000669,P028,2026-02-19,19996.92,17,T018,Valid
7542,FR0061,D000890,P028,2026-03-04,46686.62,41,T018,Valid
7543,FR0061,D000765,P028,2026-03-03,46686.62,41,T018,Valid
7544,FR0061,D000081,P028,2026-04-20,45681.78,40,T018,Valid
7545,FR0061,D000669,P028,2026-04-06,45681.78,40,T018,Valid
7546,FR0061,D000765,P028,2026-05-09,20888.76,18,T018,Valid
7547,FR0061,D000890,P028,2026-05-08,20888.76,18,T018,Valid
7548,FR0061,D000669,P028,2026-05-22,20888.76,18,T018,Valid
7549,FR0061,D000081,P028,2026-05-17,20888.76,18,T018,Valid
7550,FR0061,D000765,P028,2026-06-16,22969.17,20,T018,Valid
7551,FR0061,D000081,P028,2026-06-22,22969.17,20,T018,Valid
7552,FR0061,D000890,P028,2026-06-27,22969.17,20,T018,Valid
7553,FR0061,D000669,P028,2026-06-24,22969.17,20,T018,Valid
7554,FR0061,D000765,P028,2026-07-23,47619.68,41,T018,Valid
7555,FR0061,D000890,P028,2026-07-19,47619.68,41,T018,Valid
7556,FR0061,D000890,P006,2026-01-27,29179.44,79,T018,Valid
7557,FR0061,D000765,P006,2026-01-08,29179.44,79,T018,Valid
7558,FR0061,D000890,P006,2026-02-17,14596.55,40,T018,Valid
7559,FR0061,D000765,P006,2026-02-23,14596.55,40,T018,Valid
7560,FR0061,D000081,P006,2026-02-05,14596.55,40,T018,Valid
7561,FR0061,D000669,P006,2026-02-26,14596.55,40,T018,Valid
7562,FR0061,D000765,P006,2026-03-16,16650.89,45,T018,Valid
7563,FR0061,D000890,P006,2026-03-26,16650.89,45,T018,Valid
7564,FR0061,D000081,P006,2026-03-18,16650.89,45,T018,Valid
7565,FR0061,D000669,P006,2026-03-22,16650.89,45,T018,Valid
7566,FR0061,D000765,P006,2026-04-26,18837.56,51,T018,Valid
7567,FR0061,D000890,P006,2026-04-25,18837.56,51,T018,Valid
7568,FR0061,D000081,P006,2026-04-20,18837.56,51,T018,Valid
7569,FR0061,D000081,P006,2026-05-15,13976.14,38,T018,Valid
7570,FR0061,D000669,P006,2026-05-05,13976.14,38,T018,Valid
7571,FR0061,D000890,P006,2026-05-23,13976.14,38,T018,Valid
7572,FR0061,D000765,P006,2026-05-13,13976.14,38,T018,Valid
7573,FR0061,D000669,P006,2026-06-10,15195.49,41,T018,Valid
7574,FR0061,D000890,P006,2026-06-07,15195.49,41,T018,Valid
7575,FR0061,D000765,P006,2026-06-19,15195.49,41,T018,Valid
7576,FR0061,D000081,P006,2026-06-23,15195.49,41,T018,Valid
7577,FR0061,D000765,P006,2026-07-20,14207.41,39,T018,Valid
7578,FR0061,D000669,P006,2026-07-08,14207.41,39,T018,Valid
7579,FR0061,D000081,P006,2026-07-22,14207.41,39,T018,Valid
7580,FR0061,D000890,P006,2026-07-16,14207.41,39,T018,Valid
7581,FR0061,D000669,P007,2026-01-20,34737.67,72,T018,Valid
7582,FR0061,D000890,P007,2026-01-21,34737.67,72,T018,Valid
7583,FR0061,D000765,P007,2026-01-11,34737.67,72,T018,Valid
7584,FR0061,D000081,P007,2026-01-20,34737.67,72,T018,Valid
7585,FR0061,D000081,P007,2026-02-25,64186.15,134,T018,Valid
7586,FR0061,D000765,P007,2026-02-02,64186.15,134,T018,Valid
7587,FR0061,D000890,P007,2026-03-25,34962.34,73,T018,Valid
7588,FR0061,D000081,P007,2026-03-20,34962.34,73,T018,Valid
7589,FR0061,D000669,P007,2026-03-17,34962.34,73,T018,Valid
7590,FR0061,D000765,P007,2026-03-05,34962.34,73,T018,Valid
7591,FR0061,D000669,P007,2026-04-22,31687.4,66,T018,Valid
7592,FR0061,D000765,P007,2026-04-27,31687.4,66,T018,Valid
7593,FR0061,D000081,P007,2026-04-20,31687.4,66,T018,Valid
7594,FR0061,D000890,P007,2026-04-25,31687.4,66,T018,Valid
7595,FR0061,D000890,P007,2026-05-22,38567.14,80,T018,Valid
7596,FR0061,D000669,P007,2026-05-03,38567.14,80,T018,Valid
7597,FR0061,D000081,P007,2026-05-09,38567.14,80,T018,Valid
7598,FR0061,D000765,P007,2026-05-09,38567.14,80,T018,Valid
7599,FR0061,D000669,P007,2026-06-11,36914.76,77,T018,Valid
7600,FR0061,D000765,P007,2026-06-14,36914.76,77,T018,Valid
7601,FR0061,D000890,P007,2026-06-20,36914.76,77,T018,Valid
7602,FR0061,D000081,P007,2026-06-05,36914.76,77,T018,Valid
7603,FR0061,D000081,P007,2026-07-25,47712.66,99,T018,Valid
7604,FR0061,D000669,P007,2026-07-17,47712.66,99,T018,Valid
7605,FR0061,D000890,P007,2026-07-13,47712.66,99,T018,Valid
7606,FR0061,D000765,P019,2026-01-14,31417.16,14,T018,Valid
7607,FR0061,D000081,P019,2026-01-07,31417.16,14,T018,Valid
7608,FR0061,D000669,P019,2026-01-21,31417.16,14,T018,Valid
7609,FR0061,D000890,P019,2026-01-19,31417.16,14,T018,Valid
7610,FR0061,D000669,P019,2026-02-23,24873.55,11,T018,Valid
7611,FR0061,D000081,P019,2026-02-24,24873.55,11,T018,Valid
7612,FR0061,D000765,P019,2026-02-22,24873.55,11,T018,Valid
7613,FR0061,D000890,P019,2026-03-06,23111.67,10,T018,Valid
7614,FR0061,D000669,P019,2026-03-20,23111.67,10,T018,Valid
7615,FR0061,D000081,P019,2026-03-15,23111.67,10,T018,Valid
7616,FR0061,D000669,P019,2026-04-20,26967.25,12,T018,Valid
7617,FR0061,D000890,P019,2026-04-25,26967.25,12,T018,Valid
7618,FR0061,D000081,P019,2026-04-09,26967.25,12,T018,Valid
7619,FR0061,D000890,P019,2026-05-03,17901.23,8,T018,Valid
7620,FR0061,D000765,P019,2026-05-26,17901.23,8,T018,Valid
7621,FR0061,D000081,P019,2026-05-08,17901.23,8,T018,Valid
7622,FR0061,D000669,P019,2026-05-14,17901.23,8,T018,Valid
7623,FR0061,D000765,P019,2026-06-06,42714.33,19,T018,Valid
7624,FR0061,D000890,P019,2026-06-20,42714.33,19,T014,Valid
7625,FR0061,D000081,P019,2026-06-19,42714.33,19,T008,Valid
7626,FR0061,D000669,P019,2026-06-01,42714.33,19,T018,Valid
7627,FR0061,D000669,P019,2026-07-24,20671.25,9,T018,Valid
7628,FR0061,D000081,P019,2026-07-13,20671.25,9,T018,Valid
7629,FR0061,D000890,P019,2026-07-01,20671.25,9,T018,Valid
7630,FR0061,D000765,P019,2026-07-05,20671.25,9,T018,Valid
7631,FR0061,D000890,P005,2026-01-26,17777.15,9,T018,Valid
7632,FR0061,D000669,P005,2026-01-07,17777.15,9,T018,Valid
7633,FR0061,D000081,P005,2026-01-27,17777.15,9,T018,Valid
7634,FR0061,D000765,P005,2026-01-16,17777.15,9,T018,Valid
7635,FR0061,D000765,P005,2026-02-09,25666.97,13,T018,Valid
7636,FR0061,D000890,P005,2026-02-03,25666.97,13,T018,Valid
7637,FR0061,D000669,P005,2026-02-03,25666.97,13,T018,Valid
7638,FR0061,D000081,P005,2026-03-12,22032.8,11,T018,Valid
7639,FR0061,D000890,P005,2026-03-21,22032.8,11,T018,Valid
7640,FR0061,D000669,P005,2026-03-14,22032.8,11,T018,Valid
7641,FR0061,D000765,P005,2026-03-04,22032.8,11,T018,Valid
7642,FR0061,D000669,P005,2026-04-26,26877.99,14,T018,Valid
7643,FR0061,D000081,P005,2026-04-18,26877.99,14,T018,Valid
7644,FR0061,D000765,P005,2026-04-12,26877.99,14,T018,Valid
7645,FR0061,D000669,P005,2026-05-21,23849.56,12,T018,Valid
7646,FR0061,D000765,P005,2026-05-05,23849.56,12,T018,Valid
7647,FR0061,D000890,P005,2026-05-15,23849.56,12,T018,Valid
7648,FR0061,D000081,P005,2026-06-22,42772.08,22,T018,Valid
7649,FR0061,D000669,P005,2026-06-17,42772.08,22,T018,Valid
7650,FR0061,D000765,P005,2026-07-06,18493.21,10,T018,Valid
7651,FR0061,D000669,P005,2026-07-16,18493.21,10,T018,Valid
7652,FR0061,D000890,P005,2026-07-01,18493.21,10,T018,Valid
7653,FR0061,D000081,P005,2026-07-20,18493.21,10,T018,Valid
7654,FR0062,D000966,P018,2026-01-03,20992.45,31,T008,Valid
7655,FR0062,D000681,P018,2026-01-20,20992.45,31,T008,Valid
7656,FR0062,D000011,P018,2026-01-24,20992.45,31,T008,Valid
7657,FR0062,D000096,P018,2026-01-12,20992.45,31,T008,Valid
7658,FR0062,D000586,P018,2026-01-03,20992.45,31,T008,Valid
7659,FR0062,D000011,P018,2026-02-20,47629.93,71,T008,Valid
7660,FR0062,D000966,P018,2026-02-23,47629.93,71,T008,Valid
7661,FR0062,D000096,P018,2026-03-07,37098.15,55,T008,Valid
7662,FR0062,D000011,P018,2026-03-01,37098.15,55,T008,Valid
7663,FR0062,D000681,P018,2026-03-05,37098.15,55,T008,Valid
7664,FR0062,D000096,P018,2026-04-22,19144.54,28,T008,Valid
7665,FR0062,D000011,P018,2026-04-27,19144.54,28,T008,Valid
7666,FR0062,D000586,P018,2026-04-09,19144.54,28,T008,Valid
7667,FR0062,D000681,P018,2026-04-15,19144.54,28,T008,Valid
7668,FR0062,D000966,P018,2026-04-26,19144.54,28,T008,Valid
7669,FR0062,D000966,P018,2026-05-04,39189.2,58,T008,Valid
7670,FR0062,D000011,P018,2026-05-23,39189.2,58,T008,Valid
7671,FR0062,D000586,P018,2026-05-08,39189.2,58,T008,Valid
7672,FR0062,D000966,P018,2026-06-08,23139.09,34,T008,Valid
7673,FR0062,D000681,P018,2026-06-01,23139.09,34,T008,Valid
7674,FR0062,D000586,P018,2026-06-12,23139.09,34,T008,Valid
7675,FR0062,D000096,P018,2026-06-09,23139.09,34,T008,Valid
7676,FR0062,D000011,P018,2026-06-01,23139.09,34,T008,Valid
7677,FR0062,D000011,P018,2026-07-10,51949.23,77,T008,Valid
7678,FR0062,D000586,P018,2026-07-24,51949.23,77,T008,Valid
7679,FR0062,D000966,P010,2026-01-06,32623.76,25,T008,Valid
7680,FR0062,D000681,P010,2026-01-01,32623.76,25,T008,Valid
7681,FR0062,D000586,P010,2026-01-05,32623.76,25,T008,Valid
7682,FR0062,D000966,P010,2026-02-20,52018.24,39,T008,Valid
7683,FR0062,D000681,P010,2026-02-23,52018.24,39,T008,Valid
7684,FR0062,D000096,P010,2026-03-23,28114.44,21,T008,Valid
7685,FR0062,D000586,P010,2026-03-23,28114.44,21,T008,Valid
7686,FR0062,D000966,P010,2026-03-05,28114.44,21,T008,Valid
7687,FR0062,D000011,P010,2026-03-26,28114.44,21,T008,Valid
7688,FR0062,D000681,P010,2026-04-10,34411.6,26,T008,Valid
7689,FR0062,D000966,P010,2026-04-12,34411.6,26,T008,Valid
7690,FR0062,D000586,P010,2026-04-24,34411.6,26,T008,Valid
7691,FR0062,D000096,P010,2026-05-02,23108.8,18,T008,Valid
7692,FR0062,D000586,P010,2026-05-04,23108.8,18,T008,Valid
7693,FR0062,D000681,P010,2026-05-04,23108.8,18,T008,Valid
7694,FR0062,D000011,P010,2026-05-25,23108.8,18,T008,Valid
7695,FR0062,D000966,P010,2026-05-27,23108.8,18,T008,Valid
7696,FR0062,D000681,P010,2026-06-03,22337.17,17,T008,Valid
7697,FR0062,D000096,P010,2026-06-09,22337.17,17,T008,Valid
7698,FR0062,D000966,P010,2026-06-19,22337.17,17,T008,Valid
7699,FR0062,D000011,P010,2026-06-08,22337.17,17,T008,Valid
7700,FR0062,D000586,P010,2026-06-09,22337.17,17,T008,Valid
7701,FR0062,D000966,P010,2026-07-04,54063.88,41,T008,Valid
7702,FR0062,D000681,P010,2026-07-18,54063.88,41,T008,Valid
7703,FR0062,D000096,P005,2026-01-22,10405.46,5,T008,Valid
7704,FR0062,D000586,P005,2026-01-12,10405.46,5,T008,Valid
7705,FR0062,D000681,P005,2026-01-06,10405.46,5,T008,Valid
7706,FR0062,D000966,P005,2026-01-11,10405.46,5,T008,Valid
7707,FR0062,D000011,P005,2026-01-26,10405.46,5,T008,Valid
7708,FR0062,D000966,P005,2026-02-19,9593.24,5,T008,Valid
7709,FR0062,D000011,P005,2026-02-18,9593.24,5,T008,Valid
7710,FR0062,D000681,P005,2026-02-01,9593.24,5,T008,Valid
7711,FR0062,D000586,P005,2026-02-10,9593.24,5,T008,Valid
7712,FR0062,D000096,P005,2026-02-11,9593.24,5,T008,Valid
7713,FR0062,D000011,P005,2026-03-18,11197.67,6,T008,Valid
7714,FR0062,D000966,P005,2026-03-12,11197.67,6,T008,Valid
7715,FR0062,D000096,P005,2026-03-19,11197.67,6,T008,Valid
7716,FR0062,D000681,P005,2026-03-02,11197.67,6,T008,Valid
7717,FR0062,D000096,P005,2026-04-07,17523.62,9,T008,Valid
7718,FR0062,D000011,P005,2026-04-23,17523.62,9,T008,Valid
7719,FR0062,D000681,P005,2026-04-20,17523.62,9,T008,Valid
7720,FR0062,D000681,P005,2026-05-05,10840.52,6,T008,Valid
7721,FR0062,D000966,P005,2026-05-17,10840.52,6,T008,Valid
7722,FR0062,D000586,P005,2026-05-19,10840.52,6,T008,Valid
7723,FR0062,D000011,P005,2026-05-19,10840.52,6,T008,Valid
7724,FR0062,D000586,P005,2026-06-24,8670.87,4,T008,Valid
7725,FR0062,D000681,P005,2026-06-19,8670.87,4,T008,Valid
7726,FR0062,D000011,P005,2026-06-25,8670.87,4,T008,Valid
7727,FR0062,D000966,P005,2026-06-16,8670.87,4,T008,Valid
7728,FR0062,D000096,P005,2026-06-20,8670.87,4,T008,Valid
7729,FR0062,D000011,P005,2026-07-27,9996.21,5,T008,Valid
7730,FR0062,D000096,P005,2026-07-17,9996.21,5,T008,Valid
7731,FR0062,D000966,P005,2026-07-24,9996.21,5,T008,Valid
7732,FR0062,D000681,P005,2026-07-18,9996.21,5,T008,Valid
7733,FR0062,D000586,P005,2026-07-17,9996.21,5,T008,Valid
7734,FR0063,D000260,P021,2026-01-10,23737.92,12,T011,Valid
7735,FR0063,D000934,P021,2026-01-19,23737.92,12,T011,Valid
7736,FR0063,D000833,P021,2026-01-26,23737.92,12,T011,Valid
7737,FR0063,D000335,P021,2026-01-21,23737.92,12,T011,Valid
7738,FR0063,D000633,P021,2026-01-10,23737.92,12,T011,Valid
7739,FR0063,D000682,P021,2026-01-09,23737.92,12,T011,Valid
7740,FR0063,D000682,P021,2026-02-13,42909.58,21,T011,Valid
7741,FR0063,D000335,P021,2026-02-27,42909.58,21,T011,Valid
7742,FR0063,D000260,P021,2026-02-24,42909.58,21,T011,Valid
7743,FR0063,D000633,P021,2026-02-05,42909.58,21,T011,Valid
7744,FR0063,D000682,P021,2026-03-19,57506.16,28,T011,Valid
7745,FR0063,D000833,P021,2026-03-23,57506.16,28,T011,Valid
7746,FR0063,D000683,P021,2026-03-01,57506.16,28,T011,Valid
7747,FR0063,D000633,P021,2026-04-24,24874.57,12,T011,Valid
7748,FR0063,D000867,P021,2026-04-15,24874.57,12,T011,Valid
7749,FR0063,D000683,P021,2026-04-20,24874.57,12,T011,Valid
7750,FR0063,D000833,P021,2026-04-26,24874.57,12,T011,Valid
7751,FR0063,D000820,P021,2026-04-14,24874.57,12,T011,Valid
7752,FR0063,D000682,P021,2026-04-17,24874.57,12,T011,Valid
7753,FR0063,D000683,P021,2026-05-17,33335.11,16,T011,Valid
7754,FR0063,D000820,P021,2026-05-27,33335.11,16,T011,Valid
7755,FR0063,D000335,P021,2026-05-10,33335.11,16,T011,Valid
7756,FR0063,D000633,P021,2026-05-02,33335.11,16,T011,Valid
7757,FR0063,D000867,P021,2026-05-27,33335.11,16,T011,Valid
7758,FR0063,D000833,P021,2026-06-13,87459.76,42,T011,Valid
7759,FR0063,D000934,P021,2026-06-22,87459.76,42,T011,Valid
7760,FR0063,D000833,P021,2026-07-18,75772.49,37,T011,Valid
7761,FR0063,D000867,P021,2026-07-13,75772.49,37,T011,Valid
7762,FR0063,D000633,P004,2026-01-05,19802.77,11,T011,Valid
7763,FR0063,D000820,P004,2026-01-11,19802.77,11,T011,Valid
7764,FR0063,D000683,P004,2026-01-25,19802.77,11,T011,Valid
7765,FR0063,D000820,P004,2026-02-06,18608.89,11,T011,Valid
7766,FR0063,D000683,P004,2026-02-08,18608.89,11,T011,Valid
7767,FR0063,D000633,P004,2026-02-23,18608.89,11,T011,Valid
7768,FR0063,D000387,P004,2026-03-05,12678.12,7,T011,Valid
7769,FR0063,D000682,P004,2026-03-09,12678.12,7,T011,Valid
7770,FR0063,D000260,P004,2026-03-16,12678.12,7,T011,Valid
7771,FR0063,D000335,P004,2026-03-10,12678.12,7,T011,Valid
7772,FR0063,D000820,P004,2026-03-26,12678.12,7,T011,Valid
7773,FR0063,D000683,P004,2026-04-15,13339.46,8,T011,Valid
7774,FR0063,D000934,P004,2026-04-05,13339.46,8,T011,Valid
7775,FR0063,D000867,P004,2026-04-02,13339.46,8,T011,Valid
7776,FR0063,D000833,P004,2026-04-04,13339.46,8,T011,Valid
7777,FR0063,D000683,P004,2026-05-13,13860.78,8,T011,Valid
7778,FR0063,D000682,P004,2026-05-25,13860.78,8,T011,Valid
7779,FR0063,D000833,P004,2026-05-04,13860.78,8,T011,Valid
7780,FR0063,D000820,P004,2026-05-19,13860.78,8,T011,Valid
7781,FR0063,D000833,P004,2026-06-11,20216.84,12,T011,Valid
7782,FR0063,D000260,P004,2026-06-15,20216.84,12,T011,Valid
7783,FR0063,D000820,P004,2026-06-13,20216.84,12,T011,Valid
7784,FR0063,D000633,P004,2026-07-14,9185.1,5,T011,Valid
7785,FR0063,D000260,P004,2026-07-23,9185.1,5,T011,Valid
7786,FR0063,D000683,P004,2026-07-08,9185.1,5,T011,Valid
7787,FR0063,D000934,P004,2026-07-01,9185.1,5,T011,Valid
7788,FR0063,D000387,P004,2026-07-12,9185.1,5,T011,Valid
7789,FR0063,D000833,P004,2026-07-11,9185.1,5,T011,Valid
7790,FR0063,D000867,P018,2026-01-07,64613.41,96,T018,Valid
7791,FR0063,D000682,P018,2026-01-02,64613.41,96,T011,Valid
7792,FR0063,D000633,P018,2026-01-14,64613.41,96,T011,Valid
7793,FR0063,D000335,P018,2026-01-23,64613.41,96,T020,Valid
7794,FR0063,D000683,P018,2026-01-13,64613.41,96,T011,Valid
7795,FR0063,D000820,P018,2026-02-22,53225.59,79,T011,Valid
7796,FR0063,D000260,P018,2026-02-05,53225.59,79,T011,Valid
7797,FR0063,D000387,P018,2026-02-19,53225.59,79,T011,Valid
7798,FR0063,D000833,P018,2026-03-14,74402.28,110,T011,Valid
7799,FR0063,D000260,P018,2026-03-15,74402.28,110,T011,Valid
7800,FR0063,D000387,P018,2026-04-02,69865.23,104,T011,Valid
7801,FR0063,D000260,P018,2026-04-19,69865.23,104,T011,Valid
7802,FR0063,D000833,P018,2026-05-18,26337.86,39,T011,Valid
7803,FR0063,D000387,P018,2026-05-07,26337.86,39,T011,Valid
7804,FR0063,D000335,P018,2026-05-08,26337.86,39,T011,Valid
7805,FR0063,D000633,P018,2026-05-22,26337.86,39,T011,Valid
7806,FR0063,D000934,P018,2026-05-08,26337.86,39,T011,Valid
7807,FR0063,D000260,P018,2026-05-24,26337.86,39,T011,Valid
7808,FR0063,D000820,P018,2026-06-01,23318.84,35,T011,Valid
7809,FR0063,D000387,P018,2026-06-03,23318.84,35,T011,Valid
7810,FR0063,D000335,P018,2026-06-06,23318.84,35,T011,Valid
7811,FR0063,D000260,P018,2026-06-02,23318.84,35,T011,Valid
7812,FR0063,D000867,P018,2026-06-18,23318.84,35,T011,Valid
7813,FR0063,D000833,P018,2026-06-05,23318.84,35,T011,Valid
7814,FR0063,D000833,P018,2026-07-10,51014.52,76,T011,Valid
7815,FR0063,D000260,P018,2026-07-18,51014.52,76,T011,Valid
7816,FR0063,D000683,P018,2026-07-16,51014.52,76,T011,Valid
7817,FR0063,D000820,P025,2026-01-05,57524.48,24,T011,Valid
7818,FR0063,D000633,P025,2026-01-23,57524.48,24,T011,Valid
7819,FR0063,D000387,P025,2026-02-19,55250.07,23,T011,Valid
7820,FR0063,D000820,P025,2026-02-02,55250.07,23,T011,Valid
7821,FR0063,D000683,P025,2026-03-19,18455.13,8,T011,Valid
7822,FR0063,D000387,P025,2026-03-27,18455.13,8,T011,Valid
7823,FR0063,D000682,P025,2026-03-27,18455.13,8,T011,Valid
7824,FR0063,D000633,P025,2026-03-21,18455.13,8,T011,Valid
7825,FR0063,D000820,P025,2026-03-27,18455.13,8,T011,Valid
7826,FR0063,D000260,P025,2026-03-15,18455.13,8,T011,Valid
7827,FR0063,D000387,P025,2026-04-15,25104.04,10,T011,Valid
7828,FR0063,D000683,P025,2026-04-15,25104.04,10,T011,Valid
7829,FR0063,D000833,P025,2026-04-09,25104.04,10,T011,Valid
7830,FR0063,D000335,P025,2026-04-16,25104.04,10,T011,Valid
7831,FR0063,D000682,P025,2026-05-25,16750.66,7,T011,Valid
7832,FR0063,D000820,P025,2026-05-14,16750.66,7,T011,Valid
7833,FR0063,D000683,P025,2026-05-05,16750.66,7,T011,Valid
7834,FR0063,D000633,P025,2026-05-17,16750.66,7,T011,Valid
7835,FR0063,D000867,P025,2026-05-20,16750.66,7,T011,Valid
7836,FR0063,D000833,P025,2026-05-05,16750.66,7,T011,Valid
7837,FR0063,D000387,P025,2026-06-23,17281.9,7,T011,Valid
7838,FR0063,D000867,P025,2026-06-25,17281.9,7,T011,Valid
7839,FR0063,D000934,P025,2026-06-09,17281.9,7,T011,Valid
7840,FR0063,D000633,P025,2026-06-15,17281.9,7,T011,Valid
7841,FR0063,D000683,P025,2026-06-01,17281.9,7,T011,Valid
7842,FR0063,D000260,P025,2026-06-07,17281.9,7,T011,Valid
7843,FR0063,D000867,P025,2026-07-19,17732.48,7,T013,Valid
7844,FR0063,D000260,P025,2026-07-05,17732.48,7,T004,Valid
7845,FR0063,D000633,P025,2026-07-04,17732.48,7,T001,Valid
7846,FR0063,D000934,P025,2026-07-09,17732.48,7,T011,Valid
7847,FR0063,D000683,P025,2026-07-08,17732.48,7,T020,Valid
7848,FR0063,D000833,P025,2026-07-09,17732.48,7,T011,Valid
7849,FR0063,D000682,P027,2026-01-23,24205.97,10,T011,Valid
7850,FR0063,D000867,P027,2026-01-16,24205.97,10,T011,Valid
7851,FR0063,D000260,P027,2026-01-23,24205.97,10,T011,Valid
7852,FR0063,D000934,P027,2026-01-25,24205.97,10,T011,Valid
7853,FR0063,D000633,P027,2026-01-22,24205.97,10,T011,Valid
7854,FR0063,D000833,P027,2026-01-16,24205.97,10,T011,Valid
7855,FR0063,D000260,P027,2026-02-27,63886.14,26,T011,Valid
7856,FR0063,D000833,P027,2026-02-02,63886.14,26,T011,Valid
7857,FR0063,D000833,P027,2026-03-05,34922.43,14,T011,Valid
7858,FR0063,D000820,P027,2026-03-10,34922.43,14,T011,Valid
7859,FR0063,D000934,P027,2026-03-03,34922.43,14,T011,Valid
7860,FR0063,D000683,P027,2026-03-02,34922.43,14,T011,Valid
7861,FR0063,D000260,P027,2026-04-18,21564.42,9,T011,Valid
7862,FR0063,D000934,P027,2026-04-12,21564.42,9,T011,Valid
7863,FR0063,D000833,P027,2026-04-24,21564.42,9,T011,Valid
7864,FR0063,D000867,P027,2026-04-01,21564.42,9,T011,Valid
7865,FR0063,D000820,P027,2026-04-02,21564.42,9,T011,Valid
7866,FR0063,D000633,P027,2026-04-12,21564.42,9,T011,Valid
7867,FR0063,D000934,P027,2026-05-03,47067.55,19,T011,Valid
7868,FR0063,D000387,P027,2026-05-22,47067.55,19,T011,Valid
7869,FR0063,D000260,P027,2026-05-20,47067.55,19,T011,Valid
7870,FR0063,D000833,P027,2026-06-20,36467.04,15,T011,Valid
7871,FR0063,D000683,P027,2026-06-11,36467.04,15,T011,Valid
7872,FR0063,D000633,P027,2026-06-24,36467.04,15,T011,Valid
7873,FR0063,D000820,P027,2026-06-24,36467.04,15,T011,Valid
7874,FR0063,D000934,P027,2026-07-03,30013.3,12,T011,Valid
7875,FR0063,D000682,P027,2026-07-10,30013.3,12,T011,Valid
7876,FR0063,D000387,P027,2026-07-12,30013.3,12,T011,Valid
7877,FR0063,D000260,P027,2026-07-24,30013.3,12,T011,Valid
7878,FR0063,D000833,P027,2026-07-15,30013.3,12,T011,Valid
7879,FR0063,D000633,P009,2026-01-15,14618.19,6,T011,Valid
7880,FR0063,D000833,P009,2026-01-14,14618.19,6,T011,Valid
7881,FR0063,D000934,P009,2026-01-25,14618.19,6,T011,Valid
7882,FR0063,D000820,P009,2026-02-13,9567.97,4,T011,Valid
7883,FR0063,D000867,P009,2026-02-01,9567.97,4,T011,Valid
7884,FR0063,D000335,P009,2026-02-17,9567.97,4,T011,Valid
7885,FR0063,D000683,P009,2026-02-11,9567.97,4,T011,Valid
7886,FR0063,D000934,P009,2026-02-25,9567.97,4,T011,Valid
7887,FR0063,D000683,P009,2026-03-10,22377.0,9,T011,Valid
7888,FR0063,D000867,P009,2026-03-24,22377.0,9,T011,Valid
7889,FR0063,D000260,P009,2026-04-13,6837.57,3,T011,Valid
7890,FR0063,D000867,P009,2026-04-10,6837.57,3,T011,Valid
7891,FR0063,D000934,P009,2026-04-02,6837.57,3,T011,Valid
7892,FR0063,D000335,P009,2026-04-12,6837.57,3,T011,Valid
7893,FR0063,D000387,P009,2026-04-09,6837.57,3,T011,Valid
7894,FR0063,D000682,P009,2026-04-11,6837.57,3,T011,Valid
7895,FR0063,D000682,P009,2026-05-11,15310.74,6,T011,Valid
7896,FR0063,D000683,P009,2026-05-15,15310.74,6,T011,Valid
7897,FR0063,D000633,P009,2026-05-19,15310.74,6,T011,Valid
7898,FR0063,D000867,P009,2026-06-26,20698.27,9,T011,Valid
7899,FR0063,D000683,P009,2026-06-03,20698.27,9,T011,Valid
7900,FR0063,D000867,P009,2026-07-08,7819.14,3,T011,Valid
7901,FR0063,D000683,P009,2026-07-27,7819.14,3,T011,Valid
7902,FR0063,D000633,P009,2026-07-14,7819.14,3,T011,Valid
7903,FR0063,D000820,P009,2026-07-17,7819.14,3,T011,Valid
7904,FR0063,D000335,P009,2026-07-07,7819.14,3,T011,Valid
7905,FR0063,D000260,P009,2026-07-27,7819.14,3,T011,Valid
7906,FR0063,D000260,P008,2026-01-05,49717.54,21,T011,Valid
7907,FR0063,D000387,P008,2026-01-14,49717.54,21,T011,Valid
7908,FR0063,D000260,P008,2026-02-10,32611.69,14,T011,Valid
7909,FR0063,D000683,P008,2026-02-27,32611.69,14,T011,Valid
7910,FR0063,D000867,P008,2026-02-27,32611.69,14,T011,Valid
7911,FR0063,D000335,P008,2026-03-22,17234.82,7,T011,Valid
7912,FR0063,D000387,P008,2026-03-20,17234.82,7,T011,Valid
7913,FR0063,D000934,P008,2026-03-18,17234.82,7,T011,Valid
7914,FR0063,D000820,P008,2026-03-15,17234.82,7,T011,Valid
7915,FR0063,D000867,P008,2026-03-13,17234.82,7,T011,Valid
7916,FR0063,D000633,P008,2026-03-10,17234.82,7,T011,Valid
7917,FR0063,D000867,P008,2026-04-03,20894.22,9,T011,Valid
7918,FR0063,D000682,P008,2026-04-14,20894.22,9,T011,Valid
7919,FR0063,D000833,P008,2026-04-15,20894.22,9,T011,Valid
7920,FR0063,D000820,P008,2026-04-16,20894.22,9,T011,Valid
7921,FR0063,D000335,P008,2026-04-18,20894.22,9,T011,Valid
7922,FR0063,D000820,P008,2026-05-20,30726.8,13,T011,Valid
7923,FR0063,D000833,P008,2026-05-17,30726.8,13,T011,Valid
7924,FR0063,D000934,P008,2026-05-20,30726.8,13,T011,Valid
7925,FR0063,D000683,P008,2026-06-09,19257.57,8,T011,Valid
7926,FR0063,D000682,P008,2026-06-25,19257.57,8,T011,Valid
7927,FR0063,D000867,P008,2026-06-03,19257.57,8,T011,Valid
7928,FR0063,D000387,P008,2026-06-09,19257.57,8,T011,Valid
7929,FR0063,D000833,P008,2026-06-04,19257.57,8,T011,Valid
7930,FR0063,D000820,P008,2026-07-20,29286.12,12,T011,Valid
7931,FR0063,D000260,P008,2026-07-06,29286.12,12,T011,Valid
7932,FR0063,D000683,P008,2026-07-15,29286.12,12,T011,Valid
7933,FR0064,D000888,P023,2026-01-20,15886.52,7,T002,Valid
7934,FR0064,D000528,P023,2026-01-14,15886.52,7,T002,Valid
7935,FR0064,D000985,P023,2026-01-26,15886.52,7,T002,Valid
7936,FR0064,D000373,P023,2026-01-12,15886.52,7,T002,Valid
7937,FR0064,D000888,P023,2026-02-23,15362.92,6,T002,Valid
7938,FR0064,D000863,P023,2026-02-02,15362.92,6,T002,Valid
7939,FR0064,D000308,P023,2026-02-15,15362.92,6,T002,Valid
7940,FR0064,D000707,P023,2026-02-22,15362.92,6,T002,Valid
7941,FR0064,D000086,P023,2026-02-11,15362.92,6,T002,Valid
7942,FR0064,D000086,P023,2026-03-05,21197.67,9,T002,Valid
7943,FR0064,D000863,P023,2026-03-05,21197.67,9,T002,Valid
7944,FR0064,D000041,P023,2026-03-21,21197.67,9,T002,Valid
7945,FR0064,D000882,P023,2026-04-21,21313.92,9,T002,Valid
7946,FR0064,D000086,P023,2026-04-06,21313.92,9,T002,Valid
7947,FR0064,D000863,P023,2026-04-10,21313.92,9,T002,Valid
7948,FR0064,D000086,P023,2026-05-21,34280.0,14,T002,Valid
7949,FR0064,D000308,P023,2026-05-07,34280.0,14,T002,Valid
7950,FR0064,D000882,P023,2026-06-11,11785.17,5,T002,Valid
7951,FR0064,D000888,P023,2026-06-10,11785.17,5,T002,Valid
7952,FR0064,D000041,P023,2026-06-20,11785.17,5,T002,Valid
7953,FR0064,D000373,P023,2026-06-11,11785.17,5,T002,Valid
7954,FR0064,D000863,P023,2026-06-13,11785.17,5,T002,Valid
7955,FR0064,D000985,P023,2026-06-08,11785.17,5,T002,Valid
7956,FR0064,D000041,P023,2026-07-06,12343.53,5,T002,Valid
7957,FR0064,D000308,P023,2026-07-17,12343.53,5,T002,Valid
7958,FR0064,D000888,P023,2026-07-18,12343.53,5,T002,Valid
7959,FR0064,D000882,P023,2026-07-14,12343.53,5,T002,Valid
7960,FR0064,D000086,P023,2026-07-02,12343.53,5,T002,Valid
7961,FR0064,D000985,P023,2026-07-27,12343.53,5,T002,Valid
7962,FR0064,D000888,P019,2026-01-05,12307.25,6,T002,Valid
7963,FR0064,D000308,P019,2026-01-08,12307.25,6,T002,Valid
7964,FR0064,D000528,P019,2026-01-22,12307.25,6,T002,Valid
7965,FR0064,D000373,P019,2026-01-27,12307.25,6,T002,Valid
7966,FR0064,D000041,P019,2026-01-06,12307.25,6,T002,Valid
7967,FR0064,D000985,P019,2026-01-20,12307.25,6,T002,Valid
7968,FR0064,D000373,P019,2026-02-07,26633.34,12,T002,Valid
7969,FR0064,D000308,P019,2026-02-13,26633.34,12,T002,Valid
7970,FR0064,D000041,P019,2026-02-14,26633.34,12,T002,Valid
7971,FR0064,D000888,P019,2026-03-23,14501.73,7,T002,Valid
7972,FR0064,D000863,P019,2026-03-25,14501.73,7,T002,Valid
7973,FR0064,D000308,P019,2026-03-06,14501.73,7,T002,Valid
7974,FR0064,D000373,P019,2026-03-05,14501.73,7,T002,Valid
7975,FR0064,D000528,P019,2026-03-15,14501.73,7,T002,Valid
7976,FR0064,D000888,P019,2026-04-15,32947.88,15,T002,Valid
7977,FR0064,D000882,P019,2026-04-08,32947.88,15,T002,Valid
7978,FR0064,D000863,P019,2026-05-22,40472.28,18,T002,Valid
7979,FR0064,D000308,P019,2026-05-08,40472.28,18,T002,Valid
7980,FR0064,D000882,P019,2026-06-06,18907.73,9,T002,Valid
7981,FR0064,D000373,P019,2026-06-21,18907.73,9,T002,Valid
7982,FR0064,D000707,P019,2026-06-26,18907.73,9,T002,Valid
7983,FR0064,D000888,P019,2026-06-15,18907.73,9,T002,Valid
7984,FR0064,D000373,P019,2026-07-19,19425.05,9,T002,Valid
7985,FR0064,D000707,P019,2026-07-07,19425.05,9,T002,Valid
7986,FR0064,D000888,P019,2026-07-05,19425.05,9,T002,Valid
7987,FR0064,D000882,P019,2026-07-15,19425.05,9,T002,Valid
7988,FR0064,D000041,P007,2026-01-02,26439.13,55,T002,Valid
7989,FR0064,D000528,P007,2026-01-24,26439.13,55,T002,Valid
7990,FR0064,D000308,P007,2026-01-11,26439.13,55,T002,Valid
7991,FR0064,D000863,P007,2026-01-11,26439.13,55,T002,Valid
7992,FR0064,D000882,P007,2026-01-14,26439.13,55,T002,Valid
7993,FR0064,D000882,P007,2026-02-14,23167.05,48,T002,Valid
7994,FR0064,D000985,P007,2026-02-18,23167.05,48,T002,Valid
7995,FR0064,D000041,P007,2026-02-03,23167.05,48,T002,Valid
7996,FR0064,D000308,P007,2026-02-26,23167.05,48,T002,Valid
7997,FR0064,D000888,P007,2026-02-14,23167.05,48,T002,Valid
7998,FR0064,D000707,P007,2026-02-26,23167.05,48,T002,Valid
7999,FR0064,D000707,P007,2026-03-17,26975.54,56,T002,Valid
8000,FR0064,D000863,P007,2026-03-09,26975.54,56,T002,Valid
8001,FR0064,D000041,P007,2026-03-22,26975.54,56,T002,Valid
8002,FR0064,D000308,P007,2026-03-16,26975.54,56,T002,Valid
8003,FR0064,D000888,P007,2026-03-08,26975.54,56,T002,Valid
8004,FR0064,D000528,P007,2026-04-12,40529.53,85,T002,Valid
8005,FR0064,D000888,P007,2026-04-15,40529.53,85,T002,Valid
8006,FR0064,D000707,P007,2026-04-15,40529.53,85,T002,Valid
8007,FR0064,D000707,P007,2026-05-09,35172.57,73,T002,Valid
8008,FR0064,D000528,P007,2026-05-16,35172.57,73,T002,Valid
8009,FR0064,D000308,P007,2026-05-01,35172.57,73,T002,Valid
8010,FR0064,D000373,P007,2026-05-18,35172.57,73,T002,Valid
8011,FR0064,D000373,P007,2026-06-19,59097.46,123,T002,Valid
8012,FR0064,D000985,P007,2026-06-01,59097.46,123,T002,Valid
8013,FR0064,D000863,P007,2026-07-18,68527.04,143,T002,Valid
8014,FR0064,D000308,P007,2026-07-08,68527.04,143,T002,Valid
8015,FR0065,D000426,P018,2026-01-27,59028.03,87,T008,Valid
8016,FR0065,D000840,P018,2026-01-07,59028.03,87,T008,Valid
8017,FR0065,D000915,P018,2026-01-13,59028.03,87,T008,Valid
8018,FR0065,D000391,P018,2026-02-22,33232.02,49,T008,Valid
8019,FR0065,D000513,P018,2026-02-12,33232.02,49,T008,Valid
8020,FR0065,D000426,P018,2026-02-23,33232.02,49,T008,Valid
8021,FR0065,D000840,P018,2026-02-22,33232.02,49,T008,Valid
8022,FR0065,D000915,P018,2026-02-12,33232.02,49,T008,Valid
8023,FR0065,D000391,P018,2026-03-23,38968.35,58,T008,Valid
8024,FR0065,D000513,P018,2026-03-13,38968.35,58,T008,Valid
8025,FR0065,D000426,P018,2026-03-19,38968.35,58,T008,Valid
8026,FR0065,D000915,P018,2026-03-21,38968.35,58,T008,Valid
8027,FR0065,D000391,P018,2026-04-06,38591.36,57,T008,Valid
8028,FR0065,D000426,P018,2026-04-11,38591.36,57,T008,Valid
8029,FR0065,D000513,P018,2026-04-24,38591.36,57,T008,Valid
8030,FR0065,D000840,P018,2026-04-12,38591.36,57,T008,Valid
8031,FR0065,D000915,P018,2026-05-04,29195.18,43,T008,Valid
8032,FR0065,D000426,P018,2026-05-20,29195.18,43,T008,Valid
8033,FR0065,D000391,P018,2026-05-23,29195.18,43,T008,Valid
8034,FR0065,D000840,P018,2026-05-03,29195.18,43,T008,Valid
8035,FR0065,D000513,P018,2026-05-27,29195.18,43,T008,Valid
8036,FR0065,D000426,P018,2026-06-26,84392.02,125,T008,Valid
8037,FR0065,D000391,P018,2026-06-22,84392.02,125,T008,Valid
8038,FR0065,D000840,P018,2026-07-10,39341.47,58,T008,Valid
8039,FR0065,D000426,P018,2026-07-07,39341.47,58,T008,Valid
8040,FR0065,D000391,P018,2026-07-24,39341.47,58,T008,Valid
8041,FR0065,D000513,P018,2026-07-22,39341.47,58,T008,Valid
8042,FR0065,D000391,P020,2026-01-25,16114.45,53,T008,Valid
8043,FR0065,D000426,P020,2026-01-08,16114.45,53,T008,Valid
8044,FR0065,D000513,P020,2026-01-21,16114.45,53,T008,Valid
8045,FR0065,D000915,P020,2026-01-26,16114.45,53,T008,Valid
8046,FR0065,D000840,P020,2026-02-23,30059.3,98,T008,Valid
8047,FR0065,D000513,P020,2026-02-10,30059.3,98,T008,Valid
8048,FR0065,D000915,P020,2026-02-16,30059.3,98,T008,Valid
8049,FR0065,D000391,P020,2026-02-09,30059.3,98,T008,Valid
8050,FR0065,D000513,P020,2026-03-01,22256.03,73,T008,Valid
8051,FR0065,D000915,P020,2026-03-18,22256.03,73,T008,Valid
8052,FR0065,D000426,P020,2026-03-03,22256.03,73,T008,Valid
8053,FR0065,D000513,P020,2026-04-03,21762.21,71,T008,Valid
8054,FR0065,D000915,P020,2026-04-07,21762.21,71,T008,Valid
8055,FR0065,D000426,P020,2026-04-25,21762.21,71,T008,Valid
8056,FR0065,D000915,P020,2026-05-08,12768.96,42,T008,Valid
8057,FR0065,D000840,P020,2026-05-27,12768.96,42,T008,Valid
8058,FR0065,D000391,P020,2026-05-04,12768.96,42,T008,Valid
8059,FR0065,D000513,P020,2026-05-04,12768.96,42,T008,Valid
8060,FR0065,D000426,P020,2026-05-01,12768.96,42,T008,Valid
8061,FR0065,D000915,P020,2026-06-02,18586.96,61,T008,Valid
8062,FR0065,D000391,P020,2026-06-10,18586.96,61,T008,Valid
8063,FR0065,D000840,P020,2026-06-10,18586.96,61,T008,Valid
8064,FR0065,D000915,P020,2026-07-10,12571.84,41,T008,Valid
8065,FR0065,D000391,P020,2026-07-12,12571.84,41,T008,Valid
8066,FR0065,D000513,P020,2026-07-07,12571.84,41,T008,Valid
8067,FR0065,D000426,P020,2026-07-27,12571.84,41,T008,Valid
8068,FR0065,D000840,P020,2026-07-04,12571.84,41,T008,Valid
8069,FR0065,D000840,P002,2026-01-05,24964.9,18,T008,Valid
8070,FR0065,D000426,P002,2026-01-25,24964.9,18,T008,Valid
8071,FR0065,D000391,P002,2026-01-21,24964.9,18,T008,Valid
8072,FR0065,D000915,P002,2026-01-16,24964.9,18,T008,Valid
8073,FR0065,D000840,P002,2026-02-01,60773.63,44,T008,Valid
8074,FR0065,D000391,P002,2026-02-07,60773.63,44,T008,Valid
8075,FR0065,D000840,P002,2026-03-04,22338.6,16,T008,Valid
8076,FR0065,D000513,P002,2026-03-24,22338.6,16,T008,Valid
8077,FR0065,D000391,P002,2026-03-26,22338.6,16,T008,Valid
8078,FR0065,D000426,P002,2026-03-01,22338.6,16,T008,Valid
8079,FR0065,D000915,P002,2026-03-08,22338.6,16,T008,Valid
8080,FR0065,D000840,P002,2026-04-09,52250.4,38,T008,Valid
8081,FR0065,D000391,P002,2026-04-16,52250.4,38,T008,Valid
8082,FR0065,D000513,P002,2026-05-08,19913.97,15,T008,Valid
8083,FR0065,D000426,P002,2026-05-27,19913.97,15,T008,Valid
8084,FR0065,D000840,P002,2026-05-25,19913.97,15,T008,Valid
8085,FR0065,D000915,P002,2026-05-07,19913.97,15,T008,Valid
8086,FR0065,D000391,P002,2026-05-13,19913.97,15,T008,Valid
8087,FR0065,D000391,P002,2026-06-25,22813.54,17,T008,Valid
8088,FR0065,D000915,P002,2026-06-25,22813.54,17,T008,Valid
8089,FR0065,D000513,P002,2026-06-01,22813.54,17,T008,Valid
8090,FR0065,D000840,P002,2026-06-25,22813.54,17,T008,Valid
8091,FR0065,D000426,P002,2026-06-20,22813.54,17,T008,Valid
8092,FR0065,D000391,P002,2026-07-20,20623.11,15,T008,Valid
8093,FR0065,D000915,P002,2026-07-13,20623.11,15,T008,Valid
8094,FR0065,D000426,P002,2026-07-22,20623.11,15,T008,Valid
8095,FR0065,D000513,P002,2026-07-08,20623.11,15,T008,Valid
8096,FR0065,D000840,P002,2026-07-05,20623.11,15,T008,Valid
8097,FR0065,D000840,P011,2026-01-07,29891.62,14,T008,Valid
8098,FR0065,D000391,P011,2026-01-06,29891.62,14,T008,Valid
8099,FR0065,D000426,P011,2026-01-10,29891.62,14,T008,Valid
8100,FR0065,D000915,P011,2026-01-01,29891.62,14,T008,Valid
8101,FR0065,D000513,P011,2026-01-25,29891.62,14,T008,Valid
8102,FR0065,D000915,P011,2026-02-08,17741.3,8,T008,Valid
8103,FR0065,D000426,P011,2026-02-11,17741.3,8,T008,Valid
8104,FR0065,D000513,P011,2026-02-24,17741.3,8,T008,Valid
8105,FR0065,D000391,P011,2026-02-27,17741.3,8,T008,Valid
8106,FR0065,D000915,P011,2026-03-18,16236.3,7,T008,Valid
8107,FR0065,D000426,P011,2026-03-24,16236.3,7,T008,Valid
8108,FR0065,D000513,P011,2026-03-12,16236.3,7,T008,Valid
8109,FR0065,D000840,P011,2026-03-04,16236.3,7,T008,Valid
8110,FR0065,D000391,P011,2026-04-14,12903.7,6,T008,Valid
8111,FR0065,D000426,P011,2026-04-18,12903.7,6,T008,Valid
8112,FR0065,D000840,P011,2026-04-07,12903.7,6,T008,Valid
8113,FR0065,D000915,P011,2026-04-23,12903.7,6,T008,Valid
8114,FR0065,D000513,P011,2026-04-07,12903.7,6,T008,Valid
8115,FR0065,D000915,P011,2026-05-09,25223.42,12,T008,Valid
8116,FR0065,D000391,P011,2026-05-08,25223.42,12,T008,Valid
8117,FR0065,D000840,P011,2026-05-09,25223.42,12,T008,Valid
8118,FR0065,D000915,P011,2026-06-23,16884.75,8,T008,Valid
8119,FR0065,D000840,P011,2026-06-04,16884.75,8,T008,Valid
8120,FR0065,D000513,P011,2026-06-08,16884.75,8,T008,Valid
8121,FR0065,D000426,P011,2026-06-25,16884.75,8,T008,Valid
8122,FR0065,D000513,P011,2026-07-16,17226.59,8,T008,Valid
8123,FR0065,D000426,P011,2026-07-02,17226.59,8,T008,Valid
8124,FR0065,D000915,P011,2026-07-09,17226.59,8,T008,Valid
8125,FR0065,D000840,P011,2026-07-17,17226.59,8,T008,Valid
8126,FR0065,D000840,P030,2026-01-23,9732.75,38,T008,Valid
8127,FR0065,D000426,P030,2026-01-23,9732.75,38,T008,Valid
8128,FR0065,D000513,P030,2026-01-23,9732.75,38,T008,Valid
8129,FR0065,D000391,P030,2026-01-03,9732.75,38,T008,Valid
8130,FR0065,D000391,P030,2026-02-17,7985.94,31,T008,Valid
8131,FR0065,D000426,P030,2026-02-06,7985.94,31,T008,Valid
8132,FR0065,D000840,P030,2026-02-24,7985.94,31,T008,Valid
8133,FR0065,D000915,P030,2026-02-01,7985.94,31,T008,Valid
8134,FR0065,D000513,P030,2026-02-11,7985.94,31,T008,Valid
8135,FR0065,D000513,P030,2026-03-17,10539.09,42,T008,Valid
8136,FR0065,D000426,P030,2026-03-13,10539.09,42,T008,Valid
8137,FR0065,D000915,P030,2026-03-25,10539.09,42,T008,Valid
8138,FR0065,D000840,P030,2026-03-25,10539.09,42,T008,Valid
8139,FR0065,D000426,P030,2026-04-26,18662.6,74,T008,Valid
8140,FR0065,D000513,P030,2026-04-09,18662.6,74,T008,Valid
8141,FR0065,D000513,P030,2026-05-08,7806.66,31,T008,Valid
8142,FR0065,D000840,P030,2026-05-03,7806.66,31,T008,Valid
8143,FR0065,D000426,P030,2026-05-20,7806.66,31,T008,Valid
8144,FR0065,D000391,P030,2026-05-21,7806.66,31,T008,Valid
8145,FR0065,D000915,P030,2026-05-05,7806.66,31,T008,Valid
8146,FR0065,D000915,P030,2026-06-21,9013.18,36,T008,Valid
8147,FR0065,D000840,P030,2026-06-25,9013.18,36,T008,Valid
8148,FR0065,D000426,P030,2026-06-24,9013.18,36,T008,Valid
8149,FR0065,D000391,P030,2026-06-07,9013.18,36,T008,Valid
8150,FR0065,D000513,P030,2026-06-26,9013.18,36,T008,Valid
8151,FR0065,D000915,P030,2026-07-27,19904.33,78,T008,Valid
8152,FR0065,D000513,P030,2026-07-21,19904.33,78,T008,Valid
8153,FR0065,D000391,P025,2026-01-18,7718.92,3,T008,Valid
8154,FR0065,D000840,P025,2026-01-03,7718.92,3,T008,Valid
8155,FR0065,D000513,P025,2026-01-14,7718.92,3,T008,Valid
8156,FR0065,D000426,P025,2026-01-23,7718.92,3,T008,Valid
8157,FR0065,D000915,P025,2026-01-09,7718.92,3,T008,Valid
8158,FR0065,D000513,P025,2026-02-02,7699.97,3,T008,Valid
8159,FR0065,D000915,P025,2026-02-23,7699.97,3,T008,Valid
8160,FR0065,D000391,P025,2026-02-06,7699.97,3,T008,Valid
8161,FR0065,D000426,P025,2026-02-16,7699.97,3,T008,Valid
8162,FR0065,D000840,P025,2026-02-11,7699.97,3,T008,Valid
8163,FR0065,D000426,P025,2026-03-20,10365.24,4,T008,Valid
8164,FR0065,D000513,P025,2026-03-13,10365.24,4,T008,Valid
8165,FR0065,D000915,P025,2026-03-19,10365.24,4,T008,Valid
8166,FR0065,D000840,P025,2026-03-10,10365.24,4,T008,Valid
8167,FR0065,D000513,P025,2026-04-06,9501.63,4,T008,Valid
8168,FR0065,D000840,P025,2026-04-01,9501.63,4,T008,Valid
8169,FR0065,D000391,P025,2026-04-04,9501.63,4,T008,Valid
8170,FR0065,D000426,P025,2026-04-24,9501.63,4,T008,Valid
8171,FR0065,D000915,P025,2026-04-03,9501.63,4,T008,Valid
8172,FR0065,D000513,P025,2026-05-11,8047.36,3,T008,Valid
8173,FR0065,D000915,P025,2026-05-04,8047.36,3,T008,Valid
8174,FR0065,D000840,P025,2026-05-14,8047.36,3,T008,Valid
8175,FR0065,D000391,P025,2026-05-07,8047.36,3,T008,Valid
8176,FR0065,D000426,P025,2026-05-08,8047.36,3,T008,Valid
8177,FR0065,D000840,P025,2026-06-03,8185.62,3,T008,Valid
8178,FR0065,D000391,P025,2026-06-01,8185.62,3,T008,Valid
8179,FR0065,D000513,P025,2026-06-18,8185.62,3,T008,Valid
8180,FR0065,D000915,P025,2026-06-05,8185.62,3,T008,Valid
8181,FR0065,D000426,P025,2026-06-23,8185.62,3,T008,Valid
8182,FR0065,D000426,P025,2026-07-09,22232.6,9,T008,Valid
8183,FR0065,D000391,P025,2026-07-19,22232.6,9,T008,Valid
8184,FR0066,D000563,P010,2026-01-16,47453.43,36,T002,Valid
8185,FR0066,D000879,P010,2026-01-22,47453.43,36,T002,Valid
8186,FR0066,D000471,P010,2026-01-26,47453.43,36,T002,Valid
8187,FR0066,D000471,P010,2026-02-11,26668.48,20,T002,Valid
8188,FR0066,D000879,P010,2026-02-09,26668.48,20,T002,Valid
8189,FR0066,D000989,P010,2026-02-15,26668.48,20,T002,Valid
8190,FR0066,D000456,P010,2026-02-16,26668.48,20,T002,Valid
8191,FR0066,D000932,P010,2026-02-27,26668.48,20,T002,Valid
8192,FR0066,D000563,P010,2026-02-11,26668.48,20,T002,Valid
8193,FR0066,D000989,P010,2026-03-22,80394.7,61,T002,Valid
8194,FR0066,D000456,P010,2026-03-26,80394.7,61,T002,Valid
8195,FR0066,D000471,P010,2026-04-10,32473.54,25,T002,Valid
8196,FR0066,D000456,P010,2026-04-09,32473.54,25,T002,Valid
8197,FR0066,D000563,P010,2026-04-13,32473.54,25,T002,Valid
8198,FR0066,D000932,P010,2026-04-21,32473.54,25,T002,Valid
8199,FR0066,D000575,P010,2026-04-04,32473.54,25,T002,Valid
8200,FR0066,D000879,P010,2026-05-16,28004.92,21,T002,Valid
8201,FR0066,D000932,P010,2026-05-24,28004.92,21,T002,Valid
8202,FR0066,D000500,P010,2026-05-25,28004.92,21,T002,Valid
8203,FR0066,D000471,P010,2026-05-17,28004.92,21,T002,Valid
8204,FR0066,D000989,P010,2026-05-21,28004.92,21,T002,Valid
8205,FR0066,D000575,P010,2026-06-01,31038.96,24,T002,Valid
8206,FR0066,D000989,P010,2026-06-16,31038.96,24,T002,Valid
8207,FR0066,D000879,P010,2026-06-18,31038.96,24,T002,Valid
8208,FR0066,D000563,P010,2026-06-21,31038.96,24,T002,Valid
8209,FR0066,D000932,P010,2026-06-11,31038.96,24,T002,Valid
8210,FR0066,D000456,P010,2026-07-19,27056.22,21,T002,Valid
8211,FR0066,D000575,P010,2026-07-02,27056.22,21,T002,Valid
8212,FR0066,D000471,P010,2026-07-14,27056.22,21,T002,Valid
8213,FR0066,D000879,P010,2026-07-13,27056.22,21,T002,Valid
8214,FR0066,D000563,P010,2026-07-24,27056.22,21,T002,Valid
8215,FR0066,D000932,P010,2026-07-05,27056.22,21,T002,Valid
8216,FR0066,D000879,P003,2026-01-25,15592.67,9,T002,Valid
8217,FR0066,D000563,P003,2026-01-22,15592.67,9,T002,Valid
8218,FR0066,D000456,P003,2026-01-05,15592.67,9,T002,Valid
8219,FR0066,D000932,P003,2026-01-25,15592.67,9,T002,Valid
8220,FR0066,D000500,P003,2026-01-01,15592.67,9,T002,Valid
8221,FR0066,D000471,P003,2026-01-01,15592.67,9,T002,Valid
8222,FR0066,D000456,P003,2026-02-25,16250.32,9,T002,Valid
8223,FR0066,D000563,P003,2026-02-17,16250.32,9,T002,Valid
8224,FR0066,D000989,P003,2026-02-17,16250.32,9,T002,Valid
8225,FR0066,D000471,P003,2026-02-24,16250.32,9,T002,Valid
8226,FR0066,D000932,P003,2026-02-23,16250.32,9,T002,Valid
8227,FR0066,D000500,P003,2026-02-25,16250.32,9,T002,Valid
8228,FR0066,D000989,P003,2026-03-27,50708.67,29,T002,Valid
8229,FR0066,D000932,P003,2026-03-25,50708.67,29,T002,Valid
8230,FR0066,D000471,P003,2026-04-18,101914.97,59,T002,Valid
8231,FR0066,D000879,P003,2026-05-26,20261.89,12,T002,Valid
8232,FR0066,D000456,P003,2026-05-13,20261.89,12,T002,Valid
8233,FR0066,D000563,P003,2026-05-15,20261.89,12,T002,Valid
8234,FR0066,D000500,P003,2026-05-14,20261.89,12,T002,Valid
8235,FR0066,D000575,P003,2026-05-13,20261.89,12,T002,Valid
8236,FR0066,D000471,P003,2026-06-09,28097.2,16,T002,Valid
8237,FR0066,D000563,P003,2026-06-16,28097.2,16,T002,Valid
8238,FR0066,D000575,P003,2026-06-12,28097.2,16,T002,Valid
8239,FR0066,D000500,P003,2026-07-06,24685.18,14,T002,Valid
8240,FR0066,D000932,P003,2026-07-06,24685.18,14,T002,Valid
8241,FR0066,D000471,P003,2026-07-20,24685.18,14,T002,Valid
8242,FR0066,D000456,P003,2026-07-02,24685.18,14,T002,Valid
8243,FR0066,D000989,P023,2026-01-20,15109.93,6,T002,Valid
8244,FR0066,D000471,P023,2026-01-25,15109.93,6,T002,Valid
8245,FR0066,D000932,P023,2026-01-15,15109.93,6,T002,Valid
8246,FR0066,D000456,P023,2026-01-25,15109.93,6,T002,Valid
8247,FR0066,D000879,P023,2026-02-17,19568.06,8,T002,Valid
8248,FR0066,D000456,P023,2026-02-05,19568.06,8,T002,Valid
8249,FR0066,D000563,P023,2026-02-05,19568.06,8,T002,Valid
8250,FR0066,D000879,P023,2026-03-07,19503.66,8,T002,Valid
8251,FR0066,D000989,P023,2026-03-25,19503.66,8,T002,Valid
8252,FR0066,D000575,P023,2026-03-19,19503.66,8,T002,Valid
8253,FR0066,D000932,P023,2026-04-20,16749.72,7,T002,Valid
8254,FR0066,D000879,P023,2026-04-07,16749.72,7,T002,Valid
8255,FR0066,D000563,P023,2026-04-16,16749.72,7,T002,Valid
8256,FR0066,D000879,P023,2026-05-05,10252.53,4,T002,Valid
8257,FR0066,D000989,P023,2026-05-27,10252.53,4,T002,Valid
8258,FR0066,D000563,P023,2026-05-08,10252.53,4,T002,Valid
8259,FR0066,D000471,P023,2026-05-22,10252.53,4,T002,Valid
8260,FR0066,D000575,P023,2026-05-06,10252.53,4,T002,Valid
8261,FR0066,D000932,P023,2026-05-25,10252.53,4,T002,Valid
8262,FR0066,D000456,P023,2026-06-05,9985.69,4,T002,Valid
8263,FR0066,D000989,P023,2026-06-07,9985.69,4,T002,Valid
8264,FR0066,D000575,P023,2026-06-02,9985.69,4,T002,Valid
8265,FR0066,D000879,P023,2026-06-24,9985.69,4,T002,Valid
8266,FR0066,D000500,P023,2026-06-01,9985.69,4,T002,Valid
8267,FR0066,D000563,P023,2026-07-09,26161.41,11,T002,Valid
8268,FR0066,D000575,P023,2026-07-13,26161.41,11,T002,Valid
8269,FR0066,D000575,P030,2026-01-08,66431.64,262,T002,Valid
8270,FR0066,D000563,P030,2026-01-04,66431.64,262,T002,Valid
8271,FR0066,D000989,P030,2026-02-19,69682.25,275,T002,Valid
8272,FR0066,D000563,P030,2026-02-13,69682.25,275,T002,Valid
8273,FR0066,D000575,P030,2026-03-12,147095.78,580,T002,Valid
8274,FR0066,D000500,P030,2026-04-23,22397.9,88,T002,Valid
8275,FR0066,D000563,P030,2026-04-21,22397.9,88,T002,Valid
8276,FR0066,D000989,P030,2026-04-15,22397.9,88,T002,Valid
8277,FR0066,D000456,P030,2026-04-21,22397.9,88,T002,Valid
8278,FR0066,D000879,P030,2026-04-14,22397.9,88,T002,Valid
8279,FR0066,D000575,P030,2026-04-17,22397.9,88,T002,Valid
8280,FR0066,D000563,P030,2026-05-15,21061.34,83,T002,Valid
8281,FR0066,D000879,P030,2026-05-20,21061.34,83,T002,Valid
8282,FR0066,D000575,P030,2026-05-22,21061.34,83,T002,Valid
8283,FR0066,D000456,P030,2026-05-17,21061.34,83,T002,Valid
8284,FR0066,D000471,P030,2026-05-22,21061.34,83,T002,Valid
8285,FR0066,D000500,P030,2026-05-03,21061.34,83,T002,Valid
8286,FR0066,D000879,P030,2026-06-25,20940.16,83,T002,Valid
8287,FR0066,D000932,P030,2026-06-22,20940.16,83,T002,Valid
8288,FR0066,D000575,P030,2026-06-24,20940.16,83,T002,Valid
8289,FR0066,D000563,P030,2026-06-05,20940.16,83,T002,Valid
8290,FR0066,D000500,P030,2026-06-01,20940.16,83,T002,Valid
8291,FR0066,D000471,P030,2026-06-14,20940.16,83,T002,Valid
8292,FR0066,D000932,P030,2026-07-15,70053.42,276,T002,Valid
8293,FR0066,D000879,P030,2026-07-10,70053.42,276,T002,Valid
8294,FR0066,D000563,P006,2026-01-24,18471.99,50,T002,Valid
8295,FR0066,D000471,P006,2026-01-03,18471.99,50,T002,Valid
8296,FR0066,D000575,P006,2026-01-01,18471.99,50,T002,Valid
8297,FR0066,D000879,P006,2026-01-17,18471.99,50,T002,Valid
8298,FR0066,D000500,P006,2026-01-06,18471.99,50,T002,Valid
8299,FR0066,D000879,P006,2026-02-19,45203.3,123,T002,Valid
8300,FR0066,D000500,P006,2026-02-13,45203.3,123,T002,Valid
8301,FR0066,D000563,P006,2026-03-20,17970.56,49,T002,Valid
8302,FR0066,D000575,P006,2026-03-01,17970.56,49,T002,Valid
8303,FR0066,D000932,P006,2026-03-18,17970.56,49,T002,Valid
8304,FR0066,D000500,P006,2026-03-12,17970.56,49,T002,Valid
8305,FR0066,D000879,P006,2026-03-26,17970.56,49,T002,Valid
8306,FR0066,D000563,P006,2026-04-17,22069.35,60,T002,Valid
8307,FR0066,D000456,P006,2026-04-07,22069.35,60,T002,Valid
8308,FR0066,D000989,P006,2026-04-02,22069.35,60,T002,Valid
8309,FR0066,D000932,P006,2026-04-24,22069.35,60,T002,Valid
8310,FR0066,D000500,P006,2026-05-15,27999.69,76,T010,Valid
8311,FR0066,D000989,P006,2026-05-27,27999.69,76,T002,Valid
8312,FR0066,D000879,P006,2026-05-07,27999.69,76,T006,Valid
8313,FR0066,D000471,P006,2026-06-19,15009.34,41,T002,Valid
8314,FR0066,D000563,P006,2026-06-02,15009.34,41,T002,Valid
8315,FR0066,D000879,P006,2026-06-01,15009.34,41,T002,Valid
8316,FR0066,D000932,P006,2026-06-18,15009.34,41,T002,Valid
8317,FR0066,D000456,P006,2026-06-14,15009.34,41,T002,Valid
8318,FR0066,D000575,P006,2026-06-24,15009.34,41,T002,Valid
8319,FR0066,D000563,P006,2026-07-09,17972.94,49,T017,Valid
8320,FR0066,D000879,P006,2026-07-26,17972.94,49,T004,Valid
8321,FR0066,D000989,P006,2026-07-20,17972.94,49,T002,Valid
8322,FR0066,D000575,P006,2026-07-16,17972.94,49,T020,Valid
8323,FR0066,D000500,P006,2026-07-10,17972.94,49,T002,Valid
8324,FR0066,D000989,P021,2026-01-14,31936.68,16,T002,Valid
8325,FR0066,D000932,P021,2026-01-19,31936.68,16,T002,Valid
8326,FR0066,D000471,P021,2026-01-10,31936.68,16,T002,Valid
8327,FR0066,D000500,P021,2026-01-16,31936.68,16,T002,Valid
8328,FR0066,D000456,P021,2026-02-17,27753.53,13,T002,Valid
8329,FR0066,D000879,P021,2026-02-01,27753.53,13,T002,Valid
8330,FR0066,D000932,P021,2026-02-11,27753.53,13,T002,Valid
8331,FR0066,D000500,P021,2026-02-14,27753.53,13,T002,Valid
8332,FR0066,D000471,P021,2026-02-03,27753.53,13,T002,Valid
8333,FR0066,D000989,P021,2026-03-15,25456.45,12,T002,Valid
8334,FR0066,D000456,P021,2026-03-08,25456.45,12,T002,Valid
8335,FR0066,D000575,P021,2026-03-09,25456.45,12,T002,Valid
8336,FR0066,D000879,P021,2026-03-02,25456.45,12,T002,Valid
8337,FR0066,D000471,P021,2026-03-27,25456.45,12,T002,Valid
8338,FR0066,D000500,P021,2026-04-08,25877.59,13,T002,Valid
8339,FR0066,D000879,P021,2026-04-17,25877.59,13,T002,Valid
8340,FR0066,D000989,P021,2026-04-21,25877.59,13,T002,Valid
8341,FR0066,D000456,P021,2026-04-27,25877.59,13,T002,Valid
8342,FR0066,D000471,P021,2026-04-13,25877.59,13,T002,Valid
8343,FR0066,D000563,P021,2026-05-09,32273.43,16,T002,Valid
8344,FR0066,D000500,P021,2026-05-13,32273.43,16,T002,Valid
8345,FR0066,D000471,P021,2026-05-11,32273.43,16,T002,Valid
8346,FR0066,D000932,P021,2026-05-04,32273.43,16,T002,Valid
8347,FR0066,D000989,P021,2026-06-17,43743.39,21,T002,Valid
8348,FR0066,D000456,P021,2026-06-02,43743.39,21,T002,Valid
8349,FR0066,D000932,P021,2026-06-11,43743.39,21,T002,Valid
8350,FR0066,D000456,P021,2026-07-09,30092.72,15,T002,Valid
8351,FR0066,D000471,P021,2026-07-09,30092.72,15,T002,Valid
8352,FR0066,D000563,P021,2026-07-14,30092.72,15,T002,Valid
8353,FR0066,D000879,P021,2026-07-19,30092.72,15,T002,Valid
8354,FR0066,D000456,P028,2026-01-27,27958.52,24,T002,Valid
8355,FR0066,D000932,P028,2026-01-13,27958.52,24,T002,Valid
8356,FR0066,D000471,P028,2026-01-11,27958.52,24,T002,Valid
8357,FR0066,D000575,P028,2026-01-18,27958.52,24,T002,Valid
8358,FR0066,D000456,P028,2026-02-26,60054.06,52,T002,Valid
8359,FR0066,D000989,P028,2026-02-10,60054.06,52,T002,Valid
8360,FR0066,D000500,P028,2026-03-23,30677.23,27,T002,Valid
8361,FR0066,D000932,P028,2026-03-22,30677.23,27,T002,Valid
8362,FR0066,D000575,P028,2026-03-01,30677.23,27,T002,Valid
8363,FR0066,D000563,P028,2026-03-27,30677.23,27,T002,Valid
8364,FR0066,D000500,P028,2026-04-11,57608.62,50,T002,Valid
8365,FR0066,D000575,P028,2026-04-16,57608.62,50,T002,Valid
8366,FR0066,D000471,P028,2026-05-10,53633.12,47,T002,Valid
8367,FR0066,D000989,P028,2026-05-12,53633.12,47,T002,Valid
8368,FR0066,D000456,P028,2026-06-19,20189.14,18,T002,Valid
8369,FR0066,D000563,P028,2026-06-19,20189.14,18,T002,Valid
8370,FR0066,D000879,P028,2026-06-07,20189.14,18,T002,Valid
8371,FR0066,D000989,P028,2026-06-21,20189.14,18,T002,Valid
8372,FR0066,D000500,P028,2026-06-24,20189.14,18,T002,Valid
8373,FR0066,D000932,P028,2026-06-02,20189.14,18,T002,Valid
8374,FR0066,D000563,P028,2026-07-17,20335.61,18,T002,Valid
8375,FR0066,D000932,P028,2026-07-26,20335.61,18,T002,Valid
8376,FR0066,D000575,P028,2026-07-16,20335.61,18,T002,Valid
8377,FR0066,D000989,P028,2026-07-16,20335.61,18,T002,Valid
8378,FR0066,D000879,P028,2026-07-18,20335.61,18,T002,Valid
8379,FR0066,D000456,P028,2026-07-21,20335.61,18,T002,Valid
8380,FR0067,D000650,P005,2026-01-05,83185.6,43,T011,Valid
8381,FR0067,D000590,P005,2026-01-08,83185.6,43,T011,Valid
8382,FR0067,D000616,P005,2026-02-19,34101.36,18,T011,Valid
8383,FR0067,D000590,P005,2026-02-26,34101.36,18,T011,Valid
8384,FR0067,D000650,P005,2026-02-02,34101.36,18,T011,Valid
8385,FR0067,D000603,P005,2026-02-02,34101.36,18,T011,Valid
8386,FR0067,D000650,P005,2026-03-05,40639.41,21,T011,Valid
8387,FR0067,D000603,P005,2026-03-15,40639.41,21,T011,Valid
8388,FR0067,D000616,P005,2026-03-18,40639.41,21,T011,Valid
8389,FR0067,D000590,P005,2026-03-13,40639.41,21,T011,Valid
8390,FR0067,D000650,P005,2026-04-24,52196.07,27,T011,Valid
8391,FR0067,D000616,P005,2026-04-21,52196.07,27,T011,Valid
8392,FR0067,D000590,P005,2026-04-02,52196.07,27,T011,Valid
8393,FR0067,D000616,P005,2026-05-04,40290.51,21,T011,Valid
8394,FR0067,D000603,P005,2026-05-18,40290.51,21,T011,Valid
8395,FR0067,D000590,P005,2026-05-02,40290.51,21,T011,Valid
8396,FR0067,D000650,P005,2026-05-21,40290.51,21,T011,Valid
8397,FR0067,D000603,P005,2026-06-07,54474.46,28,T011,Valid
8398,FR0067,D000616,P005,2026-06-06,54474.46,28,T011,Valid
8399,FR0067,D000590,P005,2026-06-12,54474.46,28,T011,Valid
8400,FR0067,D000590,P005,2026-07-08,50203.41,26,T011,Valid
8401,FR0067,D000603,P005,2026-07-26,50203.41,26,T011,Valid
8402,FR0067,D000650,P005,2026-07-27,50203.41,26,T011,Valid
8403,FR0067,D000590,P020,2026-01-23,40898.69,134,T011,Valid
8404,FR0067,D000616,P020,2026-01-21,40898.69,134,T011,Valid
8405,FR0067,D000616,P020,2026-02-03,20002.9,65,T011,Valid
8406,FR0067,D000590,P020,2026-02-05,20002.9,65,T011,Valid
8407,FR0067,D000603,P020,2026-02-02,20002.9,65,T011,Valid
8408,FR0067,D000650,P020,2026-02-07,20002.9,65,T011,Valid
8409,FR0067,D000590,P020,2026-03-09,20511.51,67,T011,Valid
8410,FR0067,D000616,P020,2026-03-26,20511.51,67,T011,Valid
8411,FR0067,D000650,P020,2026-03-14,20511.51,67,T011,Valid
8412,FR0067,D000603,P020,2026-03-02,20511.51,67,T011,Valid
8413,FR0067,D000616,P020,2026-04-26,42561.91,139,T011,Valid
8414,FR0067,D000590,P020,2026-04-18,42561.91,139,T011,Valid
8415,FR0067,D000616,P020,2026-05-19,20093.19,66,T011,Valid
8416,FR0067,D000590,P020,2026-05-26,20093.19,66,T011,Valid
8417,FR0067,D000603,P020,2026-05-11,20093.19,66,T011,Valid
8418,FR0067,D000650,P020,2026-05-17,20093.19,66,T011,Valid
8419,FR0067,D000616,P020,2026-06-22,18788.8,61,T011,Valid
8420,FR0067,D000603,P020,2026-06-21,18788.8,61,T011,Valid
8421,FR0067,D000650,P020,2026-06-27,18788.8,61,T011,Valid
8422,FR0067,D000590,P020,2026-06-19,18788.8,61,T011,Valid
8423,FR0067,D000650,P020,2026-07-14,124961.05,409,T011,Valid
8424,FR0067,D000590,P028,2026-01-02,19825.01,17,T011,Valid
8425,FR0067,D000616,P028,2026-01-13,19825.01,17,T011,Valid
8426,FR0067,D000603,P028,2026-01-16,19825.01,17,T011,Valid
8427,FR0067,D000650,P028,2026-01-17,19825.01,17,T011,Valid
8428,FR0067,D000616,P028,2026-02-26,19549.62,17,T011,Valid
8429,FR0067,D000650,P028,2026-02-13,19549.62,17,T011,Valid
8430,FR0067,D000590,P028,2026-02-20,19549.62,17,T011,Valid
8431,FR0067,D000603,P028,2026-02-15,19549.62,17,T011,Valid
8432,FR0067,D000650,P028,2026-03-10,20789.14,18,T011,Valid
8433,FR0067,D000603,P028,2026-03-17,20789.14,18,T011,Valid
8434,FR0067,D000590,P028,2026-03-09,20789.14,18,T011,Valid
8435,FR0067,D000616,P028,2026-03-13,20789.14,18,T011,Valid
8436,FR0067,D000650,P028,2026-04-13,20243.72,18,T011,Valid
8437,FR0067,D000616,P028,2026-04-13,20243.72,18,T011,Valid
8438,FR0067,D000590,P028,2026-04-27,20243.72,18,T011,Valid
8439,FR0067,D000603,P028,2026-04-24,20243.72,18,T011,Valid
8440,FR0067,D000650,P028,2026-05-23,18803.44,16,T011,Valid
8441,FR0067,D000590,P028,2026-05-11,18803.44,16,T011,Valid
8442,FR0067,D000616,P028,2026-05-09,18803.44,16,T011,Valid
8443,FR0067,D000603,P028,2026-05-07,18803.44,16,T011,Valid
8444,FR0067,D000590,P028,2026-06-11,42172.0,37,T011,Valid
8445,FR0067,D000616,P028,2026-06-27,42172.0,37,T011,Valid
8446,FR0067,D000650,P028,2026-07-04,37723.03,33,T011,Valid
8447,FR0067,D000590,P028,2026-07-02,37723.03,33,T011,Valid
8448,FR0067,D000590,P007,2026-01-17,46943.92,98,T011,Valid
8449,FR0067,D000650,P007,2026-01-12,46943.92,98,T011,Valid
8450,FR0067,D000616,P007,2026-01-01,46943.92,98,T011,Valid
8451,FR0067,D000603,P007,2026-02-24,47889.69,100,T011,Valid
8452,FR0067,D000590,P007,2026-02-23,47889.69,100,T011,Valid
8453,FR0067,D000616,P007,2026-02-01,47889.69,100,T011,Valid
8454,FR0067,D000616,P007,2026-03-26,30935.54,65,T011,Valid
8455,FR0067,D000650,P007,2026-03-09,30935.54,65,T011,Valid
8456,FR0067,D000590,P007,2026-03-21,30935.54,65,T011,Valid
8457,FR0067,D000603,P007,2026-03-03,30935.54,65,T011,Valid
8458,FR0067,D000603,P007,2026-04-27,35757.58,75,T011,Valid
8459,FR0067,D000650,P007,2026-04-19,35757.58,75,T011,Valid
8460,FR0067,D000590,P007,2026-04-18,35757.58,75,T011,Valid
8461,FR0067,D000616,P007,2026-04-23,35757.58,75,T011,Valid
8462,FR0067,D000650,P007,2026-05-17,41263.96,86,T011,Valid
8463,FR0067,D000616,P007,2026-05-21,41263.96,86,T011,Valid
8464,FR0067,D000590,P007,2026-05-02,41263.96,86,T011,Valid
8465,FR0067,D000650,P007,2026-06-17,43544.25,91,T011,Valid
8466,FR0067,D000603,P007,2026-06-20,43544.25,91,T011,Valid
8467,FR0067,D000616,P007,2026-06-26,43544.25,91,T011,Valid
8468,FR0067,D000650,P007,2026-07-14,34822.0,73,T011,Valid
8469,FR0067,D000603,P007,2026-07-25,34822.0,73,T011,Valid
8470,FR0067,D000616,P007,2026-07-10,34822.0,73,T011,Valid
8471,FR0067,D000590,P007,2026-07-17,34822.0,73,T011,Valid
8472,FR0067,D000616,P023,2026-01-21,15474.29,7,T011,Valid
8473,FR0067,D000650,P023,2026-01-07,15474.29,7,T011,Valid
8474,FR0067,D000590,P023,2026-01-04,15474.29,7,T011,Valid
8475,FR0067,D000603,P023,2026-01-15,15474.29,7,T011,Valid
8476,FR0067,D000590,P023,2026-02-12,15264.16,6,T011,Valid
8477,FR0067,D000650,P023,2026-02-18,15264.16,6,T011,Valid
8478,FR0067,D000603,P023,2026-02-17,15264.16,6,T011,Valid
8479,FR0067,D000616,P023,2026-02-17,15264.16,6,T011,Valid
8480,FR0067,D000650,P023,2026-03-18,15987.63,7,T011,Valid
8481,FR0067,D000603,P023,2026-03-18,15987.63,7,T011,Valid
8482,FR0067,D000616,P023,2026-03-16,15987.63,7,T011,Valid
8483,FR0067,D000590,P023,2026-03-11,15987.63,7,T011,Valid
8484,FR0067,D000590,P023,2026-04-11,19274.72,8,T011,Valid
8485,FR0067,D000616,P023,2026-04-03,19274.72,8,T011,Valid
8486,FR0067,D000603,P023,2026-04-27,19274.72,8,T011,Valid
8487,FR0067,D000603,P023,2026-05-13,15749.27,7,T011,Valid
8488,FR0067,D000590,P023,2026-05-04,15749.27,7,T011,Valid
8489,FR0067,D000650,P023,2026-05-21,15749.27,7,T011,Valid
8490,FR0067,D000616,P023,2026-05-16,15749.27,7,T011,Valid
8491,FR0067,D000603,P023,2026-06-26,15708.89,7,T011,Valid
8492,FR0067,D000590,P023,2026-06-03,15708.89,7,T011,Valid
8493,FR0067,D000616,P023,2026-06-10,15708.89,7,T011,Valid
8494,FR0067,D000650,P023,2026-06-05,15708.89,7,T011,Valid
8495,FR0067,D000650,P023,2026-07-07,14761.28,6,T011,Valid
8496,FR0067,D000603,P023,2026-07-20,14761.28,6,T011,Valid
8497,FR0067,D000616,P023,2026-07-20,14761.28,6,T011,Valid
8498,FR0067,D000590,P023,2026-07-04,14761.28,6,T011,Valid
8499,FR0067,D000650,P006,2026-01-01,14769.94,40,T011,Valid
8500,FR0067,D000590,P006,2026-01-01,14769.94,40,T011,Valid
8501,FR0067,D000603,P006,2026-01-02,14769.94,40,T011,Valid
8502,FR0067,D000616,P006,2026-01-07,14769.94,40,T011,Valid
8503,FR0067,D000650,P006,2026-02-21,12987.77,35,T011,Valid
8504,FR0067,D000603,P006,2026-02-24,12987.77,35,T011,Valid
8505,FR0067,D000616,P006,2026-02-17,12987.77,35,T011,Valid
8506,FR0067,D000590,P006,2026-02-03,12987.77,35,T011,Valid
8507,FR0067,D000590,P006,2026-03-16,18462.01,50,T011,Valid
8508,FR0067,D000603,P006,2026-03-09,18462.01,50,T011,Valid
8509,FR0067,D000650,P006,2026-03-15,18462.01,50,T011,Valid
8510,FR0067,D000590,P006,2026-04-06,12967.62,35,T011,Valid
8511,FR0067,D000650,P006,2026-04-06,12967.62,35,T011,Valid
8512,FR0067,D000616,P006,2026-04-20,12967.62,35,T011,Valid
8513,FR0067,D000603,P006,2026-04-09,12967.62,35,T011,Valid
8514,FR0067,D000603,P006,2026-05-15,34161.35,93,T011,Valid
8515,FR0067,D000650,P006,2026-05-24,34161.35,93,T011,Valid
8516,FR0067,D000616,P006,2026-05-09,34161.35,93,T011,Valid
8517,FR0067,D000590,P006,2026-05-15,34161.35,93,T011,Valid
8518,FR0067,D000650,P006,2026-06-13,13465.22,37,T011,Valid
8519,FR0067,D000590,P006,2026-06-05,13465.22,37,T011,Valid
8520,FR0067,D000616,P006,2026-06-18,13465.22,37,T011,Valid
8521,FR0067,D000603,P006,2026-06-04,13465.22,37,T011,Valid
8522,FR0067,D000603,P006,2026-07-16,14247.47,39,T011,Valid
8523,FR0067,D000616,P006,2026-07-26,14247.47,39,T011,Valid
8524,FR0067,D000650,P006,2026-07-25,14247.47,39,T011,Valid
8525,FR0067,D000590,P006,2026-07-05,14247.47,39,T011,Valid
8526,FR0067,D000616,P018,2026-01-22,16834.07,25,T011,Valid
8527,FR0067,D000650,P018,2026-01-02,16834.07,25,T011,Valid
8528,FR0067,D000603,P018,2026-01-13,16834.07,25,T011,Valid
8529,FR0067,D000590,P018,2026-01-13,16834.07,25,T011,Valid
8530,FR0067,D000603,P018,2026-02-09,36380.76,54,T011,Valid
8531,FR0067,D000590,P018,2026-02-09,36380.76,54,T011,Valid
8532,FR0067,D000590,P018,2026-03-12,18103.9,27,T011,Valid
8533,FR0067,D000650,P018,2026-03-05,18103.9,27,T011,Valid
8534,FR0067,D000603,P018,2026-03-06,18103.9,27,T011,Valid
8535,FR0067,D000616,P018,2026-03-01,18103.9,27,T011,Valid
8536,FR0067,D000590,P018,2026-04-09,17894.41,27,T011,Valid
8537,FR0067,D000603,P018,2026-04-17,17894.41,27,T011,Valid
8538,FR0067,D000650,P018,2026-04-03,17894.41,27,T011,Valid
8539,FR0067,D000616,P018,2026-04-14,17894.41,27,T011,Valid
8540,FR0067,D000616,P018,2026-05-03,17430.93,26,T011,Valid
8541,FR0067,D000650,P018,2026-05-08,17430.93,26,T011,Valid
8542,FR0067,D000603,P018,2026-05-19,17430.93,26,T011,Valid
8543,FR0067,D000590,P018,2026-05-07,17430.93,26,T011,Valid
8544,FR0067,D000616,P018,2026-06-16,19407.62,29,T011,Valid
8545,FR0067,D000650,P018,2026-06-15,19407.62,29,T011,Valid
8546,FR0067,D000603,P018,2026-06-17,19407.62,29,T011,Valid
8547,FR0067,D000590,P018,2026-06-16,19407.62,29,T011,Valid
8548,FR0067,D000590,P018,2026-07-16,16881.32,25,T011,Valid
8549,FR0067,D000650,P018,2026-07-20,16881.32,25,T011,Valid
8550,FR0067,D000603,P018,2026-07-19,16881.32,25,T011,Valid
8551,FR0067,D000616,P018,2026-07-08,16881.32,25,T011,Valid
8552,FR0068,D000905,P001,2026-01-02,17349.35,17,T013,Valid
8553,FR0068,D000443,P001,2026-01-03,17349.35,17,T013,Valid
8554,FR0068,D000116,P001,2026-01-08,17349.35,17,T013,Valid
8555,FR0068,D000421,P001,2026-01-04,17349.35,17,T013,Valid
8556,FR0068,D000033,P001,2026-01-10,17349.35,17,T013,Valid
8557,FR0068,D000443,P001,2026-02-20,29638.8,29,T013,Valid
8558,FR0068,D000190,P001,2026-02-25,29638.8,29,T013,Valid
8559,FR0068,D000508,P001,2026-02-09,29638.8,29,T013,Valid
8560,FR0068,D000443,P001,2026-03-23,14075.56,14,T013,Valid
8561,FR0068,D000116,P001,2026-03-01,14075.56,14,T013,Valid
8562,FR0068,D000786,P001,2026-03-27,14075.56,14,T013,Valid
8563,FR0068,D000950,P001,2026-03-26,14075.56,14,T013,Valid
8564,FR0068,D000190,P001,2026-03-20,14075.56,14,T013,Valid
8565,FR0068,D000508,P001,2026-03-03,14075.56,14,T013,Valid
8566,FR0068,D000443,P001,2026-04-20,46210.66,45,T013,Valid
8567,FR0068,D000508,P001,2026-04-13,46210.66,45,T013,Valid
8568,FR0068,D000564,P001,2026-05-13,45259.55,44,T013,Valid
8569,FR0068,D000572,P001,2026-05-02,45259.55,44,T013,Valid
8570,FR0068,D000181,P001,2026-06-12,21652.26,21,T013,Valid
8571,FR0068,D000572,P001,2026-06-26,21652.26,21,T013,Valid
8572,FR0068,D000126,P001,2026-06-19,21652.26,21,T013,Valid
8573,FR0068,D000033,P001,2026-06-15,21652.26,21,T013,Valid
8574,FR0068,D000116,P001,2026-07-12,20222.53,20,T013,Valid
8575,FR0068,D000572,P001,2026-07-15,20222.53,20,T013,Valid
8576,FR0068,D000786,P001,2026-07-07,20222.53,20,T013,Valid
8577,FR0068,D000905,P001,2026-07-25,20222.53,20,T013,Valid
8578,FR0068,D000421,P001,2026-07-15,20222.53,20,T013,Valid
8579,FR0068,D000572,P018,2026-01-24,11236.44,17,T013,Valid
8580,FR0068,D000508,P018,2026-01-14,11236.44,17,T013,Valid
8581,FR0068,D000181,P018,2026-01-27,11236.44,17,T013,Valid
8582,FR0068,D000950,P018,2026-01-14,11236.44,17,T013,Valid
8583,FR0068,D000126,P018,2026-01-11,11236.44,17,T013,Valid
8584,FR0068,D000443,P018,2026-02-22,9501.46,14,T013,Valid
8585,FR0068,D000786,P018,2026-02-16,9501.46,14,T013,Valid
8586,FR0068,D000116,P018,2026-02-12,9501.46,14,T013,Valid
8587,FR0068,D000033,P018,2026-02-13,9501.46,14,T013,Valid
8588,FR0068,D000547,P018,2026-02-27,9501.46,14,T013,Valid
8589,FR0068,D000421,P018,2026-02-27,9501.46,14,T013,Valid
8590,FR0068,D000905,P018,2026-03-09,17112.78,25,T013,Valid
8591,FR0068,D000443,P018,2026-03-02,17112.78,25,T013,Valid
8592,FR0068,D000190,P018,2026-03-13,17112.78,25,T013,Valid
8593,FR0068,D000950,P018,2026-04-13,10704.47,16,T013,Valid
8594,FR0068,D000786,P018,2026-04-26,10704.47,16,T013,Valid
8595,FR0068,D000905,P018,2026-04-24,10704.47,16,T013,Valid
8596,FR0068,D000421,P018,2026-04-17,10704.47,16,T013,Valid
8597,FR0068,D000564,P018,2026-04-21,10704.47,16,T013,Valid
8598,FR0068,D000508,P018,2026-05-12,14046.88,21,T013,Valid
8599,FR0068,D000636,P018,2026-05-21,14046.88,21,T013,Valid
8600,FR0068,D000116,P018,2026-05-24,14046.88,21,T013,Valid
8601,FR0068,D000421,P018,2026-05-09,14046.88,21,T013,Valid
8602,FR0068,D000190,P018,2026-06-12,19701.49,29,T013,Valid
8603,FR0068,D000033,P018,2026-06-15,19701.49,29,T013,Valid
8604,FR0068,D000786,P018,2026-06-06,19701.49,29,T013,Valid
8605,FR0068,D000564,P018,2026-07-09,9245.56,14,T013,Valid
8606,FR0068,D000443,P018,2026-07-01,9245.56,14,T013,Valid
8607,FR0068,D000421,P018,2026-07-15,9245.56,14,T013,Valid
8608,FR0068,D000181,P018,2026-07-27,9245.56,14,T013,Valid
8609,FR0068,D000572,P018,2026-07-09,9245.56,14,T013,Valid
8610,FR0068,D000950,P018,2026-07-02,9245.56,14,T013,Valid
8611,FR0068,D000421,P021,2026-01-04,26467.4,13,T013,Valid
8612,FR0068,D000443,P021,2026-01-14,26467.4,13,T013,Valid
8613,FR0068,D000564,P021,2026-01-13,26467.4,13,T013,Valid
8614,FR0068,D000181,P021,2026-01-24,26467.4,13,T013,Valid
8615,FR0068,D000126,P021,2026-01-02,26467.4,13,T013,Valid
8616,FR0068,D000786,P021,2026-01-09,26467.4,13,T013,Valid
8617,FR0068,D000786,P021,2026-02-03,78416.73,38,T013,Valid
8618,FR0068,D000190,P021,2026-02-01,78416.73,38,T013,Valid
8619,FR0068,D000905,P021,2026-03-02,37007.37,18,T013,Valid
8620,FR0068,D000033,P021,2026-03-24,37007.37,18,T013,Valid
8621,FR0068,D000421,P021,2026-03-14,37007.37,18,T013,Valid
8622,FR0068,D000116,P021,2026-03-17,37007.37,18,T013,Valid
8623,FR0068,D000181,P021,2026-04-15,52017.17,25,T013,Valid
8624,FR0068,D000190,P021,2026-04-21,52017.17,25,T013,Valid
8625,FR0068,D000443,P021,2026-04-09,52017.17,25,T013,Valid
8626,FR0068,D000636,P021,2026-05-16,33523.68,16,T013,Valid
8627,FR0068,D000033,P021,2026-05-27,33523.68,16,T013,Valid
8628,FR0068,D000181,P021,2026-05-19,33523.68,16,T013,Valid
8629,FR0068,D000786,P021,2026-05-16,33523.68,16,T013,Valid
8630,FR0068,D000126,P021,2026-05-04,33523.68,16,T013,Valid
8631,FR0068,D000190,P021,2026-06-06,27901.34,14,T013,Valid
8632,FR0068,D000905,P021,2026-06-16,27901.34,14,T013,Valid
8633,FR0068,D000116,P021,2026-06-02,27901.34,14,T013,Valid
8634,FR0068,D000033,P021,2026-06-26,27901.34,14,T013,Valid
8635,FR0068,D000786,P021,2026-06-04,27901.34,14,T013,Valid
8636,FR0068,D000636,P021,2026-06-20,27901.34,14,T013,Valid
8637,FR0068,D000950,P021,2026-07-07,25133.06,12,T013,Valid
8638,FR0068,D000508,P021,2026-07-07,25133.06,12,T013,Valid
8639,FR0068,D000905,P021,2026-07-27,25133.06,12,T013,Valid
8640,FR0068,D000564,P021,2026-07-14,25133.06,12,T013,Valid
8641,FR0068,D000572,P021,2026-07-09,25133.06,12,T013,Valid
8642,FR0068,D000786,P021,2026-07-07,25133.06,12,T013,Valid
8643,FR0068,D000905,P029,2026-01-26,34599.72,89,T013,Valid
8644,FR0068,D000421,P029,2026-01-22,34599.72,89,T013,Valid
8645,FR0068,D000033,P029,2026-01-25,34599.72,89,T013,Valid
8646,FR0068,D000033,P029,2026-02-11,18548.48,48,T013,Valid
8647,FR0068,D000636,P029,2026-02-25,18548.48,48,T013,Valid
8648,FR0068,D000443,P029,2026-02-02,18548.48,48,T013,Valid
8649,FR0068,D000547,P029,2026-02-03,18548.48,48,T013,Valid
8650,FR0068,D000508,P029,2026-02-23,18548.48,48,T013,Valid
8651,FR0068,D000181,P029,2026-03-04,28921.25,74,T013,Valid
8652,FR0068,D000636,P029,2026-03-19,28921.25,74,T013,Valid
8653,FR0068,D000443,P029,2026-03-05,28921.25,74,T013,Valid
8654,FR0068,D000547,P029,2026-04-16,14920.15,38,T013,Valid
8655,FR0068,D000190,P029,2026-04-17,14920.15,38,T013,Valid
8656,FR0068,D000572,P029,2026-04-01,14920.15,38,T013,Valid
8657,FR0068,D000116,P029,2026-04-23,14920.15,38,T013,Valid
8658,FR0068,D000181,P029,2026-04-25,14920.15,38,T013,Valid
8659,FR0068,D000786,P029,2026-04-16,14920.15,38,T013,Valid
8660,FR0068,D000786,P029,2026-05-07,188266.23,482,T013,Valid
8661,FR0068,D000547,P029,2026-06-08,24399.24,62,T013,Valid
8662,FR0068,D000181,P029,2026-06-17,24399.24,62,T013,Valid
8663,FR0068,D000786,P029,2026-06-25,24399.24,62,T013,Valid
8664,FR0068,D000033,P029,2026-06-15,24399.24,62,T013,Valid
8665,FR0068,D000905,P029,2026-07-09,51071.11,131,T013,Valid
8666,FR0068,D000190,P029,2026-07-05,51071.11,131,T013,Valid
8667,FR0068,D000443,P026,2026-01-11,28778.68,16,T013,Valid
8668,FR0068,D000508,P026,2026-01-09,28778.68,16,T018,Valid
8669,FR0068,D000950,P026,2026-02-07,11350.45,6,T013,Valid
8670,FR0068,D000421,P026,2026-02-21,11350.45,6,T013,Valid
8671,FR0068,D000636,P026,2026-02-15,11350.45,6,T013,Valid
8672,FR0068,D000564,P026,2026-02-12,11350.45,6,T013,Valid
8673,FR0068,D000181,P026,2026-02-01,11350.45,6,T013,Valid
8674,FR0068,D000033,P026,2026-02-27,11350.45,6,T013,Valid
8675,FR0068,D000636,P026,2026-03-06,32208.87,18,T013,Valid
8676,FR0068,D000421,P026,2026-03-27,32208.87,18,T013,Valid
8677,FR0068,D000564,P026,2026-04-08,28865.15,16,T013,Valid
8678,FR0068,D000905,P026,2026-04-13,28865.15,16,T013,Valid
8679,FR0068,D000564,P026,2026-05-09,11198.38,6,T013,Valid
8680,FR0068,D000572,P026,2026-05-26,11198.38,6,T013,Valid
8681,FR0068,D000950,P026,2026-05-02,11198.38,6,T013,Valid
8682,FR0068,D000116,P026,2026-05-06,11198.38,6,T013,Valid
8683,FR0068,D000421,P026,2026-05-15,11198.38,6,T013,Valid
8684,FR0068,D000421,P026,2026-06-01,9383.36,5,T013,Valid
8685,FR0068,D000181,P026,2026-06-05,9383.36,5,T013,Valid
8686,FR0068,D000116,P026,2026-06-03,9383.36,5,T013,Valid
8687,FR0068,D000547,P026,2026-06-18,9383.36,5,T013,Valid
8688,FR0068,D000950,P026,2026-06-23,9383.36,5,T013,Valid
8689,FR0068,D000033,P026,2026-06-25,9383.36,5,T013,Valid
8690,FR0068,D000190,P026,2026-07-04,34355.79,19,T013,Valid
8691,FR0068,D000547,P026,2026-07-23,34355.79,19,T013,Valid
8692,FR0068,D000508,P010,2026-01-19,30005.07,23,T015,Valid
8693,FR0068,D000786,P010,2026-01-05,30005.07,23,T006,Valid
8694,FR0068,D000950,P010,2026-01-11,30005.07,23,T013,Valid
8695,FR0068,D000564,P010,2026-01-08,30005.07,23,T013,Valid
8696,FR0068,D000508,P010,2026-02-07,35365.99,27,T013,Valid
8697,FR0068,D000126,P010,2026-02-17,35365.99,27,T013,Valid
8698,FR0068,D000572,P010,2026-02-14,35365.99,27,T013,Valid
8699,FR0068,D000547,P010,2026-03-06,55568.99,42,T013,Valid
8700,FR0068,D000421,P010,2026-03-12,55568.99,42,T013,Valid
8701,FR0068,D000572,P010,2026-04-02,17857.44,14,T013,Valid
8702,FR0068,D000636,P010,2026-04-02,17857.44,14,T013,Valid
8703,FR0068,D000116,P010,2026-04-04,17857.44,14,T013,Valid
8704,FR0068,D000421,P010,2026-04-14,17857.44,14,T013,Valid
8705,FR0068,D000905,P010,2026-04-24,17857.44,14,T013,Valid
8706,FR0068,D000564,P010,2026-04-20,17857.44,14,T013,Valid
8707,FR0068,D000116,P010,2026-05-27,20682.91,16,T013,Valid
8708,FR0068,D000572,P010,2026-05-25,20682.91,16,T013,Valid
8709,FR0068,D000786,P010,2026-05-17,20682.91,16,T013,Valid
8710,FR0068,D000421,P010,2026-05-10,20682.91,16,T013,Valid
8711,FR0068,D000033,P010,2026-05-24,20682.91,16,T013,Valid
8712,FR0068,D000564,P010,2026-06-23,19546.3,15,T013,Valid
8713,FR0068,D000126,P010,2026-06-02,19546.3,15,T013,Valid
8714,FR0068,D000572,P010,2026-06-11,19546.3,15,T013,Valid
8715,FR0068,D000190,P010,2026-06-15,19546.3,15,T013,Valid
8716,FR0068,D000636,P010,2026-06-20,19546.3,15,T013,Valid
8717,FR0068,D000443,P010,2026-06-12,19546.3,15,T013,Valid
8718,FR0068,D000421,P010,2026-07-17,37924.17,29,T013,Valid
8719,FR0068,D000905,P010,2026-07-03,37924.17,29,T013,Valid
8720,FR0068,D000950,P010,2026-07-17,37924.17,29,T013,Valid
8721,FR0068,D000572,P006,2026-01-19,26857.03,73,T013,Valid
8722,FR0068,D000508,P006,2026-01-12,26857.03,73,T013,Valid
8723,FR0068,D000905,P006,2026-01-23,26857.03,73,T013,Valid
8724,FR0068,D000190,P006,2026-01-05,26857.03,73,T013,Valid
8725,FR0068,D000421,P006,2026-01-17,26857.03,73,T013,Valid
8726,FR0068,D000508,P006,2026-02-20,40278.01,110,T013,Valid
8727,FR0068,D000564,P006,2026-02-01,40278.01,110,T013,Valid
8728,FR0068,D000950,P006,2026-02-02,40278.01,110,T013,Valid
8729,FR0068,D000547,P006,2026-03-23,30501.51,83,T013,Valid
8730,FR0068,D000905,P006,2026-03-14,30501.51,83,T013,Valid
8731,FR0068,D000190,P006,2026-03-09,30501.51,83,T013,Valid
8732,FR0068,D000564,P006,2026-03-04,30501.51,83,T013,Valid
8733,FR0068,D000572,P006,2026-04-11,23664.75,64,T013,Valid
8734,FR0068,D000905,P006,2026-04-19,23664.75,64,T013,Valid
8735,FR0068,D000508,P006,2026-04-11,23664.75,64,T013,Valid
8736,FR0068,D000116,P006,2026-04-06,23664.75,64,T013,Valid
8737,FR0068,D000126,P006,2026-04-15,23664.75,64,T013,Valid
8738,FR0068,D000190,P006,2026-05-16,26018.8,71,T013,Valid
8739,FR0068,D000116,P006,2026-05-22,26018.8,71,T013,Valid
8740,FR0068,D000786,P006,2026-05-13,26018.8,71,T013,Valid
8741,FR0068,D000126,P006,2026-05-07,26018.8,71,T013,Valid
8742,FR0068,D000636,P006,2026-05-03,26018.8,71,T013,Valid
8743,FR0068,D000190,P006,2026-06-21,46347.97,126,T013,Valid
8744,FR0068,D000116,P006,2026-06-02,46347.97,126,T013,Valid
8745,FR0068,D000508,P006,2026-06-11,46347.97,126,T013,Valid
8746,FR0068,D000421,P006,2026-07-27,30539.14,83,T013,Valid
8747,FR0068,D000950,P006,2026-07-14,30539.14,83,T013,Valid
8748,FR0068,D000564,P006,2026-07-06,30539.14,83,T013,Valid
8749,FR0068,D000905,P006,2026-07-14,30539.14,83,T013,Valid
8750,FR0069,D000448,P007,2026-01-10,39306.04,82,T009,Valid
8751,FR0069,D000293,P007,2026-01-24,39306.04,82,T009,Valid
8752,FR0069,D000258,P007,2026-01-03,39306.04,82,T009,Valid
8753,FR0069,D000258,P007,2026-02-12,42311.63,88,T009,Valid
8754,FR0069,D000293,P007,2026-02-22,42311.63,88,T009,Valid
8755,FR0069,D000448,P007,2026-02-18,42311.63,88,T009,Valid
8756,FR0069,D000448,P007,2026-03-13,36504.58,76,T009,Valid
8757,FR0069,D000258,P007,2026-03-13,36504.58,76,T009,Valid
8758,FR0069,D000293,P007,2026-03-25,36504.58,76,T009,Valid
8759,FR0069,D000258,P007,2026-04-03,37805.15,79,T009,Valid
8760,FR0069,D000293,P007,2026-04-12,37805.15,79,T009,Valid
8761,FR0069,D000448,P007,2026-04-26,37805.15,79,T009,Valid
8762,FR0069,D000258,P007,2026-05-06,40899.08,85,T009,Valid
8763,FR0069,D000448,P007,2026-05-10,40899.08,85,T009,Valid
8764,FR0069,D000293,P007,2026-05-02,40899.08,85,T009,Valid
8765,FR0069,D000448,P007,2026-06-16,41673.38,87,T009,Valid
8766,FR0069,D000293,P007,2026-06-02,41673.38,87,T009,Valid
8767,FR0069,D000258,P007,2026-06-01,41673.38,87,T009,Valid
8768,FR0069,D000448,P007,2026-07-18,37749.62,79,T009,Valid
8769,FR0069,D000258,P007,2026-07-20,37749.62,79,T009,Valid
8770,FR0069,D000293,P007,2026-07-17,37749.62,79,T009,Valid
8771,FR0069,D000293,P012,2026-01-24,26284.31,12,T009,Valid
8772,FR0069,D000448,P012,2026-01-27,26284.31,12,T009,Valid
8773,FR0069,D000258,P012,2026-01-05,26284.31,12,T009,Valid
8774,FR0069,D000293,P012,2026-02-09,23461.91,11,T009,Valid
8775,FR0069,D000448,P012,2026-02-24,23461.91,11,T009,Valid
8776,FR0069,D000258,P012,2026-02-14,23461.91,11,T009,Valid
8777,FR0069,D000258,P012,2026-03-20,22362.48,11,T009,Valid
8778,FR0069,D000448,P012,2026-03-14,22362.48,11,T009,Valid
8779,FR0069,D000293,P012,2026-03-08,22362.48,11,T009,Valid
8780,FR0069,D000293,P012,2026-04-09,25733.59,12,T009,Valid
8781,FR0069,D000448,P012,2026-04-19,25733.59,12,T009,Valid
8782,FR0069,D000258,P012,2026-04-10,25733.59,12,T009,Valid
8783,FR0069,D000293,P012,2026-05-08,25801.67,12,T009,Valid
8784,FR0069,D000258,P012,2026-05-26,25801.67,12,T009,Valid
8785,FR0069,D000448,P012,2026-05-11,25801.67,12,T009,Valid
8786,FR0069,D000293,P012,2026-06-21,23887.17,11,T009,Valid
8787,FR0069,D000258,P012,2026-06-26,23887.17,11,T009,Valid
8788,FR0069,D000448,P012,2026-06-19,23887.17,11,T009,Valid
8789,FR0069,D000448,P012,2026-07-06,75643.03,36,T009,Valid
8790,FR0069,D000293,P026,2026-01-05,19772.45,11,T009,Valid
8791,FR0069,D000448,P026,2026-01-02,19772.45,11,T009,Valid
8792,FR0069,D000258,P026,2026-01-15,19772.45,11,T009,Valid
8793,FR0069,D000293,P026,2026-02-07,29920.68,17,T009,Valid
8794,FR0069,D000258,P026,2026-02-14,29920.68,17,T009,Valid
8795,FR0069,D000293,P026,2026-03-09,19946.46,11,T009,Valid
8796,FR0069,D000258,P026,2026-03-11,19946.46,11,T009,Valid
8797,FR0069,D000448,P026,2026-03-19,19946.46,11,T009,Valid
8798,FR0069,D000448,P026,2026-04-27,20805.06,11,T009,Valid
8799,FR0069,D000293,P026,2026-04-15,20805.06,11,T009,Valid
8800,FR0069,D000258,P026,2026-04-13,20805.06,11,T009,Valid
8801,FR0069,D000448,P026,2026-05-13,25849.13,14,T009,Valid
8802,FR0069,D000258,P026,2026-05-24,25849.13,14,T009,Valid
8803,FR0069,D000293,P026,2026-06-08,18093.46,10,T009,Valid
8804,FR0069,D000258,P026,2026-06-15,18093.46,10,T009,Valid
8805,FR0069,D000448,P026,2026-06-12,18093.46,10,T009,Valid
8806,FR0069,D000293,P026,2026-07-02,21007.8,12,T009,Valid
8807,FR0069,D000258,P026,2026-07-05,21007.8,12,T009,Valid
8808,FR0069,D000448,P026,2026-07-22,21007.8,12,T009,Valid
8809,FR0069,D000293,P030,2026-01-19,33350.01,131,T009,Valid
8810,FR0069,D000258,P030,2026-01-12,33350.01,131,T009,Valid
8811,FR0069,D000448,P030,2026-01-22,33350.01,131,T009,Valid
8812,FR0069,D000258,P030,2026-02-02,30277.6,119,T009,Valid
8813,FR0069,D000293,P030,2026-02-03,30277.6,119,T009,Valid
8814,FR0069,D000448,P030,2026-02-09,30277.6,119,T009,Valid
8815,FR0069,D000293,P030,2026-03-23,33131.3,131,T009,Valid
8816,FR0069,D000448,P030,2026-03-06,33131.3,131,T009,Valid
8817,FR0069,D000258,P030,2026-03-22,33131.3,131,T009,Valid
8818,FR0069,D000258,P030,2026-04-13,27847.0,110,T009,Valid
8819,FR0069,D000448,P030,2026-04-24,27847.0,110,T009,Valid
8820,FR0069,D000293,P030,2026-04-17,27847.0,110,T009,Valid
8821,FR0069,D000293,P030,2026-05-05,48725.22,192,T009,Valid
8822,FR0069,D000258,P030,2026-05-03,48725.22,192,T009,Valid
8823,FR0069,D000448,P030,2026-06-20,30615.92,121,T009,Valid
8824,FR0069,D000293,P030,2026-06-01,30615.92,121,T009,Valid
8825,FR0069,D000258,P030,2026-06-05,30615.92,121,T009,Valid
8826,FR0069,D000293,P030,2026-07-10,61542.28,243,T009,Valid
8827,FR0069,D000258,P030,2026-07-21,61542.28,243,T009,Valid
8828,FR0069,D000448,P030,2026-07-16,61542.28,243,T009,Valid
8829,FR0070,D000592,P004,2026-01-10,7676.7,4,T003,Valid
8830,FR0070,D000520,P004,2026-01-08,7676.7,4,T003,Valid
8831,FR0070,D000444,P004,2026-01-05,7676.7,4,T003,Valid
8832,FR0070,D000403,P004,2026-01-10,7676.7,4,T003,Valid
8833,FR0070,D000479,P004,2026-01-03,7676.7,4,T003,Valid
8834,FR0070,D000140,P004,2026-01-05,7676.7,4,T003,Valid
8835,FR0070,D000577,P004,2026-02-08,8887.65,5,T003,Valid
8836,FR0070,D000554,P004,2026-02-13,8887.65,5,T003,Valid
8837,FR0070,D000479,P004,2026-02-14,8887.65,5,T003,Valid
8838,FR0070,D000140,P004,2026-02-11,8887.65,5,T003,Valid
8839,FR0070,D000403,P004,2026-02-01,8887.65,5,T003,Valid
8840,FR0070,D000444,P004,2026-03-02,9861.79,6,T003,Valid
8841,FR0070,D000577,P004,2026-03-08,9861.79,6,T003,Valid
8842,FR0070,D000479,P004,2026-03-21,9861.79,6,T003,Valid
8843,FR0070,D000403,P004,2026-03-24,9861.79,6,T003,Valid
8844,FR0070,D000554,P004,2026-04-18,21874.63,13,T003,Valid
8845,FR0070,D000577,P004,2026-04-02,21874.63,13,T003,Valid
8846,FR0070,D000444,P004,2026-05-23,20035.52,12,T003,Valid
8847,FR0070,D000403,P004,2026-05-03,20035.52,12,T003,Valid
8848,FR0070,D000479,P004,2026-06-26,14474.46,8,T003,Valid
8849,FR0070,D000554,P004,2026-06-19,14474.46,8,T003,Valid
8850,FR0070,D000577,P004,2026-06-08,14474.46,8,T003,Valid
8851,FR0070,D000520,P004,2026-07-23,9818.18,6,T003,Valid
8852,FR0070,D000752,P004,2026-07-03,9818.18,6,T003,Valid
8853,FR0070,D000554,P004,2026-07-11,9818.18,6,T003,Valid
8854,FR0070,D000592,P004,2026-07-27,9818.18,6,T003,Valid
8855,FR0070,D000140,P008,2026-01-06,53583.77,22,T003,Valid
8856,FR0070,D000444,P008,2026-01-22,53583.77,22,T003,Valid
8857,FR0070,D000592,P008,2026-01-14,53583.77,22,T003,Valid
8858,FR0070,D000403,P008,2026-02-02,35915.83,15,T003,Valid
8859,FR0070,D000140,P008,2026-02-03,35915.83,15,T003,Valid
8860,FR0070,D000752,P008,2026-02-21,35915.83,15,T003,Valid
8861,FR0070,D000554,P008,2026-02-11,35915.83,15,T003,Valid
8862,FR0070,D000140,P008,2026-03-07,74592.72,31,T003,Valid
8863,FR0070,D000479,P008,2026-03-13,74592.72,31,T003,Valid
8864,FR0070,D000479,P008,2026-04-16,46951.55,20,T003,Valid
8865,FR0070,D000140,P008,2026-04-25,46951.55,20,T003,Valid
8866,FR0070,D000444,P008,2026-04-23,46951.55,20,T003,Valid
8867,FR0070,D000752,P008,2026-05-15,25925.47,11,T003,Valid
8868,FR0070,D000520,P008,2026-05-02,25925.47,11,T003,Valid
8869,FR0070,D000140,P008,2026-05-21,25925.47,11,T003,Valid
8870,FR0070,D000479,P008,2026-05-04,25925.47,11,T003,Valid
8871,FR0070,D000444,P008,2026-05-15,25925.47,11,T003,Valid
8872,FR0070,D000403,P008,2026-05-27,25925.47,11,T003,Valid
8873,FR0070,D000444,P008,2026-06-21,33701.42,14,T003,Valid
8874,FR0070,D000479,P008,2026-06-19,33701.42,14,T003,Valid
8875,FR0070,D000577,P008,2026-06-16,33701.42,14,T003,Valid
8876,FR0070,D000403,P008,2026-06-15,33701.42,14,T003,Valid
8877,FR0070,D000592,P008,2026-07-20,75155.21,31,T003,Valid
8878,FR0070,D000577,P008,2026-07-12,75155.21,31,T003,Valid
8879,FR0070,D000479,P002,2026-01-22,13099.55,10,T003,Valid
8880,FR0070,D000140,P002,2026-01-24,13099.55,10,T003,Valid
8881,FR0070,D000577,P002,2026-01-27,13099.55,10,T003,Valid
8882,FR0070,D000554,P002,2026-01-03,13099.55,10,T003,Valid
8883,FR0070,D000592,P002,2026-01-13,13099.55,10,T003,Valid
8884,FR0070,D000520,P002,2026-01-25,13099.55,10,T003,Valid
8885,FR0070,D000479,P002,2026-02-17,14554.65,11,T003,Valid
8886,FR0070,D000577,P002,2026-02-23,14554.65,11,T003,Valid
8887,FR0070,D000444,P002,2026-02-09,14554.65,11,T003,Valid
8888,FR0070,D000554,P002,2026-02-10,14554.65,11,T003,Valid
8889,FR0070,D000752,P002,2026-02-13,14554.65,11,T003,Valid
8890,FR0070,D000140,P002,2026-02-23,14554.65,11,T003,Valid
8891,FR0070,D000444,P002,2026-03-27,19918.39,15,T003,Valid
8892,FR0070,D000554,P002,2026-03-15,19918.39,15,T003,Valid
8893,FR0070,D000520,P002,2026-03-22,19918.39,15,T003,Valid
8894,FR0070,D000403,P002,2026-03-13,19918.39,15,T003,Valid
8895,FR0070,D000554,P002,2026-04-27,13172.82,10,T007,Valid
8896,FR0070,D000577,P002,2026-04-05,13172.82,10,T017,Valid
8897,FR0070,D000403,P002,2026-04-26,13172.82,10,T019,Valid
8898,FR0070,D000752,P002,2026-04-03,13172.82,10,T003,Valid
8899,FR0070,D000592,P002,2026-04-01,13172.82,10,T019,Valid
8900,FR0070,D000479,P002,2026-04-26,13172.82,10,T015,Valid
8901,FR0070,D000520,P002,2026-05-02,12392.68,9,T003,Valid
8902,FR0070,D000140,P002,2026-05-07,12392.68,9,T003,Valid
8903,FR0070,D000577,P002,2026-05-16,12392.68,9,T003,Valid
8904,FR0070,D000752,P002,2026-05-13,12392.68,9,T003,Valid
8905,FR0070,D000592,P002,2026-05-06,12392.68,9,T003,Valid
8906,FR0070,D000479,P002,2026-05-01,12392.68,9,T003,Valid
8907,FR0070,D000592,P002,2026-06-03,14811.31,11,T003,Valid
8908,FR0070,D000752,P002,2026-06-22,14811.31,11,T003,Valid
8909,FR0070,D000577,P002,2026-06-15,14811.31,11,T003,Valid
8910,FR0070,D000479,P002,2026-06-23,14811.31,11,T003,Valid
8911,FR0070,D000554,P002,2026-06-17,14811.31,11,T003,Valid
8912,FR0070,D000140,P002,2026-06-04,14811.31,11,T003,Valid
8913,FR0070,D000577,P002,2026-07-07,13674.81,10,T003,Valid
8914,FR0070,D000520,P002,2026-07-11,13674.81,10,T003,Valid
8915,FR0070,D000479,P002,2026-07-12,13674.81,10,T003,Valid
8916,FR0070,D000140,P002,2026-07-23,13674.81,10,T003,Valid
8917,FR0070,D000752,P002,2026-07-19,13674.81,10,T003,Valid
8918,FR0070,D000592,P002,2026-07-04,13674.81,10,T003,Valid
8919,FR0070,D000554,P014,2026-01-24,49690.66,36,T003,Valid
8920,FR0070,D000577,P014,2026-01-19,49690.66,36,T003,Valid
8921,FR0070,D000403,P014,2026-01-22,49690.66,36,T003,Valid
8922,FR0070,D000444,P014,2026-02-04,24413.18,18,T003,Valid
8923,FR0070,D000554,P014,2026-02-15,24413.18,18,T003,Valid
8924,FR0070,D000140,P014,2026-02-09,24413.18,18,T003,Valid
8925,FR0070,D000577,P014,2026-02-24,24413.18,18,T003,Valid
8926,FR0070,D000479,P014,2026-02-14,24413.18,18,T003,Valid
8927,FR0070,D000752,P014,2026-02-16,24413.18,18,T003,Valid
8928,FR0070,D000592,P014,2026-03-09,63974.17,46,T003,Valid
8929,FR0070,D000752,P014,2026-03-15,63974.17,46,T003,Valid
8930,FR0070,D000554,P014,2026-04-13,23788.39,17,T003,Valid
8931,FR0070,D000520,P014,2026-04-19,23788.39,17,T003,Valid
8932,FR0070,D000403,P014,2026-04-16,23788.39,17,T003,Valid
8933,FR0070,D000592,P014,2026-04-04,23788.39,17,T003,Valid
8934,FR0070,D000577,P014,2026-04-12,23788.39,17,T003,Valid
8935,FR0070,D000444,P014,2026-04-25,23788.39,17,T003,Valid
8936,FR0070,D000520,P014,2026-05-05,28572.93,20,T003,Valid
8937,FR0070,D000577,P014,2026-05-26,28572.93,20,T003,Valid
8938,FR0070,D000554,P014,2026-05-04,28572.93,20,T003,Valid
8939,FR0070,D000752,P014,2026-05-03,28572.93,20,T003,Valid
8940,FR0070,D000140,P014,2026-05-14,28572.93,20,T003,Valid
8941,FR0070,D000479,P014,2026-06-08,65343.88,47,T003,Valid
8942,FR0070,D000403,P014,2026-06-18,65343.88,47,T003,Valid
8943,FR0070,D000444,P014,2026-07-27,20914.38,15,T003,Valid
8944,FR0070,D000592,P014,2026-07-06,20914.38,15,T003,Valid
8945,FR0070,D000752,P014,2026-07-23,20914.38,15,T003,Valid
8946,FR0070,D000403,P014,2026-07-02,20914.38,15,T003,Valid
8947,FR0070,D000554,P014,2026-07-20,20914.38,15,T003,Valid
8948,FR0070,D000577,P014,2026-07-09,20914.38,15,T003,Valid
8949,FR0070,D000577,P003,2026-01-24,32720.78,19,T003,Valid
8950,FR0070,D000479,P003,2026-01-04,32720.78,19,T003,Valid
8951,FR0070,D000444,P003,2026-01-08,32720.78,19,T003,Valid
8952,FR0070,D000403,P003,2026-02-15,37974.62,22,T003,Valid
8953,FR0070,D000592,P003,2026-02-14,37974.62,22,T003,Valid
8954,FR0070,D000554,P003,2026-02-01,37974.62,22,T003,Valid
8955,FR0070,D000554,P003,2026-03-23,22087.84,13,T003,Valid
8956,FR0070,D000140,P003,2026-03-16,22087.84,13,T003,Valid
8957,FR0070,D000444,P003,2026-03-16,22087.84,13,T003,Valid
8958,FR0070,D000577,P003,2026-03-19,22087.84,13,T003,Valid
8959,FR0070,D000479,P003,2026-03-15,22087.84,13,T003,Valid
8960,FR0070,D000520,P003,2026-04-12,38859.52,22,T003,Valid
8961,FR0070,D000554,P003,2026-04-17,38859.52,22,T003,Valid
8962,FR0070,D000403,P003,2026-04-03,38859.52,22,T003,Valid
8963,FR0070,D000444,P003,2026-05-17,17800.73,10,T003,Valid
8964,FR0070,D000592,P003,2026-05-24,17800.73,10,T003,Valid
8965,FR0070,D000403,P003,2026-05-07,17800.73,10,T003,Valid
8966,FR0070,D000140,P003,2026-05-19,17800.73,10,T003,Valid
8967,FR0070,D000520,P003,2026-05-12,17800.73,10,T003,Valid
8968,FR0070,D000752,P003,2026-05-21,17800.73,10,T003,Valid
8969,FR0070,D000479,P003,2026-06-18,33206.48,19,T003,Valid
8970,FR0070,D000403,P003,2026-06-27,33206.48,19,T003,Valid
8971,FR0070,D000752,P003,2026-06-15,33206.48,19,T003,Valid
8972,FR0070,D000520,P003,2026-07-09,21557.22,12,T003,Valid
8973,FR0070,D000479,P003,2026-07-04,21557.22,12,T003,Valid
8974,FR0070,D000577,P003,2026-07-26,21557.22,12,T003,Valid
8975,FR0070,D000752,P003,2026-07-03,21557.22,12,T003,Valid
8976,FR0070,D000444,P003,2026-07-10,21557.22,12,T003,Valid
8977,FR0071,D000205,P025,2026-01-18,29216.41,12,T007,Valid
8978,FR0071,D000292,P025,2026-01-20,29216.41,12,T007,Valid
8979,FR0071,D000262,P025,2026-02-12,23290.72,10,T007,Valid
8980,FR0071,D000292,P025,2026-02-11,23290.72,10,T007,Valid
8981,FR0071,D000205,P025,2026-02-17,23290.72,10,T007,Valid
8982,FR0071,D000292,P025,2026-03-16,34586.46,14,T007,Valid
8983,FR0071,D000342,P025,2026-03-07,34586.46,14,T007,Valid
8984,FR0071,D000292,P025,2026-04-06,15583.87,6,T007,Valid
8985,FR0071,D000342,P025,2026-04-27,15583.87,6,T007,Valid
8986,FR0071,D000205,P025,2026-04-11,15583.87,6,T007,Valid
8987,FR0071,D000262,P025,2026-04-14,15583.87,6,T007,Valid
8988,FR0071,D000292,P025,2026-05-19,59310.04,25,T007,Valid
8989,FR0071,D000292,P025,2026-06-22,68461.48,28,T007,Valid
8990,FR0071,D000205,P025,2026-07-19,19180.76,8,T007,Valid
8991,FR0071,D000342,P025,2026-07-12,19180.76,8,T007,Valid
8992,FR0071,D000262,P025,2026-07-13,19180.76,8,T007,Valid
8993,FR0071,D000262,P024,2026-01-10,42748.29,58,T007,Valid
8994,FR0071,D000205,P024,2026-01-04,42748.29,58,T007,Valid
8995,FR0071,D000292,P024,2026-02-17,18405.23,25,T007,Valid
8996,FR0071,D000262,P024,2026-02-11,18405.23,25,T007,Valid
8997,FR0071,D000342,P024,2026-02-04,18405.23,25,T007,Valid
8998,FR0071,D000205,P024,2026-02-07,18405.23,25,T007,Valid
8999,FR0071,D000262,P024,2026-03-11,39684.73,54,T007,Valid
9000,FR0071,D000292,P024,2026-03-26,39684.73,54,T007,Valid
9001,FR0071,D000205,P024,2026-04-24,20015.11,27,T007,Valid
9002,FR0071,D000262,P024,2026-04-18,20015.11,27,T007,Valid
9003,FR0071,D000342,P024,2026-04-19,20015.11,27,T007,Valid
9004,FR0071,D000292,P024,2026-04-23,20015.11,27,T007,Valid
9005,FR0071,D000205,P024,2026-05-21,28881.6,39,T007,Valid
9006,FR0071,D000292,P024,2026-05-04,28881.6,39,T007,Valid
9007,FR0071,D000342,P024,2026-05-10,28881.6,39,T007,Valid
9008,FR0071,D000292,P024,2026-06-10,44273.97,60,T007,Valid
9009,FR0071,D000205,P024,2026-06-25,44273.97,60,T007,Valid
9010,FR0071,D000262,P024,2026-07-06,20378.66,28,T007,Valid
9011,FR0071,D000292,P024,2026-07-11,20378.66,28,T007,Valid
9012,FR0071,D000205,P024,2026-07-01,20378.66,28,T007,Valid
9013,FR0071,D000342,P024,2026-07-27,20378.66,28,T007,Valid
9014,FR0071,D000292,P019,2026-01-20,37940.91,17,T007,Valid
9015,FR0071,D000342,P019,2026-01-17,37940.91,17,T007,Valid
9016,FR0071,D000262,P019,2026-01-13,37940.91,17,T007,Valid
9017,FR0071,D000205,P019,2026-01-12,37940.91,17,T007,Valid
9018,FR0071,D000262,P019,2026-02-22,31725.81,14,T007,Valid
9019,FR0071,D000292,P019,2026-02-15,31725.81,14,T007,Valid
9020,FR0071,D000205,P019,2026-02-11,31725.81,14,T007,Valid
9021,FR0071,D000342,P019,2026-02-04,31725.81,14,T007,Valid
9022,FR0071,D000292,P019,2026-03-26,66483.4,30,T007,Valid
9023,FR0071,D000205,P019,2026-03-24,66483.4,30,T007,Valid
9024,FR0071,D000205,P019,2026-04-05,41806.81,19,T007,Valid
9025,FR0071,D000292,P019,2026-04-04,41806.81,19,T007,Valid
9026,FR0071,D000262,P019,2026-04-13,41806.81,19,T007,Valid
9027,FR0071,D000292,P019,2026-05-23,49343.45,22,T007,Valid
9028,FR0071,D000205,P019,2026-05-24,49343.45,22,T007,Valid
9029,FR0071,D000262,P019,2026-05-05,49343.45,22,T007,Valid
9030,FR0071,D000342,P019,2026-06-01,38177.85,17,T007,Valid
9031,FR0071,D000205,P019,2026-06-11,38177.85,17,T007,Valid
9032,FR0071,D000292,P019,2026-06-27,38177.85,17,T007,Valid
9033,FR0071,D000262,P019,2026-06-09,38177.85,17,T007,Valid
9034,FR0071,D000342,P019,2026-07-25,34390.39,16,T007,Valid
9035,FR0071,D000262,P019,2026-07-20,34390.39,16,T007,Valid
9036,FR0071,D000205,P019,2026-07-07,34390.39,16,T007,Valid
9037,FR0071,D000292,P019,2026-07-21,34390.39,16,T007,Valid
9038,FR0071,D000342,P016,2026-01-16,31470.49,214,T007,Valid
9039,FR0071,D000262,P016,2026-01-03,31470.49,214,T007,Valid
9040,FR0071,D000205,P016,2026-01-15,31470.49,214,T007,Valid
9041,FR0071,D000292,P016,2026-01-11,31470.49,214,T007,Valid
9042,FR0071,D000262,P016,2026-02-26,43156.92,294,T007,Valid
9043,FR0071,D000292,P016,2026-02-03,43156.92,294,T007,Valid
9044,FR0071,D000205,P016,2026-02-23,43156.92,294,T007,Valid
9045,FR0071,D000262,P016,2026-03-12,31787.02,217,T007,Valid
9046,FR0071,D000342,P016,2026-03-06,31787.02,217,T007,Valid
9047,FR0071,D000292,P016,2026-03-12,31787.02,217,T007,Valid
9048,FR0071,D000205,P016,2026-03-03,31787.02,217,T007,Valid
9049,FR0071,D000262,P016,2026-04-25,41613.8,284,T007,Valid
9050,FR0071,D000342,P016,2026-04-25,41613.8,284,T007,Valid
9051,FR0071,D000292,P016,2026-04-23,41613.8,284,T007,Valid
9052,FR0071,D000205,P016,2026-05-13,28931.48,197,T007,Valid
9053,FR0071,D000292,P016,2026-05-07,28931.48,197,T007,Valid
9054,FR0071,D000342,P016,2026-05-21,28931.48,197,T007,Valid
9055,FR0071,D000262,P016,2026-05-25,28931.48,197,T007,Valid
9056,FR0071,D000205,P016,2026-06-12,31108.55,212,T007,Valid
9057,FR0071,D000262,P016,2026-06-25,31108.55,212,T007,Valid
9058,FR0071,D000342,P016,2026-06-08,31108.55,212,T007,Valid
9059,FR0071,D000292,P016,2026-06-17,31108.55,212,T007,Valid
9060,FR0071,D000342,P016,2026-07-19,61271.13,418,T007,Valid
9061,FR0071,D000292,P016,2026-07-06,61271.13,418,T007,Valid
9062,FR0071,D000205,P009,2026-01-16,13116.7,5,T007,Valid
9063,FR0071,D000262,P009,2026-01-01,13116.7,5,T007,Valid
9064,FR0071,D000342,P009,2026-01-18,13116.7,5,T007,Valid
9065,FR0071,D000292,P009,2026-01-25,13116.7,5,T007,Valid
9066,FR0071,D000262,P009,2026-02-17,12984.15,5,T007,Valid
9067,FR0071,D000342,P009,2026-02-23,12984.15,5,T007,Valid
9068,FR0071,D000292,P009,2026-02-05,12984.15,5,T007,Valid
9069,FR0071,D000205,P009,2026-02-03,12984.15,5,T007,Valid
9070,FR0071,D000292,P009,2026-03-24,11215.02,5,T007,Valid
9071,FR0071,D000205,P009,2026-03-09,11215.02,5,T007,Valid
9072,FR0071,D000262,P009,2026-03-06,11215.02,5,T007,Valid
9073,FR0071,D000342,P009,2026-03-12,11215.02,5,T007,Valid
9074,FR0071,D000205,P009,2026-04-20,15279.0,6,T007,Valid
9075,FR0071,D000292,P009,2026-04-12,15279.0,6,T007,Valid
9076,FR0071,D000262,P009,2026-04-04,15279.0,6,T007,Valid
9077,FR0071,D000205,P009,2026-05-14,25972.81,11,T007,Valid
9078,FR0071,D000292,P009,2026-05-10,25972.81,11,T007,Valid
9079,FR0071,D000262,P009,2026-06-11,11813.47,5,T007,Valid
9080,FR0071,D000342,P009,2026-06-01,11813.47,5,T007,Valid
9081,FR0071,D000292,P009,2026-06-03,11813.47,5,T007,Valid
9082,FR0071,D000205,P009,2026-06-08,11813.47,5,T007,Valid
9083,FR0071,D000262,P009,2026-07-02,13659.36,6,T007,Valid
9084,FR0071,D000342,P009,2026-07-07,13659.36,6,T007,Valid
9085,FR0071,D000292,P009,2026-07-22,13659.36,6,T007,Valid
9086,FR0071,D000205,P009,2026-07-07,13659.36,6,T007,Valid
9087,FR0071,D000262,P020,2026-01-24,34665.16,113,T007,Valid
9088,FR0071,D000342,P020,2026-01-24,34665.16,113,T007,Valid
9089,FR0071,D000292,P020,2026-01-05,34665.16,113,T007,Valid
9090,FR0071,D000205,P020,2026-01-04,34665.16,113,T007,Valid
9091,FR0071,D000342,P020,2026-02-03,34664.29,113,T007,Valid
9092,FR0071,D000205,P020,2026-02-10,34664.29,113,T007,Valid
9093,FR0071,D000262,P020,2026-02-27,34664.29,113,T007,Valid
9094,FR0071,D000292,P020,2026-02-08,34664.29,113,T007,Valid
9095,FR0071,D000262,P020,2026-03-24,51879.75,170,T007,Valid
9096,FR0071,D000205,P020,2026-03-11,51879.75,170,T007,Valid
9097,FR0071,D000342,P020,2026-03-19,51879.75,170,T007,Valid
9098,FR0071,D000205,P020,2026-04-23,31491.0,103,T007,Valid
9099,FR0071,D000292,P020,2026-04-10,31491.0,103,T007,Valid
9100,FR0071,D000342,P020,2026-04-12,31491.0,103,T007,Valid
9101,FR0071,D000262,P020,2026-04-03,31491.0,103,T007,Valid
9102,FR0071,D000292,P020,2026-05-15,126520.37,414,T007,Valid
9103,FR0071,D000342,P020,2026-06-06,33291.8,109,T007,Valid
9104,FR0071,D000292,P020,2026-06-03,33291.8,109,T007,Valid
9105,FR0071,D000262,P020,2026-06-19,33291.8,109,T007,Valid
9106,FR0071,D000205,P020,2026-06-19,33291.8,109,T007,Valid
9107,FR0071,D000205,P020,2026-07-21,50428.82,165,T007,Valid
9108,FR0071,D000262,P020,2026-07-22,50428.82,165,T007,Valid
9109,FR0071,D000342,P020,2026-07-09,50428.82,165,T007,Valid
9110,FR0072,D000134,P010,2026-01-11,30507.24,23,T019,Valid
9111,FR0072,D000371,P010,2026-01-11,30507.24,23,T019,Valid
9112,FR0072,D000953,P010,2026-01-15,30507.24,23,T019,Valid
9113,FR0072,D000872,P010,2026-01-10,30507.24,23,T019,Valid
9114,FR0072,D000478,P010,2026-02-13,14952.2,11,T019,Valid
9115,FR0072,D000536,P010,2026-02-25,14952.2,11,T019,Valid
9116,FR0072,D000634,P010,2026-02-23,14952.2,11,T019,Valid
9117,FR0072,D000253,P010,2026-02-26,14952.2,11,T019,Valid
9118,FR0072,D000134,P010,2026-02-20,14952.2,11,T019,Valid
9119,FR0072,D000371,P010,2026-02-18,14952.2,11,T019,Valid
9120,FR0072,D000634,P010,2026-03-03,18897.94,14,T019,Valid
9121,FR0072,D000536,P010,2026-03-17,18897.94,14,T019,Valid
9122,FR0072,D000953,P010,2026-03-15,18897.94,14,T019,Valid
9123,FR0072,D000807,P010,2026-03-03,18897.94,14,T019,Valid
9124,FR0072,D000478,P010,2026-03-26,18897.94,14,T019,Valid
9125,FR0072,D000807,P010,2026-04-02,27359.54,21,T019,Valid
9126,FR0072,D000634,P010,2026-04-17,27359.54,21,T019,Valid
9127,FR0072,D000253,P010,2026-04-08,27359.54,21,T019,Valid
9128,FR0072,D000953,P010,2026-05-26,20681.28,16,T019,Valid
9129,FR0072,D000712,P010,2026-05-03,20681.28,16,T019,Valid
9130,FR0072,D000536,P010,2026-05-24,20681.28,16,T019,Valid
9131,FR0072,D000872,P010,2026-05-15,20681.28,16,T019,Valid
9132,FR0072,D000634,P010,2026-06-22,42971.14,33,T019,Valid
9133,FR0072,D000807,P010,2026-06-25,42971.14,33,T019,Valid
9134,FR0072,D000478,P010,2026-07-26,40607.05,31,T019,Valid
9135,FR0072,D000634,P010,2026-07-17,40607.05,31,T019,Valid
9136,FR0072,D000872,P005,2026-01-02,42570.76,22,T019,Valid
9137,FR0072,D000536,P005,2026-01-09,42570.76,22,T019,Valid
9138,FR0072,D000253,P005,2026-01-10,42570.76,22,T019,Valid
9139,FR0072,D000872,P005,2026-02-11,54433.53,28,T019,Valid
9140,FR0072,D000807,P005,2026-02-01,54433.53,28,T019,Valid
9141,FR0072,D000048,P005,2026-03-25,22168.35,11,T019,Valid
9142,FR0072,D000253,P005,2026-03-07,22168.35,11,T019,Valid
9143,FR0072,D000953,P005,2026-03-18,22168.35,11,T019,Valid
9144,FR0072,D000634,P005,2026-03-09,22168.35,11,T019,Valid
9145,FR0072,D000134,P005,2026-03-02,22168.35,11,T019,Valid
9146,FR0072,D000371,P005,2026-04-10,27993.7,14,T019,Valid
9147,FR0072,D000872,P005,2026-04-02,27993.7,14,T019,Valid
9148,FR0072,D000478,P005,2026-04-25,27993.7,14,T019,Valid
9149,FR0072,D000462,P005,2026-04-23,27993.7,14,T019,Valid
9150,FR0072,D000712,P005,2026-05-04,19069.23,10,T019,Valid
9151,FR0072,D000953,P005,2026-05-02,19069.23,10,T019,Valid
9152,FR0072,D000807,P005,2026-05-02,19069.23,10,T019,Valid
9153,FR0072,D000253,P005,2026-05-25,19069.23,10,T019,Valid
9154,FR0072,D000872,P005,2026-05-22,19069.23,10,T019,Valid
9155,FR0072,D000536,P005,2026-05-01,19069.23,10,T019,Valid
9156,FR0072,D000536,P005,2026-06-22,64819.81,33,T019,Valid
9157,FR0072,D000134,P005,2026-06-18,64819.81,33,T019,Valid
9158,FR0072,D000634,P005,2026-06-01,64819.81,33,T019,Valid
9159,FR0072,D000478,P005,2026-06-04,64819.81,33,T019,Valid
9160,FR0072,D000634,P005,2026-07-09,25548.05,13,T019,Valid
9161,FR0072,D000134,P005,2026-07-14,25548.05,13,T019,Valid
9162,FR0072,D000712,P005,2026-07-25,25548.05,13,T019,Valid
9163,FR0072,D000536,P005,2026-07-10,25548.05,13,T019,Valid
9164,FR0072,D000462,P005,2026-07-16,25548.05,13,T019,Valid
9165,FR0072,D000712,P004,2026-01-15,56684.08,33,T019,Valid
9166,FR0072,D000634,P004,2026-01-01,56684.08,33,T019,Valid
9167,FR0072,D000872,P004,2026-02-15,30000.12,17,T019,Valid
9168,FR0072,D000462,P004,2026-02-05,30000.12,17,T019,Valid
9169,FR0072,D000371,P004,2026-02-27,30000.12,17,T019,Valid
9170,FR0072,D000048,P004,2026-02-22,30000.12,17,T019,Valid
9171,FR0072,D000872,P004,2026-03-21,25304.07,15,T019,Valid
9172,FR0072,D000462,P004,2026-03-02,25304.07,15,T019,Valid
9173,FR0072,D000807,P004,2026-03-26,25304.07,15,T019,Valid
9174,FR0072,D000048,P004,2026-03-17,25304.07,15,T019,Valid
9175,FR0072,D000371,P004,2026-03-26,25304.07,15,T019,Valid
9176,FR0072,D000807,P004,2026-04-15,21215.79,12,T019,Valid
9177,FR0072,D000253,P004,2026-04-10,21215.79,12,T019,Valid
9178,FR0072,D000462,P004,2026-04-04,21215.79,12,T019,Valid
9179,FR0072,D000536,P004,2026-04-22,21215.79,12,T019,Valid
9180,FR0072,D000872,P004,2026-04-02,21215.79,12,T019,Valid
9181,FR0072,D000634,P004,2026-04-17,21215.79,12,T019,Valid
9182,FR0072,D000462,P004,2026-05-23,59485.61,34,T019,Valid
9183,FR0072,D000478,P004,2026-05-27,59485.61,34,T019,Valid
9184,FR0072,D000807,P004,2026-06-01,33130.0,19,T019,Valid
9185,FR0072,D000134,P004,2026-06-09,33130.0,19,T019,Valid
9186,FR0072,D000634,P004,2026-06-25,33130.0,19,T019,Valid
9187,FR0072,D000048,P004,2026-06-09,33130.0,19,T019,Valid
9188,FR0072,D000462,P004,2026-07-05,23066.97,13,T019,Valid
9189,FR0072,D000048,P004,2026-07-03,23066.97,13,T019,Valid
9190,FR0072,D000478,P004,2026-07-22,23066.97,13,T019,Valid
9191,FR0072,D000371,P004,2026-07-07,23066.97,13,T019,Valid
9192,FR0072,D000536,P004,2026-07-03,23066.97,13,T019,Valid
9193,FR0072,D000634,P002,2026-01-08,41407.75,30,T019,Valid
9194,FR0072,D000134,P002,2026-01-13,41407.75,30,T019,Valid
9195,FR0072,D000253,P002,2026-02-09,24427.07,18,T019,Valid
9196,FR0072,D000134,P002,2026-02-21,24427.07,18,T019,Valid
9197,FR0072,D000462,P002,2026-02-26,24427.07,18,T019,Valid
9198,FR0072,D000371,P002,2026-03-11,22270.59,16,T019,Valid
9199,FR0072,D000712,P002,2026-03-14,22270.59,16,T019,Valid
9200,FR0072,D000462,P002,2026-03-04,22270.59,16,T019,Valid
9201,FR0072,D000253,P002,2026-03-14,22270.59,16,T019,Valid
9202,FR0072,D000953,P002,2026-04-26,12979.63,9,T019,Valid
9203,FR0072,D000807,P002,2026-04-03,12979.63,9,T019,Valid
9204,FR0072,D000462,P002,2026-04-09,12979.63,9,T019,Valid
9205,FR0072,D000872,P002,2026-04-11,12979.63,9,T019,Valid
9206,FR0072,D000253,P002,2026-04-07,12979.63,9,T019,Valid
9207,FR0072,D000371,P002,2026-04-25,12979.63,9,T019,Valid
9208,FR0072,D000712,P002,2026-05-18,15589.92,11,T019,Valid
9209,FR0072,D000253,P002,2026-05-09,15589.92,11,T019,Valid
9210,FR0072,D000807,P002,2026-05-19,15589.92,11,T019,Valid
9211,FR0072,D000478,P002,2026-05-22,15589.92,11,T019,Valid
9212,FR0072,D000048,P002,2026-05-02,15589.92,11,T019,Valid
9213,FR0072,D000807,P002,2026-06-02,18677.58,14,T019,Valid
9214,FR0072,D000371,P002,2026-06-07,18677.58,14,T019,Valid
9215,FR0072,D000478,P002,2026-06-24,18677.58,14,T019,Valid
9216,FR0072,D000712,P002,2026-06-11,18677.58,14,T019,Valid
9217,FR0072,D000478,P002,2026-07-19,16301.36,12,T019,Valid
9218,FR0072,D000048,P002,2026-07-21,16301.36,12,T019,Valid
9219,FR0072,D000634,P002,2026-07-15,16301.36,12,T019,Valid
9220,FR0072,D000712,P002,2026-07-07,16301.36,12,T019,Valid
9221,FR0072,D000134,P002,2026-07-09,16301.36,12,T019,Valid
9222,FR0073,D000629,P030,2026-01-02,29733.57,117,T011,Valid
9223,FR0073,D000195,P030,2026-01-14,29733.57,117,T011,Valid
9224,FR0073,D000237,P030,2026-01-26,29733.57,117,T011,Valid
9225,FR0073,D000052,P030,2026-01-02,29733.57,117,T011,Valid
9226,FR0073,D000629,P030,2026-02-26,31890.94,126,T020,Valid
9227,FR0073,D000052,P030,2026-02-08,31890.94,126,T019,Valid
9228,FR0073,D000591,P030,2026-02-18,31890.94,126,T011,Valid
9229,FR0073,D000197,P030,2026-02-10,31890.94,126,T011,Valid
9230,FR0073,D000040,P030,2026-03-09,56285.53,222,T011,Valid
9231,FR0073,D000629,P030,2026-03-15,56285.53,222,T011,Valid
9232,FR0073,D000629,P030,2026-04-25,39646.31,156,T011,Valid
9233,FR0073,D000040,P030,2026-04-02,39646.31,156,T011,Valid
9234,FR0073,D000825,P030,2026-04-27,39646.31,156,T011,Valid
9235,FR0073,D000825,P030,2026-05-05,33574.46,132,T011,Valid
9236,FR0073,D000040,P030,2026-05-05,33574.46,132,T011,Valid
9237,FR0073,D000197,P030,2026-05-22,33574.46,132,T011,Valid
9238,FR0073,D000237,P030,2026-05-04,33574.46,132,T011,Valid
9239,FR0073,D000197,P030,2026-06-12,58757.75,232,T011,Valid
9240,FR0073,D000052,P030,2026-06-21,58757.75,232,T011,Valid
9241,FR0073,D000237,P030,2026-07-05,21772.14,86,T011,Valid
9242,FR0073,D000052,P030,2026-07-18,21772.14,86,T011,Valid
9243,FR0073,D000591,P030,2026-07-12,21772.14,86,T011,Valid
9244,FR0073,D000825,P030,2026-07-22,21772.14,86,T011,Valid
9245,FR0073,D000195,P030,2026-07-14,21772.14,86,T011,Valid
9246,FR0073,D000629,P030,2026-07-26,21772.14,86,T011,Valid
9247,FR0073,D000591,P005,2026-01-27,26574.03,14,T011,Valid
9248,FR0073,D000825,P005,2026-01-24,26574.03,14,T011,Valid
9249,FR0073,D000237,P005,2026-01-04,26574.03,14,T011,Valid
9250,FR0073,D000195,P005,2026-01-15,26574.03,14,T011,Valid
9251,FR0073,D000195,P005,2026-02-17,25637.85,13,T011,Valid
9252,FR0073,D000197,P005,2026-02-05,25637.85,13,T011,Valid
9253,FR0073,D000591,P005,2026-02-22,25637.85,13,T011,Valid
9254,FR0073,D000040,P005,2026-02-01,25637.85,13,T011,Valid
9255,FR0073,D000825,P005,2026-03-15,41148.96,21,T011,Valid
9256,FR0073,D000197,P005,2026-03-27,41148.96,21,T011,Valid
9257,FR0073,D000040,P005,2026-03-23,41148.96,21,T011,Valid
9258,FR0073,D000591,P005,2026-04-06,21328.61,11,T011,Valid
9259,FR0073,D000825,P005,2026-04-13,21328.61,11,T011,Valid
9260,FR0073,D000195,P005,2026-04-17,21328.61,11,T011,Valid
9261,FR0073,D000040,P005,2026-04-04,21328.61,11,T011,Valid
9262,FR0073,D000237,P005,2026-04-12,21328.61,11,T011,Valid
9263,FR0073,D000195,P005,2026-05-12,19526.03,10,T011,Valid
9264,FR0073,D000040,P005,2026-05-26,19526.03,10,T011,Valid
9265,FR0073,D000197,P005,2026-05-23,19526.03,10,T011,Valid
9266,FR0073,D000825,P005,2026-05-15,19526.03,10,T011,Valid
9267,FR0073,D000237,P005,2026-05-14,19526.03,10,T011,Valid
9268,FR0073,D000591,P005,2026-05-16,19526.03,10,T011,Valid
9269,FR0073,D000197,P005,2026-06-07,26230.46,13,T011,Valid
9270,FR0073,D000629,P005,2026-06-26,26230.46,13,T011,Valid
9271,FR0073,D000052,P005,2026-06-23,26230.46,13,T011,Valid
9272,FR0073,D000825,P005,2026-06-17,26230.46,13,T011,Valid
9273,FR0073,D000591,P005,2026-07-02,59339.74,31,T011,Valid
9274,FR0073,D000040,P005,2026-07-05,59339.74,31,T011,Valid
9275,FR0073,D000629,P012,2026-01-26,9607.03,5,T011,Valid
9276,FR0073,D000237,P012,2026-01-11,9607.03,5,T011,Valid
9277,FR0073,D000591,P012,2026-01-16,9607.03,5,T011,Valid
9278,FR0073,D000197,P012,2026-01-12,9607.03,5,T011,Valid
9279,FR0073,D000040,P012,2026-02-18,12379.1,6,T011,Valid
9280,FR0073,D000237,P012,2026-02-03,12379.1,6,T011,Valid
9281,FR0073,D000629,P012,2026-02-15,12379.1,6,T011,Valid
9282,FR0073,D000197,P012,2026-03-20,7218.37,3,T010,Valid
9283,FR0073,D000629,P012,2026-03-09,7218.37,3,T011,Valid
9284,FR0073,D000052,P012,2026-03-17,7218.37,3,T011,Valid
9285,FR0073,D000825,P012,2026-03-06,7218.37,3,T015,Valid
9286,FR0073,D000237,P012,2026-03-22,7218.37,3,T011,Valid
9287,FR0073,D000040,P012,2026-03-23,7218.37,3,T017,Valid
9288,FR0073,D000040,P012,2026-04-05,19896.8,9,T011,Valid
9289,FR0073,D000197,P012,2026-04-01,19896.8,9,T011,Valid
9290,FR0073,D000237,P012,2026-05-06,20186.73,10,T011,Valid
9291,FR0073,D000195,P012,2026-05-20,20186.73,10,T011,Valid
9292,FR0073,D000197,P012,2026-06-27,13730.74,6,T011,Valid
9293,FR0073,D000052,P012,2026-06-26,13730.74,6,T011,Valid
9294,FR0073,D000040,P012,2026-06-25,13730.74,6,T011,Valid
9295,FR0073,D000591,P012,2026-07-06,8051.66,4,T011,Valid
9296,FR0073,D000197,P012,2026-07-01,8051.66,4,T011,Valid
9297,FR0073,D000237,P012,2026-07-18,8051.66,4,T011,Valid
9298,FR0073,D000040,P012,2026-07-18,8051.66,4,T011,Valid
9299,FR0073,D000052,P012,2026-07-26,8051.66,4,T011,Valid
9300,FR0073,D000237,P006,2026-01-01,43800.25,119,T011,Valid
9301,FR0073,D000040,P006,2026-01-15,43800.25,119,T011,Valid
9302,FR0073,D000052,P006,2026-01-21,43800.25,119,T011,Valid
9303,FR0073,D000591,P006,2026-02-01,29962.38,81,T011,Valid
9304,FR0073,D000195,P006,2026-02-11,29962.38,81,T011,Valid
9305,FR0073,D000825,P006,2026-02-25,29962.38,81,T011,Valid
9306,FR0073,D000237,P006,2026-02-10,29962.38,81,T011,Valid
9307,FR0073,D000629,P006,2026-02-02,29962.38,81,T011,Valid
9308,FR0073,D000629,P006,2026-03-10,52666.75,143,T011,Valid
9309,FR0073,D000197,P006,2026-03-13,52666.75,143,T011,Valid
9310,FR0073,D000237,P006,2026-03-15,52666.75,143,T011,Valid
9311,FR0073,D000237,P006,2026-04-23,79738.08,217,T011,Valid
9312,FR0073,D000629,P006,2026-04-02,79738.08,217,T011,Valid
9313,FR0073,D000591,P006,2026-05-13,39580.06,108,T011,Valid
9314,FR0073,D000040,P006,2026-05-04,39580.06,108,T011,Valid
9315,FR0073,D000825,P006,2026-05-13,39580.06,108,T011,Valid
9316,FR0073,D000195,P006,2026-05-22,39580.06,108,T011,Valid
9317,FR0073,D000237,P006,2026-06-02,24732.41,67,T011,Valid
9318,FR0073,D000040,P006,2026-06-18,24732.41,67,T011,Valid
9319,FR0073,D000197,P006,2026-06-18,24732.41,67,T011,Valid
9320,FR0073,D000591,P006,2026-06-23,24732.41,67,T011,Valid
9321,FR0073,D000825,P006,2026-06-19,24732.41,67,T011,Valid
9322,FR0073,D000052,P006,2026-06-24,24732.41,67,T011,Valid
9323,FR0073,D000591,P006,2026-07-03,37823.09,103,T011,Valid
9324,FR0073,D000197,P006,2026-07-03,37823.09,103,T011,Valid
9325,FR0073,D000195,P006,2026-07-13,37823.09,103,T011,Valid
9326,FR0073,D000237,P006,2026-07-26,37823.09,103,T011,Valid
9327,FR0073,D000197,P009,2026-01-15,17544.46,7,T011,Valid
9328,FR0073,D000591,P009,2026-01-02,17544.46,7,T011,Valid
9329,FR0073,D000237,P009,2026-01-06,17544.46,7,T011,Valid
9330,FR0073,D000825,P009,2026-01-19,17544.46,7,T011,Valid
9331,FR0073,D000195,P009,2026-01-27,17544.46,7,T011,Valid
9332,FR0073,D000040,P009,2026-01-14,17544.46,7,T011,Valid
9333,FR0073,D000237,P009,2026-02-18,33182.7,14,T011,Valid
9334,FR0073,D000052,P009,2026-02-09,33182.7,14,T011,Valid
9335,FR0073,D000197,P009,2026-02-01,33182.7,14,T011,Valid
9336,FR0073,D000195,P009,2026-03-25,29543.95,12,T011,Valid
9337,FR0073,D000197,P009,2026-03-08,29543.95,12,T011,Valid
9338,FR0073,D000591,P009,2026-03-24,29543.95,12,T011,Valid
9339,FR0073,D000237,P009,2026-03-11,29543.95,12,T012,Valid
9340,FR0073,D000052,P009,2026-03-12,29543.95,12,T005,Valid
9341,FR0073,D000040,P009,2026-03-06,29543.95,12,T011,Valid
9342,FR0073,D000825,P009,2026-04-12,22659.63,9,T011,Valid
9343,FR0073,D000591,P009,2026-04-19,22659.63,9,T011,Valid
9344,FR0073,D000237,P009,2026-04-12,22659.63,9,T011,Valid
9345,FR0073,D000629,P009,2026-04-05,22659.63,9,T011,Valid
9346,FR0073,D000040,P009,2026-05-18,46272.1,19,T011,Valid
9347,FR0073,D000237,P009,2026-05-24,46272.1,19,T011,Valid
9348,FR0073,D000197,P009,2026-06-07,15400.45,6,T011,Valid
9349,FR0073,D000825,P009,2026-06-07,15400.45,6,T011,Valid
9350,FR0073,D000591,P009,2026-06-03,15400.45,6,T011,Valid
9351,FR0073,D000237,P009,2026-06-08,15400.45,6,T011,Valid
9352,FR0073,D000040,P009,2026-06-21,15400.45,6,T011,Valid
9353,FR0073,D000195,P009,2026-06-11,15400.45,6,T011,Valid
9354,FR0073,D000237,P009,2026-07-26,16286.85,7,T011,Valid
9355,FR0073,D000825,P009,2026-07-27,16286.85,7,T011,Valid
9356,FR0073,D000591,P009,2026-07-24,16286.85,7,T011,Valid
9357,FR0073,D000629,P009,2026-07-26,16286.85,7,T011,Valid
9358,FR0073,D000197,P009,2026-07-14,16286.85,7,T011,Valid
9359,FR0073,D000195,P009,2026-07-01,16286.85,7,T011,Valid
9360,FR0074,D000911,P013,2026-01-21,46221.39,99,T007,Valid
9361,FR0074,D000644,P013,2026-01-13,46221.39,99,T007,Valid
9362,FR0074,D000339,P013,2026-01-15,46221.39,99,T015,Valid
9363,FR0074,D000911,P013,2026-02-27,21026.09,45,T007,Valid
9364,FR0074,D000644,P013,2026-02-24,21026.09,45,T007,Valid
9365,FR0074,D000339,P013,2026-02-09,21026.09,45,T007,Valid
9366,FR0074,D000644,P013,2026-03-03,22830.04,49,T007,Valid
9367,FR0074,D000911,P013,2026-03-06,22830.04,49,T007,Valid
9368,FR0074,D000339,P013,2026-03-17,22830.04,49,T007,Valid
9369,FR0074,D000911,P013,2026-04-14,23791.24,51,T007,Valid
9370,FR0074,D000644,P013,2026-04-23,23791.24,51,T007,Valid
9371,FR0074,D000339,P013,2026-04-22,23791.24,51,T007,Valid
9372,FR0074,D000911,P013,2026-05-11,23817.59,51,T007,Valid
9373,FR0074,D000339,P013,2026-05-26,23817.59,51,T007,Valid
9374,FR0074,D000644,P013,2026-05-01,23817.59,51,T007,Valid
9375,FR0074,D000911,P013,2026-06-23,21245.85,46,T007,Valid
9376,FR0074,D000339,P013,2026-06-17,21245.85,46,T007,Valid
9377,FR0074,D000644,P013,2026-06-25,21245.85,46,T007,Valid
9378,FR0074,D000911,P013,2026-07-24,25283.12,54,T007,Valid
9379,FR0074,D000644,P013,2026-07-21,25283.12,54,T007,Valid
9380,FR0074,D000339,P013,2026-07-13,25283.12,54,T007,Valid
9381,FR0074,D000644,P004,2026-01-12,22146.16,13,T007,Valid
9382,FR0074,D000911,P004,2026-01-21,22146.16,13,T007,Valid
9383,FR0074,D000644,P004,2026-02-24,14611.59,8,T007,Valid
9384,FR0074,D000911,P004,2026-02-13,14611.59,8,T007,Valid
9385,FR0074,D000339,P004,2026-02-09,14611.59,8,T007,Valid
9386,FR0074,D000911,P004,2026-03-21,18592.18,11,T007,Valid
9387,FR0074,D000644,P004,2026-03-19,18592.18,11,T007,Valid
9388,FR0074,D000644,P004,2026-04-02,22337.75,13,T007,Valid
9389,FR0074,D000911,P004,2026-04-19,22337.75,13,T007,Valid
9390,FR0074,D000911,P004,2026-05-15,13737.49,8,T007,Valid
9391,FR0074,D000644,P004,2026-05-10,13737.49,8,T007,Valid
9392,FR0074,D000339,P004,2026-05-09,13737.49,8,T007,Valid
9393,FR0074,D000644,P004,2026-06-20,13545.83,8,T007,Valid
9394,FR0074,D000339,P004,2026-06-20,13545.83,8,T007,Valid
9395,FR0074,D000911,P004,2026-06-18,13545.83,8,T007,Valid
9396,FR0074,D000339,P004,2026-07-26,12949.83,7,T007,Valid
9397,FR0074,D000911,P004,2026-07-05,12949.83,7,T007,Valid
9398,FR0074,D000644,P004,2026-07-14,12949.83,7,T007,Valid
9399,FR0074,D000339,P027,2026-01-18,35043.67,14,T007,Valid
9400,FR0074,D000911,P027,2026-01-07,35043.67,14,T007,Valid
9401,FR0074,D000339,P027,2026-02-26,30607.01,12,T007,Valid
9402,FR0074,D000911,P027,2026-02-09,30607.01,12,T007,Valid
9403,FR0074,D000339,P027,2026-03-04,62833.81,25,T019,Valid
9404,FR0074,D000644,P027,2026-04-18,60560.75,24,T007,Valid
9405,FR0074,D000644,P027,2026-05-14,21428.26,9,T007,Valid
9406,FR0074,D000911,P027,2026-05-14,21428.26,9,T007,Valid
9407,FR0074,D000339,P027,2026-05-22,21428.26,9,T007,Valid
9408,FR0074,D000911,P027,2026-06-03,21835.1,9,T007,Valid
9409,FR0074,D000644,P027,2026-06-21,21835.1,9,T007,Valid
9410,FR0074,D000339,P027,2026-06-05,21835.1,9,T007,Valid
9411,FR0074,D000911,P027,2026-07-25,31653.23,13,T007,Valid
9412,FR0074,D000339,P027,2026-07-24,31653.23,13,T007,Valid
9413,FR0074,D000911,P009,2026-01-26,17887.56,7,T007,Valid
9414,FR0074,D000339,P009,2026-01-18,17887.56,7,T007,Valid
9415,FR0074,D000644,P009,2026-01-05,17887.56,7,T007,Valid
9416,FR0074,D000644,P009,2026-02-16,18112.79,7,T007,Valid
9417,FR0074,D000339,P009,2026-02-24,18112.79,7,T007,Valid
9418,FR0074,D000911,P009,2026-02-20,18112.79,7,T007,Valid
9419,FR0074,D000339,P009,2026-03-24,20211.08,8,T007,Valid
9420,FR0074,D000911,P009,2026-03-22,20211.08,8,T007,Valid
9421,FR0074,D000644,P009,2026-03-27,20211.08,8,T007,Valid
9422,FR0074,D000339,P009,2026-04-25,30788.77,13,T007,Valid
9423,FR0074,D000911,P009,2026-04-12,30788.77,13,T007,Valid
9424,FR0074,D000644,P009,2026-05-11,16809.4,7,T008,Valid
9425,FR0074,D000339,P009,2026-05-26,16809.4,7,T016,Valid
9426,FR0074,D000911,P009,2026-05-12,16809.4,7,T006,Valid
9427,FR0074,D000339,P009,2026-06-22,17812.03,7,T007,Valid
9428,FR0074,D000644,P009,2026-06-03,17812.03,7,T007,Valid
9429,FR0074,D000911,P009,2026-06-01,17812.03,7,T007,Valid
9430,FR0074,D000644,P009,2026-07-10,114042.88,47,T007,Valid
9431,FR0074,D000339,P026,2026-01-17,42637.16,24,T007,Valid
9432,FR0074,D000911,P026,2026-01-19,42637.16,24,T007,Valid
9433,FR0074,D000644,P026,2026-01-19,42637.16,24,T007,Valid
9434,FR0074,D000644,P026,2026-02-03,59013.79,33,T007,Valid
9435,FR0074,D000339,P026,2026-02-20,59013.79,33,T007,Valid
9436,FR0074,D000911,P026,2026-03-05,40028.44,22,T007,Valid
9437,FR0074,D000644,P026,2026-03-16,40028.44,22,T007,Valid
9438,FR0074,D000339,P026,2026-03-21,40028.44,22,T007,Valid
9439,FR0074,D000644,P026,2026-04-05,43278.56,24,T007,Valid
9440,FR0074,D000339,P026,2026-04-12,43278.56,24,T007,Valid
9441,FR0074,D000911,P026,2026-04-08,43278.56,24,T007,Valid
9442,FR0074,D000339,P026,2026-05-14,44437.71,25,T007,Valid
9443,FR0074,D000911,P026,2026-05-04,44437.71,25,T007,Valid
9444,FR0074,D000644,P026,2026-05-22,44437.71,25,T007,Valid
9445,FR0074,D000911,P026,2026-06-15,46743.77,26,T007,Valid
9446,FR0074,D000644,P026,2026-06-02,46743.77,26,T007,Valid
9447,FR0074,D000339,P026,2026-06-05,46743.77,26,T007,Valid
9448,FR0074,D000339,P026,2026-07-14,48035.32,27,T007,Valid
9449,FR0074,D000911,P026,2026-07-16,48035.32,27,T007,Valid
9450,FR0074,D000644,P026,2026-07-24,48035.32,27,T007,Valid
9451,FR0075,D000769,P021,2026-01-05,16521.61,8,T016,Valid
9452,FR0075,D000179,P021,2026-01-12,16521.61,8,T016,Valid
9453,FR0075,D000326,P021,2026-01-08,16521.61,8,T016,Valid
9454,FR0075,D000556,P021,2026-01-23,16521.61,8,T016,Valid
9455,FR0075,D000225,P021,2026-01-12,16521.61,8,T016,Valid
9456,FR0075,D000923,P021,2026-01-15,16521.61,8,T016,Valid
9457,FR0075,D000923,P021,2026-02-14,53652.35,26,T016,Valid
9458,FR0075,D000208,P021,2026-02-06,53652.35,26,T016,Valid
9459,FR0075,D000439,P021,2026-03-24,160558.46,78,T009,Valid
9460,FR0075,D000238,P021,2026-04-21,26003.52,13,T016,Valid
9461,FR0075,D000254,P021,2026-04-15,26003.52,13,T016,Valid
9462,FR0075,D000891,P021,2026-04-05,26003.52,13,T016,Valid
9463,FR0075,D000099,P021,2026-04-15,26003.52,13,T016,Valid
9464,FR0075,D000179,P021,2026-05-22,15364.8,7,T016,Valid
9465,FR0075,D000836,P021,2026-05-04,15364.8,7,T016,Valid
9466,FR0075,D000605,P021,2026-05-20,15364.8,7,T016,Valid
9467,FR0075,D000556,P021,2026-05-07,15364.8,7,T016,Valid
9468,FR0075,D000645,P021,2026-05-25,15364.8,7,T016,Valid
9469,FR0075,D000405,P021,2026-05-07,15364.8,7,T016,Valid
9470,FR0075,D000836,P021,2026-06-11,99619.96,48,T016,Valid
9471,FR0075,D000645,P021,2026-07-15,32947.8,16,T016,Valid
9472,FR0075,D000837,P021,2026-07-01,32947.8,16,T016,Valid
9473,FR0075,D000353,P021,2026-07-10,32947.8,16,T016,Valid
9474,FR0075,D000836,P029,2026-01-10,36032.37,92,T016,Valid
9475,FR0075,D000837,P029,2026-01-25,36032.37,92,T016,Valid
9476,FR0075,D000464,P029,2026-01-11,36032.37,92,T016,Valid
9477,FR0075,D000605,P029,2026-01-24,36032.37,92,T016,Valid
9478,FR0075,D000263,P029,2026-02-04,26552.06,68,T016,Valid
9479,FR0075,D000405,P029,2026-02-24,26552.06,68,T016,Valid
9480,FR0075,D000208,P029,2026-02-16,26552.06,68,T016,Valid
9481,FR0075,D000605,P029,2026-02-19,26552.06,68,T016,Valid
9482,FR0075,D000416,P029,2026-02-13,26552.06,68,T016,Valid
9483,FR0075,D000405,P029,2026-03-25,27953.09,72,T016,Valid
9484,FR0075,D000464,P029,2026-03-23,27953.09,72,T016,Valid
9485,FR0075,D000099,P029,2026-03-15,27953.09,72,T016,Valid
9486,FR0075,D000179,P029,2026-03-11,27953.09,72,T016,Valid
9487,FR0075,D000836,P029,2026-03-06,27953.09,72,T016,Valid
9488,FR0075,D000208,P029,2026-04-06,48293.51,124,T016,Valid
9489,FR0075,D000099,P029,2026-04-05,48293.51,124,T016,Valid
9490,FR0075,D000697,P029,2026-04-03,48293.51,124,T016,Valid
9491,FR0075,D000923,P029,2026-05-05,33341.85,85,T016,Valid
9492,FR0075,D000263,P029,2026-05-16,33341.85,85,T016,Valid
9493,FR0075,D000556,P029,2026-05-14,33341.85,85,T016,Valid
9494,FR0075,D000836,P029,2026-05-09,33341.85,85,T016,Valid
9495,FR0075,D000254,P029,2026-06-16,75425.55,193,T016,Valid
9496,FR0075,D000769,P029,2026-06-18,75425.55,193,T016,Valid
9497,FR0075,D000238,P029,2026-07-21,22895.95,59,T016,Valid
9498,FR0075,D000225,P029,2026-07-05,22895.95,59,T016,Valid
9499,FR0075,D000099,P029,2026-07-22,22895.95,59,T016,Valid
9500,FR0075,D000769,P029,2026-07-20,22895.95,59,T016,Valid
9501,FR0075,D000263,P029,2026-07-06,22895.95,59,T016,Valid
9502,FR0075,D000416,P029,2026-07-21,22895.95,59,T016,Valid
9503,FR0075,D000238,P011,2026-01-26,9737.43,4,T016,Valid
9504,FR0075,D000645,P011,2026-01-22,9737.43,4,T016,Valid
9505,FR0075,D000345,P011,2026-01-22,9737.43,4,T016,Valid
9506,FR0075,D000099,P011,2026-01-26,9737.43,4,T016,Valid
9507,FR0075,D000556,P011,2026-01-07,9737.43,4,T016,Valid
9508,FR0075,D000439,P011,2026-02-15,44834.58,20,T016,Valid
9509,FR0075,D000439,P011,2026-03-08,8498.29,4,T016,Valid
9510,FR0075,D000769,P011,2026-03-22,8498.29,4,T016,Valid
9511,FR0075,D000353,P011,2026-03-01,8498.29,4,T016,Valid
9512,FR0075,D000891,P011,2026-03-19,8498.29,4,T016,Valid
9513,FR0075,D000645,P011,2026-03-10,8498.29,4,T016,Valid
9514,FR0075,D000923,P011,2026-04-11,11111.44,5,T016,Valid
9515,FR0075,D000099,P011,2026-04-06,11111.44,5,T016,Valid
9516,FR0075,D000605,P011,2026-04-26,11111.44,5,T016,Valid
9517,FR0075,D000405,P011,2026-04-14,11111.44,5,T016,Valid
9518,FR0075,D000238,P011,2026-05-16,7870.47,4,T016,Valid
9519,FR0075,D000263,P011,2026-05-21,7870.47,4,T016,Valid
9520,FR0075,D000923,P011,2026-05-23,7870.47,4,T016,Valid
9521,FR0075,D000405,P011,2026-05-14,7870.47,4,T016,Valid
9522,FR0075,D000556,P011,2026-05-27,7870.47,4,T016,Valid
9523,FR0075,D000254,P011,2026-05-20,7870.47,4,T016,Valid
9524,FR0075,D000556,P011,2026-06-22,12212.28,6,T016,Valid
9525,FR0075,D000254,P011,2026-06-09,12212.28,6,T016,Valid
9526,FR0075,D000263,P011,2026-06-09,12212.28,6,T016,Valid
9527,FR0075,D000837,P011,2026-06-14,12212.28,6,T016,Valid
9528,FR0075,D000769,P011,2026-07-18,10743.7,5,T016,Valid
9529,FR0075,D000923,P011,2026-07-13,10743.7,5,T016,Valid
9530,FR0075,D000439,P011,2026-07-13,10743.7,5,T016,Valid
9531,FR0075,D000208,P011,2026-07-17,10743.7,5,T016,Valid
9532,FR0075,D000254,P017,2026-01-25,18579.56,8,T016,Valid
9533,FR0075,D000345,P017,2026-01-22,18579.56,8,T016,Valid
9534,FR0075,D000891,P017,2026-01-25,18579.56,8,T016,Valid
9535,FR0075,D000769,P017,2026-01-22,18579.56,8,T016,Valid
9536,FR0075,D000837,P017,2026-01-12,18579.56,8,T016,Valid
9537,FR0075,D000099,P017,2026-01-17,18579.56,8,T016,Valid
9538,FR0075,D000837,P017,2026-02-02,34275.8,16,T016,Valid
9539,FR0075,D000353,P017,2026-02-18,34275.8,16,T016,Valid
9540,FR0075,D000345,P017,2026-02-23,34275.8,16,T016,Valid
9541,FR0075,D000225,P017,2026-03-19,48822.44,22,T016,Valid
9542,FR0075,D000439,P017,2026-03-07,48822.44,22,T016,Valid
9543,FR0075,D000570,P017,2026-04-21,36306.82,16,T016,Valid
9544,FR0075,D000769,P017,2026-04-18,36306.82,16,T016,Valid
9545,FR0075,D000326,P017,2026-04-01,36306.82,16,T016,Valid
9546,FR0075,D000208,P017,2026-05-07,57849.54,26,T016,Valid
9547,FR0075,D000439,P017,2026-05-17,57849.54,26,T016,Valid
9548,FR0075,D000697,P017,2026-06-05,32001.6,14,T016,Valid
9549,FR0075,D000225,P017,2026-06-03,32001.6,14,T016,Valid
9550,FR0075,D000416,P017,2026-06-08,32001.6,14,T016,Valid
9551,FR0075,D000353,P017,2026-07-19,55060.47,25,T016,Valid
9552,FR0075,D000099,P017,2026-07-06,55060.47,25,T016,Valid
9553,FR0075,D000254,P006,2026-01-20,12281.78,33,T016,Valid
9554,FR0075,D000179,P006,2026-01-08,12281.78,33,T016,Valid
9555,FR0075,D000225,P006,2026-01-22,12281.78,33,T016,Valid
9556,FR0075,D000769,P006,2026-01-15,12281.78,33,T016,Valid
9557,FR0075,D000416,P006,2026-01-21,12281.78,33,T016,Valid
9558,FR0075,D000891,P006,2026-02-23,30876.7,84,T016,Valid
9559,FR0075,D000099,P006,2026-02-21,30876.7,84,T016,Valid
9560,FR0075,D000439,P006,2026-03-10,12817.9,35,T016,Valid
9561,FR0075,D000405,P006,2026-03-08,12817.9,35,T016,Valid
9562,FR0075,D000263,P006,2026-03-07,12817.9,35,T016,Valid
9563,FR0075,D000254,P006,2026-03-17,12817.9,35,T016,Valid
9564,FR0075,D000353,P006,2026-03-16,12817.9,35,T016,Valid
9565,FR0075,D000353,P006,2026-04-21,11020.48,30,T016,Valid
9566,FR0075,D000464,P006,2026-04-23,11020.48,30,T016,Valid
9567,FR0075,D000769,P006,2026-04-18,11020.48,30,T016,Valid
9568,FR0075,D000225,P006,2026-04-01,11020.48,30,T016,Valid
9569,FR0075,D000556,P006,2026-04-16,11020.48,30,T016,Valid
9570,FR0075,D000179,P006,2026-05-24,14151.59,38,T016,Valid
9571,FR0075,D000769,P006,2026-05-17,14151.59,38,T016,Valid
9572,FR0075,D000326,P006,2026-05-18,14151.59,38,T016,Valid
9573,FR0075,D000837,P006,2026-05-07,14151.59,38,T016,Valid
9574,FR0075,D000254,P006,2026-06-22,20551.85,56,T016,Valid
9575,FR0075,D000225,P006,2026-06-01,20551.85,56,T016,Valid
9576,FR0075,D000439,P006,2026-06-12,20551.85,56,T016,Valid
9577,FR0075,D000645,P006,2026-07-05,28490.58,77,T016,Valid
9578,FR0075,D000326,P006,2026-07-24,28490.58,77,T016,Valid
9579,FR0075,D000254,P010,2026-01-08,40173.55,30,T016,Valid
9580,FR0075,D000208,P010,2026-01-04,40173.55,30,T016,Valid
9581,FR0075,D000923,P010,2026-02-04,13347.2,10,T016,Valid
9582,FR0075,D000263,P010,2026-02-25,13347.2,10,T016,Valid
9583,FR0075,D000254,P010,2026-02-13,13347.2,10,T016,Valid
9584,FR0075,D000439,P010,2026-02-17,13347.2,10,T016,Valid
9585,FR0075,D000570,P010,2026-02-04,13347.2,10,T016,Valid
9586,FR0075,D000099,P010,2026-02-14,13347.2,10,T016,Valid
9587,FR0075,D000769,P010,2026-03-11,29074.61,22,T016,Valid
9588,FR0075,D000099,P010,2026-03-11,29074.61,22,T016,Valid
9589,FR0075,D000254,P010,2026-03-17,29074.61,22,T016,Valid
9590,FR0075,D000099,P010,2026-04-20,29147.06,22,T016,Valid
9591,FR0075,D000254,P010,2026-04-10,29147.06,22,T016,Valid
9592,FR0075,D000179,P010,2026-04-16,29147.06,22,T016,Valid
9593,FR0075,D000353,P010,2026-05-01,45424.39,34,T016,Valid
9594,FR0075,D000837,P010,2026-05-26,45424.39,34,T016,Valid
9595,FR0075,D000405,P010,2026-06-01,83252.11,63,T016,Valid
9596,FR0075,D000570,P010,2026-07-09,15921.3,12,T016,Valid
9597,FR0075,D000556,P010,2026-07-15,15921.3,12,T016,Valid
9598,FR0075,D000179,P010,2026-07-16,15921.3,12,T016,Valid
9599,FR0075,D000326,P010,2026-07-24,15921.3,12,T016,Valid
9600,FR0075,D000605,P010,2026-07-18,15921.3,12,T016,Valid
9601,FR0075,D000405,P015,2026-01-08,62699.81,41,T016,Valid
9602,FR0075,D000605,P015,2026-01-11,62699.81,41,T016,Valid
9603,FR0075,D000254,P015,2026-02-24,23354.31,15,T016,Valid
9604,FR0075,D000556,P015,2026-02-18,23354.31,15,T016,Valid
9605,FR0075,D000836,P015,2026-02-19,23354.31,15,T016,Valid
9606,FR0075,D000769,P015,2026-02-04,23354.31,15,T016,Valid
9607,FR0075,D000326,P015,2026-02-18,23354.31,15,T016,Valid
9608,FR0075,D000208,P015,2026-03-01,41504.37,27,T016,Valid
9609,FR0075,D000263,P015,2026-03-07,41504.37,27,T016,Valid
9610,FR0075,D000345,P015,2026-03-18,41504.37,27,T016,Valid
9611,FR0075,D000405,P015,2026-04-23,26339.89,17,T016,Valid
9612,FR0075,D000208,P015,2026-04-09,26339.89,17,T016,Valid
9613,FR0075,D000837,P015,2026-04-26,26339.89,17,T016,Valid
9614,FR0075,D000570,P015,2026-04-24,26339.89,17,T016,Valid
9615,FR0075,D000836,P015,2026-04-15,26339.89,17,T016,Valid
9616,FR0075,D000697,P015,2026-05-07,24402.04,16,T016,Valid
9617,FR0075,D000464,P015,2026-05-22,24402.04,16,T016,Valid
9618,FR0075,D000605,P015,2026-05-06,24402.04,16,T016,Valid
9619,FR0075,D000645,P015,2026-05-26,24402.04,16,T016,Valid
9620,FR0075,D000439,P015,2026-05-27,24402.04,16,T016,Valid
9621,FR0075,D000645,P015,2026-06-18,33220.58,22,T016,Valid
9622,FR0075,D000837,P015,2026-06-17,33220.58,22,T016,Valid
9623,FR0075,D000208,P015,2026-06-19,33220.58,22,T016,Valid
9624,FR0075,D000326,P015,2026-06-04,33220.58,22,T016,Valid
9625,FR0075,D000891,P015,2026-07-15,35238.41,23,T016,Valid
9626,FR0075,D000464,P015,2026-07-14,35238.41,23,T016,Valid
9627,FR0075,D000570,P015,2026-07-19,35238.41,23,T016,Valid
9628,FR0075,D000439,P015,2026-07-05,35238.41,23,T016,Valid
9629,FR0076,D000664,P013,2026-01-22,14201.91,30,T013,Valid
9630,FR0076,D000098,P013,2026-01-18,14201.91,30,T013,Valid
9631,FR0076,D000186,P013,2026-01-09,14201.91,30,T013,Valid
9632,FR0076,D000177,P013,2026-01-12,14201.91,30,T013,Valid
9633,FR0076,D000177,P013,2026-02-02,14759.76,32,T013,Valid
9634,FR0076,D000664,P013,2026-02-12,14759.76,32,T013,Valid
9635,FR0076,D000098,P013,2026-02-19,14759.76,32,T013,Valid
9636,FR0076,D000186,P013,2026-02-23,14759.76,32,T013,Valid
9637,FR0076,D000186,P013,2026-03-06,19762.47,42,T013,Valid
9638,FR0076,D000664,P013,2026-03-06,19762.47,42,T013,Valid
9639,FR0076,D000177,P013,2026-03-20,19762.47,42,T013,Valid
9640,FR0076,D000177,P013,2026-04-09,30932.33,66,T013,Valid
9641,FR0076,D000186,P013,2026-04-27,30932.33,66,T013,Valid
9642,FR0076,D000186,P013,2026-05-18,19672.09,42,T013,Valid
9643,FR0076,D000177,P013,2026-05-09,19672.09,42,T013,Valid
9644,FR0076,D000664,P013,2026-05-22,19672.09,42,T013,Valid
9645,FR0076,D000186,P013,2026-06-18,14928.16,32,T013,Valid
9646,FR0076,D000098,P013,2026-06-18,14928.16,32,T013,Valid
9647,FR0076,D000664,P013,2026-06-22,14928.16,32,T013,Valid
9648,FR0076,D000177,P013,2026-06-13,14928.16,32,T013,Valid
9649,FR0076,D000177,P013,2026-07-13,18184.0,39,T013,Valid
9650,FR0076,D000664,P013,2026-07-06,18184.0,39,T013,Valid
9651,FR0076,D000098,P013,2026-07-04,18184.0,39,T013,Valid
9652,FR0076,D000098,P024,2026-01-23,28046.38,38,T013,Valid
9653,FR0076,D000177,P024,2026-01-09,28046.38,38,T013,Valid
9654,FR0076,D000186,P024,2026-01-11,28046.38,38,T013,Valid
9655,FR0076,D000664,P024,2026-02-12,22529.12,31,T013,Valid
9656,FR0076,D000098,P024,2026-02-02,22529.12,31,T013,Valid
9657,FR0076,D000186,P024,2026-02-09,22529.12,31,T013,Valid
9658,FR0076,D000177,P024,2026-02-12,22529.12,31,T013,Valid
9659,FR0076,D000177,P024,2026-03-03,21037.3,29,T013,Valid
9660,FR0076,D000664,P024,2026-03-04,21037.3,29,T013,Valid
9661,FR0076,D000186,P024,2026-03-11,21037.3,29,T013,Valid
9662,FR0076,D000098,P024,2026-03-19,21037.3,29,T013,Valid
9663,FR0076,D000177,P024,2026-04-21,23289.14,32,T013,Valid
9664,FR0076,D000098,P024,2026-04-10,23289.14,32,T013,Valid
9665,FR0076,D000664,P024,2026-04-08,23289.14,32,T013,Valid
9666,FR0076,D000186,P024,2026-04-04,23289.14,32,T013,Valid
9667,FR0076,D000664,P024,2026-05-17,94284.6,128,T006,Valid
9668,FR0076,D000664,P024,2026-06-12,30207.63,41,T013,Valid
9669,FR0076,D000177,P024,2026-06-01,30207.63,41,T013,Valid
9670,FR0076,D000098,P024,2026-06-15,30207.63,41,T013,Valid
9671,FR0076,D000177,P024,2026-07-16,43513.35,59,T013,Valid
9672,FR0076,D000664,P024,2026-07-06,43513.35,59,T013,Valid
9673,FR0076,D000186,P001,2026-01-01,39840.99,39,T013,Valid
9674,FR0076,D000664,P001,2026-01-17,39840.99,39,T013,Valid
9675,FR0076,D000098,P001,2026-01-05,39840.99,39,T013,Valid
9676,FR0076,D000177,P001,2026-01-13,39840.99,39,T013,Valid
9677,FR0076,D000177,P001,2026-02-27,35176.15,34,T013,Valid
9678,FR0076,D000664,P001,2026-02-03,35176.15,34,T013,Valid
9679,FR0076,D000098,P001,2026-02-21,35176.15,34,T013,Valid
9680,FR0076,D000186,P001,2026-02-01,35176.15,34,T013,Valid
9681,FR0076,D000664,P001,2026-03-21,78555.56,77,T013,Valid
9682,FR0076,D000186,P001,2026-03-08,78555.56,77,T013,Valid
9683,FR0076,D000098,P001,2026-04-20,47669.58,47,T013,Valid
9684,FR0076,D000186,P001,2026-04-21,47669.58,47,T013,Valid
9685,FR0076,D000177,P001,2026-04-13,47669.58,47,T013,Valid
9686,FR0076,D000664,P001,2026-05-01,266203.86,260,T013,Valid
9687,FR0076,D000186,P001,2026-06-06,69578.8,68,T013,Valid
9688,FR0076,D000098,P001,2026-06-06,69578.8,68,T013,Valid
9689,FR0076,D000177,P001,2026-07-06,38282.81,37,T013,Valid
9690,FR0076,D000186,P001,2026-07-18,38282.81,37,T013,Valid
9691,FR0076,D000098,P001,2026-07-03,38282.81,37,T013,Valid
9692,FR0076,D000664,P001,2026-07-24,38282.81,37,T013,Valid
9693,FR0076,D000664,P004,2026-01-02,30996.54,18,T013,Valid
9694,FR0076,D000186,P004,2026-01-21,30996.54,18,T013,Valid
9695,FR0076,D000177,P004,2026-01-10,30996.54,18,T013,Valid
9696,FR0076,D000098,P004,2026-01-09,30996.54,18,T013,Valid
9697,FR0076,D000177,P004,2026-02-23,27276.24,16,T013,Valid
9698,FR0076,D000664,P004,2026-02-14,27276.24,16,T013,Valid
9699,FR0076,D000098,P004,2026-02-23,27276.24,16,T013,Valid
9700,FR0076,D000186,P004,2026-02-19,27276.24,16,T013,Valid
9701,FR0076,D000186,P004,2026-03-23,30081.73,17,T013,Valid
9702,FR0076,D000177,P004,2026-03-07,30081.73,17,T013,Valid
9703,FR0076,D000664,P004,2026-03-16,30081.73,17,T013,Valid
9704,FR0076,D000098,P004,2026-03-25,30081.73,17,T013,Valid
9705,FR0076,D000664,P004,2026-04-13,29381.69,17,T013,Valid
9706,FR0076,D000177,P004,2026-04-14,29381.69,17,T013,Valid
9707,FR0076,D000186,P004,2026-04-16,29381.69,17,T013,Valid
9708,FR0076,D000098,P004,2026-04-24,29381.69,17,T013,Valid
9709,FR0076,D000098,P004,2026-05-27,27976.19,16,T013,Valid
9710,FR0076,D000177,P004,2026-05-19,27976.19,16,T013,Valid
9711,FR0076,D000664,P004,2026-05-08,27976.19,16,T013,Valid
9712,FR0076,D000186,P004,2026-05-26,27976.19,16,T013,Valid
9713,FR0076,D000664,P004,2026-06-23,31147.75,18,T013,Valid
9714,FR0076,D000186,P004,2026-06-20,31147.75,18,T013,Valid
9715,FR0076,D000177,P004,2026-06-07,31147.75,18,T013,Valid
9716,FR0076,D000098,P004,2026-06-10,31147.75,18,T013,Valid
9717,FR0076,D000186,P004,2026-07-02,31415.45,18,T013,Valid
9718,FR0076,D000098,P004,2026-07-17,31415.45,18,T013,Valid
9719,FR0076,D000664,P004,2026-07-05,31415.45,18,T013,Valid
9720,FR0076,D000177,P004,2026-07-06,31415.45,18,T013,Valid
9721,FR0076,D000186,P016,2026-01-02,20708.83,141,T013,Valid
9722,FR0076,D000177,P016,2026-01-12,20708.83,141,T013,Valid
9723,FR0076,D000664,P016,2026-01-20,20708.83,141,T013,Valid
9724,FR0076,D000186,P016,2026-02-16,18600.64,127,T013,Valid
9725,FR0076,D000664,P016,2026-02-15,18600.64,127,T013,Valid
9726,FR0076,D000098,P016,2026-02-24,18600.64,127,T013,Valid
9727,FR0076,D000186,P016,2026-03-16,15246.42,104,T013,Valid
9728,FR0076,D000177,P016,2026-03-18,15246.42,104,T013,Valid
9729,FR0076,D000664,P016,2026-03-24,15246.42,104,T013,Valid
9730,FR0076,D000098,P016,2026-03-24,15246.42,104,T013,Valid
9731,FR0076,D000177,P016,2026-04-14,20026.38,136,T013,Valid
9732,FR0076,D000664,P016,2026-04-26,20026.38,136,T013,Valid
9733,FR0076,D000186,P016,2026-04-21,20026.38,136,T013,Valid
9734,FR0076,D000177,P016,2026-05-20,18958.46,129,T013,Valid
9735,FR0076,D000664,P016,2026-05-19,18958.46,129,T013,Valid
9736,FR0076,D000098,P016,2026-05-25,18958.46,129,T013,Valid
9737,FR0076,D000664,P016,2026-06-02,13195.98,90,T013,Valid
9738,FR0076,D000177,P016,2026-06-08,13195.98,90,T013,Valid
9739,FR0076,D000098,P016,2026-06-17,13195.98,90,T013,Valid
9740,FR0076,D000186,P016,2026-06-09,13195.98,90,T013,Valid
9741,FR0076,D000186,P016,2026-07-23,25751.2,175,T013,Valid
9742,FR0076,D000664,P016,2026-07-05,25751.2,175,T013,Valid
9743,FR0076,D000186,P002,2026-01-13,15672.16,11,T013,Valid
9744,FR0076,D000098,P002,2026-01-08,15672.16,11,T013,Valid
9745,FR0076,D000664,P002,2026-01-06,15672.16,11,T013,Valid
9746,FR0076,D000177,P002,2026-01-10,15672.16,11,T013,Valid
9747,FR0076,D000186,P002,2026-02-26,22811.24,17,T013,Valid
9748,FR0076,D000098,P002,2026-02-07,22811.24,17,T013,Valid
9749,FR0076,D000664,P002,2026-02-14,22811.24,17,T013,Valid
9750,FR0076,D000177,P002,2026-02-03,22811.24,17,T013,Valid
9751,FR0076,D000177,P002,2026-03-12,19371.48,14,T013,Valid
9752,FR0076,D000186,P002,2026-03-27,19371.48,14,T013,Valid
9753,FR0076,D000664,P002,2026-03-22,19371.48,14,T013,Valid
9754,FR0076,D000098,P002,2026-04-02,13003.8,9,T013,Valid
9755,FR0076,D000177,P002,2026-04-07,13003.8,9,T013,Valid
9756,FR0076,D000664,P002,2026-04-24,13003.8,9,T013,Valid
9757,FR0076,D000186,P002,2026-04-22,13003.8,9,T013,Valid
9758,FR0076,D000177,P002,2026-05-22,15440.09,11,T013,Valid
9759,FR0076,D000664,P002,2026-05-22,15440.09,11,T013,Valid
9760,FR0076,D000186,P002,2026-05-21,15440.09,11,T013,Valid
9761,FR0076,D000098,P002,2026-05-07,15440.09,11,T013,Valid
9762,FR0076,D000098,P002,2026-06-14,20987.07,15,T013,Valid
9763,FR0076,D000664,P002,2026-06-24,20987.07,15,T013,Valid
9764,FR0076,D000186,P002,2026-06-14,20987.07,15,T013,Valid
9765,FR0076,D000186,P002,2026-07-12,15339.13,11,T013,Valid
9766,FR0076,D000177,P002,2026-07-10,15339.13,11,T013,Valid
9767,FR0076,D000664,P002,2026-07-20,15339.13,11,T013,Valid
9768,FR0076,D000098,P002,2026-07-07,15339.13,11,T013,Valid
9769,FR0076,D000186,P019,2026-01-04,53126.02,24,T013,Valid
9770,FR0076,D000664,P019,2026-01-05,53126.02,24,T013,Valid
9771,FR0076,D000098,P019,2026-01-20,53126.02,24,T013,Valid
9772,FR0076,D000177,P019,2026-02-23,72618.82,33,T013,Valid
9773,FR0076,D000098,P019,2026-02-07,72618.82,33,T013,Valid
9774,FR0076,D000186,P019,2026-03-17,67912.2,31,T013,Valid
9775,FR0076,D000664,P019,2026-03-11,67912.2,31,T013,Valid
9776,FR0076,D000098,P019,2026-04-01,37066.51,17,T013,Valid
9777,FR0076,D000177,P019,2026-04-15,37066.51,17,T013,Valid
9778,FR0076,D000664,P019,2026-04-23,37066.51,17,T013,Valid
9779,FR0076,D000186,P019,2026-04-11,37066.51,17,T013,Valid
9780,FR0076,D000664,P019,2026-05-14,39359.78,18,T013,Valid
9781,FR0076,D000177,P019,2026-05-18,39359.78,18,T013,Valid
9782,FR0076,D000098,P019,2026-05-24,39359.78,18,T013,Valid
9783,FR0076,D000186,P019,2026-05-22,39359.78,18,T013,Valid
9784,FR0076,D000177,P019,2026-06-02,40437.1,18,T013,Valid
9785,FR0076,D000098,P019,2026-06-19,40437.1,18,T013,Valid
9786,FR0076,D000186,P019,2026-06-27,40437.1,18,T013,Valid
9787,FR0076,D000664,P019,2026-06-06,40437.1,18,T013,Valid
9788,FR0076,D000177,P019,2026-07-06,33560.1,15,T013,Valid
9789,FR0076,D000664,P019,2026-07-18,33560.1,15,T013,Valid
9790,FR0076,D000186,P019,2026-07-18,33560.1,15,T013,Valid
9791,FR0076,D000098,P019,2026-07-17,33560.1,15,T013,Valid
9792,FR0077,D000791,P020,2026-01-11,42834.59,140,T015,Valid
9793,FR0077,D000893,P020,2026-01-27,42834.59,140,T015,Valid
9794,FR0077,D000055,P020,2026-01-22,42834.59,140,T015,Valid
9795,FR0077,D000341,P020,2026-01-10,42834.59,140,T015,Valid
9796,FR0077,D000016,P020,2026-02-10,24987.17,82,T015,Valid
9797,FR0077,D000893,P020,2026-02-24,24987.17,82,T015,Valid
9798,FR0077,D000341,P020,2026-02-13,24987.17,82,T015,Valid
9799,FR0077,D000055,P020,2026-02-18,24987.17,82,T015,Valid
9800,FR0077,D000210,P020,2026-02-11,24987.17,82,T015,Valid
9801,FR0077,D000604,P020,2026-02-16,24987.17,82,T015,Valid
9802,FR0077,D000791,P020,2026-03-10,31212.42,102,T015,Valid
9803,FR0077,D000499,P020,2026-03-15,31212.42,102,T015,Valid
9804,FR0077,D000016,P020,2026-03-24,31212.42,102,T015,Valid
9805,FR0077,D000055,P020,2026-03-22,31212.42,102,T015,Valid
9806,FR0077,D000893,P020,2026-03-08,31212.42,102,T015,Valid
9807,FR0077,D000210,P020,2026-04-23,82391.52,270,T015,Valid
9808,FR0077,D000756,P020,2026-04-02,82391.52,270,T015,Valid
9809,FR0077,D000893,P020,2026-05-08,80815.97,264,T015,Valid
9810,FR0077,D000604,P020,2026-05-23,80815.97,264,T015,Valid
9811,FR0077,D000604,P020,2026-06-26,147434.48,482,T015,Valid
9812,FR0077,D000499,P020,2026-07-21,30418.92,100,T015,Valid
9813,FR0077,D000210,P020,2026-07-23,30418.92,100,T015,Valid
9814,FR0077,D000604,P020,2026-07-23,30418.92,100,T015,Valid
9815,FR0077,D000893,P020,2026-07-07,30418.92,100,T015,Valid
9816,FR0077,D000791,P020,2026-07-25,30418.92,100,T015,Valid
9817,FR0077,D000893,P029,2026-01-17,31799.81,81,T015,Valid
9818,FR0077,D000016,P029,2026-01-03,31799.81,81,T015,Valid
9819,FR0077,D000555,P029,2026-01-12,31799.81,81,T015,Valid
9820,FR0077,D000756,P029,2026-01-15,31799.81,81,T015,Valid
9821,FR0077,D000055,P029,2026-02-19,25591.22,66,T015,Valid
9822,FR0077,D000555,P029,2026-02-14,25591.22,66,T015,Valid
9823,FR0077,D000791,P029,2026-02-08,25591.22,66,T015,Valid
9824,FR0077,D000341,P029,2026-02-09,25591.22,66,T015,Valid
9825,FR0077,D000016,P029,2026-02-21,25591.22,66,T015,Valid
9826,FR0077,D000055,P029,2026-03-11,28565.2,73,T015,Valid
9827,FR0077,D000893,P029,2026-03-07,28565.2,73,T015,Valid
9828,FR0077,D000249,P029,2026-03-05,28565.2,73,T015,Valid
9829,FR0077,D000756,P029,2026-03-12,28565.2,73,T015,Valid
9830,FR0077,D000341,P029,2026-03-17,28565.2,73,T015,Valid
9831,FR0077,D000055,P029,2026-04-19,44970.34,115,T015,Valid
9832,FR0077,D000210,P029,2026-04-24,44970.34,115,T015,Valid
9833,FR0077,D000555,P029,2026-04-18,44970.34,115,T015,Valid
9834,FR0077,D000341,P029,2026-05-03,23779.19,61,T015,Valid
9835,FR0077,D000756,P029,2026-05-14,23779.19,61,T015,Valid
9836,FR0077,D000604,P029,2026-05-02,23779.19,61,T015,Valid
9837,FR0077,D000555,P029,2026-05-06,23779.19,61,T015,Valid
9838,FR0077,D000499,P029,2026-05-21,23779.19,61,T015,Valid
9839,FR0077,D000055,P029,2026-05-09,23779.19,61,T015,Valid
9840,FR0077,D000210,P029,2026-06-14,44622.97,114,T015,Valid
9841,FR0077,D000499,P029,2026-06-05,44622.97,114,T015,Valid
9842,FR0077,D000055,P029,2026-06-01,44622.97,114,T015,Valid
9843,FR0077,D000055,P029,2026-07-13,62782.86,161,T015,Valid
9844,FR0077,D000604,P029,2026-07-04,62782.86,161,T015,Valid
9845,FR0077,D000756,P003,2026-01-22,55993.07,32,T015,Valid
9846,FR0077,D000499,P003,2026-01-08,55993.07,32,T015,Valid
9847,FR0077,D000016,P003,2026-02-12,37285.85,22,T015,Valid
9848,FR0077,D000555,P003,2026-02-16,37285.85,22,T015,Valid
9849,FR0077,D000249,P003,2026-02-21,37285.85,22,T015,Valid
9850,FR0077,D000210,P003,2026-03-26,28179.58,16,T015,Valid
9851,FR0077,D000791,P003,2026-03-01,28179.58,16,T015,Valid
9852,FR0077,D000756,P003,2026-03-10,28179.58,16,T015,Valid
9853,FR0077,D000341,P003,2026-03-27,28179.58,16,T015,Valid
9854,FR0077,D000341,P003,2026-04-23,68453.0,40,T015,Valid
9855,FR0077,D000756,P003,2026-04-10,68453.0,40,T015,Valid
9856,FR0077,D000210,P003,2026-04-13,68453.0,40,T015,Valid
9857,FR0077,D000499,P003,2026-05-04,36499.1,21,T015,Valid
9858,FR0077,D000555,P003,2026-05-17,36499.1,21,T015,Valid
9859,FR0077,D000055,P003,2026-05-25,36499.1,21,T015,Valid
9860,FR0077,D000499,P003,2026-06-21,17910.48,10,T020,Valid
9861,FR0077,D000756,P003,2026-06-23,17910.48,10,T015,Valid
9862,FR0077,D000555,P003,2026-06-17,17910.48,10,T016,Valid
9863,FR0077,D000210,P003,2026-06-26,17910.48,10,T019,Valid
9864,FR0077,D000893,P003,2026-06-21,17910.48,10,T020,Valid
9865,FR0077,D000016,P003,2026-06-08,17910.48,10,T014,Valid
9866,FR0077,D000756,P003,2026-07-06,41571.16,24,T015,Valid
9867,FR0077,D000055,P003,2026-07-11,41571.16,24,T015,Valid
9868,FR0077,D000249,P003,2026-07-17,41571.16,24,T015,Valid
9869,FR0077,D000893,P019,2026-01-01,27001.62,12,T015,Valid
9870,FR0077,D000791,P019,2026-01-08,27001.62,12,T015,Valid
9871,FR0077,D000341,P019,2026-01-12,27001.62,12,T015,Valid
9872,FR0077,D000893,P019,2026-02-05,42245.12,19,T015,Valid
9873,FR0077,D000249,P019,2026-02-09,42245.12,19,T015,Valid
9874,FR0077,D000555,P019,2026-03-02,21816.11,10,T015,Valid
9875,FR0077,D000604,P019,2026-03-26,21816.11,10,T015,Valid
9876,FR0077,D000055,P019,2026-03-26,21816.11,10,T015,Valid
9877,FR0077,D000499,P019,2026-03-08,21816.11,10,T015,Valid
9878,FR0077,D000055,P019,2026-04-10,16236.29,7,T015,Valid
9879,FR0077,D000210,P019,2026-04-10,16236.29,7,T015,Valid
9880,FR0077,D000555,P019,2026-04-18,16236.29,7,T015,Valid
9881,FR0077,D000499,P019,2026-04-03,16236.29,7,T015,Valid
9882,FR0077,D000893,P019,2026-04-12,16236.29,7,T015,Valid
9883,FR0077,D000756,P019,2026-05-09,13819.18,6,T015,Valid
9884,FR0077,D000210,P019,2026-05-15,13819.18,6,T015,Valid
9885,FR0077,D000016,P019,2026-05-16,13819.18,6,T015,Valid
9886,FR0077,D000055,P019,2026-05-09,13819.18,6,T015,Valid
9887,FR0077,D000791,P019,2026-05-03,13819.18,6,T015,Valid
9888,FR0077,D000893,P019,2026-05-13,13819.18,6,T015,Valid
9889,FR0077,D000210,P019,2026-06-23,21867.79,10,T015,Valid
9890,FR0077,D000756,P019,2026-06-25,21867.79,10,T015,Valid
9891,FR0077,D000893,P019,2026-06-04,21867.79,10,T015,Valid
9892,FR0077,D000791,P019,2026-06-19,21867.79,10,T015,Valid
9893,FR0077,D000210,P019,2026-07-10,38536.26,17,T015,Valid
9894,FR0077,D000791,P019,2026-07-09,38536.26,17,T015,Valid
9895,FR0077,D000604,P022,2026-01-03,36001.98,88,T015,Valid
9896,FR0077,D000893,P022,2026-01-08,36001.98,88,T015,Valid
9897,FR0077,D000555,P022,2026-01-18,36001.98,88,T015,Valid
9898,FR0077,D000756,P022,2026-01-11,36001.98,88,T015,Valid
9899,FR0077,D000791,P022,2026-02-23,71454.18,175,T015,Valid
9900,FR0077,D000055,P022,2026-02-20,71454.18,175,T015,Valid
9901,FR0077,D000249,P022,2026-03-25,47321.71,116,T015,Valid
9902,FR0077,D000791,P022,2026-03-25,47321.71,116,T015,Valid
9903,FR0077,D000499,P022,2026-03-13,47321.71,116,T015,Valid
9904,FR0077,D000555,P022,2026-04-04,61767.33,151,T015,Valid
9905,FR0077,D000893,P022,2026-04-25,61767.33,151,T015,Valid
9906,FR0077,D000756,P022,2026-05-22,26425.76,65,T015,Valid
9907,FR0077,D000016,P022,2026-05-01,26425.76,65,T015,Valid
9908,FR0077,D000604,P022,2026-05-21,26425.76,65,T015,Valid
9909,FR0077,D000210,P022,2026-05-07,26425.76,65,T015,Valid
9910,FR0077,D000791,P022,2026-05-18,26425.76,65,T015,Valid
9911,FR0077,D000791,P022,2026-06-15,20789.33,51,T015,Valid
9912,FR0077,D000555,P022,2026-06-01,20789.33,51,T015,Valid
9913,FR0077,D000893,P022,2026-06-21,20789.33,51,T015,Valid
9914,FR0077,D000604,P022,2026-06-08,20789.33,51,T015,Valid
9915,FR0077,D000249,P022,2026-06-25,20789.33,51,T015,Valid
9916,FR0077,D000055,P022,2026-06-17,20789.33,51,T015,Valid
9917,FR0077,D000604,P022,2026-07-19,65559.05,161,T015,Valid
9918,FR0077,D000055,P022,2026-07-23,65559.05,161,T015,Valid
9919,FR0077,D000791,P023,2026-01-16,29336.49,12,T015,Valid
9920,FR0077,D000555,P023,2026-01-11,29336.49,12,T015,Valid
9921,FR0077,D000604,P023,2026-01-13,29336.49,12,T015,Valid
9922,FR0077,D000791,P023,2026-02-14,21083.47,9,T015,Valid
9923,FR0077,D000016,P023,2026-02-21,21083.47,9,T015,Valid
9924,FR0077,D000499,P023,2026-02-16,21083.47,9,T015,Valid
9925,FR0077,D000341,P023,2026-02-08,21083.47,9,T015,Valid
9926,FR0077,D000555,P023,2026-03-11,14517.03,6,T015,Valid
9927,FR0077,D000756,P023,2026-03-04,14517.03,6,T015,Valid
9928,FR0077,D000055,P023,2026-03-19,14517.03,6,T015,Valid
9929,FR0077,D000016,P023,2026-03-06,14517.03,6,T015,Valid
9930,FR0077,D000893,P023,2026-03-27,14517.03,6,T015,Valid
9931,FR0077,D000791,P023,2026-03-05,14517.03,6,T015,Valid
9932,FR0077,D000893,P023,2026-04-19,41217.02,17,T015,Valid
9933,FR0077,D000016,P023,2026-04-17,41217.02,17,T015,Valid
9934,FR0077,D000055,P023,2026-05-01,17759.66,7,T015,Valid
9935,FR0077,D000499,P023,2026-05-19,17759.66,7,T015,Valid
9936,FR0077,D000604,P023,2026-05-02,17759.66,7,T015,Valid
9937,FR0077,D000016,P023,2026-05-15,17759.66,7,T015,Valid
9938,FR0077,D000756,P023,2026-05-17,17759.66,7,T015,Valid
9939,FR0077,D000893,P023,2026-06-10,26053.83,11,T015,Valid
9940,FR0077,D000341,P023,2026-06-13,26053.83,11,T015,Valid
9941,FR0077,D000604,P023,2026-06-19,26053.83,11,T015,Valid
9942,FR0077,D000341,P023,2026-07-11,14161.07,6,T015,Valid
9943,FR0077,D000055,P023,2026-07-13,14161.07,6,T015,Valid
9944,FR0077,D000249,P023,2026-07-03,14161.07,6,T015,Valid
9945,FR0077,D000791,P023,2026-07-08,14161.07,6,T015,Valid
9946,FR0077,D000893,P023,2026-07-04,14161.07,6,T015,Valid
9947,FR0077,D000555,P023,2026-07-01,14161.07,6,T015,Valid
9948,FR0077,D000499,P027,2026-01-03,23973.44,10,T015,Valid
9949,FR0077,D000055,P027,2026-01-21,23973.44,10,T015,Valid
9950,FR0077,D000791,P027,2026-01-07,23973.44,10,T015,Valid
9951,FR0077,D000341,P027,2026-02-11,12116.72,5,T015,Valid
9952,FR0077,D000210,P027,2026-02-15,12116.72,5,T015,Valid
9953,FR0077,D000893,P027,2026-02-20,12116.72,5,T015,Valid
9954,FR0077,D000055,P027,2026-02-27,12116.72,5,T015,Valid
9955,FR0077,D000555,P027,2026-02-02,12116.72,5,T015,Valid
9956,FR0077,D000604,P027,2026-02-22,12116.72,5,T015,Valid
9957,FR0077,D000893,P027,2026-03-14,14007.92,6,T015,Valid
9958,FR0077,D000555,P027,2026-03-21,14007.92,6,T015,Valid
9959,FR0077,D000604,P027,2026-03-27,14007.92,6,T015,Valid
9960,FR0077,D000791,P027,2026-03-27,14007.92,6,T015,Valid
9961,FR0077,D000756,P027,2026-03-17,14007.92,6,T015,Valid
9962,FR0077,D000341,P027,2026-04-19,27522.82,11,T015,Valid
9963,FR0077,D000016,P027,2026-04-27,27522.82,11,T015,Valid
9964,FR0077,D000249,P027,2026-04-18,27522.82,11,T015,Valid
9965,FR0077,D000016,P027,2026-05-17,24159.15,10,T015,Valid
9966,FR0077,D000756,P027,2026-05-14,24159.15,10,T015,Valid
9967,FR0077,D000055,P027,2026-05-06,24159.15,10,T015,Valid
9968,FR0077,D000016,P027,2026-06-17,15746.27,6,T015,Valid
9969,FR0077,D000210,P027,2026-06-01,15746.27,6,T015,Valid
9970,FR0077,D000555,P027,2026-06-04,15746.27,6,T015,Valid
9971,FR0077,D000756,P027,2026-06-10,15746.27,6,T015,Valid
9972,FR0077,D000055,P027,2026-06-03,15746.27,6,T015,Valid
9973,FR0077,D000055,P027,2026-07-17,35706.38,14,T015,Valid
9974,FR0077,D000604,P027,2026-07-02,35706.38,14,T015,Valid
9975,FR0078,D000717,P027,2026-01-17,8843.04,4,T005,Valid
9976,FR0078,D000442,P027,2026-01-11,8843.04,4,T005,Valid
9977,FR0078,D000083,P027,2026-01-15,8843.04,4,T005,Valid
9978,FR0078,D000482,P027,2026-01-02,8843.04,4,T005,Valid
9979,FR0078,D000802,P027,2026-01-17,8843.04,4,T005,Valid
9980,FR0078,D000866,P027,2026-01-25,8843.04,4,T005,Valid
9981,FR0078,D000647,P027,2026-02-16,26326.64,11,T005,Valid
9982,FR0078,D000652,P027,2026-02-16,26326.64,11,T005,Valid
9983,FR0078,D000652,P027,2026-03-25,8432.58,3,T005,Valid
9984,FR0078,D000780,P027,2026-03-03,8432.58,3,T005,Valid
9985,FR0078,D000442,P027,2026-03-13,8432.58,3,T005,Valid
9986,FR0078,D000647,P027,2026-03-19,8432.58,3,T005,Valid
9987,FR0078,D000543,P027,2026-03-14,8432.58,3,T005,Valid
9988,FR0078,D000717,P027,2026-03-09,8432.58,3,T005,Valid
9989,FR0078,D000652,P027,2026-04-12,17046.75,7,T005,Valid
9990,FR0078,D000543,P027,2026-04-24,17046.75,7,T005,Valid
9991,FR0078,D000442,P027,2026-04-26,17046.75,7,T005,Valid
9992,FR0078,D000978,P027,2026-05-24,17954.26,7,T005,Valid
9993,FR0078,D000543,P027,2026-05-21,17954.26,7,T005,Valid
9994,FR0078,D000442,P027,2026-05-20,17954.26,7,T005,Valid
9995,FR0078,D000306,P027,2026-06-11,12819.3,5,T005,Valid
9996,FR0078,D000866,P027,2026-06-14,12819.3,5,T005,Valid
9997,FR0078,D000978,P027,2026-06-08,12819.3,5,T005,Valid
9998,FR0078,D000802,P027,2026-06-08,12819.3,5,T005,Valid
9999,FR0078,D000802,P027,2026-07-21,11129.08,4,T005,Valid
10000,FR0078,D000647,P027,2026-07-02,11129.08,4,T005,Valid
10001,FR0078,D000652,P027,2026-07-14,11129.08,4,T005,Valid
10002,FR0078,D000083,P027,2026-07-18,11129.08,4,T005,Valid
10003,FR0078,D000482,P015,2026-01-25,24672.02,16,T005,Valid
10004,FR0078,D000484,P015,2026-01-11,24672.02,16,T005,Valid
10005,FR0078,D000647,P015,2026-01-14,24672.02,16,T005,Valid
10006,FR0078,D000543,P015,2026-01-08,24672.02,16,T005,Valid
10007,FR0078,D000083,P015,2026-01-10,24672.02,16,T005,Valid
10008,FR0078,D000442,P015,2026-01-24,24672.02,16,T005,Valid
10009,FR0078,D000717,P015,2026-02-05,27417.99,18,T005,Valid
10010,FR0078,D000442,P015,2026-02-25,27417.99,18,T005,Valid
10011,FR0078,D000482,P015,2026-02-15,27417.99,18,T005,Valid
10012,FR0078,D000484,P015,2026-02-11,27417.99,18,T005,Valid
10013,FR0078,D000978,P015,2026-02-11,27417.99,18,T005,Valid
10014,FR0078,D000543,P015,2026-02-24,27417.99,18,T005,Valid
10015,FR0078,D000482,P015,2026-03-26,34625.58,23,T005,Valid
10016,FR0078,D000713,P015,2026-03-09,34625.58,23,T005,Valid
10017,FR0078,D000866,P015,2026-03-24,34625.58,23,T005,Valid
10018,FR0078,D000083,P015,2026-03-15,34625.58,23,T005,Valid
10019,FR0078,D000978,P015,2026-03-13,34625.58,23,T005,Valid
10020,FR0078,D000802,P015,2026-04-21,55516.29,36,T005,Valid
10021,FR0078,D000978,P015,2026-04-19,55516.29,36,T005,Valid
10022,FR0078,D000713,P015,2026-04-24,55516.29,36,T005,Valid
10023,FR0078,D000780,P015,2026-05-07,55239.73,36,T005,Valid
10024,FR0078,D000652,P015,2026-05-18,55239.73,36,T005,Valid
10025,FR0078,D000083,P015,2026-05-21,55239.73,36,T005,Valid
10026,FR0078,D000647,P015,2026-06-19,55630.84,36,T005,Valid
10027,FR0078,D000713,P015,2026-06-04,55630.84,36,T005,Valid
10028,FR0078,D000306,P015,2026-06-20,55630.84,36,T005,Valid
10029,FR0078,D000802,P015,2026-07-17,53502.22,35,T005,Valid
10030,FR0078,D000482,P015,2026-07-23,53502.22,35,T005,Valid
10031,FR0078,D000442,P015,2026-07-25,53502.22,35,T005,Valid
10032,FR0078,D000543,P013,2026-01-27,11317.95,24,T005,Valid
10033,FR0078,D000484,P013,2026-01-20,11317.95,24,T005,Valid
10034,FR0078,D000978,P013,2026-01-11,11317.95,24,T005,Valid
10035,FR0078,D000802,P013,2026-01-17,11317.95,24,T005,Valid
10036,FR0078,D000866,P013,2026-01-03,11317.95,24,T005,Valid
10037,FR0078,D000306,P013,2026-01-25,11317.95,24,T005,Valid
10038,FR0078,D000713,P013,2026-02-16,19735.69,42,T005,Valid
10039,FR0078,D000442,P013,2026-02-11,19735.69,42,T005,Valid
10040,FR0078,D000647,P013,2026-02-10,19735.69,42,T005,Valid
10041,FR0078,D000802,P013,2026-03-26,69500.64,149,T008,Valid
10042,FR0078,D000978,P013,2026-04-02,61748.69,132,T005,Valid
10043,FR0078,D000482,P013,2026-05-06,22437.15,48,T005,Valid
10044,FR0078,D000083,P013,2026-05-18,22437.15,48,T005,Valid
10045,FR0078,D000717,P013,2026-05-06,22437.15,48,T005,Valid
10046,FR0078,D000780,P013,2026-06-13,12988.6,28,T005,Valid
10047,FR0078,D000482,P013,2026-06-08,12988.6,28,T005,Valid
10048,FR0078,D000647,P013,2026-06-18,12988.6,28,T005,Valid
10049,FR0078,D000866,P013,2026-06-13,12988.6,28,T005,Valid
10050,FR0078,D000306,P013,2026-06-04,12988.6,28,T005,Valid
10051,FR0078,D000866,P013,2026-07-20,10237.36,22,T005,Valid
10052,FR0078,D000083,P013,2026-07-17,10237.36,22,T005,Valid
10053,FR0078,D000482,P013,2026-07-26,10237.36,22,T005,Valid
10054,FR0078,D000802,P013,2026-07-26,10237.36,22,T005,Valid
10055,FR0078,D000647,P013,2026-07-16,10237.36,22,T005,Valid
10056,FR0078,D000484,P013,2026-07-19,10237.36,22,T005,Valid
10057,FR0078,D000978,P030,2026-01-08,36898.88,145,T005,Valid
10058,FR0078,D000780,P030,2026-01-02,36898.88,145,T005,Valid
10059,FR0078,D000083,P030,2026-01-23,36898.88,145,T005,Valid
10060,FR0078,D000866,P030,2026-02-09,36735.33,145,T005,Valid
10061,FR0078,D000442,P030,2026-02-27,36735.33,145,T005,Valid
10062,FR0078,D000713,P030,2026-02-10,36735.33,145,T005,Valid
10063,FR0078,D000717,P030,2026-03-12,20858.03,82,T005,Valid
10064,FR0078,D000647,P030,2026-03-25,20858.03,82,T005,Valid
10065,FR0078,D000442,P030,2026-03-04,20858.03,82,T005,Valid
10066,FR0078,D000802,P030,2026-03-01,20858.03,82,T005,Valid
10067,FR0078,D000978,P030,2026-03-10,20858.03,82,T005,Valid
10068,FR0078,D000802,P030,2026-04-06,21029.86,83,T005,Valid
10069,FR0078,D000083,P030,2026-04-01,21029.86,83,T005,Valid
10070,FR0078,D000978,P030,2026-04-14,21029.86,83,T005,Valid
10071,FR0078,D000780,P030,2026-04-01,21029.86,83,T005,Valid
10072,FR0078,D000866,P030,2026-04-04,21029.86,83,T005,Valid
10073,FR0078,D000306,P030,2026-05-03,20173.33,80,T005,Valid
10074,FR0078,D000802,P030,2026-05-14,20173.33,80,T005,Valid
10075,FR0078,D000647,P030,2026-05-21,20173.33,80,T005,Valid
10076,FR0078,D000442,P030,2026-05-18,20173.33,80,T005,Valid
10077,FR0078,D000484,P030,2026-05-10,20173.33,80,T005,Valid
10078,FR0078,D000717,P030,2026-05-16,20173.33,80,T005,Valid
10079,FR0078,D000083,P030,2026-06-05,26995.04,106,T005,Valid
10080,FR0078,D000442,P030,2026-06-25,26995.04,106,T005,Valid
10081,FR0078,D000780,P030,2026-06-19,26995.04,106,T005,Valid
10082,FR0078,D000484,P030,2026-06-12,26995.04,106,T005,Valid
10083,FR0078,D000866,P030,2026-07-21,62902.26,248,T005,Valid
10084,FR0078,D000306,P030,2026-07-22,62902.26,248,T005,Valid
10085,FR0078,D000543,P029,2026-01-24,61250.25,157,T005,Valid
10086,FR0078,D000780,P029,2026-01-27,61250.25,157,T005,Valid
10087,FR0078,D000482,P029,2026-02-25,40117.98,103,T005,Valid
10088,FR0078,D000780,P029,2026-02-16,40117.98,103,T005,Valid
10089,FR0078,D000978,P029,2026-02-03,40117.98,103,T005,Valid
10090,FR0078,D000442,P029,2026-03-26,69754.08,179,T005,Valid
10091,FR0078,D000717,P029,2026-03-23,69754.08,179,T005,Valid
10092,FR0078,D000978,P029,2026-04-06,69726.48,179,T005,Valid
10093,FR0078,D000866,P029,2026-04-22,69726.48,179,T005,Valid
10094,FR0078,D000647,P029,2026-05-14,222790.68,571,T005,Valid
10095,FR0078,D000866,P029,2026-06-23,31813.03,81,T005,Valid
10096,FR0078,D000083,P029,2026-06-09,31813.03,81,T005,Valid
10097,FR0078,D000652,P029,2026-06-20,31813.03,81,T005,Valid
10098,FR0078,D000482,P029,2026-06-08,31813.03,81,T005,Valid
10099,FR0078,D000543,P029,2026-07-25,39733.5,102,T005,Valid
10100,FR0078,D000083,P029,2026-07-16,39733.5,102,T005,Valid
10101,FR0078,D000802,P029,2026-07-20,39733.5,102,T005,Valid
10102,FR0078,D000083,P016,2026-01-16,32724.72,223,T005,Valid
10103,FR0078,D000866,P016,2026-01-13,32724.72,223,T005,Valid
10104,FR0078,D000780,P016,2026-01-09,32724.72,223,T005,Valid
10105,FR0078,D000482,P016,2026-01-20,32724.72,223,T005,Valid
10106,FR0078,D000802,P016,2026-02-08,32149.22,219,T005,Valid
10107,FR0078,D000713,P016,2026-02-17,32149.22,219,T005,Valid
10108,FR0078,D000083,P016,2026-02-21,32149.22,219,T005,Valid
10109,FR0078,D000482,P016,2026-02-27,32149.22,219,T005,Valid
10110,FR0078,D000717,P016,2026-03-17,45461.69,310,T005,Valid
10111,FR0078,D000780,P016,2026-03-26,45461.69,310,T005,Valid
10112,FR0078,D000083,P016,2026-03-11,45461.69,310,T005,Valid
10113,FR0078,D000780,P016,2026-04-27,26434.4,180,T005,Valid
10114,FR0078,D000306,P016,2026-04-04,26434.4,180,T005,Valid
10115,FR0078,D000543,P016,2026-04-05,26434.4,180,T005,Valid
10116,FR0078,D000717,P016,2026-04-15,26434.4,180,T005,Valid
10117,FR0078,D000083,P016,2026-04-06,26434.4,180,T005,Valid
10118,FR0078,D000652,P016,2026-05-23,62747.9,428,T018,Valid
10119,FR0078,D000306,P016,2026-05-09,62747.9,428,T018,Valid
10120,FR0078,D000713,P016,2026-06-16,36126.85,246,T005,Valid
10121,FR0078,D000647,P016,2026-06-07,36126.85,246,T005,Valid
10122,FR0078,D000543,P016,2026-06-10,36126.85,246,T005,Valid
10123,FR0078,D000780,P016,2026-06-09,36126.85,246,T005,Valid
10124,FR0078,D000482,P016,2026-07-24,45114.06,307,T005,Valid
10125,FR0078,D000647,P016,2026-07-25,45114.06,307,T005,Valid
10126,FR0078,D000866,P016,2026-07-26,45114.06,307,T005,Valid
10127,FR0079,D000940,P004,2026-01-21,28750.9,17,T009,Valid
10128,FR0079,D000667,P004,2026-01-01,28750.9,17,T009,Valid
10129,FR0079,D000766,P004,2026-01-07,28750.9,17,T009,Valid
10130,FR0079,D000518,P004,2026-02-16,30181.18,17,T009,Valid
10131,FR0079,D000667,P004,2026-02-12,30181.18,17,T009,Valid
10132,FR0079,D000076,P004,2026-02-23,30181.18,17,T009,Valid
10133,FR0079,D000070,P004,2026-03-24,44506.26,26,T009,Valid
10134,FR0079,D000766,P004,2026-03-14,44506.26,26,T009,Valid
10135,FR0079,D000076,P004,2026-04-03,31252.88,18,T009,Valid
10136,FR0079,D000766,P004,2026-04-11,31252.88,18,T009,Valid
10137,FR0079,D000667,P004,2026-04-16,31252.88,18,T009,Valid
10138,FR0079,D000070,P004,2026-05-08,14385.21,8,T009,Valid
10139,FR0079,D000667,P004,2026-05-12,14385.21,8,T009,Valid
10140,FR0079,D000940,P004,2026-05-24,14385.21,8,T009,Valid
10141,FR0079,D000008,P004,2026-05-13,14385.21,8,T009,Valid
10142,FR0079,D000518,P004,2026-05-17,14385.21,8,T009,Valid
10143,FR0079,D000766,P004,2026-05-18,14385.21,8,T009,Valid
10144,FR0079,D000070,P004,2026-06-09,19064.03,11,T009,Valid
10145,FR0079,D000076,P004,2026-06-26,19064.03,11,T009,Valid
10146,FR0079,D000008,P004,2026-06-16,19064.03,11,T009,Valid
10147,FR0079,D000667,P004,2026-06-24,19064.03,11,T009,Valid
10148,FR0079,D000518,P004,2026-06-15,19064.03,11,T009,Valid
10149,FR0079,D000940,P004,2026-07-20,18614.38,11,T009,Valid
10150,FR0079,D000518,P004,2026-07-19,18614.38,11,T009,Valid
10151,FR0079,D000008,P004,2026-07-15,18614.38,11,T009,Valid
10152,FR0079,D000076,P004,2026-07-03,18614.38,11,T009,Valid
10153,FR0079,D000766,P004,2026-07-10,18614.38,11,T009,Valid
10154,FR0079,D000667,P005,2026-01-25,47473.78,24,T009,Valid
10155,FR0079,D000518,P005,2026-01-22,47473.78,24,T009,Valid
10156,FR0079,D000008,P005,2026-01-25,47473.78,24,T009,Valid
10157,FR0079,D000667,P005,2026-02-17,27068.92,14,T009,Valid
10158,FR0079,D000766,P005,2026-02-01,27068.92,14,T009,Valid
10159,FR0079,D000940,P005,2026-02-26,27068.92,14,T009,Valid
10160,FR0079,D000008,P005,2026-02-23,27068.92,14,T009,Valid
10161,FR0079,D000518,P005,2026-02-16,27068.92,14,T009,Valid
10162,FR0079,D000518,P005,2026-03-06,72189.93,37,T009,Valid
10163,FR0079,D000766,P005,2026-03-04,72189.93,37,T009,Valid
10164,FR0079,D000940,P005,2026-04-11,29815.28,15,T009,Valid
10165,FR0079,D000008,P005,2026-04-15,29815.28,15,T009,Valid
10166,FR0079,D000518,P005,2026-04-08,29815.28,15,T009,Valid
10167,FR0079,D000766,P005,2026-04-08,29815.28,15,T009,Valid
10168,FR0079,D000070,P005,2026-04-25,29815.28,15,T009,Valid
10169,FR0079,D000667,P005,2026-05-05,26584.0,14,T009,Valid
10170,FR0079,D000766,P005,2026-05-11,26584.0,14,T009,Valid
10171,FR0079,D000518,P005,2026-05-16,26584.0,14,T009,Valid
10172,FR0079,D000940,P005,2026-05-06,26584.0,14,T009,Valid
10173,FR0079,D000008,P005,2026-05-27,26584.0,14,T009,Valid
10174,FR0079,D000070,P005,2026-06-25,64626.73,33,T009,Valid
10175,FR0079,D000518,P005,2026-06-20,64626.73,33,T009,Valid
10176,FR0079,D000076,P005,2026-07-03,46801.51,24,T009,Valid
10177,FR0079,D000667,P005,2026-07-13,46801.51,24,T009,Valid
10178,FR0079,D000766,P005,2026-07-21,46801.51,24,T009,Valid
10179,FR0079,D000070,P001,2026-01-23,21015.51,21,T009,Valid
10180,FR0079,D000518,P001,2026-01-09,21015.51,21,T009,Valid
10181,FR0079,D000940,P001,2026-01-15,21015.51,21,T009,Valid
10182,FR0079,D000008,P001,2026-01-07,21015.51,21,T009,Valid
10183,FR0079,D000008,P001,2026-02-27,14728.39,14,T009,Valid
10184,FR0079,D000518,P001,2026-02-09,14728.39,14,T009,Valid
10185,FR0079,D000940,P001,2026-02-23,14728.39,14,T009,Valid
10186,FR0079,D000766,P001,2026-02-09,14728.39,14,T009,Valid
10187,FR0079,D000076,P001,2026-02-10,14728.39,14,T009,Valid
10188,FR0079,D000070,P001,2026-03-10,79883.26,78,T016,Valid
10189,FR0079,D000667,P001,2026-04-18,16050.59,16,T009,Valid
10190,FR0079,D000766,P001,2026-04-22,16050.59,16,T009,Valid
10191,FR0079,D000070,P001,2026-04-24,16050.59,16,T009,Valid
10192,FR0079,D000940,P001,2026-04-10,16050.59,16,T009,Valid
10193,FR0079,D000076,P001,2026-04-15,16050.59,16,T009,Valid
10194,FR0079,D000667,P001,2026-05-04,14365.78,14,T009,Valid
10195,FR0079,D000766,P001,2026-05-21,14365.78,14,T009,Valid
10196,FR0079,D000940,P001,2026-05-16,14365.78,14,T009,Valid
10197,FR0079,D000070,P001,2026-05-07,14365.78,14,T009,Valid
10198,FR0079,D000518,P001,2026-05-14,14365.78,14,T009,Valid
10199,FR0079,D000766,P001,2026-06-23,16408.31,16,T009,Valid
10200,FR0079,D000076,P001,2026-06-24,16408.31,16,T009,Valid
10201,FR0079,D000667,P001,2026-06-22,16408.31,16,T009,Valid
10202,FR0079,D000518,P001,2026-06-03,16408.31,16,T009,Valid
10203,FR0079,D000940,P001,2026-06-27,16408.31,16,T009,Valid
10204,FR0079,D000076,P001,2026-07-02,27880.48,27,T009,Valid
10205,FR0079,D000766,P001,2026-07-14,27880.48,27,T009,Valid
10206,FR0079,D000667,P001,2026-07-26,27880.48,27,T009,Valid
10207,FR0079,D000518,P018,2026-01-08,47018.16,70,T009,Valid
10208,FR0079,D000076,P018,2026-01-01,47018.16,70,T009,Valid
10209,FR0079,D000008,P018,2026-02-16,60714.56,90,T009,Valid
10210,FR0079,D000518,P018,2026-02-12,60714.56,90,T009,Valid
10211,FR0079,D000766,P018,2026-02-16,60714.56,90,T009,Valid
10212,FR0079,D000667,P018,2026-03-14,18960.15,28,T009,Valid
10213,FR0079,D000766,P018,2026-03-24,18960.15,28,T009,Valid
10214,FR0079,D000518,P018,2026-03-01,18960.15,28,T009,Valid
10215,FR0079,D000008,P018,2026-03-26,18960.15,28,T009,Valid
10216,FR0079,D000070,P018,2026-03-10,18960.15,28,T009,Valid
10217,FR0079,D000008,P018,2026-04-16,15872.34,24,T009,Valid
10218,FR0079,D000766,P018,2026-04-14,15872.34,24,T009,Valid
10219,FR0079,D000076,P018,2026-04-13,15872.34,24,T009,Valid
10220,FR0079,D000070,P018,2026-04-06,15872.34,24,T009,Valid
10221,FR0079,D000667,P018,2026-04-02,15872.34,24,T009,Valid
10222,FR0079,D000940,P018,2026-04-24,15872.34,24,T009,Valid
10223,FR0079,D000667,P018,2026-05-17,35179.38,52,T009,Valid
10224,FR0079,D000008,P018,2026-05-14,35179.38,52,T009,Valid
10225,FR0079,D000076,P018,2026-05-16,35179.38,52,T009,Valid
10226,FR0079,D000667,P018,2026-06-20,17353.99,26,T009,Valid
10227,FR0079,D000070,P018,2026-06-13,17353.99,26,T009,Valid
10228,FR0079,D000008,P018,2026-06-04,17353.99,26,T009,Valid
10229,FR0079,D000766,P018,2026-06-23,17353.99,26,T009,Valid
10230,FR0079,D000518,P018,2026-06-23,17353.99,26,T009,Valid
10231,FR0079,D000940,P018,2026-07-26,17109.57,25,T009,Valid
10232,FR0079,D000518,P018,2026-07-22,17109.57,25,T009,Valid
10233,FR0079,D000070,P018,2026-07-27,17109.57,25,T009,Valid
10234,FR0079,D000008,P018,2026-07-23,17109.57,25,T009,Valid
10235,FR0079,D000766,P018,2026-07-13,17109.57,25,T009,Valid
10236,FR0079,D000076,P018,2026-07-14,17109.57,25,T009,Valid
10237,FR0079,D000076,P007,2026-01-17,50934.57,106,T009,Valid
10238,FR0079,D000070,P007,2026-01-14,50934.57,106,T009,Valid
10239,FR0079,D000940,P007,2026-01-15,50934.57,106,T009,Valid
10240,FR0079,D000766,P007,2026-01-22,50934.57,106,T009,Valid
10241,FR0079,D000667,P007,2026-01-12,50934.57,106,T009,Valid
10242,FR0079,D000008,P007,2026-01-03,50934.57,106,T009,Valid
10243,FR0079,D000070,P007,2026-02-25,31729.01,66,T009,Valid
10244,FR0079,D000940,P007,2026-02-15,31729.01,66,T009,Valid
10245,FR0079,D000008,P007,2026-02-25,31729.01,66,T009,Valid
10246,FR0079,D000766,P007,2026-02-18,31729.01,66,T009,Valid
10247,FR0079,D000518,P007,2026-02-10,31729.01,66,T009,Valid
10248,FR0079,D000008,P007,2026-03-24,38396.59,80,T009,Valid
10249,FR0079,D000940,P007,2026-03-22,38396.59,80,T009,Valid
10250,FR0079,D000518,P007,2026-03-16,38396.59,80,T009,Valid
10251,FR0079,D000766,P007,2026-03-12,38396.59,80,T009,Valid
10252,FR0079,D000518,P007,2026-04-11,25604.56,53,T009,Valid
10253,FR0079,D000076,P007,2026-04-19,25604.56,53,T009,Valid
10254,FR0079,D000766,P007,2026-04-27,25604.56,53,T009,Valid
10255,FR0079,D000008,P007,2026-04-18,25604.56,53,T009,Valid
10256,FR0079,D000940,P007,2026-04-14,25604.56,53,T009,Valid
10257,FR0079,D000667,P007,2026-04-06,25604.56,53,T009,Valid
10258,FR0079,D000076,P007,2026-05-02,53769.59,112,T009,Valid
10259,FR0079,D000518,P007,2026-05-21,53769.59,112,T009,Valid
10260,FR0079,D000008,P007,2026-05-11,53769.59,112,T009,Valid
10261,FR0079,D000940,P007,2026-06-16,25562.83,53,T009,Valid
10262,FR0079,D000518,P007,2026-06-09,25562.83,53,T009,Valid
10263,FR0079,D000076,P007,2026-06-11,25562.83,53,T009,Valid
10264,FR0079,D000008,P007,2026-06-03,25562.83,53,T009,Valid
10265,FR0079,D000667,P007,2026-06-06,25562.83,53,T009,Valid
10266,FR0079,D000766,P007,2026-06-26,25562.83,53,T009,Valid
10267,FR0079,D000667,P007,2026-07-20,42663.75,89,T009,Valid
10268,FR0079,D000766,P007,2026-07-14,42663.75,89,T009,Valid
10269,FR0079,D000008,P007,2026-07-06,42663.75,89,T009,Valid
10270,FR0079,D000940,P007,2026-07-07,42663.75,89,T009,Valid
10271,FR0080,D000532,P025,2026-01-05,18076.99,7,T005,Valid
10272,FR0080,D000936,P025,2026-01-26,18076.99,7,T005,Valid
10273,FR0080,D000272,P025,2026-01-25,18076.99,7,T005,Valid
10274,FR0080,D000532,P025,2026-02-24,44300.32,18,T005,Valid
10275,FR0080,D000789,P025,2026-02-03,44300.32,18,T005,Valid
10276,FR0080,D000789,P025,2026-03-13,7876.88,3,T005,Valid
10277,FR0080,D000272,P025,2026-03-04,7876.88,3,T005,Valid
10278,FR0080,D000684,P025,2026-03-25,7876.88,3,T005,Valid
10279,FR0080,D000532,P025,2026-03-08,7876.88,3,T005,Valid
10280,FR0080,D000156,P025,2026-03-24,7876.88,3,T005,Valid
10281,FR0080,D000913,P025,2026-03-17,7876.88,3,T005,Valid
10282,FR0080,D000913,P025,2026-04-21,25089.47,10,T005,Valid
10283,FR0080,D000936,P025,2026-04-02,25089.47,10,T005,Valid
10284,FR0080,D000913,P025,2026-05-18,22242.12,9,T005,Valid
10285,FR0080,D000156,P025,2026-05-24,22242.12,9,T005,Valid
10286,FR0080,D000913,P025,2026-06-24,17994.82,7,T005,Valid
10287,FR0080,D000991,P025,2026-06-22,17994.82,7,T005,Valid
10288,FR0080,D000789,P025,2026-06-26,17994.82,7,T005,Valid
10289,FR0080,D000684,P025,2026-07-04,22361.03,9,T005,Valid
10290,FR0080,D000156,P025,2026-07-23,22361.03,9,T005,Valid
10291,FR0080,D000936,P003,2026-01-05,30064.81,17,T005,Valid
10292,FR0080,D000684,P003,2026-01-04,30064.81,17,T005,Valid
10293,FR0080,D000991,P003,2026-01-23,30064.81,17,T005,Valid
10294,FR0080,D000532,P003,2026-01-24,30064.81,17,T005,Valid
10295,FR0080,D000156,P003,2026-02-20,36617.8,21,T005,Valid
10296,FR0080,D000684,P003,2026-02-27,36617.8,21,T005,Valid
10297,FR0080,D000532,P003,2026-02-26,36617.8,21,T005,Valid
10298,FR0080,D000272,P003,2026-03-05,19807.74,11,T005,Valid
10299,FR0080,D000936,P003,2026-03-08,19807.74,11,T005,Valid
10300,FR0080,D000991,P003,2026-03-03,19807.74,11,T005,Valid
10301,FR0080,D000684,P003,2026-03-27,19807.74,11,T005,Valid
10302,FR0080,D000156,P003,2026-03-24,19807.74,11,T005,Valid
10303,FR0080,D000532,P003,2026-03-12,19807.74,11,T005,Valid
10304,FR0080,D000936,P003,2026-04-12,52906.39,31,T005,Valid
10305,FR0080,D000684,P003,2026-04-17,52906.39,31,T005,Valid
10306,FR0080,D000913,P003,2026-05-19,16321.18,9,T005,Valid
10307,FR0080,D000936,P003,2026-05-25,16321.18,9,T005,Valid
10308,FR0080,D000156,P003,2026-05-10,16321.18,9,T005,Valid
10309,FR0080,D000532,P003,2026-05-04,16321.18,9,T005,Valid
10310,FR0080,D000272,P003,2026-05-09,16321.18,9,T005,Valid
10311,FR0080,D000789,P003,2026-05-02,16321.18,9,T005,Valid
10312,FR0080,D000913,P003,2026-06-16,19705.31,11,T005,Valid
10313,FR0080,D000272,P003,2026-06-09,19705.31,11,T005,Valid
10314,FR0080,D000936,P003,2026-06-18,19705.31,11,T005,Valid
10315,FR0080,D000991,P003,2026-06-13,19705.31,11,T005,Valid
10316,FR0080,D000789,P003,2026-06-04,19705.31,11,T005,Valid
10317,FR0080,D000156,P003,2026-06-14,19705.31,11,T005,Valid
10318,FR0080,D000991,P003,2026-07-13,28331.16,16,T005,Valid
10319,FR0080,D000532,P003,2026-07-17,28331.16,16,T005,Valid
10320,FR0080,D000936,P003,2026-07-01,28331.16,16,T005,Valid
10321,FR0080,D000789,P003,2026-07-11,28331.16,16,T005,Valid
10322,FR0080,D000789,P013,2026-01-17,14529.32,31,T005,Valid
10323,FR0080,D000936,P013,2026-01-12,14529.32,31,T005,Valid
10324,FR0080,D000272,P013,2026-01-18,14529.32,31,T005,Valid
10325,FR0080,D000684,P013,2026-01-04,14529.32,31,T005,Valid
10326,FR0080,D000684,P013,2026-02-26,12742.23,27,T005,Valid
10327,FR0080,D000272,P013,2026-02-15,12742.23,27,T005,Valid
10328,FR0080,D000532,P013,2026-02-23,12742.23,27,T005,Valid
10329,FR0080,D000789,P013,2026-02-05,12742.23,27,T005,Valid
10330,FR0080,D000991,P013,2026-02-14,12742.23,27,T005,Valid
10331,FR0080,D000789,P013,2026-03-07,22987.11,49,T005,Valid
10332,FR0080,D000156,P013,2026-03-24,22987.11,49,T005,Valid
10333,FR0080,D000991,P013,2026-03-23,22987.11,49,T005,Valid
10334,FR0080,D000156,P013,2026-04-03,14240.22,31,T005,Valid
10335,FR0080,D000272,P013,2026-04-16,14240.22,31,T005,Valid
10336,FR0080,D000936,P013,2026-04-22,14240.22,31,T005,Valid
10337,FR0080,D000789,P013,2026-04-14,14240.22,31,T005,Valid
10338,FR0080,D000991,P013,2026-04-19,14240.22,31,T005,Valid
10339,FR0080,D000789,P013,2026-05-22,14096.36,30,T005,Valid
10340,FR0080,D000532,P013,2026-05-09,14096.36,30,T005,Valid
10341,FR0080,D000684,P013,2026-05-27,14096.36,30,T005,Valid
10342,FR0080,D000272,P013,2026-05-10,14096.36,30,T005,Valid
10343,FR0080,D000936,P013,2026-05-08,14096.36,30,T005,Valid
10344,FR0080,D000936,P013,2026-06-14,29428.32,63,T005,Valid
10345,FR0080,D000684,P013,2026-06-16,29428.32,63,T005,Valid
10346,FR0080,D000789,P013,2026-06-09,29428.32,63,T005,Valid
10347,FR0080,D000156,P013,2026-06-16,29428.32,63,T005,Valid
10348,FR0080,D000991,P013,2026-06-21,29428.32,63,T005,Valid
10349,FR0080,D000789,P013,2026-07-18,33820.43,72,T005,Valid
10350,FR0080,D000156,P013,2026-07-17,33820.43,72,T005,Valid
10351,FR0080,D000991,P009,2026-01-08,11450.8,5,T005,Valid
10352,FR0080,D000684,P009,2026-01-24,11450.8,5,T005,Valid
10353,FR0080,D000913,P009,2026-01-05,11450.8,5,T005,Valid
10354,FR0080,D000936,P009,2026-01-11,11450.8,5,T005,Valid
10355,FR0080,D000532,P009,2026-01-19,11450.8,5,T005,Valid
10356,FR0080,D000789,P009,2026-01-20,11450.8,5,T005,Valid
10357,FR0080,D000991,P009,2026-02-09,12925.63,5,T005,Valid
10358,FR0080,D000684,P009,2026-02-15,12925.63,5,T005,Valid
10359,FR0080,D000272,P009,2026-02-11,12925.63,5,T005,Valid
10360,FR0080,D000936,P009,2026-02-06,12925.63,5,T005,Valid
10361,FR0080,D000789,P009,2026-02-22,12925.63,5,T005,Valid
10362,FR0080,D000789,P009,2026-03-10,38051.61,16,T005,Valid
10363,FR0080,D000991,P009,2026-03-02,38051.61,16,T005,Valid
10364,FR0080,D000991,P009,2026-04-26,13113.91,5,T005,Valid
10365,FR0080,D000789,P009,2026-04-01,13113.91,5,T005,Valid
10366,FR0080,D000936,P009,2026-04-24,13113.91,5,T005,Valid
10367,FR0080,D000532,P009,2026-04-22,13113.91,5,T005,Valid
10368,FR0080,D000272,P009,2026-04-15,13113.91,5,T005,Valid
10369,FR0080,D000684,P009,2026-05-25,12042.01,5,T005,Valid
10370,FR0080,D000532,P009,2026-05-02,12042.01,5,T005,Valid
10371,FR0080,D000913,P009,2026-05-19,12042.01,5,T005,Valid
10372,FR0080,D000789,P009,2026-05-24,12042.01,5,T005,Valid
10373,FR0080,D000936,P009,2026-05-08,12042.01,5,T005,Valid
10374,FR0080,D000272,P009,2026-05-19,12042.01,5,T005,Valid
10375,FR0080,D000532,P009,2026-06-10,33181.07,14,T005,Valid
10376,FR0080,D000991,P009,2026-06-03,33181.07,14,T005,Valid
10377,FR0080,D000936,P009,2026-07-17,18362.58,8,T005,Valid
10378,FR0080,D000913,P009,2026-07-26,18362.58,8,T005,Valid
10379,FR0080,D000684,P009,2026-07-17,18362.58,8,T005,Valid
10380,FR0080,D000991,P009,2026-07-19,18362.58,8,T005,Valid
10381,FR0080,D000913,P022,2026-01-05,24707.42,61,T005,Valid
10382,FR0080,D000789,P022,2026-01-03,24707.42,61,T005,Valid
10383,FR0080,D000991,P022,2026-01-23,24707.42,61,T005,Valid
10384,FR0080,D000532,P022,2026-01-11,24707.42,61,T005,Valid
10385,FR0080,D000936,P022,2026-01-15,24707.42,61,T005,Valid
10386,FR0080,D000684,P022,2026-01-08,24707.42,61,T005,Valid
10387,FR0080,D000991,P022,2026-02-19,34922.39,86,T005,Valid
10388,FR0080,D000272,P022,2026-02-05,34922.39,86,T005,Valid
10389,FR0080,D000684,P022,2026-02-22,34922.39,86,T005,Valid
10390,FR0080,D000913,P022,2026-02-17,34922.39,86,T005,Valid
10391,FR0080,D000991,P022,2026-03-16,24529.08,60,T005,Valid
10392,FR0080,D000913,P022,2026-03-21,24529.08,60,T005,Valid
10393,FR0080,D000684,P022,2026-03-05,24529.08,60,T005,Valid
10394,FR0080,D000789,P022,2026-03-26,24529.08,60,T005,Valid
10395,FR0080,D000156,P022,2026-03-01,24529.08,60,T005,Valid
10396,FR0080,D000532,P022,2026-03-18,24529.08,60,T005,Valid
10397,FR0080,D000532,P022,2026-04-20,30431.61,75,T005,Valid
10398,FR0080,D000789,P022,2026-04-13,30431.61,75,T005,Valid
10399,FR0080,D000684,P022,2026-04-11,30431.61,75,T005,Valid
10400,FR0080,D000913,P022,2026-04-11,30431.61,75,T005,Valid
10401,FR0080,D000156,P022,2026-05-21,21850.71,54,T005,Valid
10402,FR0080,D000789,P022,2026-05-26,21850.71,54,T005,Valid
10403,FR0080,D000913,P022,2026-05-26,21850.71,54,T005,Valid
10404,FR0080,D000684,P022,2026-05-22,21850.71,54,T005,Valid
10405,FR0080,D000936,P022,2026-05-01,21850.71,54,T005,Valid
10406,FR0080,D000991,P022,2026-05-23,21850.71,54,T005,Valid
10407,FR0080,D000789,P022,2026-06-06,43828.08,107,T005,Valid
10408,FR0080,D000272,P022,2026-06-22,43828.08,107,T005,Valid
10409,FR0080,D000913,P022,2026-06-10,43828.08,107,T005,Valid
10410,FR0080,D000789,P022,2026-07-07,49800.43,122,T005,Valid
10411,FR0080,D000936,P022,2026-07-12,49800.43,122,T005,Valid
10412,FR0080,D000991,P022,2026-07-15,49800.43,122,T005,Valid
10413,FR0080,D000684,P028,2026-01-08,25923.54,23,T005,Valid
10414,FR0080,D000936,P028,2026-01-15,25923.54,23,T005,Valid
10415,FR0080,D000272,P028,2026-01-22,25923.54,23,T005,Valid
10416,FR0080,D000532,P028,2026-01-22,25923.54,23,T005,Valid
10417,FR0080,D000936,P028,2026-02-18,34828.84,30,T005,Valid
10418,FR0080,D000991,P028,2026-02-11,34828.84,30,T005,Valid
10419,FR0080,D000532,P028,2026-02-07,34828.84,30,T005,Valid
10420,FR0080,D000991,P028,2026-03-26,36357.91,32,T005,Valid
10421,FR0080,D000156,P028,2026-03-03,36357.91,32,T005,Valid
10422,FR0080,D000913,P028,2026-03-19,36357.91,32,T005,Valid
10423,FR0080,D000272,P028,2026-03-02,36357.91,32,T005,Valid
10424,FR0080,D000936,P028,2026-03-27,36357.91,32,T005,Valid
10425,FR0080,D000991,P028,2026-04-05,21773.1,19,T005,Valid
10426,FR0080,D000936,P028,2026-04-24,21773.1,19,T005,Valid
10427,FR0080,D000913,P028,2026-04-15,21773.1,19,T005,Valid
10428,FR0080,D000532,P028,2026-04-25,21773.1,19,T005,Valid
10429,FR0080,D000684,P028,2026-04-10,21773.1,19,T005,Valid
10430,FR0080,D000156,P028,2026-05-12,36264.31,31,T005,Valid
10431,FR0080,D000272,P028,2026-05-07,36264.31,31,T005,Valid
10432,FR0080,D000936,P028,2026-05-19,36264.31,31,T005,Valid
10433,FR0080,D000936,P028,2026-06-16,24155.06,21,T005,Valid
10434,FR0080,D000684,P028,2026-06-25,24155.06,21,T005,Valid
10435,FR0080,D000272,P028,2026-06-24,24155.06,21,T005,Valid
10436,FR0080,D000532,P028,2026-06-22,24155.06,21,T005,Valid
10437,FR0080,D000156,P028,2026-06-06,24155.06,21,T005,Valid
10438,FR0080,D000936,P028,2026-07-06,23032.79,20,T005,Valid
10439,FR0080,D000532,P028,2026-07-13,23032.79,20,T005,Valid
10440,FR0080,D000913,P028,2026-07-09,23032.79,20,T005,Valid
10441,FR0080,D000684,P028,2026-07-23,23032.79,20,T005,Valid
10442,FR0080,D000156,P028,2026-07-26,23032.79,20,T005,Valid
10443,FR0081,D000656,P022,2026-01-19,11756.43,29,T008,Valid
10444,FR0081,D000961,P022,2026-01-03,11756.43,29,T008,Valid
10445,FR0081,D000372,P022,2026-01-20,11756.43,29,T008,Valid
10446,FR0081,D000955,P022,2026-01-11,11756.43,29,T008,Valid
10447,FR0081,D000144,P022,2026-01-13,11756.43,29,T008,Valid
10448,FR0081,D000417,P022,2026-02-22,9661.51,24,T008,Valid
10449,FR0081,D000372,P022,2026-02-13,9661.51,24,T008,Valid
10450,FR0081,D000828,P022,2026-02-02,9661.51,24,T008,Valid
10451,FR0081,D000144,P022,2026-02-17,9661.51,24,T008,Valid
10452,FR0081,D000961,P022,2026-02-24,9661.51,24,T008,Valid
10453,FR0081,D000372,P022,2026-03-23,9188.03,23,T008,Valid
10454,FR0081,D000961,P022,2026-03-16,9188.03,23,T008,Valid
10455,FR0081,D000955,P022,2026-03-21,9188.03,23,T008,Valid
10456,FR0081,D000675,P022,2026-03-21,9188.03,23,T008,Valid
10457,FR0081,D000417,P022,2026-03-20,9188.03,23,T008,Valid
10458,FR0081,D000828,P022,2026-03-12,9188.03,23,T008,Valid
10459,FR0081,D000675,P022,2026-04-11,9150.49,22,T008,Valid
10460,FR0081,D000828,P022,2026-04-10,9150.49,22,T008,Valid
10461,FR0081,D000488,P022,2026-04-19,9150.49,22,T008,Valid
10462,FR0081,D000955,P022,2026-04-23,9150.49,22,T008,Valid
10463,FR0081,D000961,P022,2026-04-02,9150.49,22,T008,Valid
10464,FR0081,D000144,P022,2026-04-03,9150.49,22,T008,Valid
10465,FR0081,D000372,P022,2026-05-27,9715.32,24,T008,Valid
10466,FR0081,D000675,P022,2026-05-01,9715.32,24,T008,Valid
10467,FR0081,D000417,P022,2026-05-22,9715.32,24,T008,Valid
10468,FR0081,D000955,P022,2026-05-19,9715.32,24,T008,Valid
10469,FR0081,D000656,P022,2026-05-07,9715.32,24,T008,Valid
10470,FR0081,D000961,P022,2026-05-23,9715.32,24,T008,Valid
10471,FR0081,D000488,P022,2026-06-06,9832.97,24,T008,Valid
10472,FR0081,D000955,P022,2026-06-08,9832.97,24,T008,Valid
10473,FR0081,D000828,P022,2026-06-25,9832.97,24,T008,Valid
10474,FR0081,D000417,P022,2026-06-18,9832.97,24,T008,Valid
10475,FR0081,D000961,P022,2026-06-03,9832.97,24,T008,Valid
10476,FR0081,D000144,P022,2026-06-16,9832.97,24,T008,Valid
10477,FR0081,D000961,P022,2026-07-06,24582.71,60,T008,Valid
10478,FR0081,D000656,P022,2026-07-21,24582.71,60,T008,Valid
10479,FR0081,D000675,P013,2026-01-05,16833.12,36,T008,Valid
10480,FR0081,D000961,P013,2026-01-23,16833.12,36,T008,Valid
10481,FR0081,D000656,P013,2026-01-12,16833.12,36,T008,Valid
10482,FR0081,D000828,P013,2026-01-23,16833.12,36,T008,Valid
10483,FR0081,D000372,P013,2026-01-11,16833.12,36,T008,Valid
10484,FR0081,D000488,P013,2026-02-25,15383.79,33,T008,Valid
10485,FR0081,D000144,P013,2026-02-18,15383.79,33,T008,Valid
10486,FR0081,D000828,P013,2026-02-23,15383.79,33,T008,Valid
10487,FR0081,D000675,P013,2026-02-20,15383.79,33,T008,Valid
10488,FR0081,D000372,P013,2026-02-26,15383.79,33,T008,Valid
10489,FR0081,D000955,P013,2026-03-26,13186.93,28,T008,Valid
10490,FR0081,D000372,P013,2026-03-21,13186.93,28,T008,Valid
10491,FR0081,D000417,P013,2026-03-10,13186.93,28,T008,Valid
10492,FR0081,D000675,P013,2026-03-06,13186.93,28,T008,Valid
10493,FR0081,D000961,P013,2026-03-17,13186.93,28,T008,Valid
10494,FR0081,D000828,P013,2026-03-10,13186.93,28,T008,Valid
10495,FR0081,D000144,P013,2026-04-17,21035.25,45,T008,Valid
10496,FR0081,D000955,P013,2026-04-04,21035.25,45,T008,Valid
10497,FR0081,D000675,P013,2026-04-01,21035.25,45,T008,Valid
10498,FR0081,D000372,P013,2026-04-18,21035.25,45,T008,Valid
10499,FR0081,D000955,P013,2026-05-25,12892.84,28,T008,Valid
10500,FR0081,D000675,P013,2026-05-24,12892.84,28,T008,Valid
10501,FR0081,D000488,P013,2026-05-11,12892.84,28,T008,Valid
10502,FR0081,D000961,P013,2026-05-04,12892.84,28,T008,Valid
10503,FR0081,D000417,P013,2026-05-01,12892.84,28,T008,Valid
10504,FR0081,D000656,P013,2026-05-17,12892.84,28,T008,Valid
10505,FR0081,D000955,P013,2026-06-16,17387.43,37,T008,Valid
10506,FR0081,D000961,P013,2026-06-03,17387.43,37,T008,Valid
10507,FR0081,D000828,P013,2026-06-07,17387.43,37,T008,Valid
10508,FR0081,D000417,P013,2026-06-18,17387.43,37,T008,Valid
10509,FR0081,D000675,P013,2026-06-25,17387.43,37,T008,Valid
10510,FR0081,D000656,P013,2026-07-08,16882.04,36,T008,Valid
10511,FR0081,D000828,P013,2026-07-10,16882.04,36,T008,Valid
10512,FR0081,D000955,P013,2026-07-15,16882.04,36,T008,Valid
10513,FR0081,D000417,P013,2026-07-09,16882.04,36,T008,Valid
10514,FR0081,D000372,P013,2026-07-19,16882.04,36,T008,Valid
10515,FR0081,D000417,P030,2026-01-01,34412.33,136,T008,Valid
10516,FR0081,D000372,P030,2026-01-07,34412.33,136,T008,Valid
10517,FR0081,D000656,P030,2026-01-10,34412.33,136,T008,Valid
10518,FR0081,D000144,P030,2026-01-18,34412.33,136,T008,Valid
10519,FR0081,D000961,P030,2026-01-16,34412.33,136,T008,Valid
10520,FR0081,D000372,P030,2026-02-11,50670.07,200,T008,Valid
10521,FR0081,D000656,P030,2026-02-01,50670.07,200,T008,Valid
10522,FR0081,D000144,P030,2026-02-16,50670.07,200,T008,Valid
10523,FR0081,D000828,P030,2026-03-19,23685.19,93,T008,Valid
10524,FR0081,D000417,P030,2026-03-15,23685.19,93,T008,Valid
10525,FR0081,D000656,P030,2026-03-14,23685.19,93,T008,Valid
10526,FR0081,D000144,P030,2026-03-01,23685.19,93,T008,Valid
10527,FR0081,D000955,P030,2026-03-18,23685.19,93,T008,Valid
10528,FR0081,D000961,P030,2026-03-24,23685.19,93,T008,Valid
10529,FR0081,D000955,P030,2026-04-12,40533.18,160,T008,Valid
10530,FR0081,D000488,P030,2026-04-20,40533.18,160,T008,Valid
10531,FR0081,D000961,P030,2026-04-21,40533.18,160,T008,Valid
10532,FR0081,D000828,P030,2026-04-17,40533.18,160,T008,Valid
10533,FR0081,D000675,P030,2026-05-26,28171.14,111,T008,Valid
10534,FR0081,D000961,P030,2026-05-20,28171.14,111,T008,Valid
10535,FR0081,D000488,P030,2026-05-09,28171.14,111,T008,Valid
10536,FR0081,D000144,P030,2026-05-09,28171.14,111,T008,Valid
10537,FR0081,D000372,P030,2026-05-24,28171.14,111,T008,Valid
10538,FR0081,D000955,P030,2026-05-13,28171.14,111,T008,Valid
10539,FR0081,D000675,P030,2026-06-16,49863.97,197,T008,Valid
10540,FR0081,D000955,P030,2026-06-16,49863.97,197,T008,Valid
10541,FR0081,D000417,P030,2026-06-08,49863.97,197,T008,Valid
10542,FR0081,D000961,P030,2026-07-13,35984.58,142,T008,Valid
10543,FR0081,D000955,P030,2026-07-03,35984.58,142,T008,Valid
10544,FR0081,D000488,P030,2026-07-20,35984.58,142,T008,Valid
10545,FR0081,D000417,P030,2026-07-18,35984.58,142,T008,Valid
10546,FR0081,D000488,P008,2026-01-21,18073.12,8,T008,Valid
10547,FR0081,D000417,P008,2026-01-01,18073.12,8,T008,Valid
10548,FR0081,D000675,P008,2026-01-11,18073.12,8,T008,Valid
10549,FR0081,D000372,P008,2026-01-01,18073.12,8,T008,Valid
10550,FR0081,D000656,P008,2026-01-10,18073.12,8,T008,Valid
10551,FR0081,D000144,P008,2026-01-24,18073.12,8,T008,Valid
10552,FR0081,D000144,P008,2026-02-03,26441.39,11,T008,Valid
10553,FR0081,D000675,P008,2026-02-08,26441.39,11,T008,Valid
10554,FR0081,D000955,P008,2026-02-10,26441.39,11,T008,Valid
10555,FR0081,D000656,P008,2026-02-10,26441.39,11,T008,Valid
10556,FR0081,D000417,P008,2026-03-20,56170.29,24,T008,Valid
10557,FR0081,D000488,P008,2026-03-08,56170.29,24,T008,Valid
10558,FR0081,D000675,P008,2026-04-12,38277.19,16,T008,Valid
10559,FR0081,D000488,P008,2026-04-16,38277.19,16,T008,Valid
10560,FR0081,D000961,P008,2026-04-27,38277.19,16,T008,Valid
10561,FR0081,D000961,P008,2026-05-23,32419.07,14,T008,Valid
10562,FR0081,D000417,P008,2026-05-20,32419.07,14,T008,Valid
10563,FR0081,D000675,P008,2026-05-01,32419.07,14,T008,Valid
10564,FR0081,D000961,P008,2026-06-07,21668.91,9,T008,Valid
10565,FR0081,D000417,P008,2026-06-14,21668.91,9,T008,Valid
10566,FR0081,D000828,P008,2026-06-02,21668.91,9,T008,Valid
10567,FR0081,D000675,P008,2026-06-16,21668.91,9,T008,Valid
10568,FR0081,D000488,P008,2026-06-08,21668.91,9,T008,Valid
10569,FR0081,D000828,P008,2026-07-22,21795.12,9,T008,Valid
10570,FR0081,D000961,P008,2026-07-16,21795.12,9,T008,Valid
10571,FR0081,D000144,P008,2026-07-26,21795.12,9,T008,Valid
10572,FR0081,D000656,P008,2026-07-11,21795.12,9,T008,Valid
10573,FR0081,D000488,P008,2026-07-26,21795.12,9,T008,Valid
10574,FR0082,D000965,P022,2026-01-01,38659.71,95,T018,Valid
10575,FR0082,D000026,P022,2026-01-20,38659.71,95,T018,Valid
10576,FR0082,D000388,P022,2026-02-10,19271.32,47,T018,Valid
10577,FR0082,D000659,P022,2026-02-08,19271.32,47,T018,Valid
10578,FR0082,D000965,P022,2026-02-11,19271.32,47,T018,Valid
10579,FR0082,D000737,P022,2026-02-10,19271.32,47,T018,Valid
10580,FR0082,D000410,P022,2026-03-11,14325.41,35,T018,Valid
10581,FR0082,D000388,P022,2026-03-19,14325.41,35,T004,Valid
10582,FR0082,D000659,P022,2026-03-18,14325.41,35,T018,Valid
10583,FR0082,D000026,P022,2026-03-17,14325.41,35,T018,Valid
10584,FR0082,D000737,P022,2026-03-16,14325.41,35,T009,Valid
10585,FR0082,D000410,P022,2026-04-24,39147.94,96,T018,Valid
10586,FR0082,D000388,P022,2026-04-11,39147.94,96,T018,Valid
10587,FR0082,D000410,P022,2026-05-03,11375.38,28,T018,Valid
10588,FR0082,D000026,P022,2026-05-07,11375.38,28,T018,Valid
10589,FR0082,D000659,P022,2026-05-14,11375.38,28,T018,Valid
10590,FR0082,D000965,P022,2026-05-14,11375.38,28,T018,Valid
10591,FR0082,D000737,P022,2026-05-06,11375.38,28,T018,Valid
10592,FR0082,D000388,P022,2026-05-25,11375.38,28,T018,Valid
10593,FR0082,D000659,P022,2026-06-15,11847.39,29,T018,Valid
10594,FR0082,D000026,P022,2026-06-27,11847.39,29,T018,Valid
10595,FR0082,D000388,P022,2026-06-25,11847.39,29,T018,Valid
10596,FR0082,D000965,P022,2026-06-04,11847.39,29,T018,Valid
10597,FR0082,D000410,P022,2026-06-24,11847.39,29,T018,Valid
10598,FR0082,D000737,P022,2026-06-06,11847.39,29,T018,Valid
10599,FR0082,D000659,P022,2026-07-19,36796.35,90,T018,Valid
10600,FR0082,D000388,P022,2026-07-27,36796.35,90,T018,Valid
10601,FR0082,D000659,P021,2026-01-14,27009.99,13,T018,Valid
10602,FR0082,D000737,P021,2026-01-06,27009.99,13,T018,Valid
10603,FR0082,D000026,P021,2026-01-18,27009.99,13,T018,Valid
10604,FR0082,D000659,P021,2026-02-15,17717.6,9,T018,Valid
10605,FR0082,D000965,P021,2026-02-08,17717.6,9,T018,Valid
10606,FR0082,D000410,P021,2026-02-25,17717.6,9,T018,Valid
10607,FR0082,D000388,P021,2026-02-11,17717.6,9,T018,Valid
10608,FR0082,D000737,P021,2026-02-04,17717.6,9,T018,Valid
10609,FR0082,D000410,P021,2026-03-27,93740.85,46,T006,Valid
10610,FR0082,D000026,P021,2026-04-07,14715.88,7,T018,Valid
10611,FR0082,D000965,P021,2026-04-16,14715.88,7,T018,Valid
10612,FR0082,D000410,P021,2026-04-10,14715.88,7,T018,Valid
10613,FR0082,D000388,P021,2026-04-12,14715.88,7,T018,Valid
10614,FR0082,D000659,P021,2026-04-16,14715.88,7,T018,Valid
10615,FR0082,D000737,P021,2026-04-05,14715.88,7,T018,Valid
10616,FR0082,D000410,P021,2026-05-12,39510.53,19,T018,Valid
10617,FR0082,D000026,P021,2026-05-26,39510.53,19,T018,Valid
10618,FR0082,D000026,P021,2026-06-01,31202.74,15,T018,Valid
10619,FR0082,D000659,P021,2026-06-22,31202.74,15,T018,Valid
10620,FR0082,D000737,P021,2026-06-14,31202.74,15,T018,Valid
10621,FR0082,D000965,P021,2026-07-08,19576.81,10,T018,Valid
10622,FR0082,D000659,P021,2026-07-10,19576.81,10,T018,Valid
10623,FR0082,D000737,P021,2026-07-23,19576.81,10,T018,Valid
10624,FR0082,D000026,P021,2026-07-15,19576.81,10,T018,Valid
10625,FR0082,D000737,P010,2026-01-10,41161.08,31,T018,Valid
10626,FR0082,D000965,P010,2026-01-26,41161.08,31,T018,Valid
10627,FR0082,D000026,P010,2026-01-20,41161.08,31,T018,Valid
10628,FR0082,D000410,P010,2026-01-11,41161.08,31,T018,Valid
10629,FR0082,D000388,P010,2026-01-21,41161.08,31,T018,Valid
10630,FR0082,D000026,P010,2026-02-10,21483.42,16,T018,Valid
10631,FR0082,D000388,P010,2026-02-05,21483.42,16,T018,Valid
10632,FR0082,D000659,P010,2026-02-10,21483.42,16,T018,Valid
10633,FR0082,D000965,P010,2026-02-11,21483.42,16,T018,Valid
10634,FR0082,D000410,P010,2026-02-17,21483.42,16,T018,Valid
10635,FR0082,D000737,P010,2026-02-04,21483.42,16,T018,Valid
10636,FR0082,D000965,P010,2026-03-23,125699.67,95,T018,Valid
10637,FR0082,D000410,P010,2026-04-07,53797.04,41,T018,Valid
10638,FR0082,D000965,P010,2026-04-23,53797.04,41,T018,Valid
10639,FR0082,D000026,P010,2026-05-24,31241.9,24,T012,Valid
10640,FR0082,D000410,P010,2026-05-17,31241.9,24,T014,Valid
10641,FR0082,D000965,P010,2026-05-27,31241.9,24,T001,Valid
10642,FR0082,D000737,P010,2026-05-17,31241.9,24,T018,Valid
10643,FR0082,D000026,P010,2026-06-20,21993.36,17,T018,Valid
10644,FR0082,D000388,P010,2026-06-22,21993.36,17,T018,Valid
10645,FR0082,D000965,P010,2026-06-18,21993.36,17,T018,Valid
10646,FR0082,D000659,P010,2026-06-12,21993.36,17,T018,Valid
10647,FR0082,D000737,P010,2026-06-04,21993.36,17,T018,Valid
10648,FR0082,D000410,P010,2026-06-09,21993.36,17,T018,Valid
10649,FR0082,D000659,P010,2026-07-12,29334.28,22,T018,Valid
10650,FR0082,D000388,P010,2026-07-14,29334.28,22,T018,Valid
10651,FR0082,D000026,P010,2026-07-05,29334.28,22,T018,Valid
10652,FR0082,D000965,P010,2026-07-13,29334.28,22,T018,Valid
10653,FR0083,D000436,P015,2026-01-21,21229.12,14,T018,Valid
10654,FR0083,D000174,P015,2026-01-21,21229.12,14,T018,Valid
10655,FR0083,D000332,P015,2026-01-20,21229.12,14,T018,Valid
10656,FR0083,D000927,P015,2026-01-15,21229.12,14,T018,Valid
10657,FR0083,D000987,P015,2026-02-09,19627.05,13,T018,Valid
10658,FR0083,D000174,P015,2026-02-13,19627.05,13,T018,Valid
10659,FR0083,D000269,P015,2026-02-03,19627.05,13,T018,Valid
10660,FR0083,D000927,P015,2026-02-27,19627.05,13,T018,Valid
10661,FR0083,D000332,P015,2026-03-25,37946.59,25,T018,Valid
10662,FR0083,D000243,P015,2026-03-12,37946.59,25,T018,Valid
10663,FR0083,D000243,P015,2026-04-12,13243.29,9,T018,Valid
10664,FR0083,D000332,P015,2026-04-03,13243.29,9,T018,Valid
10665,FR0083,D000269,P015,2026-04-22,13243.29,9,T018,Valid
10666,FR0083,D000927,P015,2026-04-19,13243.29,9,T018,Valid
10667,FR0083,D000987,P015,2026-04-04,13243.29,9,T018,Valid
10668,FR0083,D000436,P015,2026-04-08,13243.29,9,T018,Valid
10669,FR0083,D000987,P015,2026-05-07,14072.05,9,T018,Valid
10670,FR0083,D000927,P015,2026-05-18,14072.05,9,T018,Valid
10671,FR0083,D000269,P015,2026-05-07,14072.05,9,T018,Valid
10672,FR0083,D000201,P015,2026-05-08,14072.05,9,T018,Valid
10673,FR0083,D000174,P015,2026-05-13,14072.05,9,T018,Valid
10674,FR0083,D000243,P015,2026-05-24,14072.05,9,T018,Valid
10675,FR0083,D000174,P015,2026-06-10,15491.24,10,T018,Valid
10676,FR0083,D000436,P015,2026-06-09,15491.24,10,T018,Valid
10677,FR0083,D000269,P015,2026-06-09,15491.24,10,T018,Valid
10678,FR0083,D000243,P015,2026-06-26,15491.24,10,T018,Valid
10679,FR0083,D000987,P015,2026-06-14,15491.24,10,T018,Valid
10680,FR0083,D000436,P015,2026-07-18,20175.41,13,T018,Valid
10681,FR0083,D000243,P015,2026-07-05,20175.41,13,T018,Valid
10682,FR0083,D000269,P015,2026-07-14,20175.41,13,T018,Valid
10683,FR0083,D000174,P015,2026-07-05,20175.41,13,T018,Valid
10684,FR0083,D000174,P013,2026-01-22,27570.77,59,T018,Valid
10685,FR0083,D000332,P013,2026-01-09,27570.77,59,T018,Valid
10686,FR0083,D000436,P013,2026-02-17,10505.92,23,T018,Valid
10687,FR0083,D000174,P013,2026-02-21,10505.92,23,T018,Valid
10688,FR0083,D000243,P013,2026-02-06,10505.92,23,T018,Valid
10689,FR0083,D000269,P013,2026-02-01,10505.92,23,T018,Valid
10690,FR0083,D000927,P013,2026-02-06,10505.92,23,T018,Valid
10691,FR0083,D000987,P013,2026-03-24,16630.03,36,T018,Valid
10692,FR0083,D000332,P013,2026-03-08,16630.03,36,T018,Valid
10693,FR0083,D000174,P013,2026-03-14,16630.03,36,T018,Valid
10694,FR0083,D000243,P013,2026-04-10,9657.83,21,T018,Valid
10695,FR0083,D000269,P013,2026-04-20,9657.83,21,T018,Valid
10696,FR0083,D000927,P013,2026-04-17,9657.83,21,T018,Valid
10697,FR0083,D000436,P013,2026-04-17,9657.83,21,T018,Valid
10698,FR0083,D000332,P013,2026-04-19,9657.83,21,T018,Valid
10699,FR0083,D000987,P013,2026-05-19,10803.97,23,T018,Valid
10700,FR0083,D000927,P013,2026-05-09,10803.97,23,T018,Valid
10701,FR0083,D000243,P013,2026-05-20,10803.97,23,T018,Valid
10702,FR0083,D000332,P013,2026-05-26,10803.97,23,T018,Valid
10703,FR0083,D000201,P013,2026-05-07,10803.97,23,T018,Valid
10704,FR0083,D000927,P013,2026-06-22,10525.46,23,T018,Valid
10705,FR0083,D000332,P013,2026-06-08,10525.46,23,T018,Valid
10706,FR0083,D000243,P013,2026-06-21,10525.46,23,T018,Valid
10707,FR0083,D000987,P013,2026-06-15,10525.46,23,T018,Valid
10708,FR0083,D000174,P013,2026-06-17,10525.46,23,T018,Valid
10709,FR0083,D000269,P013,2026-07-04,22944.06,49,T018,Valid
10710,FR0083,D000927,P013,2026-07-15,22944.06,49,T018,Valid
10711,FR0083,D000201,P006,2026-01-13,9876.47,27,T018,Valid
10712,FR0083,D000332,P006,2026-01-09,9876.47,27,T018,Valid
10713,FR0083,D000174,P006,2026-01-27,9876.47,27,T018,Valid
10714,FR0083,D000436,P006,2026-01-06,9876.47,27,T018,Valid
10715,FR0083,D000269,P006,2026-02-03,7090.39,19,T018,Valid
10716,FR0083,D000332,P006,2026-02-12,7090.39,19,T018,Valid
10717,FR0083,D000927,P006,2026-02-25,7090.39,19,T018,Valid
10718,FR0083,D000436,P006,2026-02-08,7090.39,19,T018,Valid
10719,FR0083,D000243,P006,2026-02-16,7090.39,19,T018,Valid
10720,FR0083,D000174,P006,2026-02-04,7090.39,19,T018,Valid
10721,FR0083,D000201,P006,2026-03-25,9997.6,27,T018,Valid
10722,FR0083,D000174,P006,2026-03-01,9997.6,27,T018,Valid
10723,FR0083,D000436,P006,2026-03-14,9997.6,27,T018,Valid
10724,FR0083,D000269,P006,2026-03-08,9997.6,27,T018,Valid
10725,FR0083,D000927,P006,2026-04-26,12715.91,35,T018,Valid
10726,FR0083,D000436,P006,2026-04-10,12715.91,35,T018,Valid
10727,FR0083,D000201,P006,2026-04-18,12715.91,35,T018,Valid
10728,FR0083,D000201,P006,2026-05-14,9732.25,26,T018,Valid
10729,FR0083,D000436,P006,2026-05-04,9732.25,26,T018,Valid
10730,FR0083,D000332,P006,2026-05-25,9732.25,26,T018,Valid
10731,FR0083,D000987,P006,2026-05-11,9732.25,26,T018,Valid
10732,FR0083,D000174,P006,2026-06-20,9688.05,26,T018,Valid
10733,FR0083,D000987,P006,2026-06-16,9688.05,26,T018,Valid
10734,FR0083,D000243,P006,2026-06-01,9688.05,26,T018,Valid
10735,FR0083,D000269,P006,2026-06-05,9688.05,26,T018,Valid
10736,FR0083,D000987,P006,2026-07-13,7068.5,19,T018,Valid
10737,FR0083,D000436,P006,2026-07-12,7068.5,19,T018,Valid
10738,FR0083,D000243,P006,2026-07-18,7068.5,19,T018,Valid
10739,FR0083,D000201,P006,2026-07-14,7068.5,19,T018,Valid
10740,FR0083,D000269,P006,2026-07-03,7068.5,19,T018,Valid
10741,FR0083,D000927,P006,2026-07-13,7068.5,19,T018,Valid
10742,FR0083,D000987,P025,2026-01-17,48713.72,20,T018,Valid
10743,FR0083,D000201,P025,2026-01-15,48713.72,20,T018,Valid
10744,FR0083,D000174,P025,2026-01-09,48713.72,20,T018,Valid
10745,FR0083,D000243,P025,2026-02-13,22839.24,9,T018,Valid
10746,FR0083,D000174,P025,2026-02-02,22839.24,9,T018,Valid
10747,FR0083,D000927,P025,2026-02-01,22839.24,9,T018,Valid
10748,FR0083,D000987,P025,2026-02-06,22839.24,9,T018,Valid
10749,FR0083,D000269,P025,2026-02-10,22839.24,9,T018,Valid
10750,FR0083,D000436,P025,2026-02-10,22839.24,9,T018,Valid
10751,FR0083,D000243,P025,2026-03-18,27702.6,11,T018,Valid
10752,FR0083,D000174,P025,2026-03-11,27702.6,11,T018,Valid
10753,FR0083,D000201,P025,2026-03-05,27702.6,11,T018,Valid
10754,FR0083,D000436,P025,2026-03-26,27702.6,11,T018,Valid
10755,FR0083,D000269,P025,2026-03-07,27702.6,11,T018,Valid
10756,FR0083,D000927,P025,2026-03-05,27702.6,11,T018,Valid
10757,FR0083,D000332,P025,2026-04-19,39771.16,16,T018,Valid
10758,FR0083,D000174,P025,2026-04-22,39771.16,16,T018,Valid
10759,FR0083,D000927,P025,2026-04-18,39771.16,16,T018,Valid
10760,FR0083,D000243,P025,2026-04-10,39771.16,16,T018,Valid
10761,FR0083,D000927,P025,2026-05-10,74353.24,31,T018,Valid
10762,FR0083,D000987,P025,2026-05-20,74353.24,31,T018,Valid
10763,FR0083,D000243,P025,2026-06-14,23029.47,10,T018,Valid
10764,FR0083,D000436,P025,2026-06-27,23029.47,10,T018,Valid
10765,FR0083,D000987,P025,2026-06-08,23029.47,10,T018,Valid
10766,FR0083,D000269,P025,2026-06-27,23029.47,10,T018,Valid
10767,FR0083,D000201,P025,2026-06-12,23029.47,10,T018,Valid
10768,FR0083,D000332,P025,2026-06-21,23029.47,10,T018,Valid
10769,FR0083,D000269,P025,2026-07-24,24297.0,10,T018,Valid
10770,FR0083,D000332,P025,2026-07-24,24297.0,10,T018,Valid
10771,FR0083,D000987,P025,2026-07-02,24297.0,10,T018,Valid
10772,FR0083,D000243,P025,2026-07-19,24297.0,10,T018,Valid
10773,FR0083,D000174,P025,2026-07-24,24297.0,10,T018,Valid
10774,FR0083,D000436,P025,2026-07-04,24297.0,10,T018,Valid
10775,FR0083,D000174,P028,2026-01-26,24132.7,21,T018,Valid
10776,FR0083,D000243,P028,2026-01-12,24132.7,21,T018,Valid
10777,FR0083,D000201,P028,2026-01-14,24132.7,21,T018,Valid
10778,FR0083,D000436,P028,2026-01-14,24132.7,21,T018,Valid
10779,FR0083,D000332,P028,2026-01-01,24132.7,21,T018,Valid
10780,FR0083,D000987,P028,2026-01-02,24132.7,21,T018,Valid
10781,FR0083,D000269,P028,2026-02-01,40729.85,35,T018,Valid
10782,FR0083,D000243,P028,2026-02-06,40729.85,35,T018,Valid
10783,FR0083,D000201,P028,2026-02-26,40729.85,35,T018,Valid
10784,FR0083,D000174,P028,2026-03-02,138080.28,120,T018,Valid
10785,FR0083,D000201,P028,2026-04-11,25382.41,22,T018,Valid
10786,FR0083,D000436,P028,2026-04-24,25382.41,22,T018,Valid
10787,FR0083,D000269,P028,2026-04-02,25382.41,22,T018,Valid
10788,FR0083,D000174,P028,2026-04-25,25382.41,22,T018,Valid
10789,FR0083,D000243,P028,2026-04-20,25382.41,22,T018,Valid
10790,FR0083,D000174,P028,2026-05-21,22000.21,19,T018,Valid
10791,FR0083,D000987,P028,2026-05-06,22000.21,19,T018,Valid
10792,FR0083,D000243,P028,2026-05-14,22000.21,19,T018,Valid
10793,FR0083,D000269,P028,2026-05-12,22000.21,19,T018,Valid
10794,FR0083,D000332,P028,2026-05-12,22000.21,19,T018,Valid
10795,FR0083,D000927,P028,2026-05-16,22000.21,19,T018,Valid
10796,FR0083,D000174,P028,2026-06-06,43995.79,38,T018,Valid
10797,FR0083,D000201,P028,2026-06-17,43995.79,38,T018,Valid
10798,FR0083,D000436,P028,2026-06-25,43995.79,38,T018,Valid
10799,FR0083,D000927,P028,2026-07-19,31042.59,27,T018,Valid
10800,FR0083,D000174,P028,2026-07-07,31042.59,27,T018,Valid
10801,FR0083,D000201,P028,2026-07-15,31042.59,27,T018,Valid
10802,FR0083,D000243,P028,2026-07-15,31042.59,27,T018,Valid
10803,FR0083,D000987,P027,2026-01-13,9983.29,4,T018,Valid
10804,FR0083,D000436,P027,2026-01-11,9983.29,4,T018,Valid
10805,FR0083,D000927,P027,2026-01-15,9983.29,4,T018,Valid
10806,FR0083,D000243,P027,2026-01-20,9983.29,4,T018,Valid
10807,FR0083,D000201,P027,2026-01-17,9983.29,4,T018,Valid
10808,FR0083,D000269,P027,2026-02-03,7671.12,3,T018,Valid
10809,FR0083,D000174,P027,2026-02-09,7671.12,3,T018,Valid
10810,FR0083,D000987,P027,2026-02-24,7671.12,3,T018,Valid
10811,FR0083,D000927,P027,2026-02-04,7671.12,3,T018,Valid
10812,FR0083,D000243,P027,2026-02-10,7671.12,3,T018,Valid
10813,FR0083,D000332,P027,2026-02-26,7671.12,3,T018,Valid
10814,FR0083,D000987,P027,2026-03-03,9750.09,4,T018,Valid
10815,FR0083,D000201,P027,2026-03-16,9750.09,4,T018,Valid
10816,FR0083,D000174,P027,2026-03-23,9750.09,4,T018,Valid
10817,FR0083,D000927,P027,2026-03-03,9750.09,4,T018,Valid
10818,FR0083,D000269,P027,2026-03-01,9750.09,4,T018,Valid
10819,FR0083,D000174,P027,2026-04-24,12824.6,5,T018,Valid
10820,FR0083,D000332,P027,2026-04-01,12824.6,5,T018,Valid
10821,FR0083,D000243,P027,2026-04-09,12824.6,5,T018,Valid
10822,FR0083,D000269,P027,2026-04-04,12824.6,5,T018,Valid
10823,FR0083,D000987,P027,2026-05-13,22878.86,9,T018,Valid
10824,FR0083,D000174,P027,2026-05-07,22878.86,9,T018,Valid
10825,FR0083,D000269,P027,2026-06-15,9200.99,4,T018,Valid
10826,FR0083,D000332,P027,2026-06-01,9200.99,4,T018,Valid
10827,FR0083,D000201,P027,2026-06-11,9200.99,4,T018,Valid
10828,FR0083,D000174,P027,2026-06-19,9200.99,4,T018,Valid
10829,FR0083,D000927,P027,2026-06-12,9200.99,4,T018,Valid
10830,FR0083,D000436,P027,2026-07-05,22449.11,9,T018,Valid
10831,FR0083,D000243,P027,2026-07-13,22449.11,9,T018,Valid
10832,FR0083,D000201,P019,2026-01-07,12659.37,6,T018,Valid
10833,FR0083,D000174,P019,2026-01-25,12659.37,6,T018,Valid
10834,FR0083,D000269,P019,2026-01-06,12659.37,6,T018,Valid
10835,FR0083,D000243,P019,2026-01-22,12659.37,6,T018,Valid
10836,FR0083,D000436,P019,2026-02-05,8580.39,4,T018,Valid
10837,FR0083,D000243,P019,2026-02-25,8580.39,4,T018,Valid
10838,FR0083,D000987,P019,2026-02-05,8580.39,4,T018,Valid
10839,FR0083,D000269,P019,2026-02-08,8580.39,4,T018,Valid
10840,FR0083,D000332,P019,2026-02-02,8580.39,4,T018,Valid
10841,FR0083,D000201,P019,2026-03-17,26210.07,12,T018,Valid
10842,FR0083,D000269,P019,2026-03-13,26210.07,12,T018,Valid
10843,FR0083,D000201,P019,2026-04-20,12625.31,6,T018,Valid
10844,FR0083,D000436,P019,2026-04-08,12625.31,6,T018,Valid
10845,FR0083,D000927,P019,2026-04-23,12625.31,6,T018,Valid
10846,FR0083,D000243,P019,2026-04-13,12625.31,6,T018,Valid
10847,FR0083,D000332,P019,2026-05-14,10180.28,5,T018,Valid
10848,FR0083,D000243,P019,2026-05-09,10180.28,5,T018,Valid
10849,FR0083,D000201,P019,2026-05-26,10180.28,5,T018,Valid
10850,FR0083,D000436,P019,2026-05-01,10180.28,5,T018,Valid
10851,FR0083,D000174,P019,2026-05-02,10180.28,5,T018,Valid
10852,FR0083,D000987,P019,2026-06-08,16884.73,8,T018,Valid
10853,FR0083,D000436,P019,2026-06-22,16884.73,8,T018,Valid
10854,FR0083,D000174,P019,2026-06-21,16884.73,8,T018,Valid
10855,FR0083,D000987,P019,2026-07-20,25163.29,11,T018,Valid
10856,FR0083,D000332,P019,2026-07-02,25163.29,11,T018,Valid
10857,FR0084,D000827,P018,2026-01-10,34528.52,51,T009,Valid
10858,FR0084,D000323,P018,2026-01-16,34528.52,51,T009,Valid
10859,FR0084,D000483,P018,2026-01-08,34528.52,51,T009,Valid
10860,FR0084,D000167,P018,2026-01-23,34528.52,51,T009,Valid
10861,FR0084,D000465,P018,2026-02-04,13666.83,20,T009,Valid
10862,FR0084,D000167,P018,2026-02-14,13666.83,20,T009,Valid
10863,FR0084,D000827,P018,2026-02-25,13666.83,20,T009,Valid
10864,FR0084,D000323,P018,2026-02-05,13666.83,20,T009,Valid
10865,FR0084,D000483,P018,2026-02-12,13666.83,20,T009,Valid
10866,FR0084,D000051,P018,2026-02-08,13666.83,20,T009,Valid
10867,FR0084,D000051,P018,2026-03-07,21309.58,32,T009,Valid
10868,FR0084,D000323,P018,2026-03-01,21309.58,32,T009,Valid
10869,FR0084,D000827,P018,2026-03-24,21309.58,32,T009,Valid
10870,FR0084,D000483,P018,2026-03-17,21309.58,32,T009,Valid
10871,FR0084,D000827,P018,2026-04-19,20079.55,30,T009,Valid
10872,FR0084,D000051,P018,2026-04-11,20079.55,30,T009,Valid
10873,FR0084,D000323,P018,2026-04-26,20079.55,30,T009,Valid
10874,FR0084,D000483,P018,2026-04-12,20079.55,30,T009,Valid
10875,FR0084,D000051,P018,2026-05-13,13173.48,20,T009,Valid
10876,FR0084,D000483,P018,2026-05-02,13173.48,20,T009,Valid
10877,FR0084,D000323,P018,2026-05-07,13173.48,20,T009,Valid
10878,FR0084,D000167,P018,2026-05-20,13173.48,20,T009,Valid
10879,FR0084,D000827,P018,2026-05-21,13173.48,20,T009,Valid
10880,FR0084,D000465,P018,2026-05-10,13173.48,20,T009,Valid
10881,FR0084,D000323,P018,2026-06-24,20418.41,30,T009,Valid
10882,FR0084,D000051,P018,2026-06-17,20418.41,30,T009,Valid
10883,FR0084,D000465,P018,2026-06-20,20418.41,30,T009,Valid
10884,FR0084,D000483,P018,2026-06-17,20418.41,30,T009,Valid
10885,FR0084,D000167,P018,2026-07-19,13928.16,21,T009,Valid
10886,FR0084,D000051,P018,2026-07-20,13928.16,21,T009,Valid
10887,FR0084,D000483,P018,2026-07-18,13928.16,21,T009,Valid
10888,FR0084,D000465,P018,2026-07-25,13928.16,21,T009,Valid
10889,FR0084,D000323,P018,2026-07-06,13928.16,21,T009,Valid
10890,FR0084,D000827,P018,2026-07-08,13928.16,21,T009,Valid
10891,FR0084,D000483,P014,2026-01-04,20253.93,15,T009,Valid
10892,FR0084,D000323,P014,2026-01-06,20253.93,15,T009,Valid
10893,FR0084,D000465,P014,2026-01-15,20253.93,15,T009,Valid
10894,FR0084,D000167,P014,2026-02-05,17308.59,12,T009,Valid
10895,FR0084,D000465,P014,2026-02-11,17308.59,12,T009,Valid
10896,FR0084,D000483,P014,2026-02-16,17308.59,12,T009,Valid
10897,FR0084,D000051,P014,2026-02-23,17308.59,12,T009,Valid
10898,FR0084,D000827,P014,2026-03-09,14621.06,10,T009,Valid
10899,FR0084,D000167,P014,2026-03-02,14621.06,10,T009,Valid
10900,FR0084,D000051,P014,2026-03-20,14621.06,10,T009,Valid
10901,FR0084,D000323,P014,2026-03-16,14621.06,10,T009,Valid
10902,FR0084,D000827,P014,2026-04-22,10819.12,8,T009,Valid
10903,FR0084,D000483,P014,2026-04-19,10819.12,8,T009,Valid
10904,FR0084,D000323,P014,2026-04-22,10819.12,8,T009,Valid
10905,FR0084,D000051,P014,2026-04-11,10819.12,8,T009,Valid
10906,FR0084,D000167,P014,2026-04-21,10819.12,8,T009,Valid
10907,FR0084,D000465,P014,2026-04-01,10819.12,8,T009,Valid
10908,FR0084,D000465,P014,2026-05-16,10155.9,7,T009,Valid
10909,FR0084,D000827,P014,2026-05-15,10155.9,7,T009,Valid
10910,FR0084,D000167,P014,2026-05-12,10155.9,7,T009,Valid
10911,FR0084,D000483,P014,2026-05-05,10155.9,7,T009,Valid
10912,FR0084,D000323,P014,2026-05-17,10155.9,7,T009,Valid
10913,FR0084,D000051,P014,2026-05-21,10155.9,7,T009,Valid
10914,FR0084,D000483,P014,2026-06-08,21782.17,16,T009,Valid
10915,FR0084,D000167,P014,2026-06-04,21782.17,16,T009,Valid
10916,FR0084,D000051,P014,2026-06-22,21782.17,16,T009,Valid
10917,FR0084,D000167,P014,2026-07-13,16249.63,12,T009,Valid
10918,FR0084,D000323,P014,2026-07-27,16249.63,12,T001,Valid
10919,FR0084,D000051,P014,2026-07-23,16249.63,12,T009,Valid
10920,FR0084,D000465,P014,2026-07-06,16249.63,12,T009,Valid
10921,FR0084,D000465,P019,2026-01-25,10290.65,5,T009,Valid
10922,FR0084,D000167,P019,2026-01-25,10290.65,5,T009,Valid
10923,FR0084,D000323,P019,2026-01-19,10290.65,5,T009,Valid
10924,FR0084,D000827,P019,2026-01-07,10290.65,5,T009,Valid
10925,FR0084,D000483,P019,2026-01-27,10290.65,5,T009,Valid
10926,FR0084,D000051,P019,2026-01-04,10290.65,5,T009,Valid
10927,FR0084,D000465,P019,2026-02-08,10556.66,5,T009,Valid
10928,FR0084,D000483,P019,2026-02-14,10556.66,5,T009,Valid
10929,FR0084,D000167,P019,2026-02-24,10556.66,5,T009,Valid
10930,FR0084,D000827,P019,2026-02-06,10556.66,5,T009,Valid
10931,FR0084,D000051,P019,2026-02-13,10556.66,5,T009,Valid
10932,FR0084,D000323,P019,2026-02-02,10556.66,5,T009,Valid
10933,FR0084,D000465,P019,2026-03-23,100645.35,46,T009,Valid
10934,FR0084,D000051,P019,2026-04-24,10146.37,5,T009,Valid
10935,FR0084,D000167,P019,2026-04-08,10146.37,5,T009,Valid
10936,FR0084,D000465,P019,2026-04-04,10146.37,5,T009,Valid
10937,FR0084,D000323,P019,2026-04-08,10146.37,5,T009,Valid
10938,FR0084,D000483,P019,2026-04-07,10146.37,5,T009,Valid
10939,FR0084,D000827,P019,2026-04-02,10146.37,5,T009,Valid
10940,FR0084,D000323,P019,2026-05-16,13596.52,6,T009,Valid
10941,FR0084,D000827,P019,2026-05-01,13596.52,6,T009,Valid
10942,FR0084,D000051,P019,2026-05-08,13596.52,6,T009,Valid
10943,FR0084,D000167,P019,2026-05-11,13596.52,6,T009,Valid
10944,FR0084,D000483,P019,2026-06-01,14383.46,7,T009,Valid
10945,FR0084,D000051,P019,2026-06-18,14383.46,7,T009,Valid
10946,FR0084,D000827,P019,2026-06-06,14383.46,7,T009,Valid
10947,FR0084,D000323,P019,2026-06-21,14383.46,7,T009,Valid
10948,FR0084,D000827,P019,2026-07-16,21148.49,10,T009,Valid
10949,FR0084,D000483,P019,2026-07-19,21148.49,10,T009,Valid
10950,FR0084,D000323,P019,2026-07-25,21148.49,10,T009,Valid
10951,FR0084,D000465,P027,2026-01-26,36834.42,15,T009,Valid
10952,FR0084,D000323,P027,2026-01-07,36834.42,15,T009,Valid
10953,FR0084,D000051,P027,2026-01-02,36834.42,15,T009,Valid
10954,FR0084,D000167,P027,2026-01-25,36834.42,15,T009,Valid
10955,FR0084,D000827,P027,2026-02-07,77034.48,31,T009,Valid
10956,FR0084,D000465,P027,2026-02-08,77034.48,31,T009,Valid
10957,FR0084,D000827,P027,2026-03-11,33361.72,13,T009,Valid
10958,FR0084,D000051,P027,2026-03-08,33361.72,13,T009,Valid
10959,FR0084,D000483,P027,2026-03-20,33361.72,13,T009,Valid
10960,FR0084,D000323,P027,2026-03-16,33361.72,13,T009,Valid
10961,FR0084,D000167,P027,2026-03-24,33361.72,13,T009,Valid
10962,FR0084,D000465,P027,2026-04-25,29716.76,12,T009,Valid
10963,FR0084,D000483,P027,2026-04-16,29716.76,12,T009,Valid
10964,FR0084,D000051,P027,2026-04-21,29716.76,12,T009,Valid
10965,FR0084,D000167,P027,2026-04-07,29716.76,12,T009,Valid
10966,FR0084,D000827,P027,2026-04-14,29716.76,12,T009,Valid
10967,FR0084,D000323,P027,2026-05-17,79848.15,32,T009,Valid
10968,FR0084,D000827,P027,2026-05-02,79848.15,32,T009,Valid
10969,FR0084,D000465,P027,2026-06-14,35785.98,14,T009,Valid
10970,FR0084,D000323,P027,2026-06-09,35785.98,14,T009,Valid
10971,FR0084,D000167,P027,2026-06-08,35785.98,14,T009,Valid
10972,FR0084,D000827,P027,2026-06-12,35785.98,14,T009,Valid
10973,FR0084,D000167,P027,2026-07-23,35479.34,14,T009,Valid
10974,FR0084,D000483,P027,2026-07-13,35479.34,14,T009,Valid
10975,FR0084,D000051,P027,2026-07-15,35479.34,14,T009,Valid
10976,FR0084,D000827,P027,2026-07-21,35479.34,14,T009,Valid
10977,FR0084,D000483,P022,2026-01-16,30523.78,75,T009,Valid
10978,FR0084,D000323,P022,2026-01-27,30523.78,75,T009,Valid
10979,FR0084,D000051,P022,2026-02-20,12562.72,31,T009,Valid
10980,FR0084,D000483,P022,2026-02-26,12562.72,31,T009,Valid
10981,FR0084,D000827,P022,2026-02-14,12562.72,31,T009,Valid
10982,FR0084,D000323,P022,2026-02-26,12562.72,31,T009,Valid
10983,FR0084,D000827,P022,2026-03-09,10781.02,26,T009,Valid
10984,FR0084,D000483,P022,2026-03-06,10781.02,26,T009,Valid
10985,FR0084,D000051,P022,2026-03-11,10781.02,26,T009,Valid
10986,FR0084,D000323,P022,2026-03-02,10781.02,26,T009,Valid
10987,FR0084,D000167,P022,2026-03-12,10781.02,26,T009,Valid
10988,FR0084,D000465,P022,2026-04-19,15306.76,38,T009,Valid
10989,FR0084,D000827,P022,2026-04-06,15306.76,38,T009,Valid
10990,FR0084,D000323,P022,2026-04-04,15306.76,38,T009,Valid
10991,FR0084,D000051,P022,2026-04-13,15306.76,38,T009,Valid
10992,FR0084,D000051,P022,2026-05-08,17944.44,44,T009,Valid
10993,FR0084,D000827,P022,2026-05-21,17944.44,44,T009,Valid
10994,FR0084,D000483,P022,2026-05-10,17944.44,44,T009,Valid
10995,FR0084,D000051,P022,2026-06-14,11531.83,28,T009,Valid
10996,FR0084,D000483,P022,2026-06-10,11531.83,28,T009,Valid
10997,FR0084,D000827,P022,2026-06-09,11531.83,28,T009,Valid
10998,FR0084,D000167,P022,2026-06-02,11531.83,28,T009,Valid
10999,FR0084,D000323,P022,2026-06-02,11531.83,28,T009,Valid
11000,FR0084,D000323,P022,2026-07-01,53551.51,131,T015,Valid
11001,FR0084,D000323,P024,2026-01-02,57804.72,79,T009,Valid
11002,FR0084,D000465,P024,2026-01-07,57804.72,79,T009,Valid
11003,FR0084,D000483,P024,2026-01-02,57804.72,79,T009,Valid
11004,FR0084,D000051,P024,2026-02-22,25818.2,35,T009,Valid
11005,FR0084,D000167,P024,2026-02-12,25818.2,35,T009,Valid
11006,FR0084,D000827,P024,2026-02-18,25818.2,35,T009,Valid
11007,FR0084,D000483,P024,2026-02-04,25818.2,35,T009,Valid
11008,FR0084,D000323,P024,2026-02-19,25818.2,35,T009,Valid
11009,FR0084,D000465,P024,2026-02-20,25818.2,35,T009,Valid
11010,FR0084,D000051,P024,2026-03-22,29422.68,40,T009,Valid
11011,FR0084,D000465,P024,2026-03-16,29422.68,40,T009,Valid
11012,FR0084,D000323,P024,2026-03-16,29422.68,40,T009,Valid
11013,FR0084,D000827,P024,2026-03-24,29422.68,40,T009,Valid
11014,FR0084,D000167,P024,2026-03-13,29422.68,40,T009,Valid
11015,FR0084,D000827,P024,2026-04-25,86242.5,117,T009,Valid
11016,FR0084,D000167,P024,2026-04-06,86242.5,117,T009,Valid
11017,FR0084,D000167,P024,2026-05-10,81877.65,111,T009,Valid
11018,FR0084,D000323,P024,2026-05-04,81877.65,111,T009,Valid
11019,FR0084,D000465,P024,2026-06-22,29258.21,40,T009,Valid
11020,FR0084,D000323,P024,2026-06-03,29258.21,40,T009,Valid
11021,FR0084,D000483,P024,2026-06-18,29258.21,40,T009,Valid
11022,FR0084,D000827,P024,2026-06-06,29258.21,40,T009,Valid
11023,FR0084,D000051,P024,2026-06-25,29258.21,40,T009,Valid
11024,FR0084,D000167,P024,2026-06-03,29258.21,40,T009,Valid
11025,FR0084,D000827,P024,2026-07-20,43390.93,59,T009,Valid
11026,FR0084,D000323,P024,2026-07-23,43390.93,59,T009,Valid
11027,FR0084,D000465,P024,2026-07-25,43390.93,59,T009,Valid
11028,FR0084,D000483,P024,2026-07-15,43390.93,59,T009,Valid
11029,FR0085,D000111,P019,2026-01-22,82613.06,37,T019,Valid
11030,FR0085,D000578,P019,2026-01-13,82613.06,37,T019,Valid
11031,FR0085,D000551,P019,2026-02-18,32670.1,15,T019,Valid
11032,FR0085,D000841,P019,2026-02-27,32670.1,15,T019,Valid
11033,FR0085,D000578,P019,2026-02-17,32670.1,15,T019,Valid
11034,FR0085,D000283,P019,2026-02-18,32670.1,15,T019,Valid
11035,FR0085,D000418,P019,2026-02-21,32670.1,15,T019,Valid
11036,FR0085,D000841,P019,2026-03-07,30128.17,14,T019,Valid
11037,FR0085,D000971,P019,2026-03-17,30128.17,14,T019,Valid
11038,FR0085,D000418,P019,2026-03-11,30128.17,14,T019,Valid
11039,FR0085,D000578,P019,2026-03-09,30128.17,14,T019,Valid
11040,FR0085,D000551,P019,2026-03-12,30128.17,14,T019,Valid
11041,FR0085,D000418,P019,2026-04-10,32611.21,15,T019,Valid
11042,FR0085,D000841,P019,2026-04-14,32611.21,15,T019,Valid
11043,FR0085,D000578,P019,2026-04-15,32611.21,15,T019,Valid
11044,FR0085,D000579,P019,2026-04-14,32611.21,15,T019,Valid
11045,FR0085,D000551,P019,2026-04-13,32611.21,15,T019,Valid
11046,FR0085,D000579,P019,2026-05-01,279686.33,127,T019,Valid
11047,FR0085,D000283,P019,2026-06-21,37182.53,17,T019,Valid
11048,FR0085,D000111,P019,2026-06-24,37182.53,17,T019,Valid
11049,FR0085,D000579,P019,2026-06-07,37182.53,17,T019,Valid
11050,FR0085,D000418,P019,2026-06-24,37182.53,17,T019,Valid
11051,FR0085,D000578,P019,2026-07-09,81020.93,37,T019,Valid
11052,FR0085,D000841,P019,2026-07-15,81020.93,37,T019,Valid
11053,FR0085,D000971,P003,2026-01-23,29928.9,17,T019,Valid
11054,FR0085,D000111,P003,2026-01-12,29928.9,17,T019,Valid
11055,FR0085,D000283,P003,2026-01-10,29928.9,17,T019,Valid
11056,FR0085,D000418,P003,2026-01-20,29928.9,17,T019,Valid
11057,FR0085,D000841,P003,2026-01-02,29928.9,17,T019,Valid
11058,FR0085,D000579,P003,2026-02-21,26937.22,16,T019,Valid
11059,FR0085,D000551,P003,2026-02-16,26937.22,16,T019,Valid
11060,FR0085,D000418,P003,2026-02-09,26937.22,16,T019,Valid
11061,FR0085,D000283,P003,2026-02-18,26937.22,16,T019,Valid
11062,FR0085,D000971,P003,2026-02-12,26937.22,16,T019,Valid
11063,FR0085,D000578,P003,2026-02-24,26937.22,16,T019,Valid
11064,FR0085,D000551,P003,2026-03-01,32555.07,19,T019,Valid
11065,FR0085,D000283,P003,2026-03-11,32555.07,19,T019,Valid
11066,FR0085,D000418,P003,2026-03-19,32555.07,19,T019,Valid
11067,FR0085,D000579,P003,2026-03-07,32555.07,19,T019,Valid
11068,FR0085,D000841,P003,2026-03-01,32555.07,19,T019,Valid
11069,FR0085,D000418,P003,2026-04-19,52153.75,30,T019,Valid
11070,FR0085,D000551,P003,2026-04-22,52153.75,30,T019,Valid
11071,FR0085,D000841,P003,2026-04-18,52153.75,30,T019,Valid
11072,FR0085,D000551,P003,2026-05-26,82466.33,48,T019,Valid
11073,FR0085,D000971,P003,2026-05-21,82466.33,48,T005,Valid
11074,FR0085,D000418,P003,2026-06-07,38813.1,22,T019,Valid
11075,FR0085,D000579,P003,2026-06-12,38813.1,22,T019,Valid
11076,FR0085,D000578,P003,2026-06-02,38813.1,22,T019,Valid
11077,FR0085,D000971,P003,2026-06-20,38813.1,22,T019,Valid
11078,FR0085,D000971,P003,2026-07-05,28768.95,17,T019,Valid
11079,FR0085,D000841,P003,2026-07-16,28768.95,17,T019,Valid
11080,FR0085,D000551,P003,2026-07-14,28768.95,17,T019,Valid
11081,FR0085,D000578,P003,2026-07-19,28768.95,17,T019,Valid
11082,FR0085,D000418,P003,2026-07-19,28768.95,17,T019,Valid
11083,FR0085,D000418,P023,2026-01-02,16888.81,7,T019,Valid
11084,FR0085,D000971,P023,2026-01-13,16888.81,7,T019,Valid
11085,FR0085,D000578,P023,2026-01-03,16888.81,7,T019,Valid
11086,FR0085,D000283,P023,2026-01-14,16888.81,7,T019,Valid
11087,FR0085,D000841,P023,2026-01-16,16888.81,7,T019,Valid
11088,FR0085,D000111,P023,2026-02-25,45000.93,19,T020,Valid
11089,FR0085,D000578,P023,2026-02-19,45000.93,19,T005,Valid
11090,FR0085,D000418,P023,2026-03-19,32049.48,14,T019,Valid
11091,FR0085,D000841,P023,2026-03-06,32049.48,14,T019,Valid
11092,FR0085,D000551,P023,2026-03-25,32049.48,14,T019,Valid
11093,FR0085,D000579,P023,2026-04-21,15987.98,7,T019,Valid
11094,FR0085,D000578,P023,2026-04-06,15987.98,7,T019,Valid
11095,FR0085,D000841,P023,2026-04-10,15987.98,7,T019,Valid
11096,FR0085,D000111,P023,2026-04-09,15987.98,7,T019,Valid
11097,FR0085,D000971,P023,2026-04-08,15987.98,7,T019,Valid
11098,FR0085,D000283,P023,2026-05-03,14737.94,6,T019,Valid
11099,FR0085,D000418,P023,2026-05-05,14737.94,6,T019,Valid
11100,FR0085,D000551,P023,2026-05-26,14737.94,6,T019,Valid
11101,FR0085,D000841,P023,2026-05-27,14737.94,6,T019,Valid
11102,FR0085,D000578,P023,2026-05-19,14737.94,6,T019,Valid
11103,FR0085,D000111,P023,2026-05-24,14737.94,6,T019,Valid
11104,FR0085,D000841,P023,2026-06-07,17915.84,8,T019,Valid
11105,FR0085,D000579,P023,2026-06-10,17915.84,8,T019,Valid
11106,FR0085,D000578,P023,2026-06-07,17915.84,8,T019,Valid
11107,FR0085,D000418,P023,2026-06-22,17915.84,8,T019,Valid
11108,FR0085,D000283,P023,2026-06-24,17915.84,8,T019,Valid
11109,FR0085,D000418,P023,2026-07-13,23630.77,10,T019,Valid
11110,FR0085,D000578,P023,2026-07-16,23630.77,10,T019,Valid
11111,FR0085,D000841,P023,2026-07-16,23630.77,10,T019,Valid
11112,FR0085,D000971,P023,2026-07-10,23630.77,10,T019,Valid
11113,FR0085,D000971,P028,2026-01-13,50534.72,44,T018,Valid
11114,FR0085,D000578,P028,2026-01-11,50534.72,44,T002,Valid
11115,FR0085,D000578,P028,2026-02-21,35095.67,30,T019,Valid
11116,FR0085,D000841,P028,2026-02-22,35095.67,30,T019,Valid
11117,FR0085,D000579,P028,2026-02-23,35095.67,30,T019,Valid
11118,FR0085,D000971,P028,2026-03-17,17708.47,15,T019,Valid
11119,FR0085,D000841,P028,2026-03-17,17708.47,15,T019,Valid
11120,FR0085,D000579,P028,2026-03-27,17708.47,15,T019,Valid
11121,FR0085,D000551,P028,2026-03-20,17708.47,15,T019,Valid
11122,FR0085,D000283,P028,2026-03-26,17708.47,15,T019,Valid
11123,FR0085,D000418,P028,2026-03-17,17708.47,15,T019,Valid
11124,FR0085,D000841,P028,2026-04-01,21439.37,19,T019,Valid
11125,FR0085,D000578,P028,2026-04-13,21439.37,19,T019,Valid
11126,FR0085,D000111,P028,2026-04-26,21439.37,19,T019,Valid
11127,FR0085,D000579,P028,2026-04-20,21439.37,19,T019,Valid
11128,FR0085,D000418,P028,2026-04-20,21439.37,19,T019,Valid
11129,FR0085,D000579,P028,2026-05-08,49823.55,43,T019,Valid
11130,FR0085,D000551,P028,2026-05-22,49823.55,43,T019,Valid
11131,FR0085,D000283,P028,2026-06-20,89497.61,78,T019,Valid
11132,FR0085,D000971,P028,2026-06-26,89497.61,78,T019,Valid
11133,FR0085,D000841,P028,2026-07-17,37147.25,32,T019,Valid
11134,FR0085,D000418,P028,2026-07-10,37147.25,32,T019,Valid
11135,FR0085,D000551,P028,2026-07-13,37147.25,32,T019,Valid
11136,FR0085,D000579,P009,2026-01-10,98095.04,40,T019,Valid
11137,FR0085,D000578,P009,2026-01-13,98095.04,40,T019,Valid
11138,FR0085,D000971,P009,2026-02-02,50334.63,21,T019,Valid
11139,FR0085,D000111,P009,2026-02-23,50334.63,21,T019,Valid
11140,FR0085,D000579,P009,2026-02-03,50334.63,21,T019,Valid
11141,FR0085,D000579,P009,2026-03-01,26135.38,11,T019,Valid
11142,FR0085,D000551,P009,2026-03-04,26135.38,11,T019,Valid
11143,FR0085,D000111,P009,2026-03-23,26135.38,11,T019,Valid
11144,FR0085,D000841,P009,2026-03-07,26135.38,11,T019,Valid
11145,FR0085,D000283,P009,2026-03-07,26135.38,11,T019,Valid
11146,FR0085,D000283,P009,2026-04-01,68418.84,28,T019,Valid
11147,FR0085,D000841,P009,2026-04-22,68418.84,28,T019,Valid
11148,FR0085,D000418,P009,2026-05-14,22470.36,9,T019,Valid
11149,FR0085,D000841,P009,2026-05-07,22470.36,9,T019,Valid
11150,FR0085,D000283,P009,2026-05-13,22470.36,9,T019,Valid
11151,FR0085,D000971,P009,2026-05-09,22470.36,9,T019,Valid
11152,FR0085,D000111,P009,2026-05-19,22470.36,9,T019,Valid
11153,FR0085,D000551,P009,2026-05-13,22470.36,9,T019,Valid
11154,FR0085,D000551,P009,2026-06-27,35475.84,15,T019,Valid
11155,FR0085,D000418,P009,2026-06-27,35475.84,15,T019,Valid
11156,FR0085,D000578,P009,2026-06-03,35475.84,15,T019,Valid
11157,FR0085,D000111,P009,2026-06-27,35475.84,15,T019,Valid
11158,FR0085,D000579,P009,2026-07-24,30841.32,13,T019,Valid
11159,FR0085,D000111,P009,2026-07-03,30841.32,13,T019,Valid
11160,FR0085,D000841,P009,2026-07-04,30841.32,13,T019,Valid
11161,FR0085,D000418,P009,2026-07-11,30841.32,13,T019,Valid
11162,FR0086,D000517,P002,2026-01-09,25669.44,19,T014,Valid
11163,FR0086,D000512,P002,2026-01-27,25669.44,19,T014,Valid
11164,FR0086,D000886,P002,2026-01-13,25669.44,19,T014,Valid
11165,FR0086,D000118,P002,2026-01-11,25669.44,19,T014,Valid
11166,FR0086,D000316,P002,2026-01-12,25669.44,19,T014,Valid
11167,FR0086,D000118,P002,2026-02-24,31315.76,23,T014,Valid
11168,FR0086,D000512,P002,2026-02-17,31315.76,23,T014,Valid
11169,FR0086,D000361,P002,2026-02-25,31315.76,23,T014,Valid
11170,FR0086,D000413,P002,2026-02-25,31315.76,23,T014,Valid
11171,FR0086,D000886,P002,2026-03-16,65106.88,48,T014,Valid
11172,FR0086,D000316,P002,2026-03-16,65106.88,48,T014,Valid
11173,FR0086,D000512,P002,2026-04-12,64557.02,47,T014,Valid
11174,FR0086,D000118,P002,2026-04-01,64557.02,47,T014,Valid
11175,FR0086,D000517,P002,2026-05-16,35006.15,26,T014,Valid
11176,FR0086,D000118,P002,2026-05-18,35006.15,26,T014,Valid
11177,FR0086,D000316,P002,2026-05-11,35006.15,26,T014,Valid
11178,FR0086,D000355,P002,2026-05-09,35006.15,26,T014,Valid
11179,FR0086,D000316,P002,2026-06-13,30744.34,22,T014,Valid
11180,FR0086,D000361,P002,2026-06-26,30744.34,22,T014,Valid
11181,FR0086,D000990,P002,2026-06-01,30744.34,22,T014,Valid
11182,FR0086,D000413,P002,2026-06-18,30744.34,22,T014,Valid
11183,FR0086,D000355,P002,2026-07-22,72612.86,53,T014,Valid
11184,FR0086,D000517,P002,2026-07-22,72612.86,53,T014,Valid
11185,FR0086,D000118,P027,2026-01-14,30103.3,12,T014,Valid
11186,FR0086,D000361,P027,2026-01-19,30103.3,12,T014,Valid
11187,FR0086,D000316,P027,2026-01-17,30103.3,12,T014,Valid
11188,FR0086,D000517,P027,2026-01-10,30103.3,12,T014,Valid
11189,FR0086,D000990,P027,2026-01-01,30103.3,12,T014,Valid
11190,FR0086,D000118,P027,2026-02-18,82317.95,33,T014,Valid
11191,FR0086,D000512,P027,2026-02-09,82317.95,33,T014,Valid
11192,FR0086,D000990,P027,2026-03-14,53923.43,22,T014,Valid
11193,FR0086,D000517,P027,2026-03-04,53923.43,22,T014,Valid
11194,FR0086,D000512,P027,2026-03-02,53923.43,22,T014,Valid
11195,FR0086,D000118,P027,2026-04-01,42944.54,17,T014,Valid
11196,FR0086,D000990,P027,2026-04-23,42944.54,17,T014,Valid
11197,FR0086,D000517,P027,2026-04-15,42944.54,17,T014,Valid
11198,FR0086,D000355,P027,2026-04-25,42944.54,17,T014,Valid
11199,FR0086,D000517,P027,2026-05-10,32077.51,13,T014,Valid
11200,FR0086,D000886,P027,2026-05-12,32077.51,13,T014,Valid
11201,FR0086,D000361,P027,2026-05-14,32077.51,13,T014,Valid
11202,FR0086,D000125,P027,2026-05-17,32077.51,13,T014,Valid
11203,FR0086,D000990,P027,2026-05-14,32077.51,13,T014,Valid
11204,FR0086,D000125,P027,2026-06-18,47788.59,19,T014,Valid
11205,FR0086,D000316,P027,2026-06-08,47788.59,19,T014,Valid
11206,FR0086,D000886,P027,2026-06-19,47788.59,19,T014,Valid
11207,FR0086,D000125,P027,2026-07-15,47383.47,19,T014,Valid
11208,FR0086,D000413,P027,2026-07-24,47383.47,19,T014,Valid
11209,FR0086,D000316,P027,2026-07-20,47383.47,19,T014,Valid
11210,FR0086,D000886,P005,2026-01-06,52190.98,27,T014,Valid
11211,FR0086,D000125,P005,2026-01-25,52190.98,27,T014,Valid
11212,FR0086,D000517,P005,2026-02-06,26783.75,14,T014,Valid
11213,FR0086,D000512,P005,2026-02-25,26783.75,14,T014,Valid
11214,FR0086,D000118,P005,2026-02-11,26783.75,14,T014,Valid
11215,FR0086,D000990,P005,2026-02-13,26783.75,14,T014,Valid
11216,FR0086,D000886,P005,2026-03-02,52973.03,27,T014,Valid
11217,FR0086,D000990,P005,2026-03-12,52973.03,27,T014,Valid
11218,FR0086,D000316,P005,2026-04-15,18926.69,10,T014,Valid
11219,FR0086,D000118,P005,2026-04-08,18926.69,10,T014,Valid
11220,FR0086,D000512,P005,2026-04-11,18926.69,10,T014,Valid
11221,FR0086,D000413,P005,2026-04-12,18926.69,10,T014,Valid
11222,FR0086,D000125,P005,2026-04-04,18926.69,10,T014,Valid
11223,FR0086,D000512,P005,2026-05-05,51895.86,27,T014,Valid
11224,FR0086,D000990,P005,2026-05-13,51895.86,27,T014,Valid
11225,FR0086,D000512,P005,2026-06-25,35388.46,18,T014,Valid
11226,FR0086,D000118,P005,2026-06-08,35388.46,18,T014,Valid
11227,FR0086,D000316,P005,2026-06-17,35388.46,18,T014,Valid
11228,FR0086,D000316,P005,2026-07-12,32352.76,17,T014,Valid
11229,FR0086,D000413,P005,2026-07-26,32352.76,17,T014,Valid
11230,FR0086,D000361,P005,2026-07-01,32352.76,17,T014,Valid
11231,FR0086,D000886,P016,2026-01-27,40798.66,278,T014,Valid
11232,FR0086,D000517,P016,2026-01-18,40798.66,278,T014,Valid
11233,FR0086,D000125,P016,2026-01-21,40798.66,278,T014,Valid
11234,FR0086,D000512,P016,2026-02-11,60621.41,413,T014,Valid
11235,FR0086,D000990,P016,2026-02-10,60621.41,413,T014,Valid
11236,FR0086,D000355,P016,2026-03-08,21064.02,144,T014,Valid
11237,FR0086,D000118,P016,2026-03-26,21064.02,144,T014,Valid
11238,FR0086,D000886,P016,2026-03-27,21064.02,144,T014,Valid
11239,FR0086,D000316,P016,2026-03-23,21064.02,144,T014,Valid
11240,FR0086,D000990,P016,2026-03-01,21064.02,144,T014,Valid
11241,FR0086,D000517,P016,2026-03-18,21064.02,144,T014,Valid
11242,FR0086,D000512,P016,2026-04-19,63086.78,430,T014,Valid
11243,FR0086,D000361,P016,2026-04-08,63086.78,430,T014,Valid
11244,FR0086,D000990,P016,2026-05-27,24459.41,167,T014,Valid
11245,FR0086,D000118,P016,2026-05-02,24459.41,167,T014,Valid
11246,FR0086,D000413,P016,2026-05-16,24459.41,167,T014,Valid
11247,FR0086,D000517,P016,2026-05-05,24459.41,167,T014,Valid
11248,FR0086,D000361,P016,2026-05-21,24459.41,167,T014,Valid
11249,FR0086,D000413,P016,2026-06-22,26589.64,181,T014,Valid
11250,FR0086,D000125,P016,2026-06-02,26589.64,181,T014,Valid
11251,FR0086,D000355,P016,2026-06-21,26589.64,181,T014,Valid
11252,FR0086,D000118,P016,2026-06-02,26589.64,181,T014,Valid
11253,FR0086,D000413,P016,2026-07-17,23201.42,158,T014,Valid
11254,FR0086,D000361,P016,2026-07-01,23201.42,158,T014,Valid
11255,FR0086,D000517,P016,2026-07-10,23201.42,158,T014,Valid
11256,FR0086,D000125,P016,2026-07-16,23201.42,158,T014,Valid
11257,FR0086,D000886,P016,2026-07-01,23201.42,158,T014,Valid
11258,FR0086,D000355,P013,2026-01-23,13326.35,29,T014,Valid
11259,FR0086,D000316,P013,2026-01-18,13326.35,29,T014,Valid
11260,FR0086,D000118,P013,2026-01-03,13326.35,29,T014,Valid
11261,FR0086,D000886,P013,2026-01-27,13326.35,29,T014,Valid
11262,FR0086,D000517,P013,2026-02-15,13698.77,29,T014,Valid
11263,FR0086,D000125,P013,2026-02-17,13698.77,29,T014,Valid
11264,FR0086,D000886,P013,2026-02-22,13698.77,29,T014,Valid
11265,FR0086,D000512,P013,2026-02-25,13698.77,29,T014,Valid
11266,FR0086,D000125,P013,2026-03-23,110754.31,237,T014,Valid
11267,FR0086,D000512,P013,2026-04-23,99957.77,214,T014,Valid
11268,FR0086,D000361,P013,2026-05-07,10558.9,23,T014,Valid
11269,FR0086,D000517,P013,2026-05-19,10558.9,23,T014,Valid
11270,FR0086,D000355,P013,2026-05-22,10558.9,23,T014,Valid
11271,FR0086,D000990,P013,2026-05-06,10558.9,23,T014,Valid
11272,FR0086,D000886,P013,2026-05-20,10558.9,23,T014,Valid
11273,FR0086,D000512,P013,2026-05-13,10558.9,23,T014,Valid
11274,FR0086,D000125,P013,2026-06-07,11171.6,24,T014,Valid
11275,FR0086,D000316,P013,2026-06-07,11171.6,24,T014,Valid
11276,FR0086,D000361,P013,2026-06-10,11171.6,24,T014,Valid
11277,FR0086,D000512,P013,2026-06-03,11171.6,24,T014,Valid
11278,FR0086,D000118,P013,2026-06-21,11171.6,24,T014,Valid
11279,FR0086,D000512,P013,2026-07-07,12774.33,27,T014,Valid
11280,FR0086,D000361,P013,2026-07-12,12774.33,27,T014,Valid
11281,FR0086,D000355,P013,2026-07-23,12774.33,27,T014,Valid
11282,FR0086,D000517,P013,2026-07-03,12774.33,27,T014,Valid
11283,FR0086,D000316,P013,2026-07-10,12774.33,27,T014,Valid
11284,FR0086,D000886,P020,2026-01-19,33570.8,110,T014,Valid
11285,FR0086,D000125,P020,2026-01-04,33570.8,110,T014,Valid
11286,FR0086,D000413,P020,2026-01-13,33570.8,110,T014,Valid
11287,FR0086,D000118,P020,2026-01-08,33570.8,110,T014,Valid
11288,FR0086,D000361,P020,2026-01-21,33570.8,110,T014,Valid
11289,FR0086,D000355,P020,2026-02-01,32368.88,106,T014,Valid
11290,FR0086,D000990,P020,2026-02-05,32368.88,106,T014,Valid
11291,FR0086,D000118,P020,2026-02-27,32368.88,106,T014,Valid
11292,FR0086,D000125,P020,2026-02-08,32368.88,106,T014,Valid
11293,FR0086,D000512,P020,2026-02-08,32368.88,106,T014,Valid
11294,FR0086,D000512,P020,2026-03-24,27054.19,89,T014,Valid
11295,FR0086,D000118,P020,2026-03-22,27054.19,89,T014,Valid
11296,FR0086,D000316,P020,2026-03-16,27054.19,89,T014,Valid
11297,FR0086,D000517,P020,2026-03-09,27054.19,89,T014,Valid
11298,FR0086,D000886,P020,2026-03-01,27054.19,89,T014,Valid
11299,FR0086,D000361,P020,2026-03-10,27054.19,89,T014,Valid
11300,FR0086,D000512,P020,2026-04-26,31880.08,104,T014,Valid
11301,FR0086,D000886,P020,2026-04-21,31880.08,104,T014,Valid
11302,FR0086,D000361,P020,2026-04-13,31880.08,104,T014,Valid
11303,FR0086,D000355,P020,2026-04-24,31880.08,104,T014,Valid
11304,FR0086,D000118,P020,2026-04-15,31880.08,104,T014,Valid
11305,FR0086,D000355,P020,2026-05-16,31604.87,103,T014,Valid
11306,FR0086,D000512,P020,2026-05-17,31604.87,103,T014,Valid
11307,FR0086,D000118,P020,2026-05-27,31604.87,103,T014,Valid
11308,FR0086,D000316,P020,2026-05-25,31604.87,103,T014,Valid
11309,FR0086,D000125,P020,2026-05-05,31604.87,103,T014,Valid
11310,FR0086,D000125,P020,2026-06-06,84996.86,278,T014,Valid
11311,FR0086,D000886,P020,2026-06-15,84996.86,278,T014,Valid
11312,FR0086,D000355,P020,2026-07-21,49359.32,162,T013,Valid
11313,FR0086,D000512,P020,2026-07-18,49359.32,162,T014,Valid
11314,FR0086,D000517,P020,2026-07-13,49359.32,162,T013,Valid
11315,FR0086,D000361,P020,2026-07-13,49359.32,162,T014,Valid
11316,FR0086,D000413,P020,2026-07-17,49359.32,162,T018,Valid
11317,FR0087,D000002,P016,2026-01-05,22219.28,151,T019,Valid
11318,FR0087,D000601,P016,2026-01-21,22219.28,151,T019,Valid
11319,FR0087,D000209,P016,2026-01-04,22219.28,151,T019,Valid
11320,FR0087,D000525,P016,2026-01-20,22219.28,151,T019,Valid
11321,FR0087,D000324,P016,2026-01-26,22219.28,151,T019,Valid
11322,FR0087,D000401,P016,2026-01-20,22219.28,151,T019,Valid
11323,FR0087,D000662,P016,2026-02-26,117958.05,804,T015,Valid
11324,FR0087,D000525,P016,2026-03-24,25890.6,176,T019,Valid
11325,FR0087,D000805,P016,2026-03-05,25890.6,176,T019,Valid
11326,FR0087,D000601,P016,2026-03-02,25890.6,176,T019,Valid
11327,FR0087,D000975,P016,2026-03-04,25890.6,176,T019,Valid
11328,FR0087,D000324,P016,2026-03-03,25890.6,176,T019,Valid
11329,FR0087,D000601,P016,2026-04-20,26751.35,182,T019,Valid
11330,FR0087,D000401,P016,2026-04-16,26751.35,182,T019,Valid
11331,FR0087,D000002,P016,2026-04-22,26751.35,182,T019,Valid
11332,FR0087,D000264,P016,2026-04-08,26751.35,182,T019,Valid
11333,FR0087,D000525,P016,2026-04-01,26751.35,182,T019,Valid
11334,FR0087,D000662,P016,2026-05-21,43354.38,295,T019,Valid
11335,FR0087,D000805,P016,2026-05-11,43354.38,295,T019,Valid
11336,FR0087,D000264,P016,2026-05-27,43354.38,295,T019,Valid
11337,FR0087,D000805,P016,2026-06-26,19675.59,134,T019,Valid
11338,FR0087,D000662,P016,2026-06-16,19675.59,134,T019,Valid
11339,FR0087,D000002,P016,2026-06-21,19675.59,134,T019,Valid
11340,FR0087,D000264,P016,2026-06-08,19675.59,134,T019,Valid
11341,FR0087,D000975,P016,2026-06-24,19675.59,134,T019,Valid
11342,FR0087,D000601,P016,2026-06-07,19675.59,134,T019,Valid
11343,FR0087,D000601,P016,2026-07-24,34354.52,234,T014,Valid
11344,FR0087,D000264,P016,2026-07-04,34354.52,234,T016,Valid
11345,FR0087,D000401,P016,2026-07-06,34354.52,234,T019,Valid
11346,FR0087,D000324,P016,2026-07-02,34354.52,234,T006,Valid
11347,FR0087,D000662,P019,2026-01-09,54810.36,25,T019,Valid
11348,FR0087,D000805,P019,2026-01-13,54810.36,25,T019,Valid
11349,FR0087,D000401,P019,2026-02-20,25188.1,11,T019,Valid
11350,FR0087,D000601,P019,2026-02-23,25188.1,11,T019,Valid
11351,FR0087,D000805,P019,2026-02-17,25188.1,11,T019,Valid
11352,FR0087,D000209,P019,2026-02-11,25188.1,11,T019,Valid
11353,FR0087,D000002,P019,2026-02-14,25188.1,11,T019,Valid
11354,FR0087,D000264,P019,2026-03-26,28580.52,13,T019,Valid
11355,FR0087,D000401,P019,2026-03-13,28580.52,13,T019,Valid
11356,FR0087,D000525,P019,2026-03-06,28580.52,13,T019,Valid
11357,FR0087,D000805,P019,2026-03-06,28580.52,13,T019,Valid
11358,FR0087,D000662,P019,2026-04-01,26381.39,12,T019,Valid
11359,FR0087,D000401,P019,2026-04-11,26381.39,12,T019,Valid
11360,FR0087,D000002,P019,2026-04-09,26381.39,12,T019,Valid
11361,FR0087,D000324,P019,2026-04-08,26381.39,12,T019,Valid
11362,FR0087,D000525,P019,2026-04-06,26381.39,12,T019,Valid
11363,FR0087,D000805,P019,2026-05-27,21698.45,10,T019,Valid
11364,FR0087,D000324,P019,2026-05-22,21698.45,10,T019,Valid
11365,FR0087,D000975,P019,2026-05-20,21698.45,10,T019,Valid
11366,FR0087,D000401,P019,2026-05-13,21698.45,10,T019,Valid
11367,FR0087,D000209,P019,2026-05-05,21698.45,10,T019,Valid
11368,FR0087,D000525,P019,2026-05-21,21698.45,10,T019,Valid
11369,FR0087,D000601,P019,2026-06-13,19853.08,9,T019,Valid
11370,FR0087,D000975,P019,2026-06-16,19853.08,9,T019,Valid
11371,FR0087,D000209,P019,2026-06-21,19853.08,9,T019,Valid
11372,FR0087,D000002,P019,2026-06-02,19853.08,9,T019,Valid
11373,FR0087,D000662,P019,2026-06-10,19853.08,9,T019,Valid
11374,FR0087,D000264,P019,2026-06-16,19853.08,9,T019,Valid
11375,FR0087,D000264,P019,2026-07-01,20739.58,9,T019,Valid
11376,FR0087,D000601,P019,2026-07-13,20739.58,9,T019,Valid
11377,FR0087,D000975,P019,2026-07-02,20739.58,9,T019,Valid
11378,FR0087,D000324,P019,2026-07-03,20739.58,9,T019,Valid
11379,FR0087,D000209,P019,2026-07-27,20739.58,9,T019,Valid
11380,FR0087,D000662,P019,2026-07-14,20739.58,9,T019,Valid
11381,FR0087,D000601,P002,2026-01-19,117980.1,86,T010,Valid
11382,FR0087,D000975,P002,2026-01-24,117980.1,86,T011,Valid
11383,FR0087,D000401,P002,2026-02-05,26278.67,19,T016,Valid
11384,FR0087,D000264,P002,2026-02-18,26278.67,19,T019,Valid
11385,FR0087,D000002,P002,2026-02-15,26278.67,19,T008,Valid
11386,FR0087,D000525,P002,2026-02-07,26278.67,19,T019,Valid
11387,FR0087,D000805,P002,2026-02-06,26278.67,19,T020,Valid
11388,FR0087,D000975,P002,2026-03-02,28166.26,21,T019,Valid
11389,FR0087,D000209,P002,2026-03-18,28166.26,21,T019,Valid
11390,FR0087,D000002,P002,2026-03-22,28166.26,21,T019,Valid
11391,FR0087,D000525,P002,2026-03-25,28166.26,21,T019,Valid
11392,FR0087,D000324,P002,2026-03-04,28166.26,21,T019,Valid
11393,FR0087,D000264,P002,2026-04-02,67537.39,49,T019,Valid
11394,FR0087,D000525,P002,2026-04-14,67537.39,49,T019,Valid
11395,FR0087,D000324,P002,2026-05-22,39773.09,29,T019,Valid
11396,FR0087,D000401,P002,2026-05-11,39773.09,29,T019,Valid
11397,FR0087,D000805,P002,2026-05-14,39773.09,29,T019,Valid
11398,FR0087,D000601,P002,2026-05-22,39773.09,29,T019,Valid
11399,FR0087,D000209,P002,2026-06-23,138416.32,101,T005,Valid
11400,FR0087,D000805,P002,2026-07-16,22401.83,16,T019,Valid
11401,FR0087,D000662,P002,2026-07-19,22401.83,16,T019,Valid
11402,FR0087,D000525,P002,2026-07-06,22401.83,16,T019,Valid
11403,FR0087,D000264,P002,2026-07-09,22401.83,16,T019,Valid
11404,FR0087,D000401,P002,2026-07-03,22401.83,16,T019,Valid
11405,FR0087,D000975,P002,2026-07-12,22401.83,16,T019,Valid
11406,FR0087,D000002,P010,2026-01-09,21322.61,16,T019,Valid
11407,FR0087,D000209,P010,2026-01-08,21322.61,16,T019,Valid
11408,FR0087,D000601,P010,2026-01-22,21322.61,16,T019,Valid
11409,FR0087,D000662,P010,2026-02-08,13349.17,10,T019,Valid
11410,FR0087,D000401,P010,2026-02-25,13349.17,10,T019,Valid
11411,FR0087,D000805,P010,2026-02-05,13349.17,10,T019,Valid
11412,FR0087,D000525,P010,2026-02-23,13349.17,10,T019,Valid
11413,FR0087,D000264,P010,2026-02-12,13349.17,10,T019,Valid
11414,FR0087,D000401,P010,2026-03-15,11859.5,9,T019,Valid
11415,FR0087,D000002,P010,2026-03-09,11859.5,9,T019,Valid
11416,FR0087,D000975,P010,2026-03-21,11859.5,9,T019,Valid
11417,FR0087,D000601,P010,2026-03-13,11859.5,9,T019,Valid
11418,FR0087,D000324,P010,2026-03-09,11859.5,9,T019,Valid
11419,FR0087,D000324,P010,2026-04-15,10666.88,8,T019,Valid
11420,FR0087,D000401,P010,2026-04-26,10666.88,8,T019,Valid
11421,FR0087,D000209,P010,2026-04-03,10666.88,8,T019,Valid
11422,FR0087,D000805,P010,2026-04-02,10666.88,8,T019,Valid
11423,FR0087,D000002,P010,2026-04-19,10666.88,8,T019,Valid
11424,FR0087,D000975,P010,2026-04-18,10666.88,8,T019,Valid
11425,FR0087,D000975,P010,2026-05-05,9325.64,7,T019,Valid
11426,FR0087,D000324,P010,2026-05-05,9325.64,7,T019,Valid
11427,FR0087,D000209,P010,2026-05-05,9325.64,7,T019,Valid
11428,FR0087,D000805,P010,2026-05-12,9325.64,7,T019,Valid
11429,FR0087,D000525,P010,2026-05-12,9325.64,7,T019,Valid
11430,FR0087,D000264,P010,2026-05-16,9325.64,7,T019,Valid
11431,FR0087,D000662,P010,2026-06-27,24676.52,19,T019,Valid
11432,FR0087,D000209,P010,2026-06-24,24676.52,19,T019,Valid
11433,FR0087,D000525,P010,2026-06-08,24676.52,19,T019,Valid
11434,FR0087,D000601,P010,2026-06-22,24676.52,19,T019,Valid
11435,FR0087,D000324,P010,2026-07-09,19423.35,15,T019,Valid
11436,FR0087,D000401,P010,2026-07-02,19423.35,15,T019,Valid
11437,FR0087,D000975,P010,2026-07-15,19423.35,15,T019,Valid
11438,FR0088,D000280,P017,2026-01-24,95240.01,43,T013,Valid
11439,FR0088,D000131,P017,2026-02-13,45540.36,21,T013,Valid
11440,FR0088,D000706,P017,2026-02-21,45540.36,21,T013,Valid
11441,FR0088,D000678,P017,2026-03-21,23446.09,11,T013,Valid
11442,FR0088,D000280,P017,2026-03-02,23446.09,11,T013,Valid
11443,FR0088,D000131,P017,2026-03-02,23446.09,11,T013,Valid
11444,FR0088,D000706,P017,2026-03-01,23446.09,11,T013,Valid
11445,FR0088,D000706,P017,2026-04-06,29359.93,13,T006,Valid
11446,FR0088,D000678,P017,2026-04-25,29359.93,13,T013,Valid
11447,FR0088,D000131,P017,2026-04-15,29359.93,13,T010,Valid
11448,FR0088,D000678,P017,2026-05-16,95935.79,43,T013,Valid
11449,FR0088,D000706,P017,2026-06-26,23645.27,11,T013,Valid
11450,FR0088,D000131,P017,2026-06-10,23645.27,11,T013,Valid
11451,FR0088,D000280,P017,2026-06-09,23645.27,11,T013,Valid
11452,FR0088,D000678,P017,2026-06-04,23645.27,11,T013,Valid
11453,FR0088,D000678,P017,2026-07-13,22880.23,10,T013,Valid
11454,FR0088,D000280,P017,2026-07-05,22880.23,10,T013,Valid
11455,FR0088,D000131,P017,2026-07-20,22880.23,10,T013,Valid
11456,FR0088,D000706,P017,2026-07-04,22880.23,10,T013,Valid
11457,FR0088,D000678,P025,2026-01-12,36115.75,15,T013,Valid
11458,FR0088,D000280,P025,2026-01-11,36115.75,15,T013,Valid
11459,FR0088,D000706,P025,2026-01-08,36115.75,15,T013,Valid
11460,FR0088,D000131,P025,2026-01-07,36115.75,15,T013,Valid
11461,FR0088,D000131,P025,2026-02-21,45378.46,19,T013,Valid
11462,FR0088,D000678,P025,2026-02-27,45378.46,19,T013,Valid
11463,FR0088,D000706,P025,2026-02-11,45378.46,19,T013,Valid
11464,FR0088,D000706,P025,2026-03-12,70622.58,29,T013,Valid
11465,FR0088,D000280,P025,2026-03-02,70622.58,29,T013,Valid
11466,FR0088,D000280,P025,2026-04-17,61682.68,26,T013,Valid
11467,FR0088,D000706,P025,2026-04-10,61682.68,26,T013,Valid
11468,FR0088,D000706,P025,2026-05-04,34912.13,14,T013,Valid
11469,FR0088,D000131,P025,2026-05-05,34912.13,14,T013,Valid
11470,FR0088,D000678,P025,2026-05-08,34912.13,14,T013,Valid
11471,FR0088,D000280,P025,2026-05-21,34912.13,14,T013,Valid
11472,FR0088,D000131,P025,2026-06-27,36581.41,15,T013,Valid
11473,FR0088,D000280,P025,2026-06-20,36581.41,15,T013,Valid
11474,FR0088,D000706,P025,2026-06-06,36581.41,15,T013,Valid
11475,FR0088,D000678,P025,2026-06-18,36581.41,15,T013,Valid
11476,FR0088,D000678,P025,2026-07-06,37491.27,16,T013,Valid
11477,FR0088,D000706,P025,2026-07-17,37491.27,16,T013,Valid
11478,FR0088,D000280,P025,2026-07-20,37491.27,16,T013,Valid
11479,FR0088,D000131,P025,2026-07-11,37491.27,16,T013,Valid
11480,FR0088,D000706,P001,2026-01-15,17681.52,17,T013,Valid
11481,FR0088,D000131,P001,2026-01-15,17681.52,17,T013,Valid
11482,FR0088,D000678,P001,2026-01-07,17681.52,17,T013,Valid
11483,FR0088,D000678,P001,2026-02-11,13798.31,13,T013,Valid
11484,FR0088,D000131,P001,2026-02-19,13798.31,13,T013,Valid
11485,FR0088,D000280,P001,2026-02-25,13798.31,13,T013,Valid
11486,FR0088,D000706,P001,2026-02-13,13798.31,13,T013,Valid
11487,FR0088,D000280,P001,2026-03-15,26526.73,26,T013,Valid
11488,FR0088,D000706,P001,2026-03-03,26526.73,26,T013,Valid
11489,FR0088,D000678,P001,2026-04-11,13972.01,14,T013,Valid
11490,FR0088,D000131,P001,2026-04-04,13972.01,14,T013,Valid
11491,FR0088,D000280,P001,2026-04-05,13972.01,14,T013,Valid
11492,FR0088,D000706,P001,2026-04-03,13972.01,14,T013,Valid
11493,FR0088,D000706,P001,2026-05-05,27202.01,27,T013,Valid
11494,FR0088,D000280,P001,2026-05-16,27202.01,27,T013,Valid
11495,FR0088,D000706,P001,2026-06-26,12162.06,12,T013,Valid
11496,FR0088,D000280,P001,2026-06-24,12162.06,12,T013,Valid
11497,FR0088,D000131,P001,2026-06-22,12162.06,12,T013,Valid
11498,FR0088,D000678,P001,2026-06-26,12162.06,12,T013,Valid
11499,FR0088,D000280,P001,2026-07-01,13404.88,13,T013,Valid
11500,FR0088,D000706,P001,2026-07-13,13404.88,13,T013,Valid
11501,FR0088,D000131,P001,2026-07-12,13404.88,13,T013,Valid
11502,FR0088,D000678,P001,2026-07-15,13404.88,13,T013,Valid
11503,FR0089,D000733,P015,2026-01-16,150594.84,98,T012,Valid
11504,FR0089,D000733,P015,2026-02-20,129193.47,84,T012,Valid
11505,FR0089,D000733,P015,2026-03-20,152329.39,99,T012,Valid
11506,FR0089,D000733,P015,2026-04-10,154530.25,101,T012,Valid
11507,FR0089,D000733,P015,2026-05-27,128096.53,83,T012,Valid
11508,FR0089,D000733,P015,2026-06-07,153440.59,100,T012,Valid
11509,FR0089,D000733,P015,2026-07-23,136593.42,89,T012,Valid
11510,FR0089,D000733,P012,2026-01-04,49760.08,23,T012,Valid
11511,FR0089,D000733,P012,2026-02-13,48696.84,23,T012,Valid
11512,FR0089,D000733,P012,2026-03-11,44174.22,21,T012,Valid
11513,FR0089,D000733,P012,2026-04-14,44854.41,21,T005,Valid
11514,FR0089,D000733,P012,2026-05-20,53503.57,25,T012,Valid
11515,FR0089,D000733,P012,2026-06-01,52788.67,25,T012,Valid
11516,FR0089,D000733,P012,2026-07-19,48814.96,23,T012,Valid
11517,FR0089,D000733,P014,2026-01-18,95729.41,69,T012,Valid
11518,FR0089,D000733,P014,2026-02-23,94844.29,68,T012,Valid
11519,FR0089,D000733,P014,2026-03-07,184628.22,132,T002,Valid
11520,FR0089,D000733,P014,2026-04-03,95713.51,69,T012,Valid
11521,FR0089,D000733,P014,2026-05-01,100824.7,72,T012,Valid
11522,FR0089,D000733,P014,2026-06-20,102794.35,74,T012,Valid
11523,FR0089,D000733,P014,2026-07-03,108596.86,78,T012,Valid
11524,FR0089,D000733,P028,2026-01-12,140561.75,122,T012,Valid
11525,FR0089,D000733,P028,2026-02-04,128556.1,112,T012,Valid
11526,FR0089,D000733,P028,2026-03-13,123413.67,107,T012,Valid
11527,FR0089,D000733,P028,2026-04-10,122245.94,106,T012,Valid
11528,FR0089,D000733,P028,2026-05-11,129911.34,113,T012,Valid
11529,FR0089,D000733,P028,2026-06-18,128167.74,111,T012,Valid
11530,FR0089,D000733,P028,2026-07-14,151251.67,131,T012,Valid
11531,FR0089,D000733,P021,2026-01-14,221947.5,108,T015,Valid
11532,FR0089,D000733,P021,2026-02-06,130109.54,63,T012,Valid
11533,FR0089,D000733,P021,2026-03-24,153769.15,75,T012,Valid
11534,FR0089,D000733,P021,2026-04-20,137611.73,67,T012,Valid
11535,FR0089,D000733,P021,2026-05-06,148999.33,72,T012,Valid
11536,FR0089,D000733,P021,2026-06-03,127958.14,62,T012,Valid
11537,FR0089,D000733,P021,2026-07-06,153751.02,75,T012,Valid
11538,FR0090,D000406,P022,2026-01-20,34945.63,86,T008,Valid
11539,FR0090,D000164,P022,2026-01-02,34945.63,86,T008,Valid
11540,FR0090,D000814,P022,2026-01-01,34945.63,86,T008,Valid
11541,FR0090,D000468,P022,2026-01-26,34945.63,86,T008,Valid
11542,FR0090,D000406,P022,2026-02-23,48393.01,119,T008,Valid
11543,FR0090,D000814,P022,2026-02-16,48393.01,119,T008,Valid
11544,FR0090,D000468,P022,2026-02-18,48393.01,119,T008,Valid
11545,FR0090,D000406,P022,2026-03-09,41196.93,101,T008,Valid
11546,FR0090,D000164,P022,2026-03-23,41196.93,101,T008,Valid
11547,FR0090,D000814,P022,2026-03-09,41196.93,101,T008,Valid
11548,FR0090,D000468,P022,2026-03-26,41196.93,101,T008,Valid
11549,FR0090,D000468,P022,2026-04-11,76928.78,188,T008,Valid
11550,FR0090,D000814,P022,2026-04-13,76928.78,188,T008,Valid
11551,FR0090,D000406,P022,2026-05-18,69876.47,171,T008,Valid
11552,FR0090,D000468,P022,2026-05-12,69876.47,171,T008,Valid
11553,FR0090,D000814,P022,2026-06-17,48238.05,118,T008,Valid
11554,FR0090,D000406,P022,2026-06-07,48238.05,118,T008,Valid
11555,FR0090,D000164,P022,2026-06-16,48238.05,118,T008,Valid
11556,FR0090,D000406,P022,2026-07-09,36772.14,90,T008,Valid
11557,FR0090,D000468,P022,2026-07-09,36772.14,90,T008,Valid
11558,FR0090,D000164,P022,2026-07-05,36772.14,90,T008,Valid
11559,FR0090,D000814,P022,2026-07-24,36772.14,90,T008,Valid
11560,FR0090,D000406,P010,2026-01-07,27792.03,21,T008,Valid
11561,FR0090,D000468,P010,2026-01-12,27792.03,21,T008,Valid
11562,FR0090,D000164,P010,2026-01-01,27792.03,21,T008,Valid
11563,FR0090,D000814,P010,2026-01-23,27792.03,21,T008,Valid
11564,FR0090,D000164,P010,2026-02-02,26300.85,20,T008,Valid
11565,FR0090,D000406,P010,2026-02-22,26300.85,20,T008,Valid
11566,FR0090,D000814,P010,2026-02-06,26300.85,20,T008,Valid
11567,FR0090,D000468,P010,2026-02-13,26300.85,20,T008,Valid
11568,FR0090,D000406,P010,2026-03-01,35239.33,27,T008,Valid
11569,FR0090,D000468,P010,2026-03-14,35239.33,27,T008,Valid
11570,FR0090,D000814,P010,2026-03-06,35239.33,27,T008,Valid
11571,FR0090,D000814,P010,2026-04-12,39381.1,30,T008,Valid
11572,FR0090,D000164,P010,2026-04-18,39381.1,30,T008,Valid
11573,FR0090,D000468,P010,2026-04-27,39381.1,30,T008,Valid
11574,FR0090,D000814,P010,2026-05-12,50433.0,38,T008,Valid
11575,FR0090,D000406,P010,2026-05-03,50433.0,38,T008,Valid
11576,FR0090,D000164,P010,2026-06-27,29423.76,22,T008,Valid
11577,FR0090,D000814,P010,2026-06-15,29423.76,22,T008,Valid
11578,FR0090,D000406,P010,2026-06-11,29423.76,22,T008,Valid
11579,FR0090,D000468,P010,2026-06-13,29423.76,22,T008,Valid
11580,FR0090,D000164,P010,2026-07-01,28509.55,22,T008,Valid
11581,FR0090,D000814,P010,2026-07-01,28509.55,22,T008,Valid
11582,FR0090,D000406,P010,2026-07-23,28509.55,22,T008,Valid
11583,FR0090,D000468,P010,2026-07-08,28509.55,22,T008,Valid
11584,FR0090,D000406,P020,2026-01-26,23173.48,76,T008,Valid
11585,FR0090,D000468,P020,2026-01-11,23173.48,76,T008,Valid
11586,FR0090,D000814,P020,2026-01-23,23173.48,76,T008,Valid
11587,FR0090,D000468,P020,2026-02-06,14643.47,48,T008,Valid
11588,FR0090,D000406,P020,2026-02-11,14643.47,48,T008,Valid
11589,FR0090,D000814,P020,2026-02-05,14643.47,48,T008,Valid
11590,FR0090,D000164,P020,2026-02-05,14643.47,48,T008,Valid
11591,FR0090,D000814,P020,2026-03-19,16971.85,56,T008,Valid
11592,FR0090,D000406,P020,2026-03-22,16971.85,56,T008,Valid
11593,FR0090,D000468,P020,2026-03-13,16971.85,56,T008,Valid
11594,FR0090,D000164,P020,2026-03-07,16971.85,56,T008,Valid
11595,FR0090,D000468,P020,2026-04-22,37124.81,121,T015,Valid
11596,FR0090,D000406,P020,2026-04-05,37124.81,121,T017,Valid
11597,FR0090,D000164,P020,2026-04-05,37124.81,121,T003,Valid
11598,FR0090,D000814,P020,2026-05-23,21963.44,72,T008,Valid
11599,FR0090,D000468,P020,2026-05-26,21963.44,72,T008,Valid
11600,FR0090,D000406,P020,2026-05-04,21963.44,72,T008,Valid
11601,FR0090,D000406,P020,2026-06-21,61665.86,202,T008,Valid
11602,FR0090,D000406,P020,2026-07-18,20381.32,67,T008,Valid
11603,FR0090,D000814,P020,2026-07-18,20381.32,67,T008,Valid
11604,FR0090,D000164,P020,2026-07-19,20381.32,67,T008,Valid
11605,FR0090,D000814,P021,2026-01-01,34506.18,17,T008,Valid
11606,FR0090,D000164,P021,2026-01-04,34506.18,17,T008,Valid
11607,FR0090,D000468,P021,2026-01-20,34506.18,17,T008,Valid
11608,FR0090,D000406,P021,2026-01-06,34506.18,17,T008,Valid
11609,FR0090,D000164,P021,2026-02-09,30618.02,15,T008,Valid
11610,FR0090,D000468,P021,2026-02-25,30618.02,15,T008,Valid
11611,FR0090,D000406,P021,2026-02-07,30618.02,15,T008,Valid
11612,FR0090,D000814,P021,2026-02-27,30618.02,15,T008,Valid
11613,FR0090,D000814,P021,2026-03-18,31267.06,15,T008,Valid
11614,FR0090,D000406,P021,2026-03-08,31267.06,15,T008,Valid
11615,FR0090,D000468,P021,2026-03-03,31267.06,15,T008,Valid
11616,FR0090,D000164,P021,2026-03-19,31267.06,15,T008,Valid
11617,FR0090,D000468,P021,2026-04-02,45570.65,22,T008,Valid
11618,FR0090,D000814,P021,2026-04-19,45570.65,22,T008,Valid
11619,FR0090,D000164,P021,2026-04-19,45570.65,22,T008,Valid
11620,FR0090,D000406,P021,2026-05-03,36164.29,18,T008,Valid
11621,FR0090,D000164,P021,2026-05-17,36164.29,18,T008,Valid
11622,FR0090,D000468,P021,2026-05-16,36164.29,18,T008,Valid
11623,FR0090,D000814,P021,2026-05-15,36164.29,18,T008,Valid
11624,FR0090,D000164,P021,2026-06-13,47644.28,23,T008,Valid
11625,FR0090,D000814,P021,2026-06-20,47644.28,23,T008,Valid
11626,FR0090,D000468,P021,2026-06-15,47644.28,23,T008,Valid
11627,FR0090,D000164,P021,2026-07-16,42723.49,21,T008,Valid
11628,FR0090,D000814,P021,2026-07-04,42723.49,21,T008,Valid
11629,FR0090,D000468,P021,2026-07-26,42723.49,21,T008,Valid
11630,FR0091,D000947,P010,2026-01-20,35213.99,27,T005,Valid
11631,FR0091,D000491,P010,2026-01-06,35213.99,27,T005,Valid
11632,FR0091,D000491,P010,2026-02-13,12555.31,10,T005,Valid
11633,FR0091,D000192,P010,2026-02-18,12555.31,10,T005,Valid
11634,FR0091,D000699,P010,2026-02-04,12555.31,10,T005,Valid
11635,FR0091,D000307,P010,2026-02-19,12555.31,10,T005,Valid
11636,FR0091,D000150,P010,2026-02-08,12555.31,10,T005,Valid
11637,FR0091,D000906,P010,2026-03-25,31344.78,24,T005,Valid
11638,FR0091,D000192,P010,2026-03-03,31344.78,24,T005,Valid
11639,FR0091,D000054,P010,2026-04-06,12021.1,9,T005,Valid
11640,FR0091,D000150,P010,2026-04-19,12021.1,9,T005,Valid
11641,FR0091,D000906,P010,2026-04-18,12021.1,9,T005,Valid
11642,FR0091,D000491,P010,2026-04-27,12021.1,9,T005,Valid
11643,FR0091,D000307,P010,2026-04-10,12021.1,9,T005,Valid
11644,FR0091,D000947,P010,2026-04-03,12021.1,9,T005,Valid
11645,FR0091,D000699,P010,2026-05-16,23934.9,18,T005,Valid
11646,FR0091,D000054,P010,2026-05-16,23934.9,18,T005,Valid
11647,FR0091,D000307,P010,2026-05-02,23934.9,18,T005,Valid
11648,FR0091,D000947,P010,2026-06-08,11327.59,9,T005,Valid
11649,FR0091,D000054,P010,2026-06-07,11327.59,9,T005,Valid
11650,FR0091,D000307,P010,2026-06-01,11327.59,9,T005,Valid
11651,FR0091,D000491,P010,2026-06-13,11327.59,9,T005,Valid
11652,FR0091,D000150,P010,2026-06-06,11327.59,9,T005,Valid
11653,FR0091,D000192,P010,2026-06-05,11327.59,9,T005,Valid
11654,FR0091,D000365,P010,2026-07-12,10491.64,8,T005,Valid
11655,FR0091,D000699,P010,2026-07-03,10491.64,8,T005,Valid
11656,FR0091,D000054,P010,2026-07-24,10491.64,8,T005,Valid
11657,FR0091,D000307,P010,2026-07-04,10491.64,8,T005,Valid
11658,FR0091,D000150,P010,2026-07-08,10491.64,8,T005,Valid
11659,FR0091,D000906,P010,2026-07-05,10491.64,8,T005,Valid
11660,FR0091,D000906,P006,2026-01-21,121020.42,329,T005,Valid
11661,FR0091,D000491,P006,2026-02-08,22749.92,62,T005,Valid
11662,FR0091,D000307,P006,2026-02-13,22749.92,62,T005,Valid
11663,FR0091,D000150,P006,2026-02-22,22749.92,62,T005,Valid
11664,FR0091,D000365,P006,2026-02-12,22749.92,62,T005,Valid
11665,FR0091,D000054,P006,2026-02-09,22749.92,62,T005,Valid
11666,FR0091,D000054,P006,2026-03-13,17062.08,46,T005,Valid
11667,FR0091,D000947,P006,2026-03-22,17062.08,46,T005,Valid
11668,FR0091,D000906,P006,2026-03-16,17062.08,46,T005,Valid
11669,FR0091,D000365,P006,2026-03-02,17062.08,46,T005,Valid
11670,FR0091,D000192,P006,2026-03-23,17062.08,46,T005,Valid
11671,FR0091,D000699,P006,2026-03-14,17062.08,46,T005,Valid
11672,FR0091,D000054,P006,2026-04-19,51431.65,140,T005,Valid
11673,FR0091,D000307,P006,2026-04-25,51431.65,140,T005,Valid
11674,FR0091,D000365,P006,2026-05-02,18156.89,49,T005,Valid
11675,FR0091,D000699,P006,2026-05-17,18156.89,49,T005,Valid
11676,FR0091,D000906,P006,2026-05-25,18156.89,49,T005,Valid
11677,FR0091,D000491,P006,2026-05-20,18156.89,49,T005,Valid
11678,FR0091,D000192,P006,2026-05-05,18156.89,49,T005,Valid
11679,FR0091,D000150,P006,2026-05-06,18156.89,49,T005,Valid
11680,FR0091,D000947,P006,2026-06-16,20628.92,56,T005,Valid
11681,FR0091,D000054,P006,2026-06-12,20628.92,56,T005,Valid
11682,FR0091,D000307,P006,2026-06-15,20628.92,56,T005,Valid
11683,FR0091,D000491,P006,2026-06-04,20628.92,56,T005,Valid
11684,FR0091,D000906,P006,2026-06-19,20628.92,56,T005,Valid
11685,FR0091,D000365,P006,2026-06-13,20628.92,56,T005,Valid
11686,FR0091,D000365,P006,2026-07-04,55728.22,152,T005,Valid
11687,FR0091,D000699,P006,2026-07-21,55728.22,152,T005,Valid
11688,FR0091,D000699,P023,2026-01-18,41321.31,17,T005,Valid
11689,FR0091,D000491,P023,2026-01-21,41321.31,17,T005,Valid
11690,FR0091,D000307,P023,2026-01-27,41321.31,17,T005,Valid
11691,FR0091,D000054,P023,2026-02-18,42698.82,18,T005,Valid
11692,FR0091,D000365,P023,2026-02-03,42698.82,18,T005,Valid
11693,FR0091,D000699,P023,2026-02-27,42698.82,18,T005,Valid
11694,FR0091,D000699,P023,2026-03-26,25036.24,11,T005,Valid
11695,FR0091,D000365,P023,2026-03-24,25036.24,11,T005,Valid
11696,FR0091,D000054,P023,2026-03-24,25036.24,11,T005,Valid
11697,FR0091,D000192,P023,2026-03-04,25036.24,11,T005,Valid
11698,FR0091,D000491,P023,2026-03-19,25036.24,11,T005,Valid
11699,FR0091,D000491,P023,2026-04-18,29084.97,12,T005,Valid
11700,FR0091,D000947,P023,2026-04-02,29084.97,12,T005,Valid
11701,FR0091,D000192,P023,2026-04-21,29084.97,12,T005,Valid
11702,FR0091,D000054,P023,2026-04-01,29084.97,12,T005,Valid
11703,FR0091,D000699,P023,2026-05-23,29170.21,12,T005,Valid
11704,FR0091,D000365,P023,2026-05-19,29170.21,12,T005,Valid
11705,FR0091,D000150,P023,2026-05-07,29170.21,12,T005,Valid
11706,FR0091,D000307,P023,2026-05-21,29170.21,12,T005,Valid
11707,FR0091,D000150,P023,2026-06-05,128063.39,54,T005,Valid
11708,FR0091,D000054,P023,2026-07-12,21528.22,9,T005,Valid
11709,FR0091,D000699,P023,2026-07-11,21528.22,9,T005,Valid
11710,FR0091,D000947,P023,2026-07-07,21528.22,9,T005,Valid
11711,FR0091,D000150,P023,2026-07-22,21528.22,9,T005,Valid
11712,FR0091,D000491,P023,2026-07-07,21528.22,9,T005,Valid
11713,FR0092,D000546,P015,2026-01-13,31097.23,20,T017,Valid
11714,FR0092,D000362,P015,2026-01-15,31097.23,20,T017,Valid
11715,FR0092,D000839,P015,2026-01-02,31097.23,20,T017,Valid
11716,FR0092,D000059,P015,2026-01-25,31097.23,20,T017,Valid
11717,FR0092,D000137,P015,2026-01-09,31097.23,20,T017,Valid
11718,FR0092,D000287,P015,2026-02-24,49109.38,32,T017,Valid
11719,FR0092,D000916,P015,2026-02-20,49109.38,32,T017,Valid
11720,FR0092,D000794,P015,2026-02-04,49109.38,32,T017,Valid
11721,FR0092,D000223,P015,2026-03-12,29495.14,19,T017,Valid
11722,FR0092,D000973,P015,2026-03-04,29495.14,19,T017,Valid
11723,FR0092,D000778,P015,2026-03-26,29495.14,19,T017,Valid
11724,FR0092,D000593,P015,2026-03-26,29495.14,19,T017,Valid
11725,FR0092,D000804,P015,2026-03-13,29495.14,19,T017,Valid
11726,FR0092,D000824,P015,2026-03-13,29495.14,19,T017,Valid
11727,FR0092,D000354,P015,2026-04-13,34533.22,22,T017,Valid
11728,FR0092,D000623,P015,2026-04-11,34533.22,22,T017,Valid
11729,FR0092,D000759,P015,2026-04-18,34533.22,22,T017,Valid
11730,FR0092,D000998,P015,2026-04-12,34533.22,22,T017,Valid
11731,FR0092,D000498,P015,2026-04-24,34533.22,22,T017,Valid
11732,FR0092,D000778,P015,2026-05-17,86862.39,56,T017,Valid
11733,FR0092,D000223,P015,2026-05-04,86862.39,56,T017,Valid
11734,FR0092,D000354,P015,2026-06-17,77706.69,51,T017,Valid
11735,FR0092,D000322,P015,2026-06-05,77706.69,51,T017,Valid
11736,FR0092,D000916,P015,2026-07-25,24714.38,16,T017,Valid
11737,FR0092,D000588,P015,2026-07-27,24714.38,16,T017,Valid
11738,FR0092,D000495,P015,2026-07-26,24714.38,16,T017,Valid
11739,FR0092,D000764,P015,2026-07-02,24714.38,16,T017,Valid
11740,FR0092,D000153,P015,2026-07-12,24714.38,16,T017,Valid
11741,FR0092,D000704,P015,2026-07-17,24714.38,16,T017,Valid
11742,FR0092,D000593,P014,2026-01-08,74526.97,53,T017,Valid
11743,FR0092,D000649,P014,2026-01-24,74526.97,53,T017,Valid
11744,FR0092,D000400,P014,2026-02-16,24649.54,18,T017,Valid
11745,FR0092,D000042,P014,2026-02-26,24649.54,18,T017,Valid
11746,FR0092,D000137,P014,2026-02-19,24649.54,18,T017,Valid
11747,FR0092,D000889,P014,2026-02-23,24649.54,18,T017,Valid
11748,FR0092,D000593,P014,2026-02-03,24649.54,18,T017,Valid
11749,FR0092,D000799,P014,2026-02-21,24649.54,18,T017,Valid
11750,FR0092,D000778,P014,2026-03-02,66656.35,48,T017,Valid
11751,FR0092,D000623,P014,2026-03-12,66656.35,48,T017,Valid
11752,FR0092,D000042,P014,2026-04-10,37724.26,27,T017,Valid
11753,FR0092,D000593,P014,2026-04-17,37724.26,27,T017,Valid
11754,FR0092,D000778,P014,2026-04-26,37724.26,27,T017,Valid
11755,FR0092,D000153,P014,2026-04-16,37724.26,27,T017,Valid
11756,FR0092,D000889,P014,2026-05-16,33153.26,24,T017,Valid
11757,FR0092,D000973,P014,2026-05-20,33153.26,24,T017,Valid
11758,FR0092,D000546,P014,2026-05-20,33153.26,24,T017,Valid
11759,FR0092,D000588,P014,2026-05-20,33153.26,24,T017,Valid
11760,FR0092,D000862,P014,2026-06-06,42946.1,31,T017,Valid
11761,FR0092,D000640,P014,2026-06-08,42946.1,31,T017,Valid
11762,FR0092,D000287,P014,2026-06-25,42946.1,31,T017,Valid
11763,FR0092,D000824,P014,2026-07-22,24900.25,18,T017,Valid
11764,FR0092,D000059,P014,2026-07-04,24900.25,18,T017,Valid
11765,FR0092,D000492,P014,2026-07-03,24900.25,18,T017,Valid
11766,FR0092,D000588,P014,2026-07-08,24900.25,18,T017,Valid
11767,FR0092,D000573,P014,2026-07-07,24900.25,18,T017,Valid
11768,FR0092,D000968,P014,2026-07-15,24900.25,18,T017,Valid
11769,FR0092,D000973,P006,2026-01-21,20992.74,57,T017,Valid
11770,FR0092,D000854,P006,2026-01-14,20992.74,57,T017,Valid
11771,FR0092,D000759,P006,2026-01-12,20992.74,57,T017,Valid
11772,FR0092,D000124,P006,2026-01-24,20992.74,57,T017,Valid
11773,FR0092,D000804,P006,2026-01-03,20992.74,57,T017,Valid
11774,FR0092,D000229,P006,2026-02-08,27450.27,75,T017,Valid
11775,FR0092,D000322,P006,2026-02-09,27450.27,75,T017,Valid
11776,FR0092,D000593,P006,2026-02-22,27450.27,75,T017,Valid
11777,FR0092,D000889,P006,2026-02-15,27450.27,75,T017,Valid
11778,FR0092,D000354,P006,2026-03-22,15583.05,42,T017,Valid
11779,FR0092,D000244,P006,2026-03-23,15583.05,42,T017,Valid
11780,FR0092,D000400,P006,2026-03-26,15583.05,42,T017,Valid
11781,FR0092,D000119,P006,2026-03-24,15583.05,42,T017,Valid
11782,FR0092,D000973,P006,2026-03-05,15583.05,42,T017,Valid
11783,FR0092,D000498,P006,2026-03-04,15583.05,42,T017,Valid
11784,FR0092,D000042,P006,2026-04-09,38147.07,104,T017,Valid
11785,FR0092,D000617,P006,2026-04-18,38147.07,104,T017,Valid
11786,FR0092,D000287,P006,2026-04-26,38147.07,104,T017,Valid
11787,FR0092,D000498,P006,2026-05-15,24928.43,68,T017,Valid
11788,FR0092,D000968,P006,2026-05-03,24928.43,68,T017,Valid
11789,FR0092,D000588,P006,2026-05-04,24928.43,68,T017,Valid
11790,FR0092,D000437,P006,2026-05-13,24928.43,68,T017,Valid
11791,FR0092,D000640,P006,2026-06-01,35101.48,95,T017,Valid
11792,FR0092,D000799,P006,2026-06-18,35101.48,95,T017,Valid
11793,FR0092,D000871,P006,2026-06-17,35101.48,95,T017,Valid
11794,FR0092,D000759,P006,2026-07-17,26080.83,71,T017,Valid
11795,FR0092,D000824,P006,2026-07-04,26080.83,71,T017,Valid
11796,FR0092,D000546,P006,2026-07-12,26080.83,71,T017,Valid
11797,FR0092,D000640,P006,2026-07-01,26080.83,71,T017,Valid
11798,FR0093,D000962,P002,2026-01-03,22667.2,17,T016,Valid
11799,FR0093,D000275,P002,2026-01-07,22667.2,17,T016,Valid
11800,FR0093,D000865,P002,2026-01-23,22667.2,17,T016,Valid
11801,FR0093,D000835,P002,2026-01-02,22667.2,17,T016,Valid
11802,FR0093,D000732,P002,2026-01-18,22667.2,17,T016,Valid
11803,FR0093,D000374,P002,2026-02-07,65777.55,48,T016,Valid
11804,FR0093,D000873,P002,2026-02-03,65777.55,48,T016,Valid
11805,FR0093,D000873,P002,2026-03-24,40656.88,30,T016,Valid
11806,FR0093,D000325,P002,2026-03-10,40656.88,30,T016,Valid
11807,FR0093,D000835,P002,2026-03-01,40656.88,30,T016,Valid
11808,FR0093,D000374,P002,2026-04-21,43564.13,32,T016,Valid
11809,FR0093,D000873,P002,2026-04-13,43564.13,32,T016,Valid
11810,FR0093,D000200,P002,2026-04-16,43564.13,32,T016,Valid
11811,FR0093,D000962,P002,2026-05-24,19135.76,14,T016,Valid
11812,FR0093,D000732,P002,2026-05-21,19135.76,14,T016,Valid
11813,FR0093,D000865,P002,2026-05-23,19135.76,14,T016,Valid
11814,FR0093,D000200,P002,2026-05-21,19135.76,14,T016,Valid
11815,FR0093,D000325,P002,2026-05-26,19135.76,14,T016,Valid
11816,FR0093,D000356,P002,2026-05-25,19135.76,14,T016,Valid
11817,FR0093,D000910,P002,2026-06-12,37289.37,27,T016,Valid
11818,FR0093,D000873,P002,2026-06-17,37289.37,27,T016,Valid
11819,FR0093,D000275,P002,2026-06-08,37289.37,27,T016,Valid
11820,FR0093,D000732,P002,2026-07-21,56111.01,41,T016,Valid
11821,FR0093,D000183,P002,2026-07-08,56111.01,41,T016,Valid
11822,FR0093,D000835,P029,2026-01-20,26147.02,67,T016,Valid
11823,FR0093,D000812,P029,2026-01-16,26147.02,67,T016,Valid
11824,FR0093,D000376,P029,2026-01-14,26147.02,67,T016,Valid
11825,FR0093,D000962,P029,2026-02-03,19651.29,50,T016,Valid
11826,FR0093,D000030,P029,2026-02-16,19651.29,50,T016,Valid
11827,FR0093,D000356,P029,2026-02-03,19651.29,50,T016,Valid
11828,FR0093,D000873,P029,2026-02-17,19651.29,50,T016,Valid
11829,FR0093,D000901,P029,2026-03-25,12855.59,33,T016,Valid
11830,FR0093,D000865,P029,2026-03-05,12855.59,33,T016,Valid
11831,FR0093,D000600,P029,2026-03-06,12855.59,33,T016,Valid
11832,FR0093,D000873,P029,2026-03-15,12855.59,33,T016,Valid
11833,FR0093,D000356,P029,2026-03-17,12855.59,33,T016,Valid
11834,FR0093,D000183,P029,2026-03-09,12855.59,33,T016,Valid
11835,FR0093,D000873,P029,2026-04-02,14765.78,38,T016,Valid
11836,FR0093,D000835,P029,2026-04-06,14765.78,38,T016,Valid
11837,FR0093,D000248,P029,2026-04-10,14765.78,38,T016,Valid
11838,FR0093,D000356,P029,2026-04-17,14765.78,38,T016,Valid
11839,FR0093,D000275,P029,2026-04-04,14765.78,38,T016,Valid
11840,FR0093,D000356,P029,2026-05-13,25640.81,66,T016,Valid
11841,FR0093,D000183,P029,2026-05-18,25640.81,66,T016,Valid
11842,FR0093,D000962,P029,2026-05-03,25640.81,66,T016,Valid
11843,FR0093,D000374,P029,2026-06-03,38069.19,98,T016,Valid
11844,FR0093,D000962,P029,2026-06-18,38069.19,98,T016,Valid
11845,FR0093,D000183,P029,2026-07-25,25673.17,66,T016,Valid
11846,FR0093,D000865,P029,2026-07-05,25673.17,66,T016,Valid
11847,FR0093,D000325,P029,2026-07-18,25673.17,66,T016,Valid
11848,FR0093,D000732,P022,2026-01-15,13838.16,34,T016,Valid
11849,FR0093,D000185,P022,2026-01-01,13838.16,34,T016,Valid
11850,FR0093,D000812,P022,2026-01-14,13838.16,34,T016,Valid
11851,FR0093,D000356,P022,2026-01-07,13838.16,34,T016,Valid
11852,FR0093,D000248,P022,2026-01-21,13838.16,34,T016,Valid
11853,FR0093,D000781,P022,2026-01-11,13838.16,34,T016,Valid
11854,FR0093,D000873,P022,2026-02-14,31043.24,76,T016,Valid
11855,FR0093,D000865,P022,2026-02-08,31043.24,76,T016,Valid
11856,FR0093,D000374,P022,2026-02-27,31043.24,76,T004,Valid
11857,FR0093,D000901,P022,2026-02-03,31043.24,76,T017,Valid
11858,FR0093,D000356,P022,2026-02-11,31043.24,76,T015,Valid
11859,FR0093,D000873,P022,2026-03-09,20326.61,50,T016,Valid
11860,FR0093,D000248,P022,2026-03-17,20326.61,50,T016,Valid
11861,FR0093,D000962,P022,2026-03-14,20326.61,50,T016,Valid
11862,FR0093,D000900,P022,2026-03-18,20326.61,50,T016,Valid
11863,FR0093,D000376,P022,2026-04-25,15579.7,38,T016,Valid
11864,FR0093,D000865,P022,2026-04-13,15579.7,38,T016,Valid
11865,FR0093,D000873,P022,2026-04-10,15579.7,38,T016,Valid
11866,FR0093,D000275,P022,2026-04-09,15579.7,38,T016,Valid
11867,FR0093,D000325,P022,2026-04-11,15579.7,38,T016,Valid
11868,FR0093,D000248,P022,2026-05-16,41652.59,102,T016,Valid
11869,FR0093,D000200,P022,2026-05-17,41652.59,102,T016,Valid
11870,FR0093,D000185,P022,2026-06-24,13762.59,34,T016,Valid
11871,FR0093,D000716,P022,2026-06-07,13762.59,34,T016,Valid
11872,FR0093,D000200,P022,2026-06-06,13762.59,34,T016,Valid
11873,FR0093,D000030,P022,2026-06-10,13762.59,34,T016,Valid
11874,FR0093,D000356,P022,2026-06-08,13762.59,34,T016,Valid
11875,FR0093,D000781,P022,2026-06-26,13762.59,34,T016,Valid
11876,FR0093,D000812,P022,2026-07-21,27168.48,67,T016,Valid
11877,FR0093,D000374,P022,2026-07-14,27168.48,67,T016,Valid
11878,FR0093,D000185,P022,2026-07-27,27168.48,67,T016,Valid
11879,FR0093,D000732,P026,2026-01-16,24664.96,14,T016,Valid
11880,FR0093,D000200,P026,2026-01-24,24664.96,14,T016,Valid
11881,FR0093,D000900,P026,2026-01-07,24664.96,14,T016,Valid
11882,FR0093,D000873,P026,2026-01-26,24664.96,14,T016,Valid
11883,FR0093,D000781,P026,2026-01-22,24664.96,14,T016,Valid
11884,FR0093,D000030,P026,2026-01-08,24664.96,14,T016,Valid
11885,FR0093,D000873,P026,2026-02-02,34591.8,19,T016,Valid
11886,FR0093,D000376,P026,2026-02-13,34591.8,19,T016,Valid
11887,FR0093,D000275,P026,2026-02-15,34591.8,19,T016,Valid
11888,FR0093,D000668,P026,2026-02-12,34591.8,19,T016,Valid
11889,FR0093,D000865,P026,2026-03-22,51594.06,28,T016,Valid
11890,FR0093,D000185,P026,2026-03-16,51594.06,28,T016,Valid
11891,FR0093,D000030,P026,2026-03-24,51594.06,28,T016,Valid
11892,FR0093,D000962,P026,2026-04-13,148723.36,82,T015,Valid
11893,FR0093,D000732,P026,2026-05-03,81165.41,45,T016,Valid
11894,FR0093,D000910,P026,2026-05-11,81165.41,45,T016,Valid
11895,FR0093,D000376,P026,2026-06-13,50688.86,28,T016,Valid
11896,FR0093,D000962,P026,2026-06-15,50688.86,28,T016,Valid
11897,FR0093,D000668,P026,2026-06-19,50688.86,28,T016,Valid
11898,FR0093,D000900,P026,2026-07-13,29425.67,16,T016,Valid
11899,FR0093,D000781,P026,2026-07-01,29425.67,16,T016,Valid
11900,FR0093,D000600,P026,2026-07-18,29425.67,16,T016,Valid
11901,FR0093,D000668,P026,2026-07-09,29425.67,16,T016,Valid
11902,FR0093,D000374,P026,2026-07-06,29425.67,16,T016,Valid
11903,FR0093,D000900,P009,2026-01-19,10857.33,4,T016,Valid
11904,FR0093,D000962,P009,2026-01-13,10857.33,4,T016,Valid
11905,FR0093,D000873,P009,2026-01-02,10857.33,4,T016,Valid
11906,FR0093,D000732,P009,2026-01-23,10857.33,4,T016,Valid
11907,FR0093,D000781,P009,2026-02-04,7518.13,3,T016,Valid
11908,FR0093,D000600,P009,2026-02-21,7518.13,3,T016,Valid
11909,FR0093,D000835,P009,2026-02-07,7518.13,3,T016,Valid
11910,FR0093,D000865,P009,2026-02-08,7518.13,3,T016,Valid
11911,FR0093,D000183,P009,2026-02-17,7518.13,3,T016,Valid
11912,FR0093,D000376,P009,2026-02-09,7518.13,3,T016,Valid
11913,FR0093,D000356,P009,2026-03-21,7636.92,3,T016,Valid
11914,FR0093,D000781,P009,2026-03-20,7636.92,3,T016,Valid
11915,FR0093,D000900,P009,2026-03-01,7636.92,3,T016,Valid
11916,FR0093,D000183,P009,2026-03-21,7636.92,3,T016,Valid
11917,FR0093,D000275,P009,2026-03-10,7636.92,3,T016,Valid
11918,FR0093,D000873,P009,2026-03-07,7636.92,3,T016,Valid
11919,FR0093,D000600,P009,2026-04-02,9776.19,4,T016,Valid
11920,FR0093,D000781,P009,2026-04-06,9776.19,4,T016,Valid
11921,FR0093,D000900,P009,2026-04-13,9776.19,4,T016,Valid
11922,FR0093,D000030,P009,2026-04-26,9776.19,4,T016,Valid
11923,FR0093,D000901,P009,2026-05-17,7907.77,3,T016,Valid
11924,FR0093,D000325,P009,2026-05-15,7907.77,3,T016,Valid
11925,FR0093,D000732,P009,2026-05-03,7907.77,3,T016,Valid
11926,FR0093,D000668,P009,2026-05-22,7907.77,3,T016,Valid
11927,FR0093,D000781,P009,2026-05-04,7907.77,3,T016,Valid
11928,FR0093,D000900,P009,2026-06-05,7847.69,3,T006,Valid
11929,FR0093,D000668,P009,2026-06-09,7847.69,3,T016,Valid
11930,FR0093,D000873,P009,2026-06-15,7847.69,3,T019,Valid
11931,FR0093,D000910,P009,2026-06-11,7847.69,3,T009,Valid
11932,FR0093,D000962,P009,2026-06-19,7847.69,3,T016,Valid
11933,FR0093,D000374,P009,2026-07-18,9648.22,4,T016,Valid
11934,FR0093,D000910,P009,2026-07-20,9648.22,4,T016,Valid
11935,FR0093,D000030,P009,2026-07-09,9648.22,4,T016,Valid
11936,FR0093,D000275,P009,2026-07-07,9648.22,4,T016,Valid
11937,FR0093,D000200,P003,2026-01-13,38882.02,22,T016,Valid
11938,FR0093,D000356,P003,2026-01-09,38882.02,22,T016,Valid
11939,FR0093,D000910,P003,2026-01-18,38882.02,22,T016,Valid
11940,FR0093,D000716,P003,2026-01-14,38882.02,22,T016,Valid
11941,FR0093,D000835,P003,2026-02-17,84448.01,49,T016,Valid
11942,FR0093,D000812,P003,2026-02-08,84448.01,49,T016,Valid
11943,FR0093,D000962,P003,2026-03-20,28131.24,16,T016,Valid
11944,FR0093,D000356,P003,2026-03-22,28131.24,16,T016,Valid
11945,FR0093,D000600,P003,2026-03-26,28131.24,16,T016,Valid
11946,FR0093,D000873,P003,2026-03-09,28131.24,16,T016,Valid
11947,FR0093,D000183,P003,2026-03-09,28131.24,16,T016,Valid
11948,FR0093,D000376,P003,2026-03-15,28131.24,16,T016,Valid
11949,FR0093,D000812,P003,2026-04-03,49341.87,28,T016,Valid
11950,FR0093,D000865,P003,2026-04-20,49341.87,28,T016,Valid
11951,FR0093,D000732,P003,2026-04-09,49341.87,28,T016,Valid
11952,FR0093,D000781,P003,2026-05-03,70702.22,41,T016,Valid
11953,FR0093,D000600,P003,2026-05-08,70702.22,41,T016,Valid
11954,FR0093,D000781,P003,2026-06-18,48125.83,28,T016,Valid
11955,FR0093,D000865,P003,2026-06-08,48125.83,28,T016,Valid
11956,FR0093,D000275,P003,2026-06-14,48125.83,28,T016,Valid
11957,FR0093,D000865,P003,2026-07-21,78118.14,45,T016,Valid
11958,FR0093,D000901,P003,2026-07-18,78118.14,45,T016,Valid
11959,FR0093,D000901,P017,2026-01-13,15928.02,7,T016,Valid
11960,FR0093,D000910,P017,2026-01-27,15928.02,7,T016,Valid
11961,FR0093,D000900,P017,2026-01-16,15928.02,7,T016,Valid
11962,FR0093,D000325,P017,2026-01-25,15928.02,7,T016,Valid
11963,FR0093,D000275,P017,2026-01-25,15928.02,7,T016,Valid
11964,FR0093,D000600,P017,2026-01-26,15928.02,7,T016,Valid
11965,FR0093,D000185,P017,2026-02-14,17969.86,8,T016,Valid
11966,FR0093,D000835,P017,2026-02-15,17969.86,8,T016,Valid
11967,FR0093,D000716,P017,2026-02-25,17969.86,8,T016,Valid
11968,FR0093,D000275,P017,2026-02-14,17969.86,8,T016,Valid
11969,FR0093,D000732,P017,2026-02-13,17969.86,8,T016,Valid
11970,FR0093,D000200,P017,2026-03-05,17386.44,8,T016,Valid
11971,FR0093,D000356,P017,2026-03-22,17386.44,8,T016,Valid
11972,FR0093,D000030,P017,2026-03-20,17386.44,8,T016,Valid
11973,FR0093,D000325,P017,2026-03-14,17386.44,8,T016,Valid
11974,FR0093,D000248,P017,2026-03-01,17386.44,8,T016,Valid
11975,FR0093,D000732,P017,2026-03-09,17386.44,8,T016,Valid
11976,FR0093,D000781,P017,2026-04-10,21050.85,10,T016,Valid
11977,FR0093,D000030,P017,2026-04-26,21050.85,10,T016,Valid
11978,FR0093,D000600,P017,2026-04-27,21050.85,10,T016,Valid
11979,FR0093,D000356,P017,2026-04-19,21050.85,10,T016,Valid
11980,FR0093,D000716,P017,2026-04-11,21050.85,10,T016,Valid
11981,FR0093,D000183,P017,2026-05-02,30071.11,14,T016,Valid
11982,FR0093,D000865,P017,2026-05-23,30071.11,14,T016,Valid
11983,FR0093,D000901,P017,2026-05-17,30071.11,14,T016,Valid
11984,FR0093,D000030,P017,2026-06-08,15557.26,7,T016,Valid
11985,FR0093,D000962,P017,2026-06-11,15557.26,7,T016,Valid
11986,FR0093,D000873,P017,2026-06-10,15557.26,7,T016,Valid
11987,FR0093,D000275,P017,2026-06-12,15557.26,7,T016,Valid
11988,FR0093,D000910,P017,2026-06-17,15557.26,7,T016,Valid
11989,FR0093,D000668,P017,2026-06-20,15557.26,7,T016,Valid
11990,FR0093,D000325,P017,2026-07-05,29565.69,13,T016,Valid
11991,FR0093,D000185,P017,2026-07-10,29565.69,13,T016,Valid
11992,FR0093,D000600,P017,2026-07-09,29565.69,13,T016,Valid
11993,FR0094,D000926,P021,2026-01-16,36510.42,18,T003,Valid
11994,FR0094,D000506,P021,2026-01-27,36510.42,18,T003,Valid
11995,FR0094,D000599,P021,2026-02-14,24622.07,12,T003,Valid
11996,FR0094,D000926,P021,2026-02-20,24622.07,12,T003,Valid
11997,FR0094,D000688,P021,2026-02-05,24622.07,12,T003,Valid
11998,FR0094,D000696,P021,2026-03-27,13813.4,7,T003,Valid
11999,FR0094,D000926,P021,2026-03-22,13813.4,7,T003,Valid
12000,FR0094,D000284,P021,2026-03-19,13813.4,7,T003,Valid
12001,FR0094,D000838,P021,2026-03-27,13813.4,7,T003,Valid
12002,FR0094,D000735,P021,2026-03-25,13813.4,7,T003,Valid
12003,FR0094,D000926,P021,2026-04-08,68810.56,33,T003,Valid
12004,FR0094,D000735,P021,2026-04-06,68810.56,33,T003,Valid
12005,FR0094,D000688,P021,2026-05-03,15583.81,8,T003,Valid
12006,FR0094,D000926,P021,2026-05-27,15583.81,8,T003,Valid
12007,FR0094,D000620,P021,2026-05-26,15583.81,8,T003,Valid
12008,FR0094,D000696,P021,2026-05-08,15583.81,8,T003,Valid
12009,FR0094,D000838,P021,2026-05-25,15583.81,8,T003,Valid
12010,FR0094,D000696,P021,2026-06-22,26778.19,13,T003,Valid
12011,FR0094,D000620,P021,2026-06-03,26778.19,13,T003,Valid
12012,FR0094,D000838,P021,2026-06-27,26778.19,13,T003,Valid
12013,FR0094,D000284,P021,2026-07-27,11260.63,5,T003,Valid
12014,FR0094,D000620,P021,2026-07-09,11260.63,5,T003,Valid
12015,FR0094,D000599,P021,2026-07-06,11260.63,5,T003,Valid
12016,FR0094,D000688,P021,2026-07-21,11260.63,5,T003,Valid
12017,FR0094,D000926,P021,2026-07-27,11260.63,5,T003,Valid
12018,FR0094,D000506,P021,2026-07-05,11260.63,5,T003,Valid
12019,FR0094,D000284,P015,2026-01-26,28078.04,18,T003,Valid
12020,FR0094,D000599,P015,2026-01-03,28078.04,18,T003,Valid
12021,FR0094,D000771,P015,2026-01-24,28078.04,18,T003,Valid
12022,FR0094,D000620,P015,2026-01-09,28078.04,18,T003,Valid
12023,FR0094,D000688,P015,2026-01-02,28078.04,18,T003,Valid
12024,FR0094,D000838,P015,2026-01-22,28078.04,18,T003,Valid
12025,FR0094,D000688,P015,2026-02-05,79970.0,52,T003,Valid
12026,FR0094,D000771,P015,2026-02-09,79970.0,52,T003,Valid
12027,FR0094,D000696,P015,2026-03-02,41452.74,27,T003,Valid
12028,FR0094,D000688,P015,2026-03-20,41452.74,27,T003,Valid
12029,FR0094,D000284,P015,2026-03-22,41452.74,27,T003,Valid
12030,FR0094,D000506,P015,2026-03-21,41452.74,27,T003,Valid
12031,FR0094,D000838,P015,2026-04-05,41040.31,27,T003,Valid
12032,FR0094,D000735,P015,2026-04-08,41040.31,27,T003,Valid
12033,FR0094,D000599,P015,2026-04-01,41040.31,27,T003,Valid
12034,FR0094,D000926,P015,2026-04-04,41040.31,27,T003,Valid
12035,FR0094,D000620,P015,2026-05-09,25934.78,17,T003,Valid
12036,FR0094,D000926,P015,2026-05-01,25934.78,17,T003,Valid
12037,FR0094,D000506,P015,2026-05-19,25934.78,17,T003,Valid
12038,FR0094,D000075,P015,2026-05-25,25934.78,17,T003,Valid
12039,FR0094,D000688,P015,2026-05-25,25934.78,17,T003,Valid
12040,FR0094,D000771,P015,2026-05-04,25934.78,17,T003,Valid
12041,FR0094,D000735,P015,2026-06-19,29104.66,19,T003,Valid
12042,FR0094,D000599,P015,2026-06-02,29104.66,19,T003,Valid
12043,FR0094,D000075,P015,2026-06-25,29104.66,19,T003,Valid
12044,FR0094,D000688,P015,2026-06-21,29104.66,19,T003,Valid
12045,FR0094,D000926,P015,2026-06-25,29104.66,19,T003,Valid
12046,FR0094,D000284,P015,2026-06-07,29104.66,19,T003,Valid
12047,FR0094,D000688,P015,2026-07-25,73982.87,48,T003,Valid
12048,FR0094,D000926,P015,2026-07-12,73982.87,48,T003,Valid
12049,FR0094,D000838,P011,2026-01-26,22020.09,10,T003,Valid
12050,FR0094,D000735,P011,2026-01-24,22020.09,10,T003,Valid
12051,FR0094,D000688,P011,2026-01-18,22020.09,10,T003,Valid
12052,FR0094,D000696,P011,2026-01-08,22020.09,10,T003,Valid
12053,FR0094,D000620,P011,2026-02-12,12917.45,6,T003,Valid
12054,FR0094,D000599,P011,2026-02-18,12917.45,6,T003,Valid
12055,FR0094,D000284,P011,2026-02-17,12917.45,6,T003,Valid
12056,FR0094,D000075,P011,2026-02-25,12917.45,6,T003,Valid
12057,FR0094,D000926,P011,2026-02-18,12917.45,6,T003,Valid
12058,FR0094,D000688,P011,2026-02-17,12917.45,6,T003,Valid
12059,FR0094,D000688,P011,2026-03-17,13814.16,6,T003,Valid
12060,FR0094,D000735,P011,2026-03-01,13814.16,6,T003,Valid
12061,FR0094,D000506,P011,2026-03-03,13814.16,6,T003,Valid
12062,FR0094,D000599,P011,2026-03-20,13814.16,6,T003,Valid
12063,FR0094,D000620,P011,2026-03-14,13814.16,6,T003,Valid
12064,FR0094,D000838,P011,2026-03-12,13814.16,6,T003,Valid
12065,FR0094,D000696,P011,2026-04-11,22191.64,10,T003,Valid
12066,FR0094,D000075,P011,2026-04-06,22191.64,10,T003,Valid
12067,FR0094,D000735,P011,2026-04-11,22191.64,10,T003,Valid
12068,FR0094,D000620,P011,2026-04-24,22191.64,10,T003,Valid
12069,FR0094,D000735,P011,2026-05-26,24484.1,11,T003,Valid
12070,FR0094,D000284,P011,2026-05-17,24484.1,11,T003,Valid
12071,FR0094,D000771,P011,2026-05-12,24484.1,11,T003,Valid
12072,FR0094,D000075,P011,2026-06-05,13212.77,6,T003,Valid
12073,FR0094,D000506,P011,2026-06-09,13212.77,6,T003,Valid
12074,FR0094,D000926,P011,2026-06-26,13212.77,6,T003,Valid
12075,FR0094,D000735,P011,2026-06-02,13212.77,6,T003,Valid
12076,FR0094,D000838,P011,2026-06-10,13212.77,6,T003,Valid
12077,FR0094,D000688,P011,2026-06-19,13212.77,6,T003,Valid
12078,FR0094,D000735,P011,2026-07-02,22051.16,10,T003,Valid
12079,FR0094,D000926,P011,2026-07-10,22051.16,10,T003,Valid
12080,FR0094,D000599,P011,2026-07-26,22051.16,10,T003,Valid
12081,FR0094,D000506,P011,2026-07-27,22051.16,10,T003,Valid
12082,FR0094,D000926,P017,2026-01-02,11108.77,5,T003,Valid
12083,FR0094,D000838,P017,2026-01-07,11108.77,5,T003,Valid
12084,FR0094,D000075,P017,2026-01-13,11108.77,5,T003,Valid
12085,FR0094,D000284,P017,2026-01-06,11108.77,5,T003,Valid
12086,FR0094,D000771,P017,2026-01-22,11108.77,5,T003,Valid
12087,FR0094,D000735,P017,2026-01-03,11108.77,5,T003,Valid
12088,FR0094,D000696,P017,2026-02-14,25949.79,12,T003,Valid
12089,FR0094,D000284,P017,2026-02-14,25949.79,12,T003,Valid
12090,FR0094,D000926,P017,2026-02-16,25949.79,12,T003,Valid
12091,FR0094,D000506,P017,2026-03-12,18203.29,8,T003,Valid
12092,FR0094,D000735,P017,2026-03-23,18203.29,8,T003,Valid
12093,FR0094,D000688,P017,2026-03-01,18203.29,8,T003,Valid
12094,FR0094,D000696,P017,2026-03-08,18203.29,8,T003,Valid
12095,FR0094,D000075,P017,2026-04-24,26456.56,12,T003,Valid
12096,FR0094,D000926,P017,2026-04-03,26456.56,12,T003,Valid
12097,FR0094,D000284,P017,2026-04-17,26456.56,12,T003,Valid
12098,FR0094,D000075,P017,2026-05-10,35149.07,16,T003,Valid
12099,FR0094,D000735,P017,2026-05-26,35149.07,16,T003,Valid
12100,FR0094,D000075,P017,2026-06-01,23681.91,11,T003,Valid
12101,FR0094,D000771,P017,2026-06-10,23681.91,11,T003,Valid
12102,FR0094,D000696,P017,2026-06-18,23681.91,11,T003,Valid
12103,FR0094,D000620,P017,2026-07-09,23789.35,11,T003,Valid
12104,FR0094,D000696,P017,2026-07-04,23789.35,11,T003,Valid
12105,FR0094,D000926,P017,2026-07-13,23789.35,11,T003,Valid
12106,FR0094,D000771,P023,2026-01-04,28101.27,12,T003,Valid
12107,FR0094,D000926,P023,2026-01-04,28101.27,12,T003,Valid
12108,FR0094,D000506,P023,2026-01-02,28101.27,12,T003,Valid
12109,FR0094,D000284,P023,2026-01-06,28101.27,12,T003,Valid
12110,FR0094,D000838,P023,2026-01-20,28101.27,12,T003,Valid
12111,FR0094,D000075,P023,2026-02-12,21505.25,9,T003,Valid
12112,FR0094,D000284,P023,2026-02-13,21505.25,9,T003,Valid
12113,FR0094,D000838,P023,2026-02-15,21505.25,9,T003,Valid
12114,FR0094,D000735,P023,2026-02-22,21505.25,9,T003,Valid
12115,FR0094,D000926,P023,2026-02-24,21505.25,9,T003,Valid
12116,FR0094,D000688,P023,2026-02-18,21505.25,9,T003,Valid
12117,FR0094,D000599,P023,2026-03-13,71921.66,30,T003,Valid
12118,FR0094,D000926,P023,2026-03-15,71921.66,30,T003,Valid
12119,FR0094,D000735,P023,2026-04-27,34719.85,15,T003,Valid
12120,FR0094,D000838,P023,2026-04-25,34719.85,15,T003,Valid
12121,FR0094,D000284,P023,2026-04-23,34719.85,15,T003,Valid
12122,FR0094,D000075,P023,2026-04-19,34719.85,15,T003,Valid
12123,FR0094,D000620,P023,2026-05-25,23904.34,10,T003,Valid
12124,FR0094,D000771,P023,2026-05-18,23904.34,10,T003,Valid
12125,FR0094,D000696,P023,2026-05-10,23904.34,10,T003,Valid
12126,FR0094,D000688,P023,2026-05-27,23904.34,10,T003,Valid
12127,FR0094,D000284,P023,2026-05-07,23904.34,10,T003,Valid
12128,FR0094,D000838,P023,2026-05-07,23904.34,10,T003,Valid
12129,FR0094,D000075,P023,2026-06-25,29133.56,12,T003,Valid
12130,FR0094,D000926,P023,2026-06-12,29133.56,12,T003,Valid
12131,FR0094,D000838,P023,2026-06-09,29133.56,12,T003,Valid
12132,FR0094,D000506,P023,2026-06-12,29133.56,12,T003,Valid
12133,FR0094,D000599,P023,2026-06-26,29133.56,12,T003,Valid
12134,FR0094,D000696,P023,2026-07-17,67141.29,28,T003,Valid
12135,FR0094,D000599,P023,2026-07-11,67141.29,28,T003,Valid
12136,FR0095,D000154,P016,2026-01-22,8940.88,61,T002,Valid
12137,FR0095,D000004,P016,2026-01-01,8940.88,61,T002,Valid
12138,FR0095,D000621,P016,2026-01-25,8940.88,61,T002,Valid
12139,FR0095,D000977,P016,2026-01-26,8940.88,61,T002,Valid
12140,FR0095,D000842,P016,2026-01-09,8940.88,61,T002,Valid
12141,FR0095,D000970,P016,2026-01-27,8940.88,61,T002,Valid
12142,FR0095,D000970,P016,2026-02-17,9870.33,67,T002,Valid
12143,FR0095,D000621,P016,2026-02-10,9870.33,67,T002,Valid
12144,FR0095,D000004,P016,2026-02-23,9870.33,67,T002,Valid
12145,FR0095,D000842,P016,2026-02-02,9870.33,67,T002,Valid
12146,FR0095,D000977,P016,2026-02-11,9870.33,67,T002,Valid
12147,FR0095,D000154,P016,2026-02-27,9870.33,67,T002,Valid
12148,FR0095,D000621,P016,2026-03-17,19097.63,130,T002,Valid
12149,FR0095,D000004,P016,2026-03-01,19097.63,130,T002,Valid
12150,FR0095,D000977,P016,2026-03-17,19097.63,130,T002,Valid
12151,FR0095,D000621,P016,2026-04-11,12378.66,84,T002,Valid
12152,FR0095,D000154,P016,2026-04-14,12378.66,84,T002,Valid
12153,FR0095,D000271,P016,2026-04-07,12378.66,84,T002,Valid
12154,FR0095,D000970,P016,2026-04-21,12378.66,84,T002,Valid
12155,FR0095,D000004,P016,2026-04-04,12378.66,84,T002,Valid
12156,FR0095,D000004,P016,2026-05-27,15203.42,104,T008,Valid
12157,FR0095,D000271,P016,2026-05-11,15203.42,104,T015,Valid
12158,FR0095,D000621,P016,2026-05-06,15203.42,104,T015,Valid
12159,FR0095,D000154,P016,2026-05-15,15203.42,104,T001,Valid
12160,FR0095,D000970,P016,2026-06-13,12337.49,84,T002,Valid
12161,FR0095,D000621,P016,2026-06-13,12337.49,84,T002,Valid
12162,FR0095,D000154,P016,2026-06-08,12337.49,84,T002,Valid
12163,FR0095,D000271,P016,2026-06-06,12337.49,84,T002,Valid
12164,FR0095,D000004,P016,2026-06-21,12337.49,84,T002,Valid
12165,FR0095,D000970,P016,2026-07-23,15124.42,103,T002,Valid
12166,FR0095,D000977,P016,2026-07-02,15124.42,103,T002,Valid
12167,FR0095,D000004,P016,2026-07-15,15124.42,103,T002,Valid
12168,FR0095,D000271,P016,2026-07-21,15124.42,103,T002,Valid
12169,FR0095,D000154,P028,2026-01-21,17000.91,15,T002,Valid
12170,FR0095,D000977,P028,2026-01-16,17000.91,15,T002,Valid
12171,FR0095,D000004,P028,2026-01-05,17000.91,15,T002,Valid
12172,FR0095,D000970,P028,2026-02-22,12202.92,11,T002,Valid
12173,FR0095,D000977,P028,2026-02-21,12202.92,11,T002,Valid
12174,FR0095,D000842,P028,2026-02-08,12202.92,11,T002,Valid
12175,FR0095,D000271,P028,2026-02-25,12202.92,11,T002,Valid
12176,FR0095,D000970,P028,2026-03-11,7545.47,7,T002,Valid
12177,FR0095,D000004,P028,2026-03-23,7545.47,7,T002,Valid
12178,FR0095,D000621,P028,2026-03-14,7545.47,7,T002,Valid
12179,FR0095,D000154,P028,2026-03-02,7545.47,7,T002,Valid
12180,FR0095,D000271,P028,2026-03-27,7545.47,7,T002,Valid
12181,FR0095,D000977,P028,2026-03-07,7545.47,7,T002,Valid
12182,FR0095,D000970,P028,2026-04-07,25256.21,22,T002,Valid
12183,FR0095,D000842,P028,2026-04-07,25256.21,22,T002,Valid
12184,FR0095,D000842,P028,2026-05-20,9299.64,8,T002,Valid
12185,FR0095,D000004,P028,2026-05-25,9299.64,8,T002,Valid
12186,FR0095,D000977,P028,2026-05-10,9299.64,8,T002,Valid
12187,FR0095,D000621,P028,2026-05-05,9299.64,8,T002,Valid
12188,FR0095,D000154,P028,2026-05-23,9299.64,8,T002,Valid
12189,FR0095,D000977,P028,2026-06-16,24437.44,21,T002,Valid
12190,FR0095,D000842,P028,2026-06-10,24437.44,21,T002,Valid
12191,FR0095,D000154,P028,2026-07-08,16229.11,14,T002,Valid
12192,FR0095,D000621,P028,2026-07-10,16229.11,14,T002,Valid
12193,FR0095,D000842,P028,2026-07-16,16229.11,14,T002,Valid
12194,FR0095,D000842,P027,2026-01-02,40744.7,16,T002,Valid
12195,FR0095,D000970,P027,2026-01-10,40744.7,16,T002,Valid
12196,FR0095,D000977,P027,2026-01-09,40744.7,16,T002,Valid
12197,FR0095,D000154,P027,2026-02-11,36860.25,15,T002,Valid
12198,FR0095,D000004,P027,2026-02-04,36860.25,15,T002,Valid
12199,FR0095,D000977,P027,2026-02-22,36860.25,15,T002,Valid
12200,FR0095,D000154,P027,2026-03-20,23020.75,9,T002,Valid
12201,FR0095,D000271,P027,2026-03-24,23020.75,9,T002,Valid
12202,FR0095,D000004,P027,2026-03-09,23020.75,9,T002,Valid
12203,FR0095,D000970,P027,2026-03-14,23020.75,9,T002,Valid
12204,FR0095,D000842,P027,2026-03-23,23020.75,9,T002,Valid
12205,FR0095,D000621,P027,2026-04-03,17404.92,7,T002,Valid
12206,FR0095,D000842,P027,2026-04-12,17404.92,7,T002,Valid
12207,FR0095,D000271,P027,2026-04-15,17404.92,7,T002,Valid
12208,FR0095,D000004,P027,2026-04-08,17404.92,7,T002,Valid
12209,FR0095,D000154,P027,2026-04-23,17404.92,7,T002,Valid
12210,FR0095,D000977,P027,2026-04-05,17404.92,7,T002,Valid
12211,FR0095,D000970,P027,2026-05-27,54672.66,22,T002,Valid
12212,FR0095,D000977,P027,2026-05-01,54672.66,22,T002,Valid
12213,FR0095,D000271,P027,2026-06-04,222081.03,89,T002,Valid
12214,FR0095,D000154,P027,2026-07-10,34128.53,14,T002,Valid
12215,FR0095,D000271,P027,2026-07-06,34128.53,14,T002,Valid
12216,FR0095,D000842,P027,2026-07-26,34128.53,14,T002,Valid
12217,FR0096,D000279,P012,2026-01-14,29549.04,14,T004,Valid
12218,FR0096,D000510,P012,2026-01-27,29549.04,14,T004,Valid
12219,FR0096,D000082,P012,2026-01-10,29549.04,14,T004,Valid
12220,FR0096,D000959,P012,2026-01-04,29549.04,14,T004,Valid
12221,FR0096,D000069,P012,2026-02-10,60360.76,28,T004,Valid
12222,FR0096,D000082,P012,2026-02-25,60360.76,28,T004,Valid
12223,FR0096,D000151,P012,2026-03-27,67052.52,32,T004,Valid
12224,FR0096,D000938,P012,2026-03-08,67052.52,32,T004,Valid
12225,FR0096,D000082,P012,2026-04-15,62479.22,29,T004,Valid
12226,FR0096,D000151,P012,2026-04-03,62479.22,29,T004,Valid
12227,FR0096,D000875,P012,2026-05-27,36487.18,17,T004,Valid
12228,FR0096,D000938,P012,2026-05-20,36487.18,17,T004,Valid
12229,FR0096,D000728,P012,2026-05-27,36487.18,17,T004,Valid
12230,FR0096,D000082,P012,2026-05-04,36487.18,17,T004,Valid
12231,FR0096,D000069,P012,2026-06-07,31390.8,15,T004,Valid
12232,FR0096,D000938,P012,2026-06-26,31390.8,15,T004,Valid
12233,FR0096,D000959,P012,2026-06-25,31390.8,15,T004,Valid
12234,FR0096,D000728,P012,2026-06-20,31390.8,15,T004,Valid
12235,FR0096,D000510,P012,2026-07-24,26809.51,13,T004,Valid
12236,FR0096,D000082,P012,2026-07-02,26809.51,13,T004,Valid
12237,FR0096,D000875,P012,2026-07-23,26809.51,13,T004,Valid
12238,FR0096,D000151,P012,2026-07-08,26809.51,13,T004,Valid
12239,FR0096,D000959,P012,2026-07-14,26809.51,13,T004,Valid
12240,FR0096,D000069,P005,2026-01-14,13395.63,7,T004,Valid
12241,FR0096,D000151,P005,2026-01-14,13395.63,7,T004,Valid
12242,FR0096,D000279,P005,2026-01-01,13395.63,7,T004,Valid
12243,FR0096,D000510,P005,2026-01-01,13395.63,7,T004,Valid
12244,FR0096,D000920,P005,2026-01-19,13395.63,7,T004,Valid
12245,FR0096,D000938,P005,2026-01-01,13395.63,7,T004,Valid
12246,FR0096,D000069,P005,2026-02-07,14283.41,7,T004,Valid
12247,FR0096,D000959,P005,2026-02-18,14283.41,7,T004,Valid
12248,FR0096,D000279,P005,2026-02-18,14283.41,7,T004,Valid
12249,FR0096,D000938,P005,2026-02-17,14283.41,7,T004,Valid
12250,FR0096,D000875,P005,2026-02-16,14283.41,7,T004,Valid
12251,FR0096,D000151,P005,2026-02-06,14283.41,7,T004,Valid
12252,FR0096,D000069,P005,2026-03-02,28474.59,15,T004,Valid
12253,FR0096,D000920,P005,2026-03-03,28474.59,15,T004,Valid
12254,FR0096,D000082,P005,2026-03-14,28474.59,15,T004,Valid
12255,FR0096,D000920,P005,2026-04-09,14504.07,7,T004,Valid
12256,FR0096,D000875,P005,2026-04-12,14504.07,7,T004,Valid
12257,FR0096,D000938,P005,2026-04-03,14504.07,7,T004,Valid
12258,FR0096,D000082,P005,2026-04-18,14504.07,7,T004,Valid
12259,FR0096,D000069,P005,2026-04-15,14504.07,7,T004,Valid
12260,FR0096,D000151,P005,2026-04-27,14504.07,7,T004,Valid
12261,FR0096,D000151,P005,2026-05-07,12160.99,6,T004,Valid
12262,FR0096,D000510,P005,2026-05-18,12160.99,6,T004,Valid
12263,FR0096,D000959,P005,2026-05-08,12160.99,6,T004,Valid
12264,FR0096,D000728,P005,2026-05-19,12160.99,6,T004,Valid
12265,FR0096,D000938,P005,2026-05-23,12160.99,6,T004,Valid
12266,FR0096,D000279,P005,2026-05-07,12160.99,6,T004,Valid
12267,FR0096,D000510,P005,2026-06-02,17253.05,9,T004,Valid
12268,FR0096,D000728,P005,2026-06-05,17253.05,9,T004,Valid
12269,FR0096,D000938,P005,2026-06-25,17253.05,9,T004,Valid
12270,FR0096,D000959,P005,2026-06-08,17253.05,9,T004,Valid
12271,FR0096,D000069,P005,2026-06-12,17253.05,9,T004,Valid
12272,FR0096,D000938,P005,2026-07-13,26497.48,14,T004,Valid
12273,FR0096,D000279,P005,2026-07-07,26497.48,14,T004,Valid
12274,FR0096,D000510,P005,2026-07-17,26497.48,14,T004,Valid
12275,FR0096,D000920,P010,2026-01-19,19448.8,15,T004,Valid
12276,FR0096,D000728,P010,2026-01-03,19448.8,15,T004,Valid
12277,FR0096,D000279,P010,2026-01-24,19448.8,15,T004,Valid
12278,FR0096,D000069,P010,2026-01-20,19448.8,15,T004,Valid
12279,FR0096,D000938,P010,2026-01-25,19448.8,15,T004,Valid
12280,FR0096,D000082,P010,2026-01-26,19448.8,15,T004,Valid
12281,FR0096,D000920,P010,2026-02-06,25005.92,19,T004,Valid
12282,FR0096,D000728,P010,2026-02-20,25005.92,19,T004,Valid
12283,FR0096,D000151,P010,2026-02-17,25005.92,19,T004,Valid
12284,FR0096,D000938,P010,2026-02-22,25005.92,19,T004,Valid
12285,FR0096,D000069,P010,2026-02-23,25005.92,19,T004,Valid
12286,FR0096,D000082,P010,2026-03-20,61467.7,47,T004,Valid
12287,FR0096,D000938,P010,2026-03-16,61467.7,47,T004,Valid
12288,FR0096,D000938,P010,2026-04-09,27181.12,21,T004,Valid
12289,FR0096,D000920,P010,2026-04-27,27181.12,21,T004,Valid
12290,FR0096,D000510,P010,2026-04-19,27181.12,21,T004,Valid
12291,FR0096,D000959,P010,2026-04-14,27181.12,21,T004,Valid
12292,FR0096,D000938,P010,2026-05-06,30292.6,23,T004,Valid
12293,FR0096,D000069,P010,2026-05-27,30292.6,23,T004,Valid
12294,FR0096,D000920,P010,2026-05-18,30292.6,23,T004,Valid
12295,FR0096,D000728,P010,2026-05-22,30292.6,23,T004,Valid
12296,FR0096,D000510,P010,2026-06-22,24345.06,18,T004,Valid
12297,FR0096,D000279,P010,2026-06-22,24345.06,18,T004,Valid
12298,FR0096,D000728,P010,2026-06-05,24345.06,18,T004,Valid
12299,FR0096,D000938,P010,2026-06-12,24345.06,18,T004,Valid
12300,FR0096,D000151,P010,2026-06-23,24345.06,18,T004,Valid
12301,FR0096,D000510,P010,2026-07-23,19599.89,15,T004,Valid
12302,FR0096,D000875,P010,2026-07-18,19599.89,15,T004,Valid
12303,FR0096,D000069,P010,2026-07-05,19599.89,15,T004,Valid
12304,FR0096,D000920,P010,2026-07-07,19599.89,15,T004,Valid
12305,FR0096,D000938,P010,2026-07-05,19599.89,15,T004,Valid
12306,FR0096,D000151,P010,2026-07-23,19599.89,15,T004,Valid
12307,FR0096,D000151,P027,2026-01-04,40335.33,16,T004,Valid
12308,FR0096,D000728,P027,2026-01-23,40335.33,16,T004,Valid
12309,FR0096,D000510,P027,2026-02-12,19614.02,8,T004,Valid
12310,FR0096,D000875,P027,2026-02-16,19614.02,8,T004,Valid
12311,FR0096,D000069,P027,2026-02-16,19614.02,8,T004,Valid
12312,FR0096,D000959,P027,2026-02-27,19614.02,8,T004,Valid
12313,FR0096,D000069,P027,2026-03-11,25233.86,10,T004,Valid
12314,FR0096,D000938,P027,2026-03-05,25233.86,10,T004,Valid
12315,FR0096,D000279,P027,2026-03-18,25233.86,10,T004,Valid
12316,FR0096,D000279,P027,2026-04-17,159924.2,64,T004,Valid
12317,FR0096,D000151,P027,2026-05-11,27467.42,11,T004,Valid
12318,FR0096,D000279,P027,2026-05-19,27467.42,11,T004,Valid
12319,FR0096,D000069,P027,2026-05-12,27467.42,11,T004,Valid
12320,FR0096,D000151,P027,2026-06-12,13994.88,6,T004,Valid
12321,FR0096,D000938,P027,2026-06-12,13994.88,6,T004,Valid
12322,FR0096,D000920,P027,2026-06-05,13994.88,6,T004,Valid
12323,FR0096,D000279,P027,2026-06-17,13994.88,6,T004,Valid
12324,FR0096,D000959,P027,2026-06-18,13994.88,6,T004,Valid
12325,FR0096,D000875,P027,2026-06-13,13994.88,6,T004,Valid
12326,FR0096,D000510,P027,2026-07-22,15935.57,6,T004,Valid
12327,FR0096,D000938,P027,2026-07-10,15935.57,6,T004,Valid
12328,FR0096,D000920,P027,2026-07-16,15935.57,6,T004,Valid
12329,FR0096,D000959,P027,2026-07-08,15935.57,6,T004,Valid
12330,FR0096,D000082,P027,2026-07-02,15935.57,6,T004,Valid
12331,FR0096,D000510,P026,2026-01-05,19514.35,11,T004,Valid
12332,FR0096,D000920,P026,2026-01-09,19514.35,11,T004,Valid
12333,FR0096,D000728,P026,2026-01-21,19514.35,11,T004,Valid
12334,FR0096,D000510,P026,2026-02-02,30549.0,17,T004,Valid
12335,FR0096,D000728,P026,2026-02-22,30549.0,17,T004,Valid
12336,FR0096,D000959,P026,2026-03-17,13052.95,7,T004,Valid
12337,FR0096,D000728,P026,2026-03-19,13052.95,7,T004,Valid
12338,FR0096,D000082,P026,2026-03-21,13052.95,7,T004,Valid
12339,FR0096,D000875,P026,2026-03-07,13052.95,7,T004,Valid
12340,FR0096,D000069,P026,2026-03-21,13052.95,7,T004,Valid
12341,FR0096,D000959,P026,2026-04-19,14968.24,8,T004,Valid
12342,FR0096,D000510,P026,2026-04-04,14968.24,8,T004,Valid
12343,FR0096,D000151,P026,2026-04-07,14968.24,8,T004,Valid
12344,FR0096,D000082,P026,2026-04-21,14968.24,8,T004,Valid
12345,FR0096,D000082,P026,2026-05-23,12652.03,7,T004,Valid
12346,FR0096,D000959,P026,2026-05-13,12652.03,7,T004,Valid
12347,FR0096,D000069,P026,2026-05-23,12652.03,7,T004,Valid
12348,FR0096,D000875,P026,2026-05-15,12652.03,7,T004,Valid
12349,FR0096,D000920,P026,2026-05-27,12652.03,7,T004,Valid
12350,FR0096,D000959,P026,2026-06-11,33066.96,18,T004,Valid
12351,FR0096,D000938,P026,2026-06-05,33066.96,18,T004,Valid
12352,FR0096,D000510,P026,2026-07-25,9742.11,5,T004,Valid
12353,FR0096,D000920,P026,2026-07-13,9742.11,5,T004,Valid
12354,FR0096,D000959,P026,2026-07-17,9742.11,5,T004,Valid
12355,FR0096,D000938,P026,2026-07-19,9742.11,5,T004,Valid
12356,FR0096,D000082,P026,2026-07-23,9742.11,5,T004,Valid
12357,FR0096,D000151,P026,2026-07-14,9742.11,5,T004,Valid
12358,FR0097,D000519,P021,2026-01-07,51759.65,25,T005,Valid
12359,FR0097,D000282,P021,2026-01-26,51759.65,25,T005,Valid
12360,FR0097,D000864,P021,2026-02-26,18945.88,9,T005,Valid
12361,FR0097,D000595,P021,2026-02-11,18945.88,9,T005,Valid
12362,FR0097,D000792,P021,2026-02-22,18945.88,9,T005,Valid
12363,FR0097,D000022,P021,2026-02-05,18945.88,9,T005,Valid
12364,FR0097,D000686,P021,2026-02-01,18945.88,9,T005,Valid
12365,FR0097,D000881,P021,2026-03-18,35356.69,17,T005,Valid
12366,FR0097,D000686,P021,2026-03-10,35356.69,17,T005,Valid
12367,FR0097,D000793,P021,2026-03-20,35356.69,17,T005,Valid
12368,FR0097,D000377,P021,2026-04-14,18117.48,9,T005,Valid
12369,FR0097,D000881,P021,2026-04-03,18117.48,9,T005,Valid
12370,FR0097,D000595,P021,2026-04-02,18117.48,9,T005,Valid
12371,FR0097,D000037,P021,2026-04-17,18117.48,9,T005,Valid
12372,FR0097,D000686,P021,2026-04-15,18117.48,9,T005,Valid
12373,FR0097,D000060,P021,2026-04-04,18117.48,9,T005,Valid
12374,FR0097,D000037,P021,2026-05-25,25679.0,12,T005,Valid
12375,FR0097,D000060,P021,2026-05-09,25679.0,12,T005,Valid
12376,FR0097,D000792,P021,2026-05-19,25679.0,12,T005,Valid
12377,FR0097,D000078,P021,2026-05-06,25679.0,12,T005,Valid
12378,FR0097,D000282,P021,2026-06-27,31946.83,16,T005,Valid
12379,FR0097,D000377,P021,2026-06-03,31946.83,16,T005,Valid
12380,FR0097,D000864,P021,2026-06-25,31946.83,16,T005,Valid
12381,FR0097,D000377,P021,2026-07-10,35106.5,17,T005,Valid
12382,FR0097,D000037,P021,2026-07-05,35106.5,17,T005,Valid
12383,FR0097,D000793,P021,2026-07-27,35106.5,17,T005,Valid
12384,FR0097,D000793,P024,2026-01-27,127004.05,173,T005,Valid
12385,FR0097,D000060,P024,2026-02-24,30327.62,41,T005,Valid
12386,FR0097,D000686,P024,2026-02-07,30327.62,41,T005,Valid
12387,FR0097,D000686,P024,2026-03-16,12668.53,17,T005,Valid
12388,FR0097,D000060,P024,2026-03-26,12668.53,17,T005,Valid
12389,FR0097,D000595,P024,2026-03-11,12668.53,17,T005,Valid
12390,FR0097,D000519,P024,2026-03-04,12668.53,17,T005,Valid
12391,FR0097,D000881,P024,2026-03-24,12668.53,17,T005,Valid
12392,FR0097,D000377,P024,2026-04-16,20507.0,28,T005,Valid
12393,FR0097,D000864,P024,2026-04-21,20507.0,28,T005,Valid
12394,FR0097,D000037,P024,2026-04-22,20507.0,28,T005,Valid
12395,FR0097,D000519,P024,2026-05-02,15721.99,21,T005,Valid
12396,FR0097,D000377,P024,2026-05-25,15721.99,21,T005,Valid
12397,FR0097,D000060,P024,2026-05-27,15721.99,21,T005,Valid
12398,FR0097,D000399,P024,2026-05-08,15721.99,21,T005,Valid
12399,FR0097,D000022,P024,2026-06-26,16091.43,22,T005,Valid
12400,FR0097,D000377,P024,2026-06-08,16091.43,22,T005,Valid
12401,FR0097,D000792,P024,2026-06-25,16091.43,22,T005,Valid
12402,FR0097,D000864,P024,2026-06-03,16091.43,22,T005,Valid
12403,FR0097,D000686,P024,2026-07-16,16593.15,23,T005,Valid
12404,FR0097,D000519,P024,2026-07-21,16593.15,23,T005,Valid
12405,FR0097,D000595,P024,2026-07-07,16593.15,23,T005,Valid
12406,FR0097,D000060,P024,2026-07-02,16593.15,23,T005,Valid
12407,FR0097,D000078,P003,2026-01-12,35475.95,20,T005,Valid
12408,FR0097,D000377,P003,2026-01-08,35475.95,20,T005,Valid
12409,FR0097,D000864,P003,2026-01-12,35475.95,20,T005,Valid
12410,FR0097,D000881,P003,2026-02-25,25142.58,15,T005,Valid
12411,FR0097,D000078,P003,2026-02-10,25142.58,15,T005,Valid
12412,FR0097,D000595,P003,2026-02-26,25142.58,15,T005,Valid
12413,FR0097,D000793,P003,2026-02-19,25142.58,15,T005,Valid
12414,FR0097,D000432,P003,2026-03-24,54080.07,31,T005,Valid
12415,FR0097,D000595,P003,2026-03-13,54080.07,31,T005,Valid
12416,FR0097,D000282,P003,2026-04-04,25426.8,15,T005,Valid
12417,FR0097,D000432,P003,2026-04-26,25426.8,15,T005,Valid
12418,FR0097,D000377,P003,2026-04-01,25426.8,15,T005,Valid
12419,FR0097,D000022,P003,2026-04-14,25426.8,15,T005,Valid
12420,FR0097,D000793,P003,2026-05-11,16112.54,9,T005,Valid
12421,FR0097,D000595,P003,2026-05-13,16112.54,9,T005,Valid
12422,FR0097,D000686,P003,2026-05-16,16112.54,9,T005,Valid
12423,FR0097,D000792,P003,2026-05-24,16112.54,9,T005,Valid
12424,FR0097,D000022,P003,2026-05-23,16112.54,9,T005,Valid
12425,FR0097,D000399,P003,2026-05-06,16112.54,9,T005,Valid
12426,FR0097,D000022,P003,2026-06-08,46536.86,27,T005,Valid
12427,FR0097,D000399,P003,2026-06-03,46536.86,27,T005,Valid
12428,FR0097,D000432,P003,2026-07-25,14987.65,9,T005,Valid
12429,FR0097,D000864,P003,2026-07-11,14987.65,9,T005,Valid
12430,FR0097,D000037,P003,2026-07-03,14987.65,9,T005,Valid
12431,FR0097,D000792,P003,2026-07-22,14987.65,9,T005,Valid
12432,FR0097,D000078,P003,2026-07-26,14987.65,9,T005,Valid
12433,FR0097,D000399,P003,2026-07-10,14987.65,9,T005,Valid
12434,FR0097,D000078,P023,2026-01-14,19606.0,8,T005,Valid
12435,FR0097,D000060,P023,2026-01-25,19606.0,8,T005,Valid
12436,FR0097,D000519,P023,2026-01-09,19606.0,8,T005,Valid
12437,FR0097,D000282,P023,2026-02-24,13385.78,6,T005,Valid
12438,FR0097,D000060,P023,2026-02-05,13385.78,6,T005,Valid
12439,FR0097,D000864,P023,2026-02-10,13385.78,6,T005,Valid
12440,FR0097,D000881,P023,2026-02-01,13385.78,6,T005,Valid
12441,FR0097,D000022,P023,2026-03-07,26770.93,11,T005,Valid
12442,FR0097,D000037,P023,2026-03-15,26770.93,11,T005,Valid
12443,FR0097,D000282,P023,2026-04-11,18015.51,8,T005,Valid
12444,FR0097,D000686,P023,2026-04-21,18015.51,8,T005,Valid
12445,FR0097,D000078,P023,2026-04-27,18015.51,8,T005,Valid
12446,FR0097,D000793,P023,2026-05-11,20310.01,9,T005,Valid
12447,FR0097,D000060,P023,2026-05-04,20310.01,9,T005,Valid
12448,FR0097,D000595,P023,2026-05-16,20310.01,9,T005,Valid
12449,FR0097,D000282,P023,2026-06-02,9238.91,4,T005,Valid
12450,FR0097,D000399,P023,2026-06-18,9238.91,4,T005,Valid
12451,FR0097,D000792,P023,2026-06-20,9238.91,4,T005,Valid
12452,FR0097,D000432,P023,2026-06-15,9238.91,4,T005,Valid
12453,FR0097,D000864,P023,2026-06-12,9238.91,4,T005,Valid
12454,FR0097,D000881,P023,2026-06-13,9238.91,4,T005,Valid
12455,FR0097,D000022,P023,2026-07-08,10383.69,4,T005,Valid
12456,FR0097,D000595,P023,2026-07-02,10383.69,4,T005,Valid
12457,FR0097,D000881,P023,2026-07-16,10383.69,4,T005,Valid
12458,FR0097,D000399,P023,2026-07-04,10383.69,4,T005,Valid
12459,FR0097,D000078,P023,2026-07-11,10383.69,4,T005,Valid
12460,FR0097,D000399,P017,2026-01-05,32378.43,15,T005,Valid
12461,FR0097,D000060,P017,2026-01-11,32378.43,15,T005,Valid
12462,FR0097,D000595,P017,2026-01-20,32378.43,15,T005,Valid
12463,FR0097,D000078,P017,2026-02-23,19345.68,9,T005,Valid
12464,FR0097,D000519,P017,2026-02-07,19345.68,9,T005,Valid
12465,FR0097,D000792,P017,2026-02-05,19345.68,9,T005,Valid
12466,FR0097,D000793,P017,2026-02-09,19345.68,9,T005,Valid
12467,FR0097,D000060,P017,2026-02-06,19345.68,9,T005,Valid
12468,FR0097,D000864,P017,2026-03-17,15115.51,7,T005,Valid
12469,FR0097,D000078,P017,2026-03-06,15115.51,7,T005,Valid
12470,FR0097,D000881,P017,2026-03-06,15115.51,7,T005,Valid
12471,FR0097,D000519,P017,2026-03-11,15115.51,7,T005,Valid
12472,FR0097,D000037,P017,2026-03-01,15115.51,7,T005,Valid
12473,FR0097,D000793,P017,2026-03-05,15115.51,7,T005,Valid
12474,FR0097,D000881,P017,2026-04-22,25776.27,12,T005,Valid
12475,FR0097,D000864,P017,2026-04-09,25776.27,12,T005,Valid
12476,FR0097,D000022,P017,2026-04-03,25776.27,12,T005,Valid
12477,FR0097,D000792,P017,2026-04-10,25776.27,12,T005,Valid
12478,FR0097,D000793,P017,2026-05-22,22670.35,10,T005,Valid
12479,FR0097,D000377,P017,2026-05-17,22670.35,10,T005,Valid
12480,FR0097,D000399,P017,2026-05-27,22670.35,10,T005,Valid
12481,FR0097,D000432,P017,2026-05-19,22670.35,10,T005,Valid
12482,FR0097,D000022,P017,2026-06-23,22888.6,10,T005,Valid
12483,FR0097,D000282,P017,2026-06-23,22888.6,10,T005,Valid
12484,FR0097,D000399,P017,2026-06-07,22888.6,10,T005,Valid
12485,FR0097,D000060,P017,2026-06-15,22888.6,10,T005,Valid
12486,FR0097,D000864,P017,2026-07-15,17720.43,8,T005,Valid
12487,FR0097,D000793,P017,2026-07-21,17720.43,8,T005,Valid
12488,FR0097,D000792,P017,2026-07-12,17720.43,8,T005,Valid
12489,FR0097,D000078,P017,2026-07-20,17720.43,8,T005,Valid
12490,FR0097,D000881,P017,2026-07-24,17720.43,8,T005,Valid
12491,FR0097,D000519,P017,2026-07-20,17720.43,8,T005,Valid
12492,FR0097,D000377,P022,2026-01-23,17199.96,42,T005,Valid
12493,FR0097,D000595,P022,2026-01-12,17199.96,42,T005,Valid
12494,FR0097,D000881,P022,2026-01-16,17199.96,42,T005,Valid
12495,FR0097,D000022,P022,2026-01-08,17199.96,42,T005,Valid
12496,FR0097,D000519,P022,2026-01-24,17199.96,42,T005,Valid
12497,FR0097,D000399,P022,2026-02-27,12167.74,30,T005,Valid
12498,FR0097,D000864,P022,2026-02-17,12167.74,30,T005,Valid
12499,FR0097,D000037,P022,2026-02-10,12167.74,30,T005,Valid
12500,FR0097,D000519,P022,2026-02-22,12167.74,30,T005,Valid
12501,FR0097,D000881,P022,2026-02-10,12167.74,30,T005,Valid
12502,FR0097,D000595,P022,2026-02-24,12167.74,30,T005,Valid
12503,FR0097,D000519,P022,2026-03-21,18937.14,46,T005,Valid
12504,FR0097,D000078,P022,2026-03-12,18937.14,46,T005,Valid
12505,FR0097,D000792,P022,2026-03-18,18937.14,46,T005,Valid
12506,FR0097,D000377,P022,2026-03-25,18937.14,46,T005,Valid
12507,FR0097,D000792,P022,2026-04-11,42288.4,104,T005,Valid
12508,FR0097,D000060,P022,2026-04-05,42288.4,104,T005,Valid
12509,FR0097,D000881,P022,2026-05-24,21759.02,53,T005,Valid
12510,FR0097,D000686,P022,2026-05-02,21759.02,53,T005,Valid
12511,FR0097,D000037,P022,2026-05-12,21759.02,53,T005,Valid
12512,FR0097,D000793,P022,2026-05-24,21759.02,53,T005,Valid
12513,FR0097,D000686,P022,2026-06-17,15630.24,38,T005,Valid
12514,FR0097,D000399,P022,2026-06-26,15630.24,38,T005,Valid
12515,FR0097,D000432,P022,2026-06-19,15630.24,38,T005,Valid
12516,FR0097,D000864,P022,2026-06-09,15630.24,38,T005,Valid
12517,FR0097,D000881,P022,2026-06-24,15630.24,38,T005,Valid
12518,FR0097,D000399,P022,2026-07-06,26044.09,64,T005,Valid
12519,FR0097,D000864,P022,2026-07-10,26044.09,64,T005,Valid
12520,FR0097,D000282,P022,2026-07-25,26044.09,64,T005,Valid
12521,FR0098,D000485,P023,2026-01-10,36498.72,15,T006,Valid
12522,FR0098,D000296,P023,2026-01-23,36498.72,15,T006,Valid
12523,FR0098,D000817,P023,2026-02-05,28363.16,12,T006,Valid
12524,FR0098,D000138,P023,2026-02-23,28363.16,12,T006,Valid
12525,FR0098,D000239,P023,2026-02-07,28363.16,12,T006,Valid
12526,FR0098,D000931,P023,2026-03-24,16215.92,7,T006,Valid
12527,FR0098,D000296,P023,2026-03-08,16215.92,7,T006,Valid
12528,FR0098,D000549,P023,2026-03-03,16215.92,7,T006,Valid
12529,FR0098,D000093,P023,2026-03-06,16215.92,7,T006,Valid
12530,FR0098,D000485,P023,2026-03-12,16215.92,7,T006,Valid
12531,FR0098,D000485,P023,2026-04-14,16777.09,7,T006,Valid
12532,FR0098,D000817,P023,2026-04-21,16777.09,7,T006,Valid
12533,FR0098,D000931,P023,2026-04-22,16777.09,7,T006,Valid
12534,FR0098,D000296,P023,2026-04-10,16777.09,7,T006,Valid
12535,FR0098,D000093,P023,2026-04-06,16777.09,7,T006,Valid
12536,FR0098,D000093,P023,2026-05-24,17346.89,7,T006,Valid
12537,FR0098,D000817,P023,2026-05-24,17346.89,7,T006,Valid
12538,FR0098,D000485,P023,2026-05-04,17346.89,7,T006,Valid
12539,FR0098,D000931,P023,2026-05-10,17346.89,7,T006,Valid
12540,FR0098,D000549,P023,2026-05-10,17346.89,7,T006,Valid
12541,FR0098,D000239,P023,2026-06-17,19248.65,8,T006,Valid
12542,FR0098,D000138,P023,2026-06-10,19248.65,8,T006,Valid
12543,FR0098,D000093,P023,2026-06-19,19248.65,8,T006,Valid
12544,FR0098,D000549,P023,2026-06-01,19248.65,8,T006,Valid
12545,FR0098,D000817,P023,2026-07-23,40328.24,17,T006,Valid
12546,FR0098,D000239,P023,2026-07-23,40328.24,17,T006,Valid
12547,FR0098,D000296,P005,2026-01-09,19986.23,10,T006,Valid
12548,FR0098,D000093,P005,2026-01-05,19986.23,10,T006,Valid
12549,FR0098,D000549,P005,2026-01-02,19986.23,10,T006,Valid
12550,FR0098,D000931,P005,2026-01-02,19986.23,10,T006,Valid
12551,FR0098,D000239,P005,2026-01-09,19986.23,10,T006,Valid
12552,FR0098,D000817,P005,2026-01-07,19986.23,10,T006,Valid
12553,FR0098,D000931,P005,2026-02-14,37276.04,19,T006,Valid
12554,FR0098,D000817,P005,2026-02-25,37276.04,19,T006,Valid
12555,FR0098,D000485,P005,2026-02-15,37276.04,19,T006,Valid
12556,FR0098,D000239,P005,2026-02-12,37276.04,19,T006,Valid
12557,FR0098,D000093,P005,2026-02-04,37276.04,19,T006,Valid
12558,FR0098,D000296,P005,2026-02-04,37276.04,19,T006,Valid
12559,FR0098,D000093,P005,2026-03-15,24954.17,13,T006,Valid
12560,FR0098,D000549,P005,2026-03-02,24954.17,13,T006,Valid
12561,FR0098,D000931,P005,2026-03-05,24954.17,13,T006,Valid
12562,FR0098,D000239,P005,2026-03-11,24954.17,13,T006,Valid
12563,FR0098,D000138,P005,2026-03-08,24954.17,13,T006,Valid
12564,FR0098,D000138,P005,2026-04-06,58998.66,30,T006,Valid
12565,FR0098,D000653,P005,2026-04-16,58998.66,30,T006,Valid
12566,FR0098,D000138,P005,2026-05-21,34046.17,18,T006,Valid
12567,FR0098,D000093,P005,2026-05-11,34046.17,18,T006,Valid
12568,FR0098,D000296,P005,2026-05-21,34046.17,18,T006,Valid
12569,FR0098,D000817,P005,2026-05-23,34046.17,18,T006,Valid
12570,FR0098,D000817,P005,2026-06-16,61992.16,32,T006,Valid
12571,FR0098,D000296,P005,2026-06-06,61992.16,32,T006,Valid
12572,FR0098,D000931,P005,2026-07-02,119131.11,61,T019,Valid
12573,FR0098,D000653,P001,2026-01-22,40304.35,39,T006,Valid
12574,FR0098,D000093,P001,2026-01-19,40304.35,39,T006,Valid
12575,FR0098,D000817,P001,2026-01-21,40304.35,39,T006,Valid
12576,FR0098,D000138,P001,2026-02-06,20220.18,20,T006,Valid
12577,FR0098,D000485,P001,2026-02-24,20220.18,20,T006,Valid
12578,FR0098,D000653,P001,2026-02-15,20220.18,20,T006,Valid
12579,FR0098,D000093,P001,2026-02-04,20220.18,20,T006,Valid
12580,FR0098,D000549,P001,2026-02-19,20220.18,20,T006,Valid
12581,FR0098,D000817,P001,2026-02-22,20220.18,20,T006,Valid
12582,FR0098,D000485,P001,2026-03-09,23570.84,23,T006,Valid
12583,FR0098,D000138,P001,2026-03-05,23570.84,23,T006,Valid
12584,FR0098,D000239,P001,2026-03-12,23570.84,23,T006,Valid
12585,FR0098,D000549,P001,2026-03-21,23570.84,23,T006,Valid
12586,FR0098,D000931,P001,2026-03-10,23570.84,23,T006,Valid
12587,FR0098,D000239,P001,2026-04-23,25735.73,25,T006,Valid
12588,FR0098,D000817,P001,2026-04-21,25735.73,25,T006,Valid
12589,FR0098,D000138,P001,2026-04-13,25735.73,25,T006,Valid
12590,FR0098,D000485,P001,2026-04-14,25735.73,25,T006,Valid
12591,FR0098,D000239,P001,2026-05-23,61862.86,60,T006,Valid
12592,FR0098,D000931,P001,2026-05-05,61862.86,60,T006,Valid
12593,FR0098,D000817,P001,2026-06-15,20465.48,20,T006,Valid
12594,FR0098,D000296,P001,2026-06-03,20465.48,20,T006,Valid
12595,FR0098,D000549,P001,2026-06-16,20465.48,20,T006,Valid
12596,FR0098,D000931,P001,2026-06-17,20465.48,20,T006,Valid
12597,FR0098,D000653,P001,2026-06-05,20465.48,20,T006,Valid
12598,FR0098,D000138,P001,2026-07-25,28594.85,28,T006,Valid
12599,FR0098,D000296,P001,2026-07-12,28594.85,28,T006,Valid
12600,FR0098,D000931,P001,2026-07-19,28594.85,28,T006,Valid
12601,FR0098,D000549,P001,2026-07-02,28594.85,28,T006,Valid
12602,FR0098,D000093,P014,2026-01-27,18869.67,14,T006,Valid
12603,FR0098,D000138,P014,2026-01-19,18869.67,14,T006,Valid
12604,FR0098,D000296,P014,2026-01-11,18869.67,14,T006,Valid
12605,FR0098,D000093,P014,2026-02-03,11475.1,8,T006,Valid
12606,FR0098,D000653,P014,2026-02-18,11475.1,8,T006,Valid
12607,FR0098,D000485,P014,2026-02-01,11475.1,8,T006,Valid
12608,FR0098,D000296,P014,2026-02-08,11475.1,8,T006,Valid
12609,FR0098,D000931,P014,2026-02-01,11475.1,8,T006,Valid
12610,FR0098,D000653,P014,2026-03-25,12879.52,9,T006,Valid
12611,FR0098,D000817,P014,2026-03-14,12879.52,9,T006,Valid
12612,FR0098,D000138,P014,2026-03-26,12879.52,9,T006,Valid
12613,FR0098,D000296,P014,2026-03-07,12879.52,9,T006,Valid
12614,FR0098,D000093,P014,2026-03-19,12879.52,9,T006,Valid
12615,FR0098,D000817,P014,2026-04-12,12033.79,9,T006,Valid
12616,FR0098,D000653,P014,2026-04-17,12033.79,9,T006,Valid
12617,FR0098,D000093,P014,2026-04-01,12033.79,9,T006,Valid
12618,FR0098,D000549,P014,2026-04-02,12033.79,9,T006,Valid
12619,FR0098,D000239,P014,2026-04-27,12033.79,9,T006,Valid
12620,FR0098,D000239,P014,2026-05-25,11238.93,8,T006,Valid
12621,FR0098,D000549,P014,2026-05-27,11238.93,8,T006,Valid
12622,FR0098,D000093,P014,2026-05-12,11238.93,8,T006,Valid
12623,FR0098,D000817,P014,2026-05-14,11238.93,8,T006,Valid
12624,FR0098,D000485,P014,2026-05-10,11238.93,8,T006,Valid
12625,FR0098,D000138,P014,2026-06-23,12650.7,9,T006,Valid
12626,FR0098,D000653,P014,2026-06-20,12650.7,9,T006,Valid
12627,FR0098,D000093,P014,2026-06-25,12650.7,9,T006,Valid
12628,FR0098,D000239,P014,2026-06-20,12650.7,9,T006,Valid
12629,FR0098,D000817,P014,2026-06-15,12650.7,9,T006,Valid
12630,FR0098,D000485,P014,2026-07-14,28533.35,20,T006,Valid
12631,FR0098,D000296,P014,2026-07-17,28533.35,20,T006,Valid
12632,FR0099,D000522,P001,2026-01-09,16377.95,16,T014,Valid
12633,FR0099,D000434,P001,2026-01-27,16377.95,16,T014,Valid
12634,FR0099,D000729,P001,2026-01-11,16377.95,16,T014,Valid
12635,FR0099,D000015,P001,2026-01-07,16377.95,16,T014,Valid
12636,FR0099,D000655,P001,2026-01-04,16377.95,16,T014,Valid
12637,FR0099,D000228,P001,2026-02-02,23957.04,23,T014,Valid
12638,FR0099,D000677,P001,2026-02-18,23957.04,23,T014,Valid
12639,FR0099,D000434,P001,2026-02-27,23957.04,23,T014,Valid
12640,FR0099,D000297,P001,2026-03-16,40404.15,39,T014,Valid
12641,FR0099,D000463,P001,2026-03-18,40404.15,39,T014,Valid
12642,FR0099,D000297,P001,2026-04-08,17990.63,18,T014,Valid
12643,FR0099,D000434,P001,2026-04-22,17990.63,18,T014,Valid
12644,FR0099,D000226,P001,2026-04-16,17990.63,18,T014,Valid
12645,FR0099,D000729,P001,2026-04-07,17990.63,18,T014,Valid
12646,FR0099,D000015,P001,2026-05-02,24722.6,24,T014,Valid
12647,FR0099,D000522,P001,2026-05-27,24722.6,24,T014,Valid
12648,FR0099,D000655,P001,2026-05-01,24722.6,24,T014,Valid
12649,FR0099,D000297,P001,2026-06-05,33789.94,33,T014,Valid
12650,FR0099,D000729,P001,2026-06-01,33789.94,33,T014,Valid
12651,FR0099,D000015,P001,2026-07-12,14002.1,14,T014,Valid
12652,FR0099,D000677,P001,2026-07-23,14002.1,14,T014,Valid
12653,FR0099,D000729,P001,2026-07-18,14002.1,14,T014,Valid
12654,FR0099,D000922,P001,2026-07-26,14002.1,14,T014,Valid
12655,FR0099,D000522,P001,2026-07-04,14002.1,14,T014,Valid
12656,FR0099,D000015,P008,2026-01-03,14450.62,6,T014,Valid
12657,FR0099,D000392,P008,2026-01-21,14450.62,6,T014,Valid
12658,FR0099,D000297,P008,2026-01-05,14450.62,6,T014,Valid
12659,FR0099,D000729,P008,2026-01-06,14450.62,6,T014,Valid
12660,FR0099,D000463,P008,2026-01-23,14450.62,6,T014,Valid
12661,FR0099,D000434,P008,2026-01-15,14450.62,6,T014,Valid
12662,FR0099,D000228,P008,2026-02-01,39703.86,17,T014,Valid
12663,FR0099,D000463,P008,2026-02-06,39703.86,17,T014,Valid
12664,FR0099,D000677,P008,2026-03-19,23874.77,10,T014,Valid
12665,FR0099,D000228,P008,2026-03-13,23874.77,10,T014,Valid
12666,FR0099,D000226,P008,2026-03-17,23874.77,10,T014,Valid
12667,FR0099,D000655,P008,2026-03-13,23874.77,10,T014,Valid
12668,FR0099,D000729,P008,2026-04-09,30373.11,13,T014,Valid
12669,FR0099,D000677,P008,2026-04-07,30373.11,13,T014,Valid
12670,FR0099,D000522,P008,2026-04-03,30373.11,13,T014,Valid
12671,FR0099,D000392,P008,2026-05-25,44449.43,19,T014,Valid
12672,FR0099,D000922,P008,2026-05-13,44449.43,19,T014,Valid
12673,FR0099,D000297,P008,2026-05-20,44449.43,19,T017,Valid
12674,FR0099,D000677,P008,2026-05-11,44449.43,19,T008,Valid
12675,FR0099,D000297,P008,2026-06-06,17617.46,7,T014,Valid
12676,FR0099,D000226,P008,2026-06-19,17617.46,7,T014,Valid
12677,FR0099,D000655,P008,2026-06-01,17617.46,7,T014,Valid
12678,FR0099,D000922,P008,2026-06-10,17617.46,7,T014,Valid
12679,FR0099,D000392,P008,2026-06-06,17617.46,7,T014,Valid
12680,FR0099,D000392,P008,2026-07-11,32383.13,14,T014,Valid
12681,FR0099,D000463,P008,2026-07-26,32383.13,14,T014,Valid
12682,FR0099,D000226,P008,2026-07-04,32383.13,14,T014,Valid
12683,FR0099,D000015,P005,2026-01-11,29760.2,15,T014,Valid
12684,FR0099,D000226,P005,2026-01-20,29760.2,15,T014,Valid
12685,FR0099,D000922,P005,2026-01-17,29760.2,15,T014,Valid
12686,FR0099,D000463,P005,2026-01-06,29760.2,15,T014,Valid
12687,FR0099,D000655,P005,2026-01-10,29760.2,15,T014,Valid
12688,FR0099,D000677,P005,2026-02-27,49872.24,26,T014,Valid
12689,FR0099,D000297,P005,2026-02-09,49872.24,26,T014,Valid
12690,FR0099,D000655,P005,2026-02-21,49872.24,26,T014,Valid
12691,FR0099,D000015,P005,2026-03-13,33261.24,17,T014,Valid
12692,FR0099,D000297,P005,2026-03-17,33261.24,17,T014,Valid
12693,FR0099,D000677,P005,2026-03-24,33261.24,17,T014,Valid
12694,FR0099,D000655,P005,2026-03-13,33261.24,17,T014,Valid
12695,FR0099,D000392,P005,2026-04-02,31156.56,16,T014,Valid
12696,FR0099,D000677,P005,2026-04-20,31156.56,16,T014,Valid
12697,FR0099,D000655,P005,2026-04-13,31156.56,16,T014,Valid
12698,FR0099,D000463,P005,2026-04-11,31156.56,16,T014,Valid
12699,FR0099,D000434,P005,2026-05-07,70390.57,36,T014,Valid
12700,FR0099,D000729,P005,2026-05-16,70390.57,36,T014,Valid
12701,FR0099,D000015,P005,2026-06-03,23690.9,12,T014,Valid
12702,FR0099,D000392,P005,2026-06-02,23690.9,12,T014,Valid
12703,FR0099,D000655,P005,2026-06-23,23690.9,12,T014,Valid
12704,FR0099,D000522,P005,2026-06-21,23690.9,12,T014,Valid
12705,FR0099,D000463,P005,2026-06-08,23690.9,12,T014,Valid
12706,FR0099,D000922,P005,2026-06-09,23690.9,12,T014,Valid
12707,FR0099,D000729,P005,2026-07-07,21562.2,11,T014,Valid
12708,FR0099,D000392,P005,2026-07-25,21562.2,11,T014,Valid
12709,FR0099,D000434,P005,2026-07-18,21562.2,11,T014,Valid
12710,FR0099,D000922,P005,2026-07-04,21562.2,11,T014,Valid
12711,FR0099,D000226,P005,2026-07-21,21562.2,11,T014,Valid
12712,FR0099,D000655,P005,2026-07-25,21562.2,11,T014,Valid
12713,FR0099,D000729,P027,2026-01-15,81800.67,33,T015,Valid
12714,FR0099,D000015,P027,2026-01-11,81800.67,33,T014,Valid
12715,FR0099,D000729,P027,2026-02-07,37322.91,15,T017,Valid
12716,FR0099,D000297,P027,2026-02-03,37322.91,15,T014,Valid
12717,FR0099,D000226,P027,2026-03-20,18375.32,7,T014,Valid
12718,FR0099,D000463,P027,2026-03-14,18375.32,7,T014,Valid
12719,FR0099,D000297,P027,2026-03-23,18375.32,7,T014,Valid
12720,FR0099,D000228,P027,2026-03-21,18375.32,7,T014,Valid
12721,FR0099,D000922,P027,2026-04-14,27411.4,11,T014,Valid
12722,FR0099,D000392,P027,2026-04-18,27411.4,11,T014,Valid
12723,FR0099,D000297,P027,2026-04-03,27411.4,11,T014,Valid
12724,FR0099,D000522,P027,2026-05-09,16196.58,7,T014,Valid
12725,FR0099,D000297,P027,2026-05-01,16196.58,7,T014,Valid
12726,FR0099,D000015,P027,2026-05-16,16196.58,7,T014,Valid
12727,FR0099,D000463,P027,2026-05-09,16196.58,7,T014,Valid
12728,FR0099,D000226,P027,2026-05-03,16196.58,7,T014,Valid
12729,FR0099,D000922,P027,2026-06-05,34825.56,14,T014,Valid
12730,FR0099,D000677,P027,2026-06-14,34825.56,14,T014,Valid
12731,FR0099,D000677,P027,2026-07-15,18159.81,7,T014,Valid
12732,FR0099,D000729,P027,2026-07-08,18159.81,7,T014,Valid
12733,FR0099,D000463,P027,2026-07-26,18159.81,7,T014,Valid
12734,FR0099,D000228,P027,2026-07-16,18159.81,7,T014,Valid
12735,FR0099,D000522,P003,2026-01-18,164233.12,95,T014,Valid
12736,FR0099,D000434,P003,2026-02-16,19328.97,11,T014,Valid
12737,FR0099,D000228,P003,2026-02-13,19328.97,11,T014,Valid
12738,FR0099,D000677,P003,2026-02-15,19328.97,11,T014,Valid
12739,FR0099,D000297,P003,2026-02-25,19328.97,11,T014,Valid
12740,FR0099,D000463,P003,2026-02-11,19328.97,11,T014,Valid
12741,FR0099,D000729,P003,2026-03-20,14663.3,8,T014,Valid
12742,FR0099,D000655,P003,2026-03-11,14663.3,8,T014,Valid
12743,FR0099,D000677,P003,2026-03-13,14663.3,8,T014,Valid
12744,FR0099,D000297,P003,2026-03-10,14663.3,8,T014,Valid
12745,FR0099,D000522,P003,2026-03-06,14663.3,8,T014,Valid
12746,FR0099,D000228,P003,2026-03-22,14663.3,8,T014,Valid
12747,FR0099,D000392,P003,2026-04-17,23324.52,13,T014,Valid
12748,FR0099,D000522,P003,2026-04-23,23324.52,13,T014,Valid
12749,FR0099,D000463,P003,2026-04-20,23324.52,13,T014,Valid
12750,FR0099,D000434,P003,2026-04-25,23324.52,13,T014,Valid
12751,FR0099,D000463,P003,2026-05-09,17584.37,10,T014,Valid
12752,FR0099,D000677,P003,2026-05-17,17584.37,10,T014,Valid
12753,FR0099,D000228,P003,2026-05-11,17584.37,10,T014,Valid
12754,FR0099,D000522,P003,2026-05-05,17584.37,10,T014,Valid
12755,FR0099,D000015,P003,2026-05-15,17584.37,10,T014,Valid
12756,FR0099,D000392,P003,2026-06-08,31750.8,18,T014,Valid
12757,FR0099,D000729,P003,2026-06-05,31750.8,18,T014,Valid
12758,FR0099,D000922,P003,2026-06-19,31750.8,18,T014,Valid
12759,FR0099,D000434,P003,2026-07-05,16278.93,9,T014,Valid
12760,FR0099,D000392,P003,2026-07-25,16278.93,9,T014,Valid
12761,FR0099,D000729,P003,2026-07-27,16278.93,9,T014,Valid
12762,FR0099,D000228,P003,2026-07-25,16278.93,9,T014,Valid
12763,FR0099,D000677,P003,2026-07-10,16278.93,9,T014,Valid
12764,FR0099,D000015,P003,2026-07-14,16278.93,9,T014,Valid
12765,FR0099,D000015,P015,2026-01-09,17795.18,12,T014,Valid
12766,FR0099,D000655,P015,2026-01-06,17795.18,12,T014,Valid
12767,FR0099,D000522,P015,2026-01-06,17795.18,12,T014,Valid
12768,FR0099,D000463,P015,2026-01-15,17795.18,12,T014,Valid
12769,FR0099,D000297,P015,2026-01-15,17795.18,12,T014,Valid
12770,FR0099,D000729,P015,2026-01-04,17795.18,12,T014,Valid
12771,FR0099,D000226,P015,2026-02-03,17175.71,11,T014,Valid
12772,FR0099,D000434,P015,2026-02-16,17175.71,11,T014,Valid
12773,FR0099,D000463,P015,2026-02-13,17175.71,11,T014,Valid
12774,FR0099,D000922,P015,2026-02-03,17175.71,11,T014,Valid
12775,FR0099,D000677,P015,2026-02-24,17175.71,11,T014,Valid
12776,FR0099,D000655,P015,2026-02-24,17175.71,11,T014,Valid
12777,FR0099,D000226,P015,2026-03-13,33109.88,22,T014,Valid
12778,FR0099,D000677,P015,2026-03-14,33109.88,22,T014,Valid
12779,FR0099,D000922,P015,2026-03-23,33109.88,22,T014,Valid
12780,FR0099,D000677,P015,2026-04-13,19951.83,13,T014,Valid
12781,FR0099,D000655,P015,2026-04-24,19951.83,13,T014,Valid
12782,FR0099,D000729,P015,2026-04-17,19951.83,13,T014,Valid
12783,FR0099,D000463,P015,2026-04-06,19951.83,13,T014,Valid
12784,FR0099,D000522,P015,2026-04-15,19951.83,13,T014,Valid
12785,FR0099,D000463,P015,2026-05-02,21399.08,14,T014,Valid
12786,FR0099,D000729,P015,2026-05-15,21399.08,14,T014,Valid
12787,FR0099,D000655,P015,2026-05-13,21399.08,14,T014,Valid
12788,FR0099,D000922,P015,2026-05-15,21399.08,14,T014,Valid
12789,FR0099,D000522,P015,2026-05-21,21399.08,14,T014,Valid
12790,FR0099,D000434,P015,2026-06-12,35217.78,23,T014,Valid
12791,FR0099,D000522,P015,2026-06-06,35217.78,23,T014,Valid
12792,FR0099,D000655,P015,2026-06-11,35217.78,23,T014,Valid
12793,FR0099,D000297,P015,2026-07-09,15661.2,10,T014,Valid
12794,FR0099,D000392,P015,2026-07-09,15661.2,10,T014,Valid
12795,FR0099,D000226,P015,2026-07-10,15661.2,10,T014,Valid
12796,FR0099,D000922,P015,2026-07-27,15661.2,10,T014,Valid
12797,FR0099,D000522,P015,2026-07-25,15661.2,10,T014,Valid
12798,FR0099,D000677,P015,2026-07-03,15661.2,10,T014,Valid
12799,FR0099,D000677,P025,2026-01-03,68178.2,28,T014,Valid
12800,FR0099,D000434,P025,2026-01-03,68178.2,28,T014,Valid
12801,FR0099,D000522,P025,2026-02-07,26129.73,11,T014,Valid
12802,FR0099,D000922,P025,2026-02-26,26129.73,11,T014,Valid
12803,FR0099,D000463,P025,2026-02-10,26129.73,11,T014,Valid
12804,FR0099,D000297,P025,2026-02-08,26129.73,11,T014,Valid
12805,FR0099,D000226,P025,2026-02-07,26129.73,11,T014,Valid
12806,FR0099,D000297,P025,2026-03-08,70017.74,29,T014,Valid
12807,FR0099,D000434,P025,2026-03-23,70017.74,29,T014,Valid
12808,FR0099,D000015,P025,2026-04-06,80721.05,33,T014,Valid
12809,FR0099,D000226,P025,2026-04-10,80721.05,33,T014,Valid
12810,FR0099,D000392,P025,2026-05-19,70520.8,29,T014,Valid
12811,FR0099,D000677,P025,2026-05-20,70520.8,29,T014,Valid
12812,FR0099,D000015,P025,2026-06-12,30988.4,13,T014,Valid
12813,FR0099,D000297,P025,2026-06-18,30988.4,13,T014,Valid
12814,FR0099,D000226,P025,2026-06-24,30988.4,13,T014,Valid
12815,FR0099,D000522,P025,2026-06-12,30988.4,13,T014,Valid
12816,FR0099,D000922,P025,2026-06-07,30988.4,13,T014,Valid
12817,FR0099,D000729,P025,2026-07-20,159283.52,66,T014,Valid
12818,FR0100,D000701,P022,2026-01-26,15764.23,39,T020,Valid
12819,FR0100,D000389,P022,2026-01-15,15764.23,39,T020,Valid
12820,FR0100,D000130,P022,2026-01-07,15764.23,39,T020,Valid
12821,FR0100,D000657,P022,2026-01-05,15764.23,39,T020,Valid
12822,FR0100,D000423,P022,2026-01-01,15764.23,39,T020,Valid
12823,FR0100,D000404,P022,2026-01-27,15764.23,39,T020,Valid
12824,FR0100,D000529,P022,2026-02-03,14458.36,35,T020,Valid
12825,FR0100,D000404,P022,2026-02-27,14458.36,35,T020,Valid
12826,FR0100,D000736,P022,2026-02-09,14458.36,35,T020,Valid
12827,FR0100,D000750,P022,2026-02-09,14458.36,35,T020,Valid
12828,FR0100,D000803,P022,2026-02-21,14458.36,35,T020,Valid
12829,FR0100,D000389,P022,2026-02-26,14458.36,35,T020,Valid
12830,FR0100,D000404,P022,2026-03-05,14975.38,37,T020,Valid
12831,FR0100,D000130,P022,2026-03-04,14975.38,37,T020,Valid
12832,FR0100,D000736,P022,2026-03-01,14975.38,37,T020,Valid
12833,FR0100,D000750,P022,2026-03-17,14975.38,37,T020,Valid
12834,FR0100,D000423,P022,2026-03-24,14975.38,37,T020,Valid
12835,FR0100,D000666,P022,2026-03-20,14975.38,37,T020,Valid
12836,FR0100,D000389,P022,2026-04-01,48163.51,118,T020,Valid
12837,FR0100,D000651,P022,2026-04-22,48163.51,118,T020,Valid
12838,FR0100,D000666,P022,2026-05-18,22148.54,54,T020,Valid
12839,FR0100,D000657,P022,2026-05-02,22148.54,54,T020,Valid
12840,FR0100,D000389,P022,2026-05-21,22148.54,54,T020,Valid
12841,FR0100,D000803,P022,2026-05-17,22148.54,54,T020,Valid
12842,FR0100,D000130,P022,2026-06-22,41024.02,101,T020,Valid
12843,FR0100,D000651,P022,2026-06-09,41024.02,101,T020,Valid
12844,FR0100,D000389,P022,2026-07-08,27621.73,68,T020,Valid
12845,FR0100,D000529,P022,2026-07-01,27621.73,68,T020,Valid
12846,FR0100,D000423,P022,2026-07-16,27621.73,68,T020,Valid
12847,FR0100,D000736,P026,2026-01-05,14711.07,8,T020,Valid
12848,FR0100,D000651,P026,2026-01-03,14711.07,8,T020,Valid
12849,FR0100,D000811,P026,2026-01-22,14711.07,8,T020,Valid
12850,FR0100,D000750,P026,2026-01-20,14711.07,8,T020,Valid
12851,FR0100,D000811,P026,2026-02-13,10917.47,6,T020,Valid
12852,FR0100,D000750,P026,2026-02-03,10917.47,6,T020,Valid
12853,FR0100,D000130,P026,2026-02-21,10917.47,6,T020,Valid
12854,FR0100,D000736,P026,2026-02-11,10917.47,6,T020,Valid
12855,FR0100,D000389,P026,2026-02-19,10917.47,6,T020,Valid
12856,FR0100,D000423,P026,2026-02-01,10917.47,6,T020,Valid
12857,FR0100,D000811,P026,2026-03-19,23614.24,13,T020,Valid
12858,FR0100,D000657,P026,2026-03-03,23614.24,13,T020,Valid
12859,FR0100,D000130,P026,2026-03-27,23614.24,13,T020,Valid
12860,FR0100,D000529,P026,2026-04-01,22571.9,12,T006,Valid
12861,FR0100,D000651,P026,2026-04-12,22571.9,12,T018,Valid
12862,FR0100,D000750,P026,2026-04-21,22571.9,12,T009,Valid
12863,FR0100,D000423,P026,2026-04-06,22571.9,12,T007,Valid
12864,FR0100,D000811,P026,2026-04-14,22571.9,12,T020,Valid
12865,FR0100,D000666,P026,2026-04-22,22571.9,12,T011,Valid
12866,FR0100,D000130,P026,2026-05-14,11528.06,6,T020,Valid
12867,FR0100,D000529,P026,2026-05-18,11528.06,6,T020,Valid
12868,FR0100,D000736,P026,2026-05-11,11528.06,6,T020,Valid
12869,FR0100,D000666,P026,2026-05-12,11528.06,6,T020,Valid
12870,FR0100,D000811,P026,2026-05-22,11528.06,6,T020,Valid
12871,FR0100,D000803,P026,2026-05-19,11528.06,6,T020,Valid
12872,FR0100,D000811,P026,2026-06-04,16799.57,9,T020,Valid
12873,FR0100,D000750,P026,2026-06-21,16799.57,9,T020,Valid
12874,FR0100,D000666,P026,2026-06-07,16799.57,9,T020,Valid
12875,FR0100,D000529,P026,2026-06-07,16799.57,9,T020,Valid
12876,FR0100,D000389,P026,2026-07-22,9531.96,5,T020,Valid
12877,FR0100,D000803,P026,2026-07-20,9531.96,5,T020,Valid
12878,FR0100,D000657,P026,2026-07-12,9531.96,5,T020,Valid
12879,FR0100,D000750,P026,2026-07-03,9531.96,5,T020,Valid
12880,FR0100,D000666,P026,2026-07-27,9531.96,5,T020,Valid
12881,FR0100,D000701,P026,2026-07-22,9531.96,5,T020,Valid
12882,FR0100,D000736,P008,2026-01-19,43064.13,18,T020,Valid
12883,FR0100,D000529,P008,2026-01-02,43064.13,18,T020,Valid
12884,FR0100,D000404,P008,2026-01-17,43064.13,18,T020,Valid
12885,FR0100,D000750,P008,2026-02-07,24366.34,10,T020,Valid
12886,FR0100,D000651,P008,2026-02-01,24366.34,10,T020,Valid
12887,FR0100,D000666,P008,2026-02-15,24366.34,10,T020,Valid
12888,FR0100,D000701,P008,2026-02-07,24366.34,10,T020,Valid
12889,FR0100,D000423,P008,2026-02-03,24366.34,10,T020,Valid
12890,FR0100,D000130,P008,2026-02-02,24366.34,10,T020,Valid
12891,FR0100,D000701,P008,2026-03-15,38136.7,16,T020,Valid
12892,FR0100,D000651,P008,2026-03-17,38136.7,16,T020,Valid
12893,FR0100,D000423,P008,2026-03-18,38136.7,16,T020,Valid
12894,FR0100,D000130,P008,2026-03-26,38136.7,16,T020,Valid
12895,FR0100,D000529,P008,2026-04-11,64277.09,27,T020,Valid
12896,FR0100,D000130,P008,2026-04-24,64277.09,27,T020,Valid
12897,FR0100,D000389,P008,2026-05-09,27088.05,11,T020,Valid
12898,FR0100,D000666,P008,2026-05-27,27088.05,11,T020,Valid
12899,FR0100,D000130,P008,2026-05-10,27088.05,11,T020,Valid
12900,FR0100,D000750,P008,2026-05-22,27088.05,11,T020,Valid
12901,FR0100,D000736,P008,2026-05-24,27088.05,11,T020,Valid
12902,FR0100,D000701,P008,2026-06-10,33019.43,14,T020,Valid
12903,FR0100,D000389,P008,2026-06-11,33019.43,14,T020,Valid
12904,FR0100,D000130,P008,2026-06-11,33019.43,14,T020,Valid
12905,FR0100,D000736,P008,2026-06-08,33019.43,14,T020,Valid
12906,FR0100,D000389,P008,2026-07-22,26483.95,11,T020,Valid
12907,FR0100,D000529,P008,2026-07-25,26483.95,11,T020,Valid
12908,FR0100,D000803,P008,2026-07-25,26483.95,11,T020,Valid
12909,FR0100,D000811,P008,2026-07-19,26483.95,11,T020,Valid
12910,FR0100,D000404,P008,2026-07-15,26483.95,11,T020,Valid
12911,FR0100,D000736,P014,2026-01-16,16560.47,12,T020,Valid
12912,FR0100,D000529,P014,2026-01-14,16560.47,12,T020,Valid
12913,FR0100,D000389,P014,2026-01-04,16560.47,12,T020,Valid
12914,FR0100,D000529,P014,2026-02-20,15328.83,11,T020,Valid
12915,FR0100,D000803,P014,2026-02-24,15328.83,11,T020,Valid
12916,FR0100,D000130,P014,2026-02-25,15328.83,11,T020,Valid
12917,FR0100,D000657,P014,2026-03-23,23533.84,17,T020,Valid
12918,FR0100,D000811,P014,2026-03-10,23533.84,17,T020,Valid
12919,FR0100,D000389,P014,2026-04-06,25056.87,18,T020,Valid
12920,FR0100,D000811,P014,2026-04-07,25056.87,18,T020,Valid
12921,FR0100,D000657,P014,2026-05-06,7167.88,5,T020,Valid
12922,FR0100,D000651,P014,2026-05-18,7167.88,5,T020,Valid
12923,FR0100,D000803,P014,2026-05-21,7167.88,5,T020,Valid
12924,FR0100,D000811,P014,2026-05-07,7167.88,5,T020,Valid
12925,FR0100,D000666,P014,2026-05-17,7167.88,5,T020,Valid
12926,FR0100,D000423,P014,2026-05-04,7167.88,5,T020,Valid
12927,FR0100,D000811,P014,2026-06-24,15236.99,11,T020,Valid
12928,FR0100,D000701,P014,2026-06-09,15236.99,11,T020,Valid
12929,FR0100,D000130,P014,2026-06-20,15236.99,11,T020,Valid
12930,FR0100,D000811,P014,2026-07-14,18419.05,13,T020,Valid
12931,FR0100,D000803,P014,2026-07-08,18419.05,13,T020,Valid
12932,FR0100,D000529,P014,2026-07-05,18419.05,13,T020,Valid
12933,FR0100,D000404,P014,2026-07-15,18419.05,13,T020,Valid
12934,FR0100,D000701,P014,2026-07-06,18419.05,13,T020,Valid
12935,FR0100,D000389,P014,2026-07-01,18419.05,13,T020,Valid
12936,FR0100,D000736,P017,2026-01-19,27647.51,13,T020,Valid
12937,FR0100,D000389,P017,2026-01-24,27647.51,13,T020,Valid
12938,FR0100,D000651,P017,2026-01-24,27647.51,13,T020,Valid
12939,FR0100,D000666,P017,2026-01-12,27647.51,13,T020,Valid
12940,FR0100,D000404,P017,2026-02-08,25593.93,12,T020,Valid
12941,FR0100,D000736,P017,2026-02-11,25593.93,12,T020,Valid
12942,FR0100,D000657,P017,2026-02-05,25593.93,12,T020,Valid
12943,FR0100,D000529,P017,2026-02-16,25593.93,12,T020,Valid
12944,FR0100,D000666,P017,2026-03-22,16157.35,7,T020,Valid
12945,FR0100,D000750,P017,2026-03-01,16157.35,7,T020,Valid
12946,FR0100,D000803,P017,2026-03-20,16157.35,7,T020,Valid
12947,FR0100,D000404,P017,2026-03-21,16157.35,7,T020,Valid
12948,FR0100,D000701,P017,2026-03-06,16157.35,7,T020,Valid
12949,FR0100,D000130,P017,2026-03-11,16157.35,7,T020,Valid
12950,FR0100,D000130,P017,2026-04-11,34831.23,16,T020,Valid
12951,FR0100,D000529,P017,2026-04-16,34831.23,16,T020,Valid
12952,FR0100,D000750,P017,2026-04-25,34831.23,16,T020,Valid
12953,FR0100,D000404,P017,2026-05-07,19118.65,9,T020,Valid
12954,FR0100,D000803,P017,2026-05-05,19118.65,9,T020,Valid
12955,FR0100,D000651,P017,2026-05-03,19118.65,9,T020,Valid
12956,FR0100,D000423,P017,2026-05-01,19118.65,9,T020,Valid
12957,FR0100,D000130,P017,2026-05-04,19118.65,9,T020,Valid
12958,FR0100,D000404,P017,2026-06-15,24104.85,11,T020,Valid
12959,FR0100,D000389,P017,2026-06-16,24104.85,11,T020,Valid
12960,FR0100,D000529,P017,2026-06-22,24104.85,11,T020,Valid
12961,FR0100,D000423,P017,2026-06-01,24104.85,11,T020,Valid
12962,FR0100,D000666,P017,2026-07-22,36745.88,17,T020,Valid
12963,FR0100,D000811,P017,2026-07-14,36745.88,17,T020,Valid
12964,FR0100,D000130,P017,2026-07-24,36745.88,17,T020,Valid
12965,FR0100,D000666,P027,2026-01-21,18006.87,7,T020,Valid
12966,FR0100,D000803,P027,2026-01-10,18006.87,7,T020,Valid
12967,FR0100,D000404,P027,2026-01-03,18006.87,7,T020,Valid
12968,FR0100,D000651,P027,2026-01-12,18006.87,7,T020,Valid
12969,FR0100,D000657,P027,2026-01-15,18006.87,7,T020,Valid
12970,FR0100,D000701,P027,2026-01-14,18006.87,7,T020,Valid
12971,FR0100,D000803,P027,2026-02-17,22316.21,9,T020,Valid
12972,FR0100,D000657,P027,2026-02-02,22316.21,9,T020,Valid
12973,FR0100,D000423,P027,2026-02-04,22316.21,9,T020,Valid
12974,FR0100,D000750,P027,2026-02-20,22316.21,9,T020,Valid
12975,FR0100,D000811,P027,2026-02-16,22316.21,9,T020,Valid
12976,FR0100,D000404,P027,2026-03-27,59652.09,24,T020,Valid
12977,FR0100,D000666,P027,2026-03-01,59652.09,24,T020,Valid
12978,FR0100,D000803,P027,2026-04-26,16647.87,7,T020,Valid
12979,FR0100,D000423,P027,2026-04-08,16647.87,7,T020,Valid
12980,FR0100,D000811,P027,2026-04-04,16647.87,7,T020,Valid
12981,FR0100,D000404,P027,2026-04-03,16647.87,7,T020,Valid
12982,FR0100,D000750,P027,2026-04-13,16647.87,7,T020,Valid
12983,FR0100,D000389,P027,2026-04-20,16647.87,7,T020,Valid
12984,FR0100,D000736,P027,2026-05-04,22579.66,9,T020,Valid
12985,FR0100,D000666,P027,2026-05-17,22579.66,9,T020,Valid
12986,FR0100,D000130,P027,2026-05-23,22579.66,9,T020,Valid
12987,FR0100,D000803,P027,2026-05-11,22579.66,9,T020,Valid
12988,FR0100,D000389,P027,2026-05-26,22579.66,9,T020,Valid
12989,FR0100,D000423,P027,2026-06-07,36179.89,15,T020,Valid
12990,FR0100,D000736,P027,2026-06-04,36179.89,15,T020,Valid
12991,FR0100,D000130,P027,2026-06-21,36179.89,15,T020,Valid
12992,FR0100,D000529,P027,2026-07-24,21810.64,9,T020,Valid
12993,FR0100,D000404,P027,2026-07-10,21810.64,9,T020,Valid
12994,FR0100,D000423,P027,2026-07-26,21810.64,9,T020,Valid
12995,FR0100,D000657,P027,2026-07-18,21810.64,9,T020,Valid
12996,FR0100,D000803,P027,2026-07-10,21810.64,9,T020,Valid
12997,FR0100,D000666,P028,2026-01-21,12989.93,11,T020,Valid
12998,FR0100,D000651,P028,2026-01-15,12989.93,11,T020,Valid
12999,FR0100,D000130,P028,2026-01-03,12989.93,11,T020,Valid
13000,FR0100,D000701,P028,2026-01-27,12989.93,11,T020,Valid
13001,FR0100,D000750,P028,2026-01-17,12989.93,11,T020,Valid
13002,FR0100,D000803,P028,2026-01-21,12989.93,11,T020,Valid
13003,FR0100,D000811,P028,2026-02-06,19443.95,17,T020,Valid
13004,FR0100,D000701,P028,2026-02-10,19443.95,17,T020,Valid
13005,FR0100,D000736,P028,2026-02-15,19443.95,17,T020,Valid
13006,FR0100,D000529,P028,2026-02-27,19443.95,17,T020,Valid
13007,FR0100,D000701,P028,2026-03-04,21164.38,18,T020,Valid
13008,FR0100,D000657,P028,2026-03-17,21164.38,18,T020,Valid
13009,FR0100,D000666,P028,2026-03-14,21164.38,18,T020,Valid
13010,FR0100,D000389,P028,2026-03-17,21164.38,18,T020,Valid
13011,FR0100,D000666,P028,2026-04-14,22518.37,20,T020,Valid
13012,FR0100,D000811,P028,2026-04-17,22518.37,20,T020,Valid
13013,FR0100,D000529,P028,2026-04-10,22518.37,20,T020,Valid
13014,FR0100,D000736,P028,2026-04-23,22518.37,20,T020,Valid
13015,FR0100,D000750,P028,2026-05-27,40523.55,35,T020,Valid
13016,FR0100,D000701,P028,2026-05-17,40523.55,35,T020,Valid
13017,FR0100,D000423,P028,2026-06-09,42963.33,37,T020,Valid
13018,FR0100,D000651,P028,2026-06-25,42963.33,37,T020,Valid
13019,FR0100,D000803,P028,2026-07-20,44521.79,39,T020,Valid
13020,FR0100,D000666,P028,2026-07-24,44521.79,39,T020,Valid
