sale_id,representative_id,doctor_id,product_id,sale_date,sales_amount,quantity,selling_territory_id,status
14,FR0001,D000100,P015,2026-05-06,24208.85,16,T007,Valid
15,FR0001,D000020,P015,2026-05-14,24208.85,16,T007,Valid
16,FR0001,D000176,P015,2026-05-24,24208.85,16,T007,Valid
17,FR0001,D000883,P015,2026-05-16,24208.85,16,T007,Valid
42,FR0001,D000176,P011,2026-05-02,7168.9,3,T007,Valid
43,FR0001,D000142,P011,2026-05-05,7168.9,3,T007,Valid
44,FR0001,D000883,P011,2026-05-23,7168.9,3,T007,Valid
45,FR0001,D000801,P011,2026-05-25,7168.9,3,T007,Valid
46,FR0001,D000100,P011,2026-05-17,7168.9,3,T007,Valid
47,FR0001,D000834,P011,2026-05-03,7168.9,3,T007,Valid
72,FR0001,D000801,P014,2026-05-07,85370.68,61,T007,Valid
73,FR0001,D000176,P014,2026-05-23,85370.68,61,T007,Valid
96,FR0001,D000100,P004,2026-05-18,45790.2,26,T007,Valid
97,FR0001,D000834,P004,2026-05-18,45790.2,26,T007,Valid
113,FR0002,D000021,P009,2026-05-02,17284.17,7,T018,Valid
114,FR0002,D000247,P009,2026-05-02,17284.17,7,T018,Valid
115,FR0002,D000980,P009,2026-05-23,17284.17,7,T018,Valid
116,FR0002,D000995,P009,2026-05-09,17284.17,7,T018,Valid
117,FR0002,D000366,P009,2026-05-27,17284.17,7,T018,Valid
118,FR0002,D000894,P009,2026-05-17,17284.17,7,T018,Valid
144,FR0002,D000995,P013,2026-05-10,8681.24,19,T018,Valid
145,FR0002,D000366,P013,2026-05-16,8681.24,19,T018,Valid
146,FR0002,D000980,P013,2026-05-24,8681.24,19,T018,Valid
147,FR0002,D000021,P013,2026-05-24,8681.24,19,T018,Valid
148,FR0002,D000894,P013,2026-05-18,8681.24,19,T018,Valid
169,FR0002,D000366,P021,2026-05-15,26301.11,13,T018,Valid
170,FR0002,D000995,P021,2026-05-17,26301.11,13,T018,Valid
185,FR0002,D000021,P016,2026-05-22,57422.77,391,T018,Valid
186,FR0002,D000980,P016,2026-05-05,57422.77,391,T018,Valid
209,FR0002,D000995,P019,2026-05-17,33140.55,15,T018,Valid
210,FR0002,D000247,P019,2026-05-16,33140.55,15,T018,Valid
236,FR0002,D000894,P020,2026-05-20,18773.61,61,T018,Valid
237,FR0002,D000980,P020,2026-05-17,18773.61,61,T018,Valid
266,FR0003,D000537,P025,2026-05-06,54277.81,22,T001,Valid
267,FR0003,D000330,P025,2026-05-01,54277.81,22,T014,Valid
290,FR0003,D000014,P012,2026-05-02,31818.36,15,T014,Valid
291,FR0003,D000585,P012,2026-05-03,31818.36,15,T014,Valid
292,FR0003,D000338,P012,2026-05-06,31818.36,15,T014,Valid
321,FR0003,D000537,P018,2026-05-08,30549.98,45,T014,Valid
322,FR0003,D000246,P018,2026-05-08,30549.98,45,T014,Valid
323,FR0003,D000014,P018,2026-05-24,30549.98,45,T014,Valid
324,FR0003,D000338,P018,2026-05-14,30549.98,45,T014,Valid
346,FR0004,D000694,P019,2026-05-17,11674.58,5,T008,Valid
347,FR0004,D000477,P019,2026-05-15,11674.58,5,T008,Valid
348,FR0004,D000898,P019,2026-05-08,11674.58,5,T008,Valid
349,FR0004,D000251,P019,2026-05-17,11674.58,5,T008,Valid
350,FR0004,D000917,P019,2026-05-09,11674.58,5,T008,Valid
351,FR0004,D000170,P019,2026-05-05,11674.58,5,T008,Valid
380,FR0004,D000898,P013,2026-05-14,17867.23,38,T008,Valid
381,FR0004,D000170,P013,2026-05-04,17867.23,38,T008,Valid
382,FR0004,D000917,P013,2026-05-14,17867.23,38,T008,Valid
383,FR0004,D000251,P013,2026-05-19,17867.23,38,T008,Valid
384,FR0004,D000694,P013,2026-05-09,17867.23,38,T008,Valid
385,FR0004,D000477,P013,2026-05-14,17867.23,38,T008,Valid
405,FR0004,D000251,P025,2026-05-13,37472.47,16,T008,Valid
406,FR0004,D000898,P025,2026-05-01,37472.47,16,T008,Valid
407,FR0004,D000917,P025,2026-05-06,37472.47,16,T008,Valid
408,FR0004,D000694,P025,2026-05-17,37472.47,16,T008,Valid
426,FR0004,D000694,P030,2026-05-06,32930.87,130,T008,Valid
427,FR0004,D000898,P030,2026-05-17,32930.87,130,T008,Valid
428,FR0004,D000477,P030,2026-05-13,32930.87,130,T008,Valid
429,FR0004,D000251,P030,2026-05-25,32930.87,130,T008,Valid
456,FR0004,D000694,P007,2026-05-21,17834.77,37,T008,Valid
457,FR0004,D000917,P007,2026-05-06,17834.77,37,T008,Valid
458,FR0004,D000170,P007,2026-05-26,17834.77,37,T008,Valid
459,FR0004,D000251,P007,2026-05-14,17834.77,37,T008,Valid
460,FR0004,D000477,P007,2026-05-20,17834.77,37,T008,Valid
461,FR0004,D000898,P007,2026-05-13,17834.77,37,T008,Valid
479,FR0004,D000251,P002,2026-05-13,27142.39,20,T008,Valid
480,FR0004,D000170,P002,2026-05-06,27142.39,20,T008,Valid
481,FR0004,D000477,P002,2026-05-24,27142.39,20,T008,Valid
482,FR0004,D000898,P002,2026-05-13,27142.39,20,T008,Valid
483,FR0004,D000917,P002,2026-05-13,27142.39,20,T008,Valid
484,FR0004,D000694,P002,2026-05-09,27142.39,20,T008,Valid
505,FR0004,D000251,P018,2026-05-11,25067.27,37,T008,Valid
506,FR0004,D000694,P018,2026-05-06,25067.27,37,T008,Valid
531,FR0005,D000057,P023,2026-05-21,16656.15,7,T015,Valid
532,FR0005,D000035,P023,2026-05-13,16656.15,7,T015,Valid
533,FR0005,D000615,P023,2026-05-16,16656.15,7,T015,Valid
559,FR0005,D000231,P018,2026-05-01,49400.19,73,T015,Valid
560,FR0005,D000819,P018,2026-05-27,49400.19,73,T015,Valid
561,FR0005,D000311,P018,2026-05-27,49400.19,73,T015,Valid
587,FR0005,D000730,P026,2026-05-25,13225.81,7,T015,Valid
588,FR0005,D000509,P026,2026-05-11,13225.81,7,T015,Valid
589,FR0005,D000231,P026,2026-05-19,13225.81,7,T015,Valid
590,FR0005,D000783,P026,2026-05-04,13225.81,7,T015,Valid
591,FR0005,D000057,P026,2026-05-14,13225.81,7,T015,Valid
592,FR0005,D000310,P026,2026-05-12,13225.81,7,T015,Valid
614,FR0005,D000310,P004,2026-05-12,20871.47,12,T015,Valid
615,FR0005,D000311,P004,2026-05-12,20871.47,12,T015,Valid
616,FR0005,D000496,P004,2026-05-21,20871.47,12,T015,Valid
617,FR0005,D000369,P004,2026-05-08,20871.47,12,T015,Valid
618,FR0005,D000188,P004,2026-05-09,20871.47,12,T015,Valid
619,FR0005,D000035,P004,2026-05-02,20871.47,12,T015,Valid
644,FR0006,D000480,P018,2026-05-20,69624.01,103,T019,Valid
645,FR0006,D000876,P018,2026-05-23,69624.01,103,T019,Valid
668,FR0006,D000607,P022,2026-05-01,28139.32,69,T019,Valid
669,FR0006,D000480,P022,2026-05-25,28139.32,69,T019,Valid
670,FR0006,D000274,P022,2026-05-01,28139.32,69,T019,Valid
671,FR0006,D000419,P022,2026-05-16,28139.32,69,T019,Valid
672,FR0006,D000851,P022,2026-05-18,28139.32,69,T019,Valid
700,FR0006,D000274,P026,2026-05-22,17852.98,10,T019,Valid
701,FR0006,D000480,P026,2026-05-16,17852.98,10,T019,Valid
702,FR0006,D000419,P026,2026-05-02,17852.98,10,T019,Valid
703,FR0006,D000876,P026,2026-05-05,17852.98,10,T019,Valid
704,FR0006,D000851,P026,2026-05-05,17852.98,10,T019,Valid
727,FR0006,D000602,P007,2026-05-18,27893.21,58,T019,Valid
728,FR0006,D000904,P007,2026-05-25,27893.21,58,T019,Valid
729,FR0006,D000480,P007,2026-05-22,27893.21,58,T019,Valid
730,FR0006,D000870,P007,2026-05-09,27893.21,58,T019,Valid
756,FR0006,D000419,P005,2026-05-19,19986.16,10,T019,Valid
757,FR0006,D000876,P005,2026-05-15,19986.16,10,T019,Valid
758,FR0006,D000274,P005,2026-05-18,19986.16,10,T019,Valid
776,FR0006,D000480,P010,2026-05-13,26251.73,20,T019,Valid
777,FR0006,D000876,P010,2026-05-08,26251.73,20,T019,Valid
778,FR0006,D000607,P010,2026-05-14,26251.73,20,T019,Valid
779,FR0006,D000602,P010,2026-05-01,26251.73,20,T019,Valid
780,FR0006,D000870,P010,2026-05-16,26251.73,20,T019,Valid
781,FR0006,D000851,P010,2026-05-08,26251.73,20,T019,Valid
813,FR0006,D000876,P023,2026-05-23,28595.42,12,T019,Valid
814,FR0006,D000602,P023,2026-05-16,28595.42,12,T019,Valid
815,FR0006,D000904,P023,2026-05-05,28595.42,12,T019,Valid
816,FR0006,D000851,P023,2026-05-14,28595.42,12,T019,Valid
840,FR0007,D000184,P027,2026-05-02,18208.41,7,T009,Valid
841,FR0007,D000895,P027,2026-05-03,18208.41,7,T009,Valid
842,FR0007,D000199,P027,2026-05-24,18208.41,7,T009,Valid
843,FR0007,D000194,P027,2026-05-25,18208.41,7,T009,Valid
844,FR0007,D000954,P027,2026-05-01,18208.41,7,T009,Valid
863,FR0007,D000194,P003,2026-05-08,16629.62,10,T010,Valid
864,FR0007,D000184,P003,2026-05-14,16629.62,10,T009,Valid
865,FR0007,D000895,P003,2026-05-24,16629.62,10,T009,Valid
866,FR0007,D000199,P003,2026-05-22,16629.62,10,T015,Valid
867,FR0007,D000954,P003,2026-05-27,16629.62,10,T015,Valid
888,FR0007,D000954,P001,2026-05-19,27490.6,27,T009,Valid
889,FR0007,D000184,P001,2026-05-11,27490.6,27,T009,Valid
890,FR0007,D000895,P001,2026-05-07,27490.6,27,T009,Valid
891,FR0007,D000199,P001,2026-05-22,27490.6,27,T009,Valid
892,FR0007,D000194,P001,2026-05-08,27490.6,27,T009,Valid
914,FR0008,D000808,P014,2026-05-21,23060.32,17,T001,Valid
915,FR0008,D000224,P014,2026-05-23,23060.32,17,T001,Valid
916,FR0008,D000582,P014,2026-05-01,23060.32,17,T001,Valid
917,FR0008,D000363,P014,2026-05-03,23060.32,17,T001,Valid
918,FR0008,D000565,P014,2026-05-23,23060.32,17,T001,Valid
944,FR0008,D001000,P006,2026-05-26,17753.64,48,T001,Valid
945,FR0008,D000749,P006,2026-05-06,17753.64,48,T001,Valid
946,FR0008,D000808,P006,2026-05-09,17753.64,48,T001,Valid
947,FR0008,D000489,P006,2026-05-16,17753.64,48,T001,Valid
948,FR0008,D000224,P006,2026-05-10,17753.64,48,T001,Valid
949,FR0008,D000983,P006,2026-05-02,17753.64,48,T001,Valid
971,FR0008,D000565,P025,2026-05-05,28007.66,12,T001,Valid
972,FR0008,D000582,P025,2026-05-14,28007.66,12,T001,Valid
996,FR0008,D000094,P011,2026-05-14,42510.87,19,T001,Valid
997,FR0008,D000486,P011,2026-05-12,42510.87,19,T001,Valid
998,FR0008,D000565,P011,2026-05-10,42510.87,19,T001,Valid
1024,FR0008,D000545,P008,2026-05-17,30685.8,13,T001,Valid
1025,FR0008,D000346,P008,2026-05-03,30685.8,13,T001,Valid
1026,FR0008,D000941,P008,2026-05-27,30685.8,13,T001,Valid
1027,FR0008,D000445,P008,2026-05-25,30685.8,13,T001,Valid
1054,FR0008,D000921,P010,2026-05-06,71686.19,54,T001,Valid
1055,FR0008,D000003,P010,2026-05-20,71686.19,54,T001,Valid
1074,FR0009,D000806,P006,2026-05-11,23907.31,65,T006,Valid
1075,FR0009,D000772,P006,2026-05-19,23907.31,65,T006,Valid
1076,FR0009,D000193,P006,2026-05-11,23907.31,65,T006,Valid
1077,FR0009,D000023,P006,2026-05-04,23907.31,65,T006,Valid
1078,FR0009,D000277,P006,2026-05-16,23907.31,65,T006,Valid
1079,FR0009,D000438,P006,2026-05-23,23907.31,65,T006,Valid
1107,FR0009,D000806,P018,2026-05-24,18990.43,28,T006,Valid
1108,FR0009,D000193,P018,2026-05-26,18990.43,28,T006,Valid
1109,FR0009,D000438,P018,2026-05-02,18990.43,28,T006,Valid
1110,FR0009,D000023,P018,2026-05-11,18990.43,28,T006,Valid
1139,FR0009,D000402,P022,2026-05-14,55934.25,137,T006,Valid
1140,FR0009,D000029,P022,2026-05-24,55934.25,137,T006,Valid
1141,FR0009,D000193,P022,2026-05-18,55934.25,137,T006,Valid
1163,FR0010,D000085,P027,2026-05-23,16508.15,7,T014,Valid
1164,FR0010,D000012,P027,2026-05-22,16508.15,7,T014,Valid
1165,FR0010,D000304,P027,2026-05-23,16508.15,7,T014,Valid
1166,FR0010,D000964,P027,2026-05-23,16508.15,7,T014,Valid
1167,FR0010,D000175,P027,2026-05-24,16508.15,7,T014,Valid
1199,FR0010,D000173,P011,2026-05-27,32242.97,15,T014,Valid
1200,FR0010,D000012,P011,2026-05-22,32242.97,15,T014,Valid
1201,FR0010,D000036,P011,2026-05-15,32242.97,15,T014,Valid
1202,FR0010,D000304,P011,2026-05-09,32242.97,15,T014,Valid
1229,FR0010,D000085,P026,2026-05-04,25345.1,14,T014,Valid
1230,FR0010,D000885,P026,2026-05-22,25345.1,14,T014,Valid
1231,FR0010,D000381,P026,2026-05-06,25345.1,14,T014,Valid
1232,FR0010,D000012,P026,2026-05-06,25345.1,14,T014,Valid
1258,FR0010,D000964,P010,2026-05-01,30055.91,23,T014,Valid
1259,FR0010,D000115,P010,2026-05-19,30055.91,23,T014,Valid
1260,FR0010,D000626,P010,2026-05-18,30055.91,23,T014,Valid
1261,FR0010,D000012,P010,2026-05-09,30055.91,23,T014,Valid
1262,FR0010,D000381,P010,2026-05-14,30055.91,23,T014,Valid
1292,FR0010,D000580,P007,2026-05-07,42708.81,89,T014,Valid
1293,FR0010,D000887,P007,2026-05-14,42708.81,89,T014,Valid
1294,FR0010,D000085,P007,2026-05-25,42708.81,89,T014,Valid
1295,FR0010,D000036,P007,2026-05-08,42708.81,89,T014,Valid
1316,FR0010,D000173,P003,2026-05-12,147040.27,85,T014,Valid
1341,FR0010,D000012,P014,2026-05-02,9807.5,7,T014,Valid
1342,FR0010,D000036,P014,2026-05-16,9807.5,7,T014,Valid
1343,FR0010,D000381,P014,2026-05-10,9807.5,7,T014,Valid
1344,FR0010,D000175,P014,2026-05-15,9807.5,7,T014,Valid
1345,FR0010,D000944,P014,2026-05-26,9807.5,7,T014,Valid
1370,FR0011,D000948,P028,2026-05-16,15727.82,14,T011,Valid
1371,FR0011,D000952,P028,2026-05-25,15727.82,14,T011,Valid
1372,FR0011,D000328,P028,2026-05-13,15727.82,14,T011,Valid
1395,FR0011,D000952,P006,2026-05-27,58109.09,158,T011,Valid
1420,FR0011,D000440,P023,2026-05-07,41092.19,17,T011,Valid
1421,FR0011,D000168,P023,2026-05-11,41092.19,17,T011,Valid
1422,FR0011,D000328,P023,2026-05-03,41092.19,17,T011,Valid
1449,FR0012,D000110,P013,2026-05-07,49352.17,106,T009,Valid
1450,FR0012,D000507,P013,2026-05-21,49352.17,106,T009,Valid
1451,FR0012,D000408,P013,2026-05-26,49352.17,106,T009,Valid
1476,FR0012,D000540,P011,2026-05-21,24360.53,11,T009,Valid
1477,FR0012,D000724,P011,2026-05-09,24360.53,11,T009,Valid
1478,FR0012,D000270,P011,2026-05-17,24360.53,11,T009,Valid
1479,FR0012,D000408,P011,2026-05-16,24360.53,11,T009,Valid
1480,FR0012,D000597,P011,2026-05-24,24360.53,11,T009,Valid
1481,FR0012,D000110,P011,2026-05-26,24360.53,11,T009,Valid
1501,FR0012,D000724,P029,2026-05-21,14317.98,37,T009,Valid
1502,FR0012,D000878,P029,2026-05-25,14317.98,37,T009,Valid
1503,FR0012,D000540,P029,2026-05-13,14317.98,37,T009,Valid
1504,FR0012,D000110,P029,2026-05-08,14317.98,37,T009,Valid
1505,FR0012,D000507,P029,2026-05-24,14317.98,37,T009,Valid
1529,FR0013,D000428,P014,2026-05-23,24867.8,18,T005,Valid
1530,FR0013,D000690,P014,2026-05-15,24867.8,18,T005,Valid
1531,FR0013,D000857,P014,2026-05-07,24867.8,18,T005,Valid
1532,FR0013,D000171,P014,2026-05-05,24867.8,18,T005,Valid
1533,FR0013,D000847,P014,2026-05-03,24867.8,18,T005,Valid
1560,FR0013,D000428,P022,2026-05-18,33957.94,83,T005,Valid
1561,FR0013,D000567,P022,2026-05-27,33957.94,83,T009,Valid
1562,FR0013,D000823,P022,2026-05-21,33957.94,83,T005,Valid
1563,FR0013,D000169,P022,2026-05-04,33957.94,83,T005,Valid
1586,FR0013,D000567,P025,2026-05-21,20519.59,8,T005,Valid
1587,FR0013,D000428,P025,2026-05-08,20519.59,8,T005,Valid
1588,FR0013,D000860,P025,2026-05-20,20519.59,8,T005,Valid
1589,FR0013,D000171,P025,2026-05-24,20519.59,8,T005,Valid
1611,FR0013,D000567,P013,2026-05-17,29043.88,62,T005,Valid
1612,FR0013,D000428,P013,2026-05-24,29043.88,62,T005,Valid
1613,FR0013,D000171,P013,2026-05-16,29043.88,62,T005,Valid
1614,FR0013,D000169,P013,2026-05-14,29043.88,62,T005,Valid
1615,FR0013,D000823,P013,2026-05-24,29043.88,62,T005,Valid
1630,FR0014,D000725,P016,2026-05-24,82769.42,564,T007,Valid
1631,FR0014,D000133,P016,2026-05-06,82769.42,564,T007,Valid
1644,FR0014,D000133,P002,2026-05-20,131593.04,96,T007,Valid
1645,FR0014,D000725,P002,2026-05-17,131593.04,96,T007,Valid
1658,FR0014,D000725,P030,2026-05-22,52437.93,207,T007,Valid
1659,FR0014,D000133,P030,2026-05-18,52437.93,207,T007,Valid
1671,FR0014,D000725,P027,2026-05-23,28162.12,11,T007,Valid
1672,FR0014,D000133,P027,2026-05-02,28162.12,11,T007,Valid
1693,FR0015,D000821,P013,2026-05-21,19553.89,42,T011,Valid
1694,FR0015,D000639,P013,2026-05-14,19553.89,42,T011,Valid
1695,FR0015,D000072,P013,2026-05-19,19553.89,42,T011,Valid
1696,FR0015,D000514,P013,2026-05-04,19553.89,42,T011,Valid
1697,FR0015,D000541,P013,2026-05-03,19553.89,42,T011,Valid
1698,FR0015,D000738,P013,2026-05-26,19553.89,42,T011,Valid
1722,FR0015,D000727,P003,2026-05-20,34872.24,20,T011,Valid
1723,FR0015,D000892,P003,2026-05-14,34872.24,20,T011,Valid
1724,FR0015,D000859,P003,2026-05-05,34872.24,20,T011,Valid
1752,FR0015,D000738,P017,2026-05-24,63386.67,29,T011,Valid
1753,FR0015,D000859,P017,2026-05-16,63386.67,29,T011,Valid
1777,FR0015,D000821,P024,2026-05-14,51179.65,70,T011,Valid
1778,FR0015,D000639,P024,2026-05-18,51179.65,70,T011,Valid
1779,FR0015,D000072,P024,2026-05-26,51179.65,70,T011,Valid
1805,FR0015,D000541,P010,2026-05-03,31105.56,24,T011,Valid
1806,FR0015,D000639,P010,2026-05-05,31105.56,24,T011,Valid
1807,FR0015,D000919,P010,2026-05-24,31105.56,24,T011,Valid
1808,FR0015,D000738,P010,2026-05-04,31105.56,24,T011,Valid
1829,FR0015,D000514,P026,2026-05-27,40852.02,23,T011,Valid
1830,FR0015,D000639,P026,2026-05-18,40852.02,23,T011,Valid
1831,FR0015,D000006,P026,2026-05-01,40852.02,23,T011,Valid
1832,FR0015,D000541,P026,2026-05-12,40852.02,23,T011,Valid
1857,FR0016,D000458,P012,2026-05-08,17705.59,8,T004,Valid
1858,FR0016,D000352,P012,2026-05-18,17705.59,8,T004,Valid
1859,FR0016,D000974,P012,2026-05-09,17705.59,8,T004,Valid
1860,FR0016,D000473,P012,2026-05-18,17705.59,8,T004,Valid
1861,FR0016,D000259,P012,2026-05-01,17705.59,8,T004,Valid
1886,FR0016,D000581,P005,2026-05-16,26177.89,13,T004,Valid
1887,FR0016,D000502,P005,2026-05-04,26177.89,13,T004,Valid
1908,FR0016,D000259,P016,2026-05-15,41285.14,281,T004,Valid
1909,FR0016,D000691,P016,2026-05-11,41285.14,281,T004,Valid
1910,FR0016,D000581,P016,2026-05-21,41285.14,281,T004,Valid
1931,FR0016,D000352,P003,2026-05-21,50914.64,29,T004,Valid
1932,FR0016,D000516,P003,2026-05-04,50914.64,29,T004,Valid
1951,FR0016,D000596,P028,2026-05-07,22544.06,20,T004,Valid
1952,FR0016,D000013,P028,2026-05-07,22544.06,20,T004,Valid
1953,FR0016,D000974,P028,2026-05-25,22544.06,20,T004,Valid
1954,FR0016,D000458,P028,2026-05-14,22544.06,20,T004,Valid
1955,FR0016,D000469,P028,2026-05-09,22544.06,20,T004,Valid
1956,FR0016,D000473,P028,2026-05-06,22544.06,20,T004,Valid
1980,FR0016,D000259,P006,2026-05-27,76312.87,208,T004,Valid
1981,FR0016,D000596,P006,2026-05-03,76312.87,208,T004,Valid
2003,FR0017,D000302,P010,2026-05-07,23905.72,18,T003,Valid
2004,FR0017,D000976,P010,2026-05-27,23905.72,18,T003,Valid
2005,FR0017,D000734,P010,2026-05-24,23905.72,18,T003,Valid
2030,FR0017,D000758,P009,2026-05-20,10340.57,4,T003,Valid
2031,FR0017,D000816,P009,2026-05-14,10340.57,4,T003,Valid
2032,FR0017,D000734,P009,2026-05-19,10340.57,4,T003,Valid
2033,FR0017,D000302,P009,2026-05-12,10340.57,4,T003,Valid
2034,FR0017,D000203,P009,2026-05-27,10340.57,4,T003,Valid
2054,FR0017,D000203,P022,2026-05-04,43103.85,106,T003,Valid
2055,FR0017,D000758,P022,2026-05-26,43103.85,106,T003,Valid
2080,FR0017,D000302,P029,2026-05-12,43993.51,113,T003,Valid
2081,FR0017,D000976,P029,2026-05-15,43993.51,113,T003,Valid
2104,FR0017,D000302,P030,2026-05-20,28374.0,112,T003,Valid
2105,FR0017,D000203,P030,2026-05-16,28374.0,112,T003,Valid
2130,FR0017,D000203,P014,2026-05-10,17497.3,13,T003,Valid
2131,FR0017,D000758,P014,2026-05-19,17497.3,13,T003,Valid
2132,FR0017,D000976,P014,2026-05-02,17497.3,13,T003,Valid
2133,FR0017,D000816,P014,2026-05-10,17497.3,13,T003,Valid
2152,FR0017,D000816,P028,2026-05-25,25179.64,22,T003,Valid
2153,FR0017,D000734,P028,2026-05-05,25179.64,22,T003,Valid
2154,FR0017,D000302,P028,2026-05-22,25179.64,22,T003,Valid
2155,FR0017,D000976,P028,2026-05-15,25179.64,22,T003,Valid
2156,FR0017,D000758,P028,2026-05-25,25179.64,22,T003,Valid
2157,FR0017,D000203,P028,2026-05-15,25179.64,22,T003,Valid
2178,FR0018,D000312,P024,2026-05-17,126272.29,172,T004,Valid
2198,FR0018,D000312,P030,2026-05-26,40039.67,158,T013,Valid
2199,FR0018,D000129,P030,2026-05-01,40039.67,158,T013,Valid
2216,FR0018,D000858,P001,2026-05-04,18026.88,18,T013,Valid
2217,FR0018,D000930,P001,2026-05-16,18026.88,18,T013,Valid
2218,FR0018,D000129,P001,2026-05-08,18026.88,18,T013,Valid
2240,FR0018,D000129,P026,2026-05-23,22186.61,12,T013,Valid
2241,FR0018,D000930,P026,2026-05-16,22186.61,12,T013,Valid
2242,FR0018,D000312,P026,2026-05-03,22186.61,12,T013,Valid
2243,FR0018,D000858,P026,2026-05-05,22186.61,12,T013,Valid
2262,FR0018,D000930,P016,2026-05-09,37199.44,254,T013,Valid
2263,FR0018,D000129,P016,2026-05-09,37199.44,254,T013,Valid
2264,FR0018,D000312,P016,2026-05-21,37199.44,254,T013,Valid
2265,FR0018,D000858,P016,2026-05-25,37199.44,254,T013,Valid
2290,FR0019,D000779,P028,2026-05-17,10294.08,9,T004,Valid
2291,FR0019,D000846,P028,2026-05-02,10294.08,9,T004,Valid
2292,FR0019,D000770,P028,2026-05-16,10294.08,9,T004,Valid
2293,FR0019,D000619,P028,2026-05-17,10294.08,9,T004,Valid
2294,FR0019,D000351,P028,2026-05-15,10294.08,9,T004,Valid
2295,FR0019,D000918,P028,2026-05-09,10294.08,9,T004,Valid
2324,FR0019,D000770,P015,2026-05-13,18207.41,12,T004,Valid
2325,FR0019,D000779,P015,2026-05-25,18207.41,12,T004,Valid
2326,FR0019,D000918,P015,2026-05-05,18207.41,12,T004,Valid
2327,FR0019,D000619,P015,2026-05-27,18207.41,12,T004,Valid
2328,FR0019,D000560,P015,2026-05-24,18207.41,12,T004,Valid
2329,FR0019,D000378,P015,2026-05-14,18207.41,12,T004,Valid
2347,FR0019,D000619,P019,2026-05-16,25656.82,12,T004,Valid
2348,FR0019,D000535,P019,2026-05-06,25656.82,12,T004,Valid
2349,FR0019,D000846,P019,2026-05-16,25656.82,12,T004,Valid
2350,FR0019,D000560,P019,2026-05-05,25656.82,12,T004,Valid
2351,FR0019,D000762,P019,2026-05-21,25656.82,12,T004,Valid
2352,FR0019,D000351,P019,2026-05-17,25656.82,12,T004,Valid
2379,FR0019,D000535,P011,2026-05-18,11865.89,5,T004,Valid
2380,FR0019,D000569,P011,2026-05-23,11865.89,5,T004,Valid
2381,FR0019,D000770,P011,2026-05-10,11865.89,5,T004,Valid
2382,FR0019,D000918,P011,2026-05-06,11865.89,5,T004,Valid
2383,FR0019,D000378,P011,2026-05-11,11865.89,5,T004,Valid
2384,FR0019,D000619,P011,2026-05-07,11865.89,5,T004,Valid
2406,FR0019,D000770,P002,2026-05-09,24044.21,18,T004,Valid
2407,FR0019,D000779,P002,2026-05-10,24044.21,18,T004,Valid
2408,FR0019,D000535,P002,2026-05-11,24044.21,18,T004,Valid
2409,FR0019,D000019,P002,2026-05-05,24044.21,18,T004,Valid
2410,FR0019,D000762,P002,2026-05-11,24044.21,18,T004,Valid
2431,FR0019,D000378,P018,2026-05-21,20078.3,30,T004,Valid
2432,FR0019,D000351,P018,2026-05-07,20078.3,30,T004,Valid
2433,FR0019,D000569,P018,2026-05-10,20078.3,30,T004,Valid
2434,FR0019,D000770,P018,2026-05-14,20078.3,30,T004,Valid
2435,FR0019,D000535,P018,2026-05-24,20078.3,30,T004,Valid
2436,FR0019,D000918,P018,2026-05-12,20078.3,30,T004,Valid
2463,FR0019,D000619,P023,2026-05-19,10380.38,4,T004,Valid
2464,FR0019,D000019,P023,2026-05-01,10380.38,4,T004,Valid
2465,FR0019,D000560,P023,2026-05-16,10380.38,4,T004,Valid
2466,FR0019,D000779,P023,2026-05-21,10380.38,4,T004,Valid
2467,FR0019,D000846,P023,2026-05-16,10380.38,4,T004,Valid
2487,FR0020,D000714,P011,2026-05-13,37179.34,17,T012,Valid
2488,FR0020,D000743,P011,2026-05-10,37179.34,17,T012,Valid
2489,FR0020,D000708,P011,2026-05-09,37179.34,17,T012,Valid
2513,FR0020,D000714,P004,2026-05-10,65216.85,38,T012,Valid
2514,FR0020,D000849,P004,2026-05-23,65216.85,38,T012,Valid
2537,FR0020,D000708,P028,2026-05-13,9784.81,8,T012,Valid
2538,FR0020,D000743,P028,2026-05-17,9784.81,8,T012,Valid
2539,FR0020,D000714,P028,2026-05-04,9784.81,8,T012,Valid
2540,FR0020,D000849,P028,2026-05-26,9784.81,8,T012,Valid
2541,FR0020,D000822,P028,2026-05-12,9784.81,8,T012,Valid
2566,FR0021,D000367,P023,2026-05-24,301161.42,127,T009,Valid
2593,FR0021,D000624,P011,2026-05-07,15080.28,7,T011,Valid
2594,FR0021,D000960,P011,2026-05-06,15080.28,7,T005,Valid
2595,FR0021,D000101,P011,2026-05-24,15080.28,7,T012,Valid
2620,FR0021,D000996,P028,2026-05-17,32121.53,28,T012,Valid
2621,FR0021,D000624,P028,2026-05-13,32121.53,28,T012,Valid
2648,FR0021,D000996,P018,2026-05-17,23194.09,34,T012,Valid
2649,FR0021,D000180,P018,2026-05-13,23194.09,34,T012,Valid
2650,FR0021,D000848,P018,2026-05-21,23194.09,34,T012,Valid
2651,FR0021,D000412,P018,2026-05-17,23194.09,34,T012,Valid
2670,FR0021,D000960,P012,2026-05-19,42130.47,20,T012,Valid
2671,FR0021,D000676,P012,2026-05-19,42130.47,20,T012,Valid
2672,FR0021,D000367,P012,2026-05-04,42130.47,20,T012,Valid
2702,FR0021,D000412,P004,2026-05-07,9402.68,5,T012,Valid
2703,FR0021,D000848,P004,2026-05-17,9402.68,5,T012,Valid
2704,FR0021,D000960,P004,2026-05-09,9402.68,5,T012,Valid
2705,FR0021,D000202,P004,2026-05-03,9402.68,5,T012,Valid
2706,FR0021,D000624,P004,2026-05-06,9402.68,5,T012,Valid
2724,FR0022,D000286,P004,2026-05-03,23515.08,14,T020,Valid
2725,FR0022,D000475,P004,2026-05-25,23515.08,14,T020,Valid
2743,FR0022,D000755,P016,2026-05-15,54218.94,369,T020,Valid
2744,FR0022,D000189,P016,2026-05-07,54218.94,369,T020,Valid
2745,FR0022,D000427,P016,2026-05-25,54218.94,369,T020,Valid
2765,FR0022,D000914,P005,2026-05-24,37411.41,19,T020,Valid
2766,FR0022,D000189,P005,2026-05-14,37411.41,19,T020,Valid
2796,FR0022,D000831,P029,2026-05-09,9261.04,24,T020,Valid
2797,FR0022,D000695,P029,2026-05-26,9261.04,24,T020,Valid
2798,FR0022,D000230,P029,2026-05-14,9261.04,24,T020,Valid
2799,FR0022,D000914,P029,2026-05-01,9261.04,24,T020,Valid
2800,FR0022,D000359,P029,2026-05-05,9261.04,24,T020,Valid
2801,FR0022,D000452,P029,2026-05-08,9261.04,24,T020,Valid
2825,FR0022,D000298,P024,2026-05-10,69995.29,95,T020,Valid
2826,FR0022,D000452,P024,2026-05-04,69995.29,95,T020,Valid
2848,FR0023,D000053,P028,2026-05-21,19549.78,17,T009,Valid
2849,FR0023,D000068,P028,2026-05-04,19549.78,17,T009,Valid
2850,FR0023,D000074,P028,2026-05-14,19549.78,17,T009,Valid
2851,FR0023,D000320,P028,2026-05-01,19549.78,17,T009,Valid
2852,FR0023,D000257,P028,2026-05-15,19549.78,17,T009,Valid
2876,FR0023,D000320,P012,2026-05-23,28585.01,13,T009,Valid
2877,FR0023,D000257,P012,2026-05-12,28585.01,13,T009,Valid
2878,FR0023,D000074,P012,2026-05-26,28585.01,13,T009,Valid
2879,FR0023,D000068,P012,2026-05-14,28585.01,13,T009,Valid
2880,FR0023,D000053,P012,2026-05-12,28585.01,13,T009,Valid
2906,FR0023,D000053,P008,2026-05-17,11430.04,5,T009,Valid
2907,FR0023,D000074,P008,2026-05-01,11430.04,5,T009,Valid
2908,FR0023,D000068,P008,2026-05-02,11430.04,5,T009,Valid
2909,FR0023,D000320,P008,2026-05-02,11430.04,5,T009,Valid
2933,FR0023,D000053,P022,2026-05-10,34222.2,84,T009,Valid
2934,FR0023,D000320,P022,2026-05-24,34222.2,84,T009,Valid
2935,FR0023,D000257,P022,2026-05-18,34222.2,84,T009,Valid
2936,FR0023,D000074,P022,2026-05-21,34222.2,84,T009,Valid
2958,FR0023,D000074,P016,2026-05-25,21135.89,144,T009,Valid
2959,FR0023,D000320,P016,2026-05-13,21135.89,144,T009,Valid
2960,FR0023,D000068,P016,2026-05-07,21135.89,144,T009,Valid
2961,FR0023,D000257,P016,2026-05-18,21135.89,144,T009,Valid
2962,FR0023,D000053,P016,2026-05-07,21135.89,144,T009,Valid
2981,FR0023,D000053,P023,2026-05-21,27850.59,12,T009,Valid
2982,FR0023,D000320,P023,2026-05-16,27850.59,12,T009,Valid
2983,FR0023,D000257,P023,2026-05-21,27850.59,12,T009,Valid
3008,FR0023,D000320,P014,2026-05-03,12657.02,9,T009,Valid
3009,FR0023,D000053,P014,2026-05-01,12657.02,9,T009,Valid
3010,FR0023,D000074,P014,2026-05-11,12657.02,9,T009,Valid
3011,FR0023,D000257,P014,2026-05-11,12657.02,9,T009,Valid
3012,FR0023,D000068,P014,2026-05-07,12657.02,9,T009,Valid
3043,FR0024,D000476,P016,2026-05-07,30856.97,210,T002,Valid
3044,FR0024,D000611,P016,2026-05-10,30856.97,210,T002,Valid
3045,FR0024,D000721,P016,2026-05-03,30856.97,210,T002,Valid
3046,FR0024,D000720,P016,2026-05-22,30856.97,210,T002,Valid
3067,FR0024,D000721,P013,2026-05-10,16049.09,34,T002,Valid
3068,FR0024,D000027,P013,2026-05-06,16049.09,34,T002,Valid
3069,FR0024,D000611,P013,2026-05-02,16049.09,34,T002,Valid
3092,FR0024,D000720,P030,2026-05-11,15558.24,61,T002,Valid
3093,FR0024,D000721,P030,2026-05-12,15558.24,61,T002,Valid
3094,FR0024,D000027,P030,2026-05-23,15558.24,61,T002,Valid
3095,FR0024,D000611,P030,2026-05-12,15558.24,61,T002,Valid
3096,FR0024,D000744,P030,2026-05-16,15558.24,61,T002,Valid
3097,FR0024,D000476,P030,2026-05-01,15558.24,61,T002,Valid
3124,FR0024,D000720,P006,2026-05-27,24382.84,66,T002,Valid
3125,FR0024,D000476,P006,2026-05-02,24382.84,66,T002,Valid
3126,FR0024,D000611,P006,2026-05-10,24382.84,66,T002,Valid
3127,FR0024,D000744,P006,2026-05-19,24382.84,66,T002,Valid
3147,FR0024,D000611,P025,2026-05-27,14848.6,6,T002,Valid
3148,FR0024,D000744,P025,2026-05-25,14848.6,6,T002,Valid
3149,FR0024,D000721,P025,2026-05-09,14848.6,6,T002,Valid
3150,FR0024,D000720,P025,2026-05-07,14848.6,6,T002,Valid
3151,FR0024,D000476,P025,2026-05-09,14848.6,6,T002,Valid
3152,FR0024,D000027,P025,2026-05-04,14848.6,6,T002,Valid
3178,FR0024,D000611,P001,2026-05-24,38202.53,37,T002,Valid
3179,FR0024,D000027,P001,2026-05-05,38202.53,37,T002,Valid
3180,FR0024,D000720,P001,2026-05-03,38202.53,37,T002,Valid
3181,FR0024,D000721,P001,2026-05-22,38202.53,37,T002,Valid
3203,FR0025,D000741,P026,2026-05-21,22600.15,12,T015,Valid
3204,FR0025,D000165,P026,2026-05-05,22600.15,12,T015,Valid
3205,FR0025,D000414,P026,2026-05-23,22600.15,12,T015,Valid
3206,FR0025,D000548,P026,2026-05-07,22600.15,12,T015,Valid
3224,FR0025,D000146,P008,2026-05-06,20960.32,9,T015,Valid
3225,FR0025,D000503,P008,2026-05-10,20960.32,9,T015,Valid
3226,FR0025,D000165,P008,2026-05-02,20960.32,9,T015,Valid
3227,FR0025,D000548,P008,2026-05-20,20960.32,9,T015,Valid
3228,FR0025,D000909,P008,2026-05-14,20960.32,9,T015,Valid
3229,FR0025,D000414,P008,2026-05-22,20960.32,9,T015,Valid
3250,FR0025,D000548,P023,2026-05-26,12880.24,5,T015,Valid
3251,FR0025,D000414,P023,2026-05-07,12880.24,5,T015,Valid
3252,FR0025,D000767,P023,2026-05-16,12880.24,5,T015,Valid
3284,FR0025,D000935,P024,2026-05-07,44825.94,61,T015,Valid
3285,FR0025,D000276,P024,2026-05-22,44825.94,61,T015,Valid
3286,FR0025,D000503,P024,2026-05-23,44825.94,61,T015,Valid
3314,FR0025,D000935,P002,2026-05-26,78792.57,58,T015,Valid
3315,FR0025,D000503,P002,2026-05-04,78792.57,58,T015,Valid
3344,FR0025,D000503,P010,2026-05-09,34158.94,26,T015,Valid
3345,FR0025,D000276,P010,2026-05-08,34158.94,26,T015,Valid
3346,FR0025,D000741,P010,2026-05-10,34158.94,26,T015,Valid
3370,FR0026,D000343,P004,2026-05-05,21102.84,12,T018,Valid
3371,FR0026,D000511,P004,2026-05-08,21102.84,12,T018,Valid
3372,FR0026,D000108,P004,2026-05-09,21102.84,12,T018,Valid
3400,FR0026,D000108,P025,2026-05-26,26928.38,11,T018,Valid
3401,FR0026,D000511,P025,2026-05-20,26928.38,11,T018,Valid
3424,FR0026,D000108,P015,2026-05-06,48080.44,31,T018,Valid
3425,FR0026,D000902,P015,2026-05-05,48080.44,31,T018,Valid
3426,FR0026,D000261,P015,2026-05-27,48080.44,31,T018,Valid
3448,FR0026,D000511,P018,2026-05-05,30110.78,45,T018,Valid
3449,FR0026,D000902,P018,2026-05-11,30110.78,45,T018,Valid
3450,FR0026,D000343,P018,2026-05-23,30110.78,45,T018,Valid
3451,FR0026,D000261,P018,2026-05-22,30110.78,45,T018,Valid
3452,FR0026,D000108,P018,2026-05-25,30110.78,45,T018,Valid
3473,FR0026,D000108,P029,2026-05-19,29358.92,75,T018,Valid
3474,FR0026,D000343,P029,2026-05-18,29358.92,75,T018,Valid
3475,FR0026,D000511,P029,2026-05-18,29358.92,75,T018,Valid
3476,FR0026,D000902,P029,2026-05-25,29358.92,75,T018,Valid
3477,FR0026,D000261,P029,2026-05-08,29358.92,75,T018,Valid
3498,FR0026,D000261,P012,2026-05-24,57012.87,27,T018,Valid
3499,FR0026,D000511,P012,2026-05-03,57012.87,27,T018,Valid
3500,FR0026,D000343,P012,2026-05-08,57012.87,27,T018,Valid
3522,FR0026,D000108,P024,2026-05-14,194922.95,265,T018,Valid
3547,FR0027,D000956,P021,2026-05-11,44531.63,22,T004,Valid
3548,FR0027,D000285,P021,2026-05-13,44531.63,22,T004,Valid
3575,FR0027,D000455,P026,2026-05-13,11757.35,6,T004,Valid
3576,FR0027,D000393,P026,2026-05-20,11757.35,6,T004,Valid
3577,FR0027,D000956,P026,2026-05-08,11757.35,6,T004,Valid
3578,FR0027,D000285,P026,2026-05-02,11757.35,6,T004,Valid
3579,FR0027,D000123,P026,2026-05-12,11757.35,6,T004,Valid
3601,FR0027,D000285,P001,2026-05-27,46536.81,45,T004,Valid
3602,FR0027,D000455,P001,2026-05-14,46536.81,45,T004,Valid
3603,FR0027,D000956,P001,2026-05-23,46536.81,45,T004,Valid
3628,FR0028,D000034,P023,2026-05-09,25308.36,11,T013,Valid
3629,FR0028,D000754,P023,2026-05-01,25308.36,11,T013,Valid
3630,FR0028,D000104,P023,2026-05-25,25308.36,11,T013,Valid
3631,FR0028,D000149,P023,2026-05-25,25308.36,11,T013,Valid
3632,FR0028,D000994,P023,2026-05-25,25308.36,11,T013,Valid
3633,FR0028,D000958,P023,2026-05-23,25308.36,11,T013,Valid
3652,FR0028,D000149,P018,2026-05-20,24994.02,37,T013,Valid
3653,FR0028,D000034,P018,2026-05-26,24994.02,37,T013,Valid
3654,FR0028,D000994,P018,2026-05-25,24994.02,37,T013,Valid
3655,FR0028,D000589,P018,2026-05-25,24994.02,37,T013,Valid
3656,FR0028,D000754,P018,2026-05-17,24994.02,37,T013,Valid
3677,FR0028,D000018,P022,2026-05-18,18913.81,46,T013,Valid
3678,FR0028,D000958,P022,2026-05-17,18913.81,46,T013,Valid
3679,FR0028,D000034,P022,2026-05-06,18913.81,46,T013,Valid
3680,FR0028,D000994,P022,2026-05-09,18913.81,46,T013,Valid
3681,FR0028,D000104,P022,2026-05-24,18913.81,46,T013,Valid
3682,FR0028,D000589,P022,2026-05-15,18913.81,46,T013,Valid
3706,FR0028,D000018,P017,2026-05-20,18628.01,8,T013,Valid
3707,FR0028,D000994,P017,2026-05-26,18628.01,8,T013,Valid
3708,FR0028,D000104,P017,2026-05-17,18628.01,8,T013,Valid
3729,FR0028,D000958,P019,2026-05-17,14824.08,7,T013,Valid
3730,FR0028,D000994,P019,2026-05-09,14824.08,7,T013,Valid
3731,FR0028,D000589,P019,2026-05-24,14824.08,7,T013,Valid
3732,FR0028,D000034,P019,2026-05-04,14824.08,7,T013,Valid
3733,FR0028,D000754,P019,2026-05-10,14824.08,7,T013,Valid
3752,FR0028,D000754,P026,2026-05-20,43531.58,24,T013,Valid
3753,FR0028,D000994,P026,2026-05-21,43531.58,24,T013,Valid
3754,FR0028,D000958,P026,2026-05-17,43531.58,24,T013,Valid
3774,FR0028,D000018,P011,2026-05-10,54638.37,25,T013,Valid
3775,FR0028,D000589,P011,2026-05-20,54638.37,25,T013,Valid
3776,FR0028,D000754,P011,2026-05-24,54638.37,25,T013,Valid
3777,FR0028,D000104,P011,2026-05-02,54638.37,25,T013,Valid
3778,FR0028,D000994,P011,2026-05-14,54638.37,25,T013,Valid
3805,FR0029,D000028,P026,2026-05-08,23389.42,13,T003,Valid
3806,FR0029,D000969,P026,2026-05-07,23389.42,13,T003,Valid
3807,FR0029,D000705,P026,2026-05-09,23389.42,13,T003,Valid
3808,FR0029,D000504,P026,2026-05-04,23389.42,13,T003,Valid
3809,FR0029,D000493,P026,2026-05-16,23389.42,13,T003,Valid
3810,FR0029,D000945,P026,2026-05-04,23389.42,13,T003,Valid
3838,FR0029,D000790,P003,2026-05-01,22516.66,13,T003,Valid
3839,FR0029,D000969,P003,2026-05-05,22516.66,13,T003,Valid
3840,FR0029,D000945,P003,2026-05-11,22516.66,13,T003,Valid
3841,FR0029,D000504,P003,2026-05-02,22516.66,13,T003,Valid
3842,FR0029,D000705,P003,2026-05-23,22516.66,13,T003,Valid
3868,FR0029,D000969,P024,2026-05-06,17385.77,24,T003,Valid
3869,FR0029,D000504,P024,2026-05-13,17385.77,24,T003,Valid
3870,FR0029,D000945,P024,2026-05-19,17385.77,24,T003,Valid
3871,FR0029,D000790,P024,2026-05-07,17385.77,24,T003,Valid
3895,FR0029,D000504,P016,2026-05-27,14222.36,97,T003,Valid
3896,FR0029,D000705,P016,2026-05-07,14222.36,97,T003,Valid
3897,FR0029,D000028,P016,2026-05-07,14222.36,97,T003,Valid
3898,FR0029,D000969,P016,2026-05-06,14222.36,97,T003,Valid
3923,FR0029,D000504,P028,2026-05-21,13474.02,12,T003,Valid
3924,FR0029,D000705,P028,2026-05-14,13474.02,12,T003,Valid
3925,FR0029,D000028,P028,2026-05-24,13474.02,12,T003,Valid
3926,FR0029,D000493,P028,2026-05-22,13474.02,12,T003,Valid
3953,FR0029,D000945,P021,2026-05-24,26030.62,13,T003,Valid
3954,FR0029,D000493,P021,2026-05-19,26030.62,13,T003,Valid
3955,FR0029,D000969,P021,2026-05-19,26030.62,13,T003,Valid
3956,FR0029,D000705,P021,2026-05-27,26030.62,13,T003,Valid
3957,FR0029,D000504,P021,2026-05-11,26030.62,13,T003,Valid
3982,FR0029,D000790,P027,2026-05-23,9573.7,4,T003,Valid
3983,FR0029,D000969,P027,2026-05-24,9573.7,4,T003,Valid
3984,FR0029,D000705,P027,2026-05-12,9573.7,4,T003,Valid
3985,FR0029,D000504,P027,2026-05-17,9573.7,4,T003,Valid
3986,FR0029,D000945,P027,2026-05-06,9573.7,4,T003,Valid
3987,FR0029,D000028,P027,2026-05-21,9573.7,4,T003,Valid
4012,FR0030,D000348,P024,2026-05-04,21976.96,30,T018,Valid
4013,FR0030,D000912,P024,2026-05-10,21976.96,30,T018,Valid
4014,FR0030,D000349,P024,2026-05-26,21976.96,30,T018,Valid
4015,FR0030,D000855,P024,2026-05-22,21976.96,30,T018,Valid
4038,FR0030,D000855,P012,2026-05-19,29405.38,14,T005,Valid
4039,FR0030,D000912,P012,2026-05-12,29405.38,14,T018,Valid
4040,FR0030,D000349,P012,2026-05-06,29405.38,14,T002,Valid
4041,FR0030,D000386,P012,2026-05-04,29405.38,14,T013,Valid
4061,FR0030,D000855,P022,2026-05-09,19297.21,47,T018,Valid
4062,FR0030,D000348,P022,2026-05-14,19297.21,47,T018,Valid
4063,FR0030,D000368,P022,2026-05-14,19297.21,47,T018,Valid
4089,FR0030,D000348,P001,2026-05-02,24601.3,24,T018,Valid
4090,FR0030,D000066,P001,2026-05-06,24601.3,24,T018,Valid
4091,FR0030,D000368,P001,2026-05-22,24601.3,24,T018,Valid
4115,FR0030,D000368,P003,2026-05-26,32378.98,19,T018,Valid
4116,FR0030,D000630,P003,2026-05-26,32378.98,19,T018,Valid
4117,FR0030,D000066,P003,2026-05-14,32378.98,19,T018,Valid
4118,FR0030,D000349,P003,2026-05-12,32378.98,19,T018,Valid
4144,FR0030,D000630,P010,2026-05-16,38325.65,29,T018,Valid
4145,FR0030,D000349,P010,2026-05-09,38325.65,29,T018,Valid
4146,FR0030,D000855,P010,2026-05-20,38325.65,29,T018,Valid
4176,FR0030,D000855,P007,2026-05-27,74063.33,154,T014,Valid
4199,FR0031,D000722,P021,2026-05-03,53268.64,26,T010,Valid
4200,FR0031,D000903,P021,2026-05-24,53268.64,26,T010,Valid
4201,FR0031,D000625,P021,2026-05-06,53268.64,26,T010,Valid
4228,FR0031,D000903,P011,2026-05-09,19625.41,9,T010,Valid
4229,FR0031,D000364,P011,2026-05-11,19625.41,9,T010,Valid
4230,FR0031,D000454,P011,2026-05-01,19625.41,9,T010,Valid
4231,FR0031,D000815,P011,2026-05-23,19625.41,9,T010,Valid
4232,FR0031,D000671,P011,2026-05-17,19625.41,9,T018,Valid
4233,FR0031,D000660,P011,2026-05-13,19625.41,9,T010,Valid
4266,FR0031,D000609,P020,2026-05-01,10603.69,35,T010,Valid
4267,FR0031,D000638,P020,2026-05-27,10603.69,35,T010,Valid
4268,FR0031,D000625,P020,2026-05-20,10603.69,35,T010,Valid
4269,FR0031,D000981,P020,2026-05-18,10603.69,35,T010,Valid
4270,FR0031,D000215,P020,2026-05-22,10603.69,35,T010,Valid
4271,FR0031,D000141,P020,2026-05-23,10603.69,35,T010,Valid
4290,FR0031,D000643,P028,2026-05-25,13432.69,12,T010,Valid
4291,FR0031,D000141,P028,2026-05-25,13432.69,12,T010,Valid
4292,FR0031,D000660,P028,2026-05-14,13432.69,12,T010,Valid
4293,FR0031,D000719,P028,2026-05-18,13432.69,12,T010,Valid
4294,FR0031,D000139,P028,2026-05-10,13432.69,12,T010,Valid
4295,FR0031,D000457,P028,2026-05-05,13432.69,12,T010,Valid
4316,FR0031,D000141,P012,2026-05-24,26050.09,12,T010,Valid
4317,FR0031,D000903,P012,2026-05-12,26050.09,12,T010,Valid
4318,FR0031,D000813,P012,2026-05-05,26050.09,12,T010,Valid
4319,FR0031,D000981,P012,2026-05-27,26050.09,12,T010,Valid
4320,FR0031,D000397,P012,2026-05-12,26050.09,12,T010,Valid
4341,FR0031,D000141,P008,2026-05-02,13872.93,6,T010,Valid
4342,FR0031,D000933,P008,2026-05-15,13872.93,6,T010,Valid
4343,FR0031,D000685,P008,2026-05-26,13872.93,6,T010,Valid
4344,FR0031,D000268,P008,2026-05-19,13872.93,6,T010,Valid
4345,FR0031,D000301,P008,2026-05-22,13872.93,6,T010,Valid
4366,FR0032,D000071,P016,2026-05-11,25434.9,173,T020,Valid
4367,FR0032,D000632,P016,2026-05-11,25434.9,173,T020,Valid
4368,FR0032,D000045,P016,2026-05-02,25434.9,173,T020,Valid
4369,FR0032,D000538,P016,2026-05-21,25434.9,173,T020,Valid
4370,FR0032,D000784,P016,2026-05-10,25434.9,173,T020,Valid
4371,FR0032,D000497,P016,2026-05-01,25434.9,173,T020,Valid
4396,FR0032,D000113,P007,2026-05-19,70169.97,146,T020,Valid
4397,FR0032,D000632,P007,2026-05-01,70169.97,146,T020,Valid
4426,FR0032,D000856,P026,2026-05-24,9852.58,5,T020,Valid
4427,FR0032,D000065,P026,2026-05-02,9852.58,5,T020,Valid
4428,FR0032,D000861,P026,2026-05-02,9852.58,5,T020,Valid
4429,FR0032,D000045,P026,2026-05-14,9852.58,5,T020,Valid
4456,FR0032,D000856,P010,2026-05-17,13790.61,10,T020,Valid
4457,FR0032,D000113,P010,2026-05-26,13790.61,10,T013,Valid
4458,FR0032,D000065,P010,2026-05-10,13790.61,10,T004,Valid
4459,FR0032,D000497,P010,2026-05-17,13790.61,10,T020,Valid
4460,FR0032,D000340,P010,2026-05-16,13790.61,10,T012,Valid
4461,FR0032,D000538,P010,2026-05-18,13790.61,10,T005,Valid
4483,FR0033,D000527,P021,2026-05-07,23137.73,11,T011,Valid
4484,FR0033,D000211,P021,2026-05-17,23137.73,11,T014,Valid
4485,FR0033,D000584,P021,2026-05-12,23137.73,11,T003,Valid
4486,FR0033,D000748,P021,2026-05-13,23137.73,11,T005,Valid
4487,FR0033,D000874,P021,2026-05-02,23137.73,11,T012,Valid
4488,FR0033,D000635,P021,2026-05-05,23137.73,11,T001,Valid
4511,FR0033,D000461,P007,2026-05-03,45203.74,94,T012,Valid
4512,FR0033,D000211,P007,2026-05-27,45203.74,94,T012,Valid
4537,FR0033,D000461,P002,2026-05-21,30337.02,22,T012,Valid
4538,FR0033,D000211,P002,2026-05-24,30337.02,22,T012,Valid
4539,FR0033,D000088,P002,2026-05-16,30337.02,22,T012,Valid
4540,FR0033,D000748,P002,2026-05-27,30337.02,22,T012,Valid
4541,FR0033,D000527,P002,2026-05-06,30337.02,22,T012,Valid
4567,FR0034,D000984,P008,2026-05-19,58497.08,24,T019,Valid
4568,FR0034,D000178,P008,2026-05-21,58497.08,24,T019,Valid
4592,FR0034,D000178,P029,2026-05-13,144632.55,370,T019,Valid
4613,FR0034,D000010,P015,2026-05-14,33168.59,22,T019,Valid
4614,FR0034,D000232,P015,2026-05-22,33168.59,22,T019,Valid
4615,FR0034,D000178,P015,2026-05-03,33168.59,22,T019,Valid
4638,FR0034,D000561,P005,2026-05-13,8229.66,4,T019,Valid
4639,FR0034,D000984,P005,2026-05-14,8229.66,4,T019,Valid
4640,FR0034,D000232,P005,2026-05-02,8229.66,4,T019,Valid
4641,FR0034,D000010,P005,2026-05-11,8229.66,4,T019,Valid
4642,FR0034,D000220,P005,2026-05-01,8229.66,4,T019,Valid
4643,FR0034,D000147,P005,2026-05-08,8229.66,4,T019,Valid
4667,FR0035,D000435,P028,2026-05-08,26404.81,23,T007,Valid
4668,FR0035,D000415,P028,2026-05-04,26404.81,23,T007,Valid
4669,FR0035,D000009,P028,2026-05-25,26404.81,23,T007,Valid
4687,FR0035,D000009,P011,2026-05-08,29582.07,14,T007,Valid
4688,FR0035,D000435,P011,2026-05-10,29582.07,14,T007,Valid
4689,FR0035,D000415,P011,2026-05-10,29582.07,14,T007,Valid
4706,FR0035,D000009,P020,2026-05-09,45236.78,148,T007,Valid
4707,FR0035,D000435,P020,2026-05-15,45236.78,148,T007,Valid
4708,FR0035,D000415,P020,2026-05-03,45236.78,148,T007,Valid
4727,FR0036,D000747,P029,2026-05-11,17755.59,45,T003,Valid
4728,FR0036,D000061,P029,2026-05-02,17755.59,45,T003,Valid
4729,FR0036,D000245,P029,2026-05-19,17755.59,45,T003,Valid
4730,FR0036,D000988,P029,2026-05-23,17755.59,45,T003,Valid
4750,FR0036,D000058,P006,2026-05-07,40555.74,110,T003,Valid
4751,FR0036,D000747,P006,2026-05-10,40555.74,110,T003,Valid
4752,FR0036,D000360,P006,2026-05-15,40555.74,110,T003,Valid
4777,FR0036,D000058,P030,2026-05-19,35487.03,140,T003,Valid
4778,FR0036,D000474,P030,2026-05-08,35487.03,140,T003,Valid
4798,FR0037,D000429,P013,2026-05-23,9612.4,21,T002,Valid
4799,FR0037,D000809,P013,2026-05-04,9612.4,21,T002,Valid
4800,FR0037,D000039,P013,2026-05-18,9612.4,21,T002,Valid
4801,FR0037,D000552,P013,2026-05-02,9612.4,21,T002,Valid
4802,FR0037,D000751,P013,2026-05-14,9612.4,21,T002,Valid
4803,FR0037,D000907,P013,2026-05-14,9612.4,21,T002,Valid
4827,FR0037,D000032,P010,2026-05-25,33753.43,26,T002,Valid
4828,FR0037,D000618,P010,2026-05-24,33753.43,26,T002,Valid
4856,FR0037,D000809,P025,2026-05-19,17255.75,7,T002,Valid
4857,FR0037,D000552,P025,2026-05-26,17255.75,7,T002,Valid
4858,FR0037,D000112,P025,2026-05-04,17255.75,7,T002,Valid
4859,FR0037,D000751,P025,2026-05-10,17255.75,7,T002,Valid
4860,FR0037,D000907,P025,2026-05-19,17255.75,7,T002,Valid
4879,FR0038,D000319,P011,2026-05-09,43823.26,20,T008,Valid
4880,FR0038,D000711,P011,2026-05-20,43823.26,20,T008,Valid
4881,FR0038,D000692,P011,2026-05-02,43823.26,20,T008,Valid
4906,FR0038,D000092,P016,2026-05-04,19385.51,132,T008,Valid
4907,FR0038,D000319,P016,2026-05-11,19385.51,132,T008,Valid
4908,FR0038,D000089,P016,2026-05-12,19385.51,132,T008,Valid
4909,FR0038,D000711,P016,2026-05-03,19385.51,132,T008,Valid
4927,FR0038,D000089,P010,2026-05-06,14412.56,11,T008,Valid
4928,FR0038,D000533,P010,2026-05-26,14412.56,11,T008,Valid
4929,FR0038,D000692,P010,2026-05-19,14412.56,11,T008,Valid
4930,FR0038,D000319,P010,2026-05-10,14412.56,11,T008,Valid
4931,FR0038,D000092,P010,2026-05-07,14412.56,11,T008,Valid
4962,FR0039,D000289,P013,2026-05-27,17181.12,37,T010,Valid
4963,FR0039,D000266,P013,2026-05-03,17181.12,37,T010,Valid
4964,FR0039,D000796,P013,2026-05-11,17181.12,37,T010,Valid
4965,FR0039,D000344,P013,2026-05-01,17181.12,37,T010,Valid
4966,FR0039,D000830,P013,2026-05-01,17181.12,37,T010,Valid
4967,FR0039,D000631,P013,2026-05-26,17181.12,37,T010,Valid
4994,FR0039,D000266,P009,2026-05-22,9626.01,4,T010,Valid
4995,FR0039,D000566,P009,2026-05-03,9626.01,4,T010,Valid
4996,FR0039,D000845,P009,2026-05-11,9626.01,4,T010,Valid
4997,FR0039,D000424,P009,2026-05-27,9626.01,4,T010,Valid
4998,FR0039,D000612,P009,2026-05-08,9626.01,4,T010,Valid
5019,FR0039,D000420,P024,2026-05-21,25383.57,34,T010,Valid
5020,FR0039,D000924,P024,2026-05-01,25383.57,34,T010,Valid
5021,FR0039,D000942,P024,2026-05-06,25383.57,34,T010,Valid
5022,FR0039,D000899,P024,2026-05-17,25383.57,34,T010,Valid
5023,FR0039,D000830,P024,2026-05-25,25383.57,34,T010,Valid
5044,FR0039,D000612,P017,2026-05-25,33854.76,15,T010,Valid
5045,FR0039,D000299,P017,2026-05-03,33854.76,15,T010,Valid
5046,FR0039,D000038,P017,2026-05-02,33854.76,15,T010,Valid
5047,FR0039,D000420,P017,2026-05-23,33854.76,15,T010,Valid
5074,FR0039,D000631,P025,2026-05-06,10302.81,4,T010,Valid
5075,FR0039,D000266,P025,2026-05-01,10302.81,4,T010,Valid
5076,FR0039,D000845,P025,2026-05-27,10302.81,4,T010,Valid
5077,FR0039,D000568,P025,2026-05-11,10302.81,4,T010,Valid
5078,FR0039,D000942,P025,2026-05-25,10302.81,4,T010,Valid
5079,FR0039,D000299,P025,2026-05-24,10302.81,4,T010,Valid
5098,FR0040,D000411,P005,2026-05-05,13387.46,7,T003,Valid
5099,FR0040,D000382,P005,2026-05-15,13387.46,7,T003,Valid
5100,FR0040,D000800,P005,2026-05-02,13387.46,7,T003,Valid
5101,FR0040,D000574,P005,2026-05-17,13387.46,7,T003,Valid
5102,FR0040,D000739,P005,2026-05-09,13387.46,7,T003,Valid
5128,FR0040,D000172,P011,2026-05-07,54471.17,25,T003,Valid
5129,FR0040,D000574,P011,2026-05-24,54471.17,25,T003,Valid
5130,FR0040,D000385,P011,2026-05-19,54471.17,25,T003,Valid
5155,FR0040,D000350,P006,2026-05-07,109825.2,299,T003,Valid
5176,FR0041,D000450,P029,2026-05-01,62413.77,160,T008,Valid
5177,FR0041,D000252,P029,2026-05-16,62413.77,160,T008,Valid
5202,FR0041,D000999,P002,2026-05-04,28114.65,21,T008,Valid
5203,FR0041,D000450,P002,2026-05-23,28114.65,21,T008,Valid
5204,FR0041,D000162,P002,2026-05-16,28114.65,21,T008,Valid
5205,FR0041,D000481,P002,2026-05-07,28114.65,21,T008,Valid
5226,FR0041,D000999,P015,2026-05-21,10834.86,7,T008,Valid
5227,FR0041,D000459,P015,2026-05-13,10834.86,7,T008,Valid
5228,FR0041,D000481,P015,2026-05-25,10834.86,7,T008,Valid
5229,FR0041,D000832,P015,2026-05-22,10834.86,7,T008,Valid
5230,FR0041,D000162,P015,2026-05-20,10834.86,7,T008,Valid
5231,FR0041,D000450,P015,2026-05-02,10834.86,7,T008,Valid
5262,FR0042,D000265,P018,2026-05-01,9727.94,14,T004,Valid
5263,FR0042,D000795,P018,2026-05-01,9727.94,14,T004,Valid
5264,FR0042,D000067,P018,2026-05-07,9727.94,14,T004,Valid
5265,FR0042,D000218,P018,2026-05-02,9727.94,14,T004,Valid
5266,FR0042,D000047,P018,2026-05-21,9727.94,14,T004,Valid
5285,FR0042,D000829,P023,2026-05-10,7719.41,3,T004,Valid
5286,FR0042,D000067,P023,2026-05-10,7719.41,3,T004,Valid
5287,FR0042,D000795,P023,2026-05-25,7719.41,3,T004,Valid
5288,FR0042,D000218,P023,2026-05-27,7719.41,3,T004,Valid
5289,FR0042,D000047,P023,2026-05-25,7719.41,3,T004,Valid
5290,FR0042,D000265,P023,2026-05-14,7719.41,3,T004,Valid
5317,FR0042,D000214,P017,2026-05-07,67413.18,31,T004,Valid
5318,FR0042,D000218,P017,2026-05-14,67413.18,31,T004,Valid
5343,FR0043,D000216,P028,2026-05-13,78138.79,68,T013,Valid
5344,FR0043,D000148,P028,2026-05-15,78138.79,68,T013,Valid
5361,FR0043,D000460,P006,2026-05-27,47327.9,129,T013,Valid
5362,FR0043,D000216,P006,2026-05-14,47327.9,129,T013,Valid
5383,FR0043,D000460,P016,2026-05-04,33278.67,227,T013,Valid
5384,FR0043,D000216,P016,2026-05-08,33278.67,227,T013,Valid
5385,FR0043,D000148,P016,2026-05-13,33278.67,227,T013,Valid
5386,FR0043,D000375,P016,2026-05-03,33278.67,227,T013,Valid
5406,FR0043,D000216,P007,2026-05-23,18901.52,39,T013,Valid
5407,FR0043,D000148,P007,2026-05-09,18901.52,39,T013,Valid
5408,FR0043,D000375,P007,2026-05-26,18901.52,39,T013,Valid
5409,FR0043,D000460,P007,2026-05-11,18901.52,39,T013,Valid
5430,FR0044,D000242,P015,2026-05-20,37018.16,24,T009,Valid
5431,FR0044,D000490,P015,2026-05-21,37018.16,24,T009,Valid
5432,FR0044,D000241,P015,2026-05-13,37018.16,24,T009,Valid
5433,FR0044,D000897,P015,2026-05-27,37018.16,24,T009,Valid
5450,FR0044,D000242,P023,2026-05-06,59266.8,25,T009,Valid
5451,FR0044,D000897,P023,2026-05-16,59266.8,25,T009,Valid
5471,FR0044,D000242,P018,2026-05-08,27578.18,41,T009,Valid
5472,FR0044,D000241,P018,2026-05-25,27578.18,41,T009,Valid
5473,FR0044,D000897,P018,2026-05-20,27578.18,41,T009,Valid
5474,FR0044,D000490,P018,2026-05-27,27578.18,41,T009,Valid
5495,FR0044,D000242,P022,2026-05-14,41773.17,102,T009,Valid
5496,FR0044,D000241,P022,2026-05-19,41773.17,102,T009,Valid
5497,FR0044,D000490,P022,2026-05-09,41773.17,102,T009,Valid
5498,FR0044,D000897,P022,2026-05-03,41773.17,102,T009,Valid
5517,FR0044,D000242,P010,2026-05-10,13218.09,10,T009,Valid
5518,FR0044,D000241,P010,2026-05-21,13218.09,10,T009,Valid
5519,FR0044,D000490,P010,2026-05-23,13218.09,10,T009,Valid
5520,FR0044,D000897,P010,2026-05-04,13218.09,10,T009,Valid
5546,FR0045,D000430,P015,2026-05-18,9144.15,6,T015,Valid
5547,FR0045,D000673,P015,2026-05-14,9144.15,6,T015,Valid
5548,FR0045,D000467,P015,2026-05-22,9144.15,6,T015,Valid
5549,FR0045,D000161,P015,2026-05-24,9144.15,6,T015,Valid
5550,FR0045,D000951,P015,2026-05-13,9144.15,6,T015,Valid
5551,FR0045,D000441,P015,2026-05-06,9144.15,6,T015,Valid
5571,FR0045,D000430,P024,2026-05-15,198654.48,270,T015,Valid
5599,FR0045,D000610,P018,2026-05-02,42503.09,63,T015,Valid
5600,FR0045,D000447,P018,2026-05-24,42503.09,63,T015,Valid
5627,FR0046,D000466,P018,2026-05-01,14075.82,21,T012,Valid
5628,FR0046,D000114,P018,2026-05-27,14075.82,21,T012,Valid
5629,FR0046,D000992,P018,2026-05-14,14075.82,21,T012,Valid
5630,FR0046,D000090,P018,2026-05-03,14075.82,21,T012,Valid
5631,FR0046,D000852,P018,2026-05-25,14075.82,21,T012,Valid
5632,FR0046,D000084,P018,2026-05-03,14075.82,21,T012,Valid
5652,FR0046,D000084,P005,2026-05-16,35148.42,18,T012,Valid
5653,FR0046,D000992,P005,2026-05-17,35148.42,18,T012,Valid
5654,FR0046,D000466,P005,2026-05-20,35148.42,18,T012,Valid
5655,FR0046,D000120,P005,2026-05-16,35148.42,18,T012,Valid
5679,FR0046,D000992,P001,2026-05-13,26165.07,26,T012,Valid
5680,FR0046,D000466,P001,2026-05-02,26165.07,26,T012,Valid
5681,FR0046,D000084,P001,2026-05-13,26165.07,26,T012,Valid
5682,FR0046,D000114,P001,2026-05-14,26165.07,26,T012,Valid
5683,FR0046,D000852,P001,2026-05-01,26165.07,26,T012,Valid
5714,FR0046,D000090,P003,2026-05-26,53785.54,31,T012,Valid
5715,FR0046,D000466,P003,2026-05-11,53785.54,31,T012,Valid
5716,FR0046,D000120,P003,2026-05-02,53785.54,31,T012,Valid
5740,FR0046,D000449,P016,2026-05-06,29867.68,204,T012,Valid
5741,FR0046,D000120,P016,2026-05-13,29867.68,204,T012,Valid
5742,FR0046,D000466,P016,2026-05-15,29867.68,204,T012,Valid
5761,FR0046,D000084,P022,2026-05-08,22022.66,54,T012,Valid
5762,FR0046,D000120,P022,2026-05-26,22022.66,54,T012,Valid
5763,FR0046,D000267,P022,2026-05-11,22022.66,54,T012,Valid
5764,FR0046,D000114,P022,2026-05-11,22022.66,54,T012,Valid
5765,FR0046,D000992,P022,2026-05-20,22022.66,54,T012,Valid
5789,FR0047,D000295,P008,2026-05-20,34402.37,14,T006,Valid
5790,FR0047,D000868,P008,2026-05-18,34402.37,14,T006,Valid
5820,FR0047,D000997,P023,2026-05-12,26536.85,11,T006,Valid
5821,FR0047,D000583,P023,2026-05-14,26536.85,11,T006,Valid
5822,FR0047,D000943,P023,2026-05-12,26536.85,11,T006,Valid
5823,FR0047,D000868,P023,2026-05-11,26536.85,11,T006,Valid
5824,FR0047,D000160,P023,2026-05-05,26536.85,11,T006,Valid
5849,FR0047,D000939,P013,2026-05-23,35132.03,75,T006,Valid
5850,FR0047,D000160,P013,2026-05-09,35132.03,75,T006,Valid
5851,FR0047,D000295,P013,2026-05-05,35132.03,75,T006,Valid
5876,FR0048,D000594,P015,2026-05-05,12517.98,8,T012,Valid
5877,FR0048,D000757,P015,2026-05-24,12517.98,8,T012,Valid
5878,FR0048,D000256,P015,2026-05-08,12517.98,8,T012,Valid
5879,FR0048,D000530,P015,2026-05-16,12517.98,8,T012,Valid
5880,FR0048,D000726,P015,2026-05-15,12517.98,8,T012,Valid
5881,FR0048,D000523,P015,2026-05-17,12517.98,8,T012,Valid
5903,FR0048,D000523,P012,2026-05-22,44231.56,21,T012,Valid
5904,FR0048,D000726,P012,2026-05-22,44231.56,21,T012,Valid
5905,FR0048,D000594,P012,2026-05-20,44231.56,21,T012,Valid
5929,FR0048,D000757,P020,2026-05-10,19440.21,64,T012,Valid
5930,FR0048,D000523,P020,2026-05-01,19440.21,64,T012,Valid
5931,FR0048,D000256,P020,2026-05-14,19440.21,64,T012,Valid
5932,FR0048,D000398,P020,2026-05-05,19440.21,64,T012,Valid
5933,FR0048,D000530,P020,2026-05-11,19440.21,64,T012,Valid
5934,FR0048,D000726,P020,2026-05-07,19440.21,64,T012,Valid
5955,FR0048,D000398,P029,2026-05-27,83394.94,214,T012,Valid
5956,FR0048,D000523,P029,2026-05-22,83394.94,214,T012,Valid
5981,FR0048,D000757,P004,2026-05-16,122912.1,71,T010,Valid
6004,FR0048,D000726,P022,2026-05-18,73822.63,181,T012,Valid
6005,FR0048,D000757,P022,2026-05-08,73822.63,181,T012,Valid
6026,FR0049,D000062,P025,2026-05-24,53292.76,22,T012,Valid
6027,FR0049,D000774,P025,2026-05-25,53292.76,22,T012,Valid
6051,FR0049,D000774,P015,2026-05-25,15230.55,10,T012,Valid
6052,FR0049,D000534,P015,2026-05-14,15230.55,10,T012,Valid
6053,FR0049,D000222,P015,2026-05-11,15230.55,10,T012,Valid
6054,FR0049,D000782,P015,2026-05-08,15230.55,10,T012,Valid
6055,FR0049,D000753,P015,2026-05-07,15230.55,10,T012,Valid
6056,FR0049,D000608,P015,2026-05-19,15230.55,10,T012,Valid
6084,FR0049,D000608,P027,2026-05-12,21603.98,9,T012,Valid
6085,FR0049,D000774,P027,2026-05-13,21603.98,9,T012,Valid
6086,FR0049,D000534,P027,2026-05-27,21603.98,9,T012,Valid
6109,FR0049,D000062,P002,2026-05-14,85138.82,62,T013,Valid
6110,FR0049,D000222,P002,2026-05-13,85138.82,62,T012,Valid
6111,FR0049,D000753,P002,2026-05-24,85138.82,62,T012,Valid
6130,FR0049,D000534,P014,2026-05-26,30160.95,22,T012,Valid
6131,FR0049,D000753,P014,2026-05-10,30160.95,22,T012,Valid
6132,FR0049,D000062,P014,2026-05-08,30160.95,22,T012,Valid
6133,FR0049,D000608,P014,2026-05-05,30160.95,22,T012,Valid
6134,FR0049,D000774,P014,2026-05-12,30160.95,22,T012,Valid
6159,FR0050,D000810,P030,2026-05-14,59304.03,234,T007,Valid
6160,FR0050,D000558,P030,2026-05-20,59304.03,234,T007,Valid
6183,FR0050,D000661,P023,2026-05-03,19254.91,8,T007,Valid
6184,FR0050,D000031,P023,2026-05-17,19254.91,8,T007,Valid
6185,FR0050,D000128,P023,2026-05-18,19254.91,8,T007,Valid
6214,FR0050,D000661,P015,2026-05-03,36289.99,24,T007,Valid
6215,FR0050,D000031,P015,2026-05-23,36289.99,24,T007,Valid
6216,FR0050,D000810,P015,2026-05-10,36289.99,24,T007,Valid
6217,FR0050,D000128,P015,2026-05-24,36289.99,24,T007,Valid
6237,FR0051,D000073,P008,2026-05-14,30367.84,13,T009,Valid
6238,FR0051,D000106,P008,2026-05-22,30367.84,13,T009,Valid
6239,FR0051,D000407,P008,2026-05-02,30367.84,13,T009,Valid
6240,FR0051,D000937,P008,2026-05-19,30367.84,13,T009,Valid
6265,FR0051,D000073,P025,2026-05-13,11087.01,5,T009,Valid
6266,FR0051,D000106,P025,2026-05-21,11087.01,5,T009,Valid
6267,FR0051,D000407,P025,2026-05-22,11087.01,5,T009,Valid
6268,FR0051,D000937,P025,2026-05-01,11087.01,5,T009,Valid
6269,FR0051,D000198,P025,2026-05-21,11087.01,5,T009,Valid
6270,FR0051,D000303,P025,2026-05-16,11087.01,5,T009,Valid
6294,FR0051,D000303,P007,2026-05-11,25420.15,53,T009,Valid
6295,FR0051,D000198,P007,2026-05-13,25420.15,53,T009,Valid
6296,FR0051,D000937,P007,2026-05-16,25420.15,53,T009,Valid
6317,FR0052,D000785,P006,2026-05-01,8176.3,22,T003,Valid
6318,FR0052,D000773,P006,2026-05-07,8176.3,22,T003,Valid
6319,FR0052,D000853,P006,2026-05-21,8176.3,22,T003,Valid
6320,FR0052,D000544,P006,2026-05-22,8176.3,22,T003,Valid
6321,FR0052,D000250,P006,2026-05-26,8176.3,22,T003,Valid
6341,FR0052,D000281,P020,2026-05-02,15990.2,52,T003,Valid
6342,FR0052,D000121,P020,2026-05-08,15990.2,52,T003,Valid
6343,FR0052,D000025,P020,2026-05-12,15990.2,52,T003,Valid
6344,FR0052,D000191,P020,2026-05-13,15990.2,52,T003,Valid
6371,FR0052,D000544,P008,2026-05-18,8281.42,3,T003,Valid
6372,FR0052,D000025,P008,2026-05-09,8281.42,3,T003,Valid
6373,FR0052,D000785,P008,2026-05-14,8281.42,3,T003,Valid
6374,FR0052,D000853,P008,2026-05-16,8281.42,3,T003,Valid
6375,FR0052,D000191,P008,2026-05-07,8281.42,3,T003,Valid
6397,FR0052,D000121,P024,2026-05-23,30694.71,42,T003,Valid
6398,FR0052,D000785,P024,2026-05-14,30694.71,42,T003,Valid
6399,FR0052,D000025,P024,2026-05-25,30694.71,42,T003,Valid
6400,FR0052,D000250,P024,2026-05-13,30694.71,42,T003,Valid
6401,FR0052,D000191,P024,2026-05-15,30694.71,42,T003,Valid
6428,FR0052,D000121,P011,2026-05-05,22551.44,10,T003,Valid
6429,FR0052,D000785,P011,2026-05-22,22551.44,10,T003,Valid
6430,FR0052,D000544,P011,2026-05-14,22551.44,10,T003,Valid
6458,FR0052,D000025,P023,2026-05-07,17751.7,7,T003,Valid
6459,FR0052,D000773,P023,2026-05-15,17751.7,7,T003,Valid
6460,FR0052,D000250,P023,2026-05-17,17751.7,7,T003,Valid
6483,FR0053,D000049,P017,2026-05-04,26483.57,12,T020,Valid
6484,FR0053,D000291,P017,2026-05-15,26483.57,12,T020,Valid
6485,FR0053,D000869,P017,2026-05-25,26483.57,12,T020,Valid
6486,FR0053,D000091,P017,2026-05-11,26483.57,12,T020,Valid
6487,FR0053,D000844,P017,2026-05-18,26483.57,12,T020,Valid
6488,FR0053,D000122,P017,2026-05-07,26483.57,12,T020,Valid
6502,FR0053,D000315,P016,2026-05-09,51862.16,353,T020,Valid
6503,FR0053,D000869,P016,2026-05-26,51862.16,353,T020,Valid
6504,FR0053,D000122,P016,2026-05-15,51862.16,353,T020,Valid
6530,FR0053,D000844,P013,2026-05-18,21855.2,47,T020,Valid
6531,FR0053,D000122,P013,2026-05-13,21855.2,47,T020,Valid
6554,FR0054,D000213,P010,2026-05-11,56924.48,43,T006,Valid
6555,FR0054,D000347,P010,2026-05-03,56924.48,43,T006,Valid
6585,FR0054,D000929,P011,2026-05-04,26835.93,12,T009,Valid
6586,FR0054,D000928,P011,2026-05-01,26835.93,12,T011,Valid
6587,FR0054,D000347,P011,2026-05-07,26835.93,12,T009,Valid
6588,FR0054,D000213,P011,2026-05-07,26835.93,12,T017,Valid
6617,FR0054,D000044,P001,2026-05-23,48146.55,47,T006,Valid
6638,FR0055,D000080,P008,2026-05-20,25025.32,10,T018,Valid
6639,FR0055,D000775,P008,2026-05-26,25025.32,10,T018,Valid
6640,FR0055,D000524,P008,2026-05-10,25025.32,10,T018,Valid
6641,FR0055,D000723,P008,2026-05-09,25025.32,10,T018,Valid
6671,FR0055,D000337,P018,2026-05-25,22238.55,33,T018,Valid
6672,FR0055,D000159,P018,2026-05-19,22238.55,33,T018,Valid
6673,FR0055,D000080,P018,2026-05-24,22238.55,33,T018,Valid
6697,FR0055,D000064,P022,2026-05-25,17178.82,42,T018,Valid
6698,FR0055,D000337,P022,2026-05-21,17178.82,42,T018,Valid
6699,FR0055,D000470,P022,2026-05-01,17178.82,42,T018,Valid
6700,FR0055,D000127,P022,2026-05-03,17178.82,42,T018,Valid
6701,FR0055,D000775,P022,2026-05-16,17178.82,42,T018,Valid
6702,FR0055,D000446,P022,2026-05-07,17178.82,42,T018,Valid
6732,FR0056,D000679,P030,2026-05-14,30988.29,122,T008,Valid
6733,FR0056,D000207,P030,2026-05-17,30988.29,122,T008,Valid
6734,FR0056,D000390,P030,2026-05-03,30988.29,122,T008,Valid
6735,FR0056,D000798,P030,2026-05-07,30988.29,122,T008,Valid
6736,FR0056,D000046,P030,2026-05-16,30988.29,122,T008,Valid
6751,FR0056,D000798,P019,2026-05-16,14888.46,7,T008,Valid
6752,FR0056,D000152,P019,2026-05-23,14888.46,7,T008,Valid
6753,FR0056,D000046,P019,2026-05-14,14888.46,7,T008,Valid
6754,FR0056,D000390,P019,2026-05-22,14888.46,7,T008,Valid
6755,FR0056,D000102,P019,2026-05-20,14888.46,7,T008,Valid
6756,FR0056,D000646,P019,2026-05-25,14888.46,7,T008,Valid
6776,FR0056,D000390,P018,2026-05-04,19022.96,28,T008,Valid
6777,FR0056,D000207,P018,2026-05-16,19022.96,28,T008,Valid
6778,FR0056,D000798,P018,2026-05-11,19022.96,28,T008,Valid
6779,FR0056,D000300,P018,2026-05-09,19022.96,28,T008,Valid
6798,FR0056,D000207,P025,2026-05-27,15647.85,6,T008,Valid
6799,FR0056,D000679,P025,2026-05-24,15647.85,6,T008,Valid
6800,FR0056,D000390,P025,2026-05-06,15647.85,6,T008,Valid
6801,FR0056,D000152,P025,2026-05-18,15647.85,6,T008,Valid
6802,FR0056,D000046,P025,2026-05-03,15647.85,6,T008,Valid
6803,FR0056,D000102,P025,2026-05-27,15647.85,6,T008,Valid
6830,FR0056,D000102,P004,2026-05-09,30059.97,17,T008,Valid
6831,FR0056,D000679,P004,2026-05-15,30059.97,17,T008,Valid
6832,FR0056,D000300,P004,2026-05-14,30059.97,17,T008,Valid
6860,FR0056,D000102,P005,2026-05-24,65883.81,34,T008,Valid
6861,FR0056,D000046,P005,2026-05-27,65883.81,34,T008,Valid
6883,FR0056,D000046,P016,2026-05-20,38720.67,264,T008,Valid
6884,FR0056,D000207,P016,2026-05-10,38720.67,264,T008,Valid
6885,FR0056,D000390,P016,2026-05-01,38720.67,264,T008,Valid
6913,FR0057,D000777,P012,2026-05-08,27085.47,13,T006,Valid
6914,FR0057,D000553,P012,2026-05-11,27085.47,13,T006,Valid
6915,FR0057,D000079,P012,2026-05-12,27085.47,13,T006,Valid
6916,FR0057,D000294,P012,2026-05-07,27085.47,13,T006,Valid
6938,FR0057,D000715,P021,2026-05-17,15890.48,8,T006,Valid
6939,FR0057,D000880,P021,2026-05-21,15890.48,8,T006,Valid
6940,FR0057,D000553,P021,2026-05-16,15890.48,8,T006,Valid
6941,FR0057,D000097,P021,2026-05-26,15890.48,8,T006,Valid
6942,FR0057,D000063,P021,2026-05-03,15890.48,8,T006,Valid
6964,FR0057,D000715,P006,2026-05-14,24117.21,66,T006,Valid
6965,FR0057,D000294,P006,2026-05-05,24117.21,66,T006,Valid
6966,FR0057,D000079,P006,2026-05-27,24117.21,66,T006,Valid
6967,FR0057,D000777,P006,2026-05-01,24117.21,66,T006,Valid
6968,FR0057,D000553,P006,2026-05-04,24117.21,66,T006,Valid
6969,FR0057,D000063,P006,2026-05-24,24117.21,66,T006,Valid
6994,FR0057,D000571,P023,2026-05-20,78099.98,33,T006,Valid
7019,FR0057,D000880,P004,2026-05-13,19416.48,11,T006,Valid
7020,FR0057,D000777,P004,2026-05-18,19416.48,11,T006,Valid
7021,FR0057,D000294,P004,2026-05-19,19416.48,11,T006,Valid
7022,FR0057,D000321,P004,2026-05-17,19416.48,11,T006,Valid
7023,FR0057,D000097,P004,2026-05-09,19416.48,11,T006,Valid
7024,FR0057,D000571,P004,2026-05-21,19416.48,11,T006,Valid
7043,FR0057,D000321,P016,2026-05-16,21614.27,147,T006,Valid
7044,FR0057,D000294,P016,2026-05-17,21614.27,147,T006,Valid
7045,FR0057,D000715,P016,2026-05-10,21614.27,147,T006,Valid
7046,FR0057,D000394,P016,2026-05-13,21614.27,147,T006,Valid
7047,FR0057,D000553,P016,2026-05-15,21614.27,147,T006,Valid
7069,FR0057,D000742,P018,2026-05-23,59208.21,88,T006,Valid
7070,FR0057,D000321,P018,2026-05-16,59208.21,88,T006,Valid
7098,FR0058,D000494,P026,2026-05-02,29806.19,16,T015,Valid
7099,FR0058,D000884,P026,2026-05-18,29806.19,16,T015,Valid
7100,FR0058,D000687,P026,2026-05-23,29806.19,16,T015,Valid
7101,FR0058,D000235,P026,2026-05-06,29806.19,16,T015,Valid
7102,FR0058,D000979,P026,2026-05-11,29806.19,16,T015,Valid
7128,FR0058,D000227,P027,2026-05-03,27346.67,11,T015,Valid
7129,FR0058,D000884,P027,2026-05-21,27346.67,11,T015,Valid
7130,FR0058,D000158,P027,2026-05-06,27346.67,11,T015,Valid
7154,FR0058,D000979,P012,2026-05-08,66283.94,31,T006,Valid
7178,FR0058,D000158,P016,2026-05-04,57779.22,394,T015,Valid
7179,FR0058,D000979,P016,2026-05-19,57779.22,394,T015,Valid
7208,FR0058,D000024,P024,2026-05-09,66970.98,91,T015,Valid
7209,FR0058,D000314,P024,2026-05-10,66970.98,91,T015,Valid
7234,FR0058,D000718,P020,2026-05-13,29000.46,95,T015,Valid
7235,FR0058,D000314,P020,2026-05-19,29000.46,95,T015,Valid
7236,FR0058,D000024,P020,2026-05-20,29000.46,95,T015,Valid
7237,FR0058,D000884,P020,2026-05-21,29000.46,95,T015,Valid
7267,FR0058,D000227,P010,2026-05-21,11853.08,9,T015,Valid
7268,FR0058,D000136,P010,2026-05-25,11853.08,9,T015,Valid
7269,FR0058,D000884,P010,2026-05-17,11853.08,9,T015,Valid
7270,FR0058,D000494,P010,2026-05-01,11853.08,9,T015,Valid
7293,FR0059,D000187,P004,2026-05-16,46665.12,27,T013,Valid
7294,FR0059,D000982,P004,2026-05-10,46665.12,27,T013,Valid
7295,FR0059,D000760,P004,2026-05-09,46665.12,27,T013,Valid
7311,FR0059,D000358,P008,2026-05-03,19192.92,8,T013,Valid
7312,FR0059,D000187,P008,2026-05-05,19192.92,8,T013,Valid
7313,FR0059,D000515,P008,2026-05-04,19192.92,8,T013,Valid
7314,FR0059,D000336,P008,2026-05-05,19192.92,8,T013,Valid
7315,FR0059,D000982,P008,2026-05-24,19192.92,8,T013,Valid
7344,FR0059,D000187,P029,2026-05-10,53254.73,136,T013,Valid
7345,FR0059,D000515,P029,2026-05-20,53254.73,136,T013,Valid
7371,FR0059,D000982,P003,2026-05-17,27580.19,16,T008,Valid
7372,FR0059,D000501,P003,2026-05-23,27580.19,16,T004,Valid
7373,FR0059,D000187,P003,2026-05-02,27580.19,16,T008,Valid
7374,FR0059,D000358,P003,2026-05-06,27580.19,16,T013,Valid
7399,FR0060,D000117,P011,2026-05-20,77167.62,35,T009,Valid
7400,FR0060,D000472,P011,2026-05-12,77167.62,35,T009,Valid
7427,FR0060,D000689,P015,2026-05-02,16533.0,11,T009,Valid
7428,FR0060,D000105,P015,2026-05-21,16533.0,11,T009,Valid
7429,FR0060,D000472,P015,2026-05-22,16533.0,11,T009,Valid
7430,FR0060,D000278,P015,2026-05-13,16533.0,11,T009,Valid
7431,FR0060,D000383,P015,2026-05-13,16533.0,11,T009,Valid
7432,FR0060,D000761,P015,2026-05-18,16533.0,11,T009,Valid
7454,FR0060,D000105,P007,2026-05-04,22956.53,48,T009,Valid
7455,FR0060,D000689,P007,2026-05-16,22956.53,48,T009,Valid
7456,FR0060,D000117,P007,2026-05-18,22956.53,48,T009,Valid
7478,FR0060,D000105,P008,2026-05-02,23967.77,10,T009,Valid
7479,FR0060,D000761,P008,2026-05-08,23967.77,10,T009,Valid
7480,FR0060,D000117,P008,2026-05-02,23967.77,10,T009,Valid
7481,FR0060,D000689,P008,2026-05-13,23967.77,10,T009,Valid
7482,FR0060,D000472,P008,2026-05-15,23967.77,10,T009,Valid
7504,FR0061,D000081,P026,2026-05-26,49775.22,27,T018,Valid
7505,FR0061,D000765,P026,2026-05-20,49775.22,27,T018,Valid
7528,FR0061,D000890,P004,2026-05-01,15364.84,9,T018,Valid
7529,FR0061,D000669,P004,2026-05-13,15364.84,9,T018,Valid
7530,FR0061,D000081,P004,2026-05-08,15364.84,9,T018,Valid
7546,FR0061,D000765,P028,2026-05-09,20888.76,18,T018,Valid
7547,FR0061,D000890,P028,2026-05-08,20888.76,18,T018,Valid
7548,FR0061,D000669,P028,2026-05-22,20888.76,18,T018,Valid
7549,FR0061,D000081,P028,2026-05-17,20888.76,18,T018,Valid
7569,FR0061,D000081,P006,2026-05-15,13976.14,38,T018,Valid
7570,FR0061,D000669,P006,2026-05-05,13976.14,38,T018,Valid
7571,FR0061,D000890,P006,2026-05-23,13976.14,38,T018,Valid
7572,FR0061,D000765,P006,2026-05-13,13976.14,38,T018,Valid
7595,FR0061,D000890,P007,2026-05-22,38567.14,80,T018,Valid
7596,FR0061,D000669,P007,2026-05-03,38567.14,80,T018,Valid
7597,FR0061,D000081,P007,2026-05-09,38567.14,80,T018,Valid
7598,FR0061,D000765,P007,2026-05-09,38567.14,80,T018,Valid
7619,FR0061,D000890,P019,2026-05-03,17901.23,8,T018,Valid
7620,FR0061,D000765,P019,2026-05-26,17901.23,8,T018,Valid
7621,FR0061,D000081,P019,2026-05-08,17901.23,8,T018,Valid
7622,FR0061,D000669,P019,2026-05-14,17901.23,8,T018,Valid
7645,FR0061,D000669,P005,2026-05-21,23849.56,12,T018,Valid
7646,FR0061,D000765,P005,2026-05-05,23849.56,12,T018,Valid
7647,FR0061,D000890,P005,2026-05-15,23849.56,12,T018,Valid
7669,FR0062,D000966,P018,2026-05-04,39189.2,58,T008,Valid
7670,FR0062,D000011,P018,2026-05-23,39189.2,58,T008,Valid
7671,FR0062,D000586,P018,2026-05-08,39189.2,58,T008,Valid
7691,FR0062,D000096,P010,2026-05-02,23108.8,18,T008,Valid
7692,FR0062,D000586,P010,2026-05-04,23108.8,18,T008,Valid
7693,FR0062,D000681,P010,2026-05-04,23108.8,18,T008,Valid
7694,FR0062,D000011,P010,2026-05-25,23108.8,18,T008,Valid
7695,FR0062,D000966,P010,2026-05-27,23108.8,18,T008,Valid
7720,FR0062,D000681,P005,2026-05-05,10840.52,6,T008,Valid
7721,FR0062,D000966,P005,2026-05-17,10840.52,6,T008,Valid
7722,FR0062,D000586,P005,2026-05-19,10840.52,6,T008,Valid
7723,FR0062,D000011,P005,2026-05-19,10840.52,6,T008,Valid
7753,FR0063,D000683,P021,2026-05-17,33335.11,16,T011,Valid
7754,FR0063,D000820,P021,2026-05-27,33335.11,16,T011,Valid
7755,FR0063,D000335,P021,2026-05-10,33335.11,16,T011,Valid
7756,FR0063,D000633,P021,2026-05-02,33335.11,16,T011,Valid
7757,FR0063,D000867,P021,2026-05-27,33335.11,16,T011,Valid
7777,FR0063,D000683,P004,2026-05-13,13860.78,8,T011,Valid
7778,FR0063,D000682,P004,2026-05-25,13860.78,8,T011,Valid
7779,FR0063,D000833,P004,2026-05-04,13860.78,8,T011,Valid
7780,FR0063,D000820,P004,2026-05-19,13860.78,8,T011,Valid
7802,FR0063,D000833,P018,2026-05-18,26337.86,39,T011,Valid
7803,FR0063,D000387,P018,2026-05-07,26337.86,39,T011,Valid
7804,FR0063,D000335,P018,2026-05-08,26337.86,39,T011,Valid
7805,FR0063,D000633,P018,2026-05-22,26337.86,39,T011,Valid
7806,FR0063,D000934,P018,2026-05-08,26337.86,39,T011,Valid
7807,FR0063,D000260,P018,2026-05-24,26337.86,39,T011,Valid
7831,FR0063,D000682,P025,2026-05-25,16750.66,7,T011,Valid
7832,FR0063,D000820,P025,2026-05-14,16750.66,7,T011,Valid
7833,FR0063,D000683,P025,2026-05-05,16750.66,7,T011,Valid
7834,FR0063,D000633,P025,2026-05-17,16750.66,7,T011,Valid
7835,FR0063,D000867,P025,2026-05-20,16750.66,7,T011,Valid
7836,FR0063,D000833,P025,2026-05-05,16750.66,7,T011,Valid
7867,FR0063,D000934,P027,2026-05-03,47067.55,19,T011,Valid
7868,FR0063,D000387,P027,2026-05-22,47067.55,19,T011,Valid
7869,FR0063,D000260,P027,2026-05-20,47067.55,19,T011,Valid
7895,FR0063,D000682,P009,2026-05-11,15310.74,6,T011,Valid
7896,FR0063,D000683,P009,2026-05-15,15310.74,6,T011,Valid
7897,FR0063,D000633,P009,2026-05-19,15310.74,6,T011,Valid
7922,FR0063,D000820,P008,2026-05-20,30726.8,13,T011,Valid
7923,FR0063,D000833,P008,2026-05-17,30726.8,13,T011,Valid
7924,FR0063,D000934,P008,2026-05-20,30726.8,13,T011,Valid
7948,FR0064,D000086,P023,2026-05-21,34280.0,14,T002,Valid
7949,FR0064,D000308,P023,2026-05-07,34280.0,14,T002,Valid
7978,FR0064,D000863,P019,2026-05-22,40472.28,18,T002,Valid
7979,FR0064,D000308,P019,2026-05-08,40472.28,18,T002,Valid
8007,FR0064,D000707,P007,2026-05-09,35172.57,73,T002,Valid
8008,FR0064,D000528,P007,2026-05-16,35172.57,73,T002,Valid
8009,FR0064,D000308,P007,2026-05-01,35172.57,73,T002,Valid
8010,FR0064,D000373,P007,2026-05-18,35172.57,73,T002,Valid
8031,FR0065,D000915,P018,2026-05-04,29195.18,43,T008,Valid
8032,FR0065,D000426,P018,2026-05-20,29195.18,43,T008,Valid
8033,FR0065,D000391,P018,2026-05-23,29195.18,43,T008,Valid
8034,FR0065,D000840,P018,2026-05-03,29195.18,43,T008,Valid
8035,FR0065,D000513,P018,2026-05-27,29195.18,43,T008,Valid
8056,FR0065,D000915,P020,2026-05-08,12768.96,42,T008,Valid
8057,FR0065,D000840,P020,2026-05-27,12768.96,42,T008,Valid
8058,FR0065,D000391,P020,2026-05-04,12768.96,42,T008,Valid
8059,FR0065,D000513,P020,2026-05-04,12768.96,42,T008,Valid
8060,FR0065,D000426,P020,2026-05-01,12768.96,42,T008,Valid
8082,FR0065,D000513,P002,2026-05-08,19913.97,15,T008,Valid
8083,FR0065,D000426,P002,2026-05-27,19913.97,15,T008,Valid
8084,FR0065,D000840,P002,2026-05-25,19913.97,15,T008,Valid
8085,FR0065,D000915,P002,2026-05-07,19913.97,15,T008,Valid
8086,FR0065,D000391,P002,2026-05-13,19913.97,15,T008,Valid
8115,FR0065,D000915,P011,2026-05-09,25223.42,12,T008,Valid
8116,FR0065,D000391,P011,2026-05-08,25223.42,12,T008,Valid
8117,FR0065,D000840,P011,2026-05-09,25223.42,12,T008,Valid
8141,FR0065,D000513,P030,2026-05-08,7806.66,31,T008,Valid
8142,FR0065,D000840,P030,2026-05-03,7806.66,31,T008,Valid
8143,FR0065,D000426,P030,2026-05-20,7806.66,31,T008,Valid
8144,FR0065,D000391,P030,2026-05-21,7806.66,31,T008,Valid
8145,FR0065,D000915,P030,2026-05-05,7806.66,31,T008,Valid
8172,FR0065,D000513,P025,2026-05-11,8047.36,3,T008,Valid
8173,FR0065,D000915,P025,2026-05-04,8047.36,3,T008,Valid
8174,FR0065,D000840,P025,2026-05-14,8047.36,3,T008,Valid
8175,FR0065,D000391,P025,2026-05-07,8047.36,3,T008,Valid
8176,FR0065,D000426,P025,2026-05-08,8047.36,3,T008,Valid
8200,FR0066,D000879,P010,2026-05-16,28004.92,21,T002,Valid
8201,FR0066,D000932,P010,2026-05-24,28004.92,21,T002,Valid
8202,FR0066,D000500,P010,2026-05-25,28004.92,21,T002,Valid
8203,FR0066,D000471,P010,2026-05-17,28004.92,21,T002,Valid
8204,FR0066,D000989,P010,2026-05-21,28004.92,21,T002,Valid
8231,FR0066,D000879,P003,2026-05-26,20261.89,12,T002,Valid
8232,FR0066,D000456,P003,2026-05-13,20261.89,12,T002,Valid
8233,FR0066,D000563,P003,2026-05-15,20261.89,12,T002,Valid
8234,FR0066,D000500,P003,2026-05-14,20261.89,12,T002,Valid
8235,FR0066,D000575,P003,2026-05-13,20261.89,12,T002,Valid
8256,FR0066,D000879,P023,2026-05-05,10252.53,4,T002,Valid
8257,FR0066,D000989,P023,2026-05-27,10252.53,4,T002,Valid
8258,FR0066,D000563,P023,2026-05-08,10252.53,4,T002,Valid
8259,FR0066,D000471,P023,2026-05-22,10252.53,4,T002,Valid
8260,FR0066,D000575,P023,2026-05-06,10252.53,4,T002,Valid
8261,FR0066,D000932,P023,2026-05-25,10252.53,4,T002,Valid
8280,FR0066,D000563,P030,2026-05-15,21061.34,83,T002,Valid
8281,FR0066,D000879,P030,2026-05-20,21061.34,83,T002,Valid
8282,FR0066,D000575,P030,2026-05-22,21061.34,83,T002,Valid
8283,FR0066,D000456,P030,2026-05-17,21061.34,83,T002,Valid
8284,FR0066,D000471,P030,2026-05-22,21061.34,83,T002,Valid
8285,FR0066,D000500,P030,2026-05-03,21061.34,83,T002,Valid
8310,FR0066,D000500,P006,2026-05-15,27999.69,76,T010,Valid
8311,FR0066,D000989,P006,2026-05-27,27999.69,76,T002,Valid
8312,FR0066,D000879,P006,2026-05-07,27999.69,76,T006,Valid
8343,FR0066,D000563,P021,2026-05-09,32273.43,16,T002,Valid
8344,FR0066,D000500,P021,2026-05-13,32273.43,16,T002,Valid
8345,FR0066,D000471,P021,2026-05-11,32273.43,16,T002,Valid
8346,FR0066,D000932,P021,2026-05-04,32273.43,16,T002,Valid
8366,FR0066,D000471,P028,2026-05-10,53633.12,47,T002,Valid
8367,FR0066,D000989,P028,2026-05-12,53633.12,47,T002,Valid
8393,FR0067,D000616,P005,2026-05-04,40290.51,21,T011,Valid
8394,FR0067,D000603,P005,2026-05-18,40290.51,21,T011,Valid
8395,FR0067,D000590,P005,2026-05-02,40290.51,21,T011,Valid
8396,FR0067,D000650,P005,2026-05-21,40290.51,21,T011,Valid
8415,FR0067,D000616,P020,2026-05-19,20093.19,66,T011,Valid
8416,FR0067,D000590,P020,2026-05-26,20093.19,66,T011,Valid
8417,FR0067,D000603,P020,2026-05-11,20093.19,66,T011,Valid
8418,FR0067,D000650,P020,2026-05-17,20093.19,66,T011,Valid
8440,FR0067,D000650,P028,2026-05-23,18803.44,16,T011,Valid
8441,FR0067,D000590,P028,2026-05-11,18803.44,16,T011,Valid
8442,FR0067,D000616,P028,2026-05-09,18803.44,16,T011,Valid
8443,FR0067,D000603,P028,2026-05-07,18803.44,16,T011,Valid
8462,FR0067,D000650,P007,2026-05-17,41263.96,86,T011,Valid
8463,FR0067,D000616,P007,2026-05-21,41263.96,86,T011,Valid
8464,FR0067,D000590,P007,2026-05-02,41263.96,86,T011,Valid
8487,FR0067,D000603,P023,2026-05-13,15749.27,7,T011,Valid
8488,FR0067,D000590,P023,2026-05-04,15749.27,7,T011,Valid
8489,FR0067,D000650,P023,2026-05-21,15749.27,7,T011,Valid
8490,FR0067,D000616,P023,2026-05-16,15749.27,7,T011,Valid
8514,FR0067,D000603,P006,2026-05-15,34161.35,93,T011,Valid
8515,FR0067,D000650,P006,2026-05-24,34161.35,93,T011,Valid
8516,FR0067,D000616,P006,2026-05-09,34161.35,93,T011,Valid
8517,FR0067,D000590,P006,2026-05-15,34161.35,93,T011,Valid
8540,FR0067,D000616,P018,2026-05-03,17430.93,26,T011,Valid
8541,FR0067,D000650,P018,2026-05-08,17430.93,26,T011,Valid
8542,FR0067,D000603,P018,2026-05-19,17430.93,26,T011,Valid
8543,FR0067,D000590,P018,2026-05-07,17430.93,26,T011,Valid
8568,FR0068,D000564,P001,2026-05-13,45259.55,44,T013,Valid
8569,FR0068,D000572,P001,2026-05-02,45259.55,44,T013,Valid
8598,FR0068,D000508,P018,2026-05-12,14046.88,21,T013,Valid
8599,FR0068,D000636,P018,2026-05-21,14046.88,21,T013,Valid
8600,FR0068,D000116,P018,2026-05-24,14046.88,21,T013,Valid
8601,FR0068,D000421,P018,2026-05-09,14046.88,21,T013,Valid
8626,FR0068,D000636,P021,2026-05-16,33523.68,16,T013,Valid
8627,FR0068,D000033,P021,2026-05-27,33523.68,16,T013,Valid
8628,FR0068,D000181,P021,2026-05-19,33523.68,16,T013,Valid
8629,FR0068,D000786,P021,2026-05-16,33523.68,16,T013,Valid
8630,FR0068,D000126,P021,2026-05-04,33523.68,16,T013,Valid
8660,FR0068,D000786,P029,2026-05-07,188266.23,482,T013,Valid
8679,FR0068,D000564,P026,2026-05-09,11198.38,6,T013,Valid
8680,FR0068,D000572,P026,2026-05-26,11198.38,6,T013,Valid
8681,FR0068,D000950,P026,2026-05-02,11198.38,6,T013,Valid
8682,FR0068,D000116,P026,2026-05-06,11198.38,6,T013,Valid
8683,FR0068,D000421,P026,2026-05-15,11198.38,6,T013,Valid
8707,FR0068,D000116,P010,2026-05-27,20682.91,16,T013,Valid
8708,FR0068,D000572,P010,2026-05-25,20682.91,16,T013,Valid
8709,FR0068,D000786,P010,2026-05-17,20682.91,16,T013,Valid
8710,FR0068,D000421,P010,2026-05-10,20682.91,16,T013,Valid
8711,FR0068,D000033,P010,2026-05-24,20682.91,16,T013,Valid
8738,FR0068,D000190,P006,2026-05-16,26018.8,71,T013,Valid
8739,FR0068,D000116,P006,2026-05-22,26018.8,71,T013,Valid
8740,FR0068,D000786,P006,2026-05-13,26018.8,71,T013,Valid
8741,FR0068,D000126,P006,2026-05-07,26018.8,71,T013,Valid
8742,FR0068,D000636,P006,2026-05-03,26018.8,71,T013,Valid
8762,FR0069,D000258,P007,2026-05-06,40899.08,85,T009,Valid
8763,FR0069,D000448,P007,2026-05-10,40899.08,85,T009,Valid
8764,FR0069,D000293,P007,2026-05-02,40899.08,85,T009,Valid
8783,FR0069,D000293,P012,2026-05-08,25801.67,12,T009,Valid
8784,FR0069,D000258,P012,2026-05-26,25801.67,12,T009,Valid
8785,FR0069,D000448,P012,2026-05-11,25801.67,12,T009,Valid
8801,FR0069,D000448,P026,2026-05-13,25849.13,14,T009,Valid
8802,FR0069,D000258,P026,2026-05-24,25849.13,14,T009,Valid
8821,FR0069,D000293,P030,2026-05-05,48725.22,192,T009,Valid
8822,FR0069,D000258,P030,2026-05-03,48725.22,192,T009,Valid
8846,FR0070,D000444,P004,2026-05-23,20035.52,12,T003,Valid
8847,FR0070,D000403,P004,2026-05-03,20035.52,12,T003,Valid
8867,FR0070,D000752,P008,2026-05-15,25925.47,11,T003,Valid
8868,FR0070,D000520,P008,2026-05-02,25925.47,11,T003,Valid
8869,FR0070,D000140,P008,2026-05-21,25925.47,11,T003,Valid
8870,FR0070,D000479,P008,2026-05-04,25925.47,11,T003,Valid
8871,FR0070,D000444,P008,2026-05-15,25925.47,11,T003,Valid
8872,FR0070,D000403,P008,2026-05-27,25925.47,11,T003,Valid
8901,FR0070,D000520,P002,2026-05-02,12392.68,9,T003,Valid
8902,FR0070,D000140,P002,2026-05-07,12392.68,9,T003,Valid
8903,FR0070,D000577,P002,2026-05-16,12392.68,9,T003,Valid
8904,FR0070,D000752,P002,2026-05-13,12392.68,9,T003,Valid
8905,FR0070,D000592,P002,2026-05-06,12392.68,9,T003,Valid
8906,FR0070,D000479,P002,2026-05-01,12392.68,9,T003,Valid
8936,FR0070,D000520,P014,2026-05-05,28572.93,20,T003,Valid
8937,FR0070,D000577,P014,2026-05-26,28572.93,20,T003,Valid
8938,FR0070,D000554,P014,2026-05-04,28572.93,20,T003,Valid
8939,FR0070,D000752,P014,2026-05-03,28572.93,20,T003,Valid
8940,FR0070,D000140,P014,2026-05-14,28572.93,20,T003,Valid
8963,FR0070,D000444,P003,2026-05-17,17800.73,10,T003,Valid
8964,FR0070,D000592,P003,2026-05-24,17800.73,10,T003,Valid
8965,FR0070,D000403,P003,2026-05-07,17800.73,10,T003,Valid
8966,FR0070,D000140,P003,2026-05-19,17800.73,10,T003,Valid
8967,FR0070,D000520,P003,2026-05-12,17800.73,10,T003,Valid
8968,FR0070,D000752,P003,2026-05-21,17800.73,10,T003,Valid
8988,FR0071,D000292,P025,2026-05-19,59310.04,25,T007,Valid
9005,FR0071,D000205,P024,2026-05-21,28881.6,39,T007,Valid
9006,FR0071,D000292,P024,2026-05-04,28881.6,39,T007,Valid
9007,FR0071,D000342,P024,2026-05-10,28881.6,39,T007,Valid
9027,FR0071,D000292,P019,2026-05-23,49343.45,22,T007,Valid
9028,FR0071,D000205,P019,2026-05-24,49343.45,22,T007,Valid
9029,FR0071,D000262,P019,2026-05-05,49343.45,22,T007,Valid
9052,FR0071,D000205,P016,2026-05-13,28931.48,197,T007,Valid
9053,FR0071,D000292,P016,2026-05-07,28931.48,197,T007,Valid
9054,FR0071,D000342,P016,2026-05-21,28931.48,197,T007,Valid
9055,FR0071,D000262,P016,2026-05-25,28931.48,197,T007,Valid
9077,FR0071,D000205,P009,2026-05-14,25972.81,11,T007,Valid
9078,FR0071,D000292,P009,2026-05-10,25972.81,11,T007,Valid
9102,FR0071,D000292,P020,2026-05-15,126520.37,414,T007,Valid
9128,FR0072,D000953,P010,2026-05-26,20681.28,16,T019,Valid
9129,FR0072,D000712,P010,2026-05-03,20681.28,16,T019,Valid
9130,FR0072,D000536,P010,2026-05-24,20681.28,16,T019,Valid
9131,FR0072,D000872,P010,2026-05-15,20681.28,16,T019,Valid
9150,FR0072,D000712,P005,2026-05-04,19069.23,10,T019,Valid
9151,FR0072,D000953,P005,2026-05-02,19069.23,10,T019,Valid
9152,FR0072,D000807,P005,2026-05-02,19069.23,10,T019,Valid
9153,FR0072,D000253,P005,2026-05-25,19069.23,10,T019,Valid
9154,FR0072,D000872,P005,2026-05-22,19069.23,10,T019,Valid
9155,FR0072,D000536,P005,2026-05-01,19069.23,10,T019,Valid
9182,FR0072,D000462,P004,2026-05-23,59485.61,34,T019,Valid
9183,FR0072,D000478,P004,2026-05-27,59485.61,34,T019,Valid
9208,FR0072,D000712,P002,2026-05-18,15589.92,11,T019,Valid
9209,FR0072,D000253,P002,2026-05-09,15589.92,11,T019,Valid
9210,FR0072,D000807,P002,2026-05-19,15589.92,11,T019,Valid
9211,FR0072,D000478,P002,2026-05-22,15589.92,11,T019,Valid
9212,FR0072,D000048,P002,2026-05-02,15589.92,11,T019,Valid
9235,FR0073,D000825,P030,2026-05-05,33574.46,132,T011,Valid
9236,FR0073,D000040,P030,2026-05-05,33574.46,132,T011,Valid
9237,FR0073,D000197,P030,2026-05-22,33574.46,132,T011,Valid
9238,FR0073,D000237,P030,2026-05-04,33574.46,132,T011,Valid
9263,FR0073,D000195,P005,2026-05-12,19526.03,10,T011,Valid
9264,FR0073,D000040,P005,2026-05-26,19526.03,10,T011,Valid
9265,FR0073,D000197,P005,2026-05-23,19526.03,10,T011,Valid
9266,FR0073,D000825,P005,2026-05-15,19526.03,10,T011,Valid
9267,FR0073,D000237,P005,2026-05-14,19526.03,10,T011,Valid
9268,FR0073,D000591,P005,2026-05-16,19526.03,10,T011,Valid
9290,FR0073,D000237,P012,2026-05-06,20186.73,10,T011,Valid
9291,FR0073,D000195,P012,2026-05-20,20186.73,10,T011,Valid
9313,FR0073,D000591,P006,2026-05-13,39580.06,108,T011,Valid
9314,FR0073,D000040,P006,2026-05-04,39580.06,108,T011,Valid
9315,FR0073,D000825,P006,2026-05-13,39580.06,108,T011,Valid
9316,FR0073,D000195,P006,2026-05-22,39580.06,108,T011,Valid
9346,FR0073,D000040,P009,2026-05-18,46272.1,19,T011,Valid
9347,FR0073,D000237,P009,2026-05-24,46272.1,19,T011,Valid
9372,FR0074,D000911,P013,2026-05-11,23817.59,51,T007,Valid
9373,FR0074,D000339,P013,2026-05-26,23817.59,51,T007,Valid
9374,FR0074,D000644,P013,2026-05-01,23817.59,51,T007,Valid
9390,FR0074,D000911,P004,2026-05-15,13737.49,8,T007,Valid
9391,FR0074,D000644,P004,2026-05-10,13737.49,8,T007,Valid
9392,FR0074,D000339,P004,2026-05-09,13737.49,8,T007,Valid
9405,FR0074,D000644,P027,2026-05-14,21428.26,9,T007,Valid
9406,FR0074,D000911,P027,2026-05-14,21428.26,9,T007,Valid
9407,FR0074,D000339,P027,2026-05-22,21428.26,9,T007,Valid
9424,FR0074,D000644,P009,2026-05-11,16809.4,7,T008,Valid
9425,FR0074,D000339,P009,2026-05-26,16809.4,7,T016,Valid
9426,FR0074,D000911,P009,2026-05-12,16809.4,7,T006,Valid
9442,FR0074,D000339,P026,2026-05-14,44437.71,25,T007,Valid
9443,FR0074,D000911,P026,2026-05-04,44437.71,25,T007,Valid
9444,FR0074,D000644,P026,2026-05-22,44437.71,25,T007,Valid
9464,FR0075,D000179,P021,2026-05-22,15364.8,7,T016,Valid
9465,FR0075,D000836,P021,2026-05-04,15364.8,7,T016,Valid
9466,FR0075,D000605,P021,2026-05-20,15364.8,7,T016,Valid
9467,FR0075,D000556,P021,2026-05-07,15364.8,7,T016,Valid
9468,FR0075,D000645,P021,2026-05-25,15364.8,7,T016,Valid
9469,FR0075,D000405,P021,2026-05-07,15364.8,7,T016,Valid
9491,FR0075,D000923,P029,2026-05-05,33341.85,85,T016,Valid
9492,FR0075,D000263,P029,2026-05-16,33341.85,85,T016,Valid
9493,FR0075,D000556,P029,2026-05-14,33341.85,85,T016,Valid
9494,FR0075,D000836,P029,2026-05-09,33341.85,85,T016,Valid
9518,FR0075,D000238,P011,2026-05-16,7870.47,4,T016,Valid
9519,FR0075,D000263,P011,2026-05-21,7870.47,4,T016,Valid
9520,FR0075,D000923,P011,2026-05-23,7870.47,4,T016,Valid
9521,FR0075,D000405,P011,2026-05-14,7870.47,4,T016,Valid
9522,FR0075,D000556,P011,2026-05-27,7870.47,4,T016,Valid
9523,FR0075,D000254,P011,2026-05-20,7870.47,4,T016,Valid
9546,FR0075,D000208,P017,2026-05-07,57849.54,26,T016,Valid
9547,FR0075,D000439,P017,2026-05-17,57849.54,26,T016,Valid
9570,FR0075,D000179,P006,2026-05-24,14151.59,38,T016,Valid
9571,FR0075,D000769,P006,2026-05-17,14151.59,38,T016,Valid
9572,FR0075,D000326,P006,2026-05-18,14151.59,38,T016,Valid
9573,FR0075,D000837,P006,2026-05-07,14151.59,38,T016,Valid
9593,FR0075,D000353,P010,2026-05-01,45424.39,34,T016,Valid
9594,FR0075,D000837,P010,2026-05-26,45424.39,34,T016,Valid
9616,FR0075,D000697,P015,2026-05-07,24402.04,16,T016,Valid
9617,FR0075,D000464,P015,2026-05-22,24402.04,16,T016,Valid
9618,FR0075,D000605,P015,2026-05-06,24402.04,16,T016,Valid
9619,FR0075,D000645,P015,2026-05-26,24402.04,16,T016,Valid
9620,FR0075,D000439,P015,2026-05-27,24402.04,16,T016,Valid
9642,FR0076,D000186,P013,2026-05-18,19672.09,42,T013,Valid
9643,FR0076,D000177,P013,2026-05-09,19672.09,42,T013,Valid
9644,FR0076,D000664,P013,2026-05-22,19672.09,42,T013,Valid
9667,FR0076,D000664,P024,2026-05-17,94284.6,128,T006,Valid
9686,FR0076,D000664,P001,2026-05-01,266203.86,260,T013,Valid
9709,FR0076,D000098,P004,2026-05-27,27976.19,16,T013,Valid
9710,FR0076,D000177,P004,2026-05-19,27976.19,16,T013,Valid
9711,FR0076,D000664,P004,2026-05-08,27976.19,16,T013,Valid
9712,FR0076,D000186,P004,2026-05-26,27976.19,16,T013,Valid
9734,FR0076,D000177,P016,2026-05-20,18958.46,129,T013,Valid
9735,FR0076,D000664,P016,2026-05-19,18958.46,129,T013,Valid
9736,FR0076,D000098,P016,2026-05-25,18958.46,129,T013,Valid
9758,FR0076,D000177,P002,2026-05-22,15440.09,11,T013,Valid
9759,FR0076,D000664,P002,2026-05-22,15440.09,11,T013,Valid
9760,FR0076,D000186,P002,2026-05-21,15440.09,11,T013,Valid
9761,FR0076,D000098,P002,2026-05-07,15440.09,11,T013,Valid
9780,FR0076,D000664,P019,2026-05-14,39359.78,18,T013,Valid
9781,FR0076,D000177,P019,2026-05-18,39359.78,18,T013,Valid
9782,FR0076,D000098,P019,2026-05-24,39359.78,18,T013,Valid
9783,FR0076,D000186,P019,2026-05-22,39359.78,18,T013,Valid
9809,FR0077,D000893,P020,2026-05-08,80815.97,264,T015,Valid
9810,FR0077,D000604,P020,2026-05-23,80815.97,264,T015,Valid
9834,FR0077,D000341,P029,2026-05-03,23779.19,61,T015,Valid
9835,FR0077,D000756,P029,2026-05-14,23779.19,61,T015,Valid
9836,FR0077,D000604,P029,2026-05-02,23779.19,61,T015,Valid
9837,FR0077,D000555,P029,2026-05-06,23779.19,61,T015,Valid
9838,FR0077,D000499,P029,2026-05-21,23779.19,61,T015,Valid
9839,FR0077,D000055,P029,2026-05-09,23779.19,61,T015,Valid
9857,FR0077,D000499,P003,2026-05-04,36499.1,21,T015,Valid
9858,FR0077,D000555,P003,2026-05-17,36499.1,21,T015,Valid
9859,FR0077,D000055,P003,2026-05-25,36499.1,21,T015,Valid
9883,FR0077,D000756,P019,2026-05-09,13819.18,6,T015,Valid
9884,FR0077,D000210,P019,2026-05-15,13819.18,6,T015,Valid
9885,FR0077,D000016,P019,2026-05-16,13819.18,6,T015,Valid
9886,FR0077,D000055,P019,2026-05-09,13819.18,6,T015,Valid
9887,FR0077,D000791,P019,2026-05-03,13819.18,6,T015,Valid
9888,FR0077,D000893,P019,2026-05-13,13819.18,6,T015,Valid
9906,FR0077,D000756,P022,2026-05-22,26425.76,65,T015,Valid
9907,FR0077,D000016,P022,2026-05-01,26425.76,65,T015,Valid
9908,FR0077,D000604,P022,2026-05-21,26425.76,65,T015,Valid
9909,FR0077,D000210,P022,2026-05-07,26425.76,65,T015,Valid
9910,FR0077,D000791,P022,2026-05-18,26425.76,65,T015,Valid
9934,FR0077,D000055,P023,2026-05-01,17759.66,7,T015,Valid
9935,FR0077,D000499,P023,2026-05-19,17759.66,7,T015,Valid
9936,FR0077,D000604,P023,2026-05-02,17759.66,7,T015,Valid
9937,FR0077,D000016,P023,2026-05-15,17759.66,7,T015,Valid
9938,FR0077,D000756,P023,2026-05-17,17759.66,7,T015,Valid
9965,FR0077,D000016,P027,2026-05-17,24159.15,10,T015,Valid
9966,FR0077,D000756,P027,2026-05-14,24159.15,10,T015,Valid
9967,FR0077,D000055,P027,2026-05-06,24159.15,10,T015,Valid
9992,FR0078,D000978,P027,2026-05-24,17954.26,7,T005,Valid
9993,FR0078,D000543,P027,2026-05-21,17954.26,7,T005,Valid
9994,FR0078,D000442,P027,2026-05-20,17954.26,7,T005,Valid
10023,FR0078,D000780,P015,2026-05-07,55239.73,36,T005,Valid
10024,FR0078,D000652,P015,2026-05-18,55239.73,36,T005,Valid
10025,FR0078,D000083,P015,2026-05-21,55239.73,36,T005,Valid
10043,FR0078,D000482,P013,2026-05-06,22437.15,48,T005,Valid
10044,FR0078,D000083,P013,2026-05-18,22437.15,48,T005,Valid
10045,FR0078,D000717,P013,2026-05-06,22437.15,48,T005,Valid
10073,FR0078,D000306,P030,2026-05-03,20173.33,80,T005,Valid
10074,FR0078,D000802,P030,2026-05-14,20173.33,80,T005,Valid
10075,FR0078,D000647,P030,2026-05-21,20173.33,80,T005,Valid
10076,FR0078,D000442,P030,2026-05-18,20173.33,80,T005,Valid
10077,FR0078,D000484,P030,2026-05-10,20173.33,80,T005,Valid
10078,FR0078,D000717,P030,2026-05-16,20173.33,80,T005,Valid
10094,FR0078,D000647,P029,2026-05-14,222790.68,571,T005,Valid
10118,FR0078,D000652,P016,2026-05-23,62747.9,428,T018,Valid
10119,FR0078,D000306,P016,2026-05-09,62747.9,428,T018,Valid
10138,FR0079,D000070,P004,2026-05-08,14385.21,8,T009,Valid
10139,FR0079,D000667,P004,2026-05-12,14385.21,8,T009,Valid
10140,FR0079,D000940,P004,2026-05-24,14385.21,8,T009,Valid
10141,FR0079,D000008,P004,2026-05-13,14385.21,8,T009,Valid
10142,FR0079,D000518,P004,2026-05-17,14385.21,8,T009,Valid
10143,FR0079,D000766,P004,2026-05-18,14385.21,8,T009,Valid
10169,FR0079,D000667,P005,2026-05-05,26584.0,14,T009,Valid
10170,FR0079,D000766,P005,2026-05-11,26584.0,14,T009,Valid
10171,FR0079,D000518,P005,2026-05-16,26584.0,14,T009,Valid
10172,FR0079,D000940,P005,2026-05-06,26584.0,14,T009,Valid
10173,FR0079,D000008,P005,2026-05-27,26584.0,14,T009,Valid
10194,FR0079,D000667,P001,2026-05-04,14365.78,14,T009,Valid
10195,FR0079,D000766,P001,2026-05-21,14365.78,14,T009,Valid
10196,FR0079,D000940,P001,2026-05-16,14365.78,14,T009,Valid
10197,FR0079,D000070,P001,2026-05-07,14365.78,14,T009,Valid
10198,FR0079,D000518,P001,2026-05-14,14365.78,14,T009,Valid
10223,FR0079,D000667,P018,2026-05-17,35179.38,52,T009,Valid
10224,FR0079,D000008,P018,2026-05-14,35179.38,52,T009,Valid
10225,FR0079,D000076,P018,2026-05-16,35179.38,52,T009,Valid
10258,FR0079,D000076,P007,2026-05-02,53769.59,112,T009,Valid
10259,FR0079,D000518,P007,2026-05-21,53769.59,112,T009,Valid
10260,FR0079,D000008,P007,2026-05-11,53769.59,112,T009,Valid
10284,FR0080,D000913,P025,2026-05-18,22242.12,9,T005,Valid
10285,FR0080,D000156,P025,2026-05-24,22242.12,9,T005,Valid
10306,FR0080,D000913,P003,2026-05-19,16321.18,9,T005,Valid
10307,FR0080,D000936,P003,2026-05-25,16321.18,9,T005,Valid
10308,FR0080,D000156,P003,2026-05-10,16321.18,9,T005,Valid
10309,FR0080,D000532,P003,2026-05-04,16321.18,9,T005,Valid
10310,FR0080,D000272,P003,2026-05-09,16321.18,9,T005,Valid
10311,FR0080,D000789,P003,2026-05-02,16321.18,9,T005,Valid
10339,FR0080,D000789,P013,2026-05-22,14096.36,30,T005,Valid
10340,FR0080,D000532,P013,2026-05-09,14096.36,30,T005,Valid
10341,FR0080,D000684,P013,2026-05-27,14096.36,30,T005,Valid
10342,FR0080,D000272,P013,2026-05-10,14096.36,30,T005,Valid
10343,FR0080,D000936,P013,2026-05-08,14096.36,30,T005,Valid
10369,FR0080,D000684,P009,2026-05-25,12042.01,5,T005,Valid
10370,FR0080,D000532,P009,2026-05-02,12042.01,5,T005,Valid
10371,FR0080,D000913,P009,2026-05-19,12042.01,5,T005,Valid
10372,FR0080,D000789,P009,2026-05-24,12042.01,5,T005,Valid
10373,FR0080,D000936,P009,2026-05-08,12042.01,5,T005,Valid
10374,FR0080,D000272,P009,2026-05-19,12042.01,5,T005,Valid
10401,FR0080,D000156,P022,2026-05-21,21850.71,54,T005,Valid
10402,FR0080,D000789,P022,2026-05-26,21850.71,54,T005,Valid
10403,FR0080,D000913,P022,2026-05-26,21850.71,54,T005,Valid
10404,FR0080,D000684,P022,2026-05-22,21850.71,54,T005,Valid
10405,FR0080,D000936,P022,2026-05-01,21850.71,54,T005,Valid
10406,FR0080,D000991,P022,2026-05-23,21850.71,54,T005,Valid
10430,FR0080,D000156,P028,2026-05-12,36264.31,31,T005,Valid
10431,FR0080,D000272,P028,2026-05-07,36264.31,31,T005,Valid
10432,FR0080,D000936,P028,2026-05-19,36264.31,31,T005,Valid
10465,FR0081,D000372,P022,2026-05-27,9715.32,24,T008,Valid
10466,FR0081,D000675,P022,2026-05-01,9715.32,24,T008,Valid
10467,FR0081,D000417,P022,2026-05-22,9715.32,24,T008,Valid
10468,FR0081,D000955,P022,2026-05-19,9715.32,24,T008,Valid
10469,FR0081,D000656,P022,2026-05-07,9715.32,24,T008,Valid
10470,FR0081,D000961,P022,2026-05-23,9715.32,24,T008,Valid
10499,FR0081,D000955,P013,2026-05-25,12892.84,28,T008,Valid
10500,FR0081,D000675,P013,2026-05-24,12892.84,28,T008,Valid
10501,FR0081,D000488,P013,2026-05-11,12892.84,28,T008,Valid
10502,FR0081,D000961,P013,2026-05-04,12892.84,28,T008,Valid
10503,FR0081,D000417,P013,2026-05-01,12892.84,28,T008,Valid
10504,FR0081,D000656,P013,2026-05-17,12892.84,28,T008,Valid
10533,FR0081,D000675,P030,2026-05-26,28171.14,111,T008,Valid
10534,FR0081,D000961,P030,2026-05-20,28171.14,111,T008,Valid
10535,FR0081,D000488,P030,2026-05-09,28171.14,111,T008,Valid
10536,FR0081,D000144,P030,2026-05-09,28171.14,111,T008,Valid
10537,FR0081,D000372,P030,2026-05-24,28171.14,111,T008,Valid
10538,FR0081,D000955,P030,2026-05-13,28171.14,111,T008,Valid
10561,FR0081,D000961,P008,2026-05-23,32419.07,14,T008,Valid
10562,FR0081,D000417,P008,2026-05-20,32419.07,14,T008,Valid
10563,FR0081,D000675,P008,2026-05-01,32419.07,14,T008,Valid
10587,FR0082,D000410,P022,2026-05-03,11375.38,28,T018,Valid
10588,FR0082,D000026,P022,2026-05-07,11375.38,28,T018,Valid
10589,FR0082,D000659,P022,2026-05-14,11375.38,28,T018,Valid
10590,FR0082,D000965,P022,2026-05-14,11375.38,28,T018,Valid
10591,FR0082,D000737,P022,2026-05-06,11375.38,28,T018,Valid
10592,FR0082,D000388,P022,2026-05-25,11375.38,28,T018,Valid
10616,FR0082,D000410,P021,2026-05-12,39510.53,19,T018,Valid
10617,FR0082,D000026,P021,2026-05-26,39510.53,19,T018,Valid
10639,FR0082,D000026,P010,2026-05-24,31241.9,24,T012,Valid
10640,FR0082,D000410,P010,2026-05-17,31241.9,24,T014,Valid
10641,FR0082,D000965,P010,2026-05-27,31241.9,24,T001,Valid
10642,FR0082,D000737,P010,2026-05-17,31241.9,24,T018,Valid
10669,FR0083,D000987,P015,2026-05-07,14072.05,9,T018,Valid
10670,FR0083,D000927,P015,2026-05-18,14072.05,9,T018,Valid
10671,FR0083,D000269,P015,2026-05-07,14072.05,9,T018,Valid
10672,FR0083,D000201,P015,2026-05-08,14072.05,9,T018,Valid
10673,FR0083,D000174,P015,2026-05-13,14072.05,9,T018,Valid
10674,FR0083,D000243,P015,2026-05-24,14072.05,9,T018,Valid
10699,FR0083,D000987,P013,2026-05-19,10803.97,23,T018,Valid
10700,FR0083,D000927,P013,2026-05-09,10803.97,23,T018,Valid
10701,FR0083,D000243,P013,2026-05-20,10803.97,23,T018,Valid
10702,FR0083,D000332,P013,2026-05-26,10803.97,23,T018,Valid
10703,FR0083,D000201,P013,2026-05-07,10803.97,23,T018,Valid
10728,FR0083,D000201,P006,2026-05-14,9732.25,26,T018,Valid
10729,FR0083,D000436,P006,2026-05-04,9732.25,26,T018,Valid
10730,FR0083,D000332,P006,2026-05-25,9732.25,26,T018,Valid
10731,FR0083,D000987,P006,2026-05-11,9732.25,26,T018,Valid
10761,FR0083,D000927,P025,2026-05-10,74353.24,31,T018,Valid
10762,FR0083,D000987,P025,2026-05-20,74353.24,31,T018,Valid
10790,FR0083,D000174,P028,2026-05-21,22000.21,19,T018,Valid
10791,FR0083,D000987,P028,2026-05-06,22000.21,19,T018,Valid
10792,FR0083,D000243,P028,2026-05-14,22000.21,19,T018,Valid
10793,FR0083,D000269,P028,2026-05-12,22000.21,19,T018,Valid
10794,FR0083,D000332,P028,2026-05-12,22000.21,19,T018,Valid
10795,FR0083,D000927,P028,2026-05-16,22000.21,19,T018,Valid
10823,FR0083,D000987,P027,2026-05-13,22878.86,9,T018,Valid
10824,FR0083,D000174,P027,2026-05-07,22878.86,9,T018,Valid
10847,FR0083,D000332,P019,2026-05-14,10180.28,5,T018,Valid
10848,FR0083,D000243,P019,2026-05-09,10180.28,5,T018,Valid
10849,FR0083,D000201,P019,2026-05-26,10180.28,5,T018,Valid
10850,FR0083,D000436,P019,2026-05-01,10180.28,5,T018,Valid
10851,FR0083,D000174,P019,2026-05-02,10180.28,5,T018,Valid
10875,FR0084,D000051,P018,2026-05-13,13173.48,20,T009,Valid
10876,FR0084,D000483,P018,2026-05-02,13173.48,20,T009,Valid
10877,FR0084,D000323,P018,2026-05-07,13173.48,20,T009,Valid
10878,FR0084,D000167,P018,2026-05-20,13173.48,20,T009,Valid
10879,FR0084,D000827,P018,2026-05-21,13173.48,20,T009,Valid
10880,FR0084,D000465,P018,2026-05-10,13173.48,20,T009,Valid
10908,FR0084,D000465,P014,2026-05-16,10155.9,7,T009,Valid
10909,FR0084,D000827,P014,2026-05-15,10155.9,7,T009,Valid
10910,FR0084,D000167,P014,2026-05-12,10155.9,7,T009,Valid
10911,FR0084,D000483,P014,2026-05-05,10155.9,7,T009,Valid
10912,FR0084,D000323,P014,2026-05-17,10155.9,7,T009,Valid
10913,FR0084,D000051,P014,2026-05-21,10155.9,7,T009,Valid
10940,FR0084,D000323,P019,2026-05-16,13596.52,6,T009,Valid
10941,FR0084,D000827,P019,2026-05-01,13596.52,6,T009,Valid
10942,FR0084,D000051,P019,2026-05-08,13596.52,6,T009,Valid
10943,FR0084,D000167,P019,2026-05-11,13596.52,6,T009,Valid
10967,FR0084,D000323,P027,2026-05-17,79848.15,32,T009,Valid
10968,FR0084,D000827,P027,2026-05-02,79848.15,32,T009,Valid
10992,FR0084,D000051,P022,2026-05-08,17944.44,44,T009,Valid
10993,FR0084,D000827,P022,2026-05-21,17944.44,44,T009,Valid
10994,FR0084,D000483,P022,2026-05-10,17944.44,44,T009,Valid
11017,FR0084,D000167,P024,2026-05-10,81877.65,111,T009,Valid
11018,FR0084,D000323,P024,2026-05-04,81877.65,111,T009,Valid
11046,FR0085,D000579,P019,2026-05-01,279686.33,127,T019,Valid
11072,FR0085,D000551,P003,2026-05-26,82466.33,48,T019,Valid
11073,FR0085,D000971,P003,2026-05-21,82466.33,48,T005,Valid
11098,FR0085,D000283,P023,2026-05-03,14737.94,6,T019,Valid
11099,FR0085,D000418,P023,2026-05-05,14737.94,6,T019,Valid
11100,FR0085,D000551,P023,2026-05-26,14737.94,6,T019,Valid
11101,FR0085,D000841,P023,2026-05-27,14737.94,6,T019,Valid
11102,FR0085,D000578,P023,2026-05-19,14737.94,6,T019,Valid
11103,FR0085,D000111,P023,2026-05-24,14737.94,6,T019,Valid
11129,FR0085,D000579,P028,2026-05-08,49823.55,43,T019,Valid
11130,FR0085,D000551,P028,2026-05-22,49823.55,43,T019,Valid
11148,FR0085,D000418,P009,2026-05-14,22470.36,9,T019,Valid
11149,FR0085,D000841,P009,2026-05-07,22470.36,9,T019,Valid
11150,FR0085,D000283,P009,2026-05-13,22470.36,9,T019,Valid
11151,FR0085,D000971,P009,2026-05-09,22470.36,9,T019,Valid
11152,FR0085,D000111,P009,2026-05-19,22470.36,9,T019,Valid
11153,FR0085,D000551,P009,2026-05-13,22470.36,9,T019,Valid
11175,FR0086,D000517,P002,2026-05-16,35006.15,26,T014,Valid
11176,FR0086,D000118,P002,2026-05-18,35006.15,26,T014,Valid
11177,FR0086,D000316,P002,2026-05-11,35006.15,26,T014,Valid
11178,FR0086,D000355,P002,2026-05-09,35006.15,26,T014,Valid
11199,FR0086,D000517,P027,2026-05-10,32077.51,13,T014,Valid
11200,FR0086,D000886,P027,2026-05-12,32077.51,13,T014,Valid
11201,FR0086,D000361,P027,2026-05-14,32077.51,13,T014,Valid
11202,FR0086,D000125,P027,2026-05-17,32077.51,13,T014,Valid
11203,FR0086,D000990,P027,2026-05-14,32077.51,13,T014,Valid
11223,FR0086,D000512,P005,2026-05-05,51895.86,27,T014,Valid
11224,FR0086,D000990,P005,2026-05-13,51895.86,27,T014,Valid
11244,FR0086,D000990,P016,2026-05-27,24459.41,167,T014,Valid
11245,FR0086,D000118,P016,2026-05-02,24459.41,167,T014,Valid
11246,FR0086,D000413,P016,2026-05-16,24459.41,167,T014,Valid
11247,FR0086,D000517,P016,2026-05-05,24459.41,167,T014,Valid
11248,FR0086,D000361,P016,2026-05-21,24459.41,167,T014,Valid
11268,FR0086,D000361,P013,2026-05-07,10558.9,23,T014,Valid
11269,FR0086,D000517,P013,2026-05-19,10558.9,23,T014,Valid
11270,FR0086,D000355,P013,2026-05-22,10558.9,23,T014,Valid
11271,FR0086,D000990,P013,2026-05-06,10558.9,23,T014,Valid
11272,FR0086,D000886,P013,2026-05-20,10558.9,23,T014,Valid
11273,FR0086,D000512,P013,2026-05-13,10558.9,23,T014,Valid
11305,FR0086,D000355,P020,2026-05-16,31604.87,103,T014,Valid
11306,FR0086,D000512,P020,2026-05-17,31604.87,103,T014,Valid
11307,FR0086,D000118,P020,2026-05-27,31604.87,103,T014,Valid
11308,FR0086,D000316,P020,2026-05-25,31604.87,103,T014,Valid
11309,FR0086,D000125,P020,2026-05-05,31604.87,103,T014,Valid
11334,FR0087,D000662,P016,2026-05-21,43354.38,295,T019,Valid
11335,FR0087,D000805,P016,2026-05-11,43354.38,295,T019,Valid
11336,FR0087,D000264,P016,2026-05-27,43354.38,295,T019,Valid
11363,FR0087,D000805,P019,2026-05-27,21698.45,10,T019,Valid
11364,FR0087,D000324,P019,2026-05-22,21698.45,10,T019,Valid
11365,FR0087,D000975,P019,2026-05-20,21698.45,10,T019,Valid
11366,FR0087,D000401,P019,2026-05-13,21698.45,10,T019,Valid
11367,FR0087,D000209,P019,2026-05-05,21698.45,10,T019,Valid
11368,FR0087,D000525,P019,2026-05-21,21698.45,10,T019,Valid
11395,FR0087,D000324,P002,2026-05-22,39773.09,29,T019,Valid
11396,FR0087,D000401,P002,2026-05-11,39773.09,29,T019,Valid
11397,FR0087,D000805,P002,2026-05-14,39773.09,29,T019,Valid
11398,FR0087,D000601,P002,2026-05-22,39773.09,29,T019,Valid
11425,FR0087,D000975,P010,2026-05-05,9325.64,7,T019,Valid
11426,FR0087,D000324,P010,2026-05-05,9325.64,7,T019,Valid
11427,FR0087,D000209,P010,2026-05-05,9325.64,7,T019,Valid
11428,FR0087,D000805,P010,2026-05-12,9325.64,7,T019,Valid
11429,FR0087,D000525,P010,2026-05-12,9325.64,7,T019,Valid
11430,FR0087,D000264,P010,2026-05-16,9325.64,7,T019,Valid
11448,FR0088,D000678,P017,2026-05-16,95935.79,43,T013,Valid
11468,FR0088,D000706,P025,2026-05-04,34912.13,14,T013,Valid
11469,FR0088,D000131,P025,2026-05-05,34912.13,14,T013,Valid
11470,FR0088,D000678,P025,2026-05-08,34912.13,14,T013,Valid
11471,FR0088,D000280,P025,2026-05-21,34912.13,14,T013,Valid
11493,FR0088,D000706,P001,2026-05-05,27202.01,27,T013,Valid
11494,FR0088,D000280,P001,2026-05-16,27202.01,27,T013,Valid
11507,FR0089,D000733,P015,2026-05-27,128096.53,83,T012,Valid
11514,FR0089,D000733,P012,2026-05-20,53503.57,25,T012,Valid
11521,FR0089,D000733,P014,2026-05-01,100824.7,72,T012,Valid
11528,FR0089,D000733,P028,2026-05-11,129911.34,113,T012,Valid
11535,FR0089,D000733,P021,2026-05-06,148999.33,72,T012,Valid
11551,FR0090,D000406,P022,2026-05-18,69876.47,171,T008,Valid
11552,FR0090,D000468,P022,2026-05-12,69876.47,171,T008,Valid
11574,FR0090,D000814,P010,2026-05-12,50433.0,38,T008,Valid
11575,FR0090,D000406,P010,2026-05-03,50433.0,38,T008,Valid
11598,FR0090,D000814,P020,2026-05-23,21963.44,72,T008,Valid
11599,FR0090,D000468,P020,2026-05-26,21963.44,72,T008,Valid
11600,FR0090,D000406,P020,2026-05-04,21963.44,72,T008,Valid
11620,FR0090,D000406,P021,2026-05-03,36164.29,18,T008,Valid
11621,FR0090,D000164,P021,2026-05-17,36164.29,18,T008,Valid
11622,FR0090,D000468,P021,2026-05-16,36164.29,18,T008,Valid
11623,FR0090,D000814,P021,2026-05-15,36164.29,18,T008,Valid
11645,FR0091,D000699,P010,2026-05-16,23934.9,18,T005,Valid
11646,FR0091,D000054,P010,2026-05-16,23934.9,18,T005,Valid
11647,FR0091,D000307,P010,2026-05-02,23934.9,18,T005,Valid
11674,FR0091,D000365,P006,2026-05-02,18156.89,49,T005,Valid
11675,FR0091,D000699,P006,2026-05-17,18156.89,49,T005,Valid
11676,FR0091,D000906,P006,2026-05-25,18156.89,49,T005,Valid
11677,FR0091,D000491,P006,2026-05-20,18156.89,49,T005,Valid
11678,FR0091,D000192,P006,2026-05-05,18156.89,49,T005,Valid
11679,FR0091,D000150,P006,2026-05-06,18156.89,49,T005,Valid
11703,FR0091,D000699,P023,2026-05-23,29170.21,12,T005,Valid
11704,FR0091,D000365,P023,2026-05-19,29170.21,12,T005,Valid
11705,FR0091,D000150,P023,2026-05-07,29170.21,12,T005,Valid
11706,FR0091,D000307,P023,2026-05-21,29170.21,12,T005,Valid
11732,FR0092,D000778,P015,2026-05-17,86862.39,56,T017,Valid
11733,FR0092,D000223,P015,2026-05-04,86862.39,56,T017,Valid
11756,FR0092,D000889,P014,2026-05-16,33153.26,24,T017,Valid
11757,FR0092,D000973,P014,2026-05-20,33153.26,24,T017,Valid
11758,FR0092,D000546,P014,2026-05-20,33153.26,24,T017,Valid
11759,FR0092,D000588,P014,2026-05-20,33153.26,24,T017,Valid
11787,FR0092,D000498,P006,2026-05-15,24928.43,68,T017,Valid
11788,FR0092,D000968,P006,2026-05-03,24928.43,68,T017,Valid
11789,FR0092,D000588,P006,2026-05-04,24928.43,68,T017,Valid
11790,FR0092,D000437,P006,2026-05-13,24928.43,68,T017,Valid
11811,FR0093,D000962,P002,2026-05-24,19135.76,14,T016,Valid
11812,FR0093,D000732,P002,2026-05-21,19135.76,14,T016,Valid
11813,FR0093,D000865,P002,2026-05-23,19135.76,14,T016,Valid
11814,FR0093,D000200,P002,2026-05-21,19135.76,14,T016,Valid
11815,FR0093,D000325,P002,2026-05-26,19135.76,14,T016,Valid
11816,FR0093,D000356,P002,2026-05-25,19135.76,14,T016,Valid
11840,FR0093,D000356,P029,2026-05-13,25640.81,66,T016,Valid
11841,FR0093,D000183,P029,2026-05-18,25640.81,66,T016,Valid
11842,FR0093,D000962,P029,2026-05-03,25640.81,66,T016,Valid
11868,FR0093,D000248,P022,2026-05-16,41652.59,102,T016,Valid
11869,FR0093,D000200,P022,2026-05-17,41652.59,102,T016,Valid
11893,FR0093,D000732,P026,2026-05-03,81165.41,45,T016,Valid
11894,FR0093,D000910,P026,2026-05-11,81165.41,45,T016,Valid
11923,FR0093,D000901,P009,2026-05-17,7907.77,3,T016,Valid
11924,FR0093,D000325,P009,2026-05-15,7907.77,3,T016,Valid
11925,FR0093,D000732,P009,2026-05-03,7907.77,3,T016,Valid
11926,FR0093,D000668,P009,2026-05-22,7907.77,3,T016,Valid
11927,FR0093,D000781,P009,2026-05-04,7907.77,3,T016,Valid
11952,FR0093,D000781,P003,2026-05-03,70702.22,41,T016,Valid
11953,FR0093,D000600,P003,2026-05-08,70702.22,41,T016,Valid
11981,FR0093,D000183,P017,2026-05-02,30071.11,14,T016,Valid
11982,FR0093,D000865,P017,2026-05-23,30071.11,14,T016,Valid
11983,FR0093,D000901,P017,2026-05-17,30071.11,14,T016,Valid
12005,FR0094,D000688,P021,2026-05-03,15583.81,8,T003,Valid
12006,FR0094,D000926,P021,2026-05-27,15583.81,8,T003,Valid
12007,FR0094,D000620,P021,2026-05-26,15583.81,8,T003,Valid
12008,FR0094,D000696,P021,2026-05-08,15583.81,8,T003,Valid
12009,FR0094,D000838,P021,2026-05-25,15583.81,8,T003,Valid
12035,FR0094,D000620,P015,2026-05-09,25934.78,17,T003,Valid
12036,FR0094,D000926,P015,2026-05-01,25934.78,17,T003,Valid
12037,FR0094,D000506,P015,2026-05-19,25934.78,17,T003,Valid
12038,FR0094,D000075,P015,2026-05-25,25934.78,17,T003,Valid
12039,FR0094,D000688,P015,2026-05-25,25934.78,17,T003,Valid
12040,FR0094,D000771,P015,2026-05-04,25934.78,17,T003,Valid
12069,FR0094,D000735,P011,2026-05-26,24484.1,11,T003,Valid
12070,FR0094,D000284,P011,2026-05-17,24484.1,11,T003,Valid
12071,FR0094,D000771,P011,2026-05-12,24484.1,11,T003,Valid
12098,FR0094,D000075,P017,2026-05-10,35149.07,16,T003,Valid
12099,FR0094,D000735,P017,2026-05-26,35149.07,16,T003,Valid
12123,FR0094,D000620,P023,2026-05-25,23904.34,10,T003,Valid
12124,FR0094,D000771,P023,2026-05-18,23904.34,10,T003,Valid
12125,FR0094,D000696,P023,2026-05-10,23904.34,10,T003,Valid
12126,FR0094,D000688,P023,2026-05-27,23904.34,10,T003,Valid
12127,FR0094,D000284,P023,2026-05-07,23904.34,10,T003,Valid
12128,FR0094,D000838,P023,2026-05-07,23904.34,10,T003,Valid
12156,FR0095,D000004,P016,2026-05-27,15203.42,104,T008,Valid
12157,FR0095,D000271,P016,2026-05-11,15203.42,104,T015,Valid
12158,FR0095,D000621,P016,2026-05-06,15203.42,104,T015,Valid
12159,FR0095,D000154,P016,2026-05-15,15203.42,104,T001,Valid
12184,FR0095,D000842,P028,2026-05-20,9299.64,8,T002,Valid
12185,FR0095,D000004,P028,2026-05-25,9299.64,8,T002,Valid
12186,FR0095,D000977,P028,2026-05-10,9299.64,8,T002,Valid
12187,FR0095,D000621,P028,2026-05-05,9299.64,8,T002,Valid
12188,FR0095,D000154,P028,2026-05-23,9299.64,8,T002,Valid
12211,FR0095,D000970,P027,2026-05-27,54672.66,22,T002,Valid
12212,FR0095,D000977,P027,2026-05-01,54672.66,22,T002,Valid
12227,FR0096,D000875,P012,2026-05-27,36487.18,17,T004,Valid
12228,FR0096,D000938,P012,2026-05-20,36487.18,17,T004,Valid
12229,FR0096,D000728,P012,2026-05-27,36487.18,17,T004,Valid
12230,FR0096,D000082,P012,2026-05-04,36487.18,17,T004,Valid
12261,FR0096,D000151,P005,2026-05-07,12160.99,6,T004,Valid
12262,FR0096,D000510,P005,2026-05-18,12160.99,6,T004,Valid
12263,FR0096,D000959,P005,2026-05-08,12160.99,6,T004,Valid
12264,FR0096,D000728,P005,2026-05-19,12160.99,6,T004,Valid
12265,FR0096,D000938,P005,2026-05-23,12160.99,6,T004,Valid
12266,FR0096,D000279,P005,2026-05-07,12160.99,6,T004,Valid
12292,FR0096,D000938,P010,2026-05-06,30292.6,23,T004,Valid
12293,FR0096,D000069,P010,2026-05-27,30292.6,23,T004,Valid
12294,FR0096,D000920,P010,2026-05-18,30292.6,23,T004,Valid
12295,FR0096,D000728,P010,2026-05-22,30292.6,23,T004,Valid
12317,FR0096,D000151,P027,2026-05-11,27467.42,11,T004,Valid
12318,FR0096,D000279,P027,2026-05-19,27467.42,11,T004,Valid
12319,FR0096,D000069,P027,2026-05-12,27467.42,11,T004,Valid
12345,FR0096,D000082,P026,2026-05-23,12652.03,7,T004,Valid
12346,FR0096,D000959,P026,2026-05-13,12652.03,7,T004,Valid
12347,FR0096,D000069,P026,2026-05-23,12652.03,7,T004,Valid
12348,FR0096,D000875,P026,2026-05-15,12652.03,7,T004,Valid
12349,FR0096,D000920,P026,2026-05-27,12652.03,7,T004,Valid
12374,FR0097,D000037,P021,2026-05-25,25679.0,12,T005,Valid
12375,FR0097,D000060,P021,2026-05-09,25679.0,12,T005,Valid
12376,FR0097,D000792,P021,2026-05-19,25679.0,12,T005,Valid
12377,FR0097,D000078,P021,2026-05-06,25679.0,12,T005,Valid
12395,FR0097,D000519,P024,2026-05-02,15721.99,21,T005,Valid
12396,FR0097,D000377,P024,2026-05-25,15721.99,21,T005,Valid
12397,FR0097,D000060,P024,2026-05-27,15721.99,21,T005,Valid
12398,FR0097,D000399,P024,2026-05-08,15721.99,21,T005,Valid
12420,FR0097,D000793,P003,2026-05-11,16112.54,9,T005,Valid
12421,FR0097,D000595,P003,2026-05-13,16112.54,9,T005,Valid
12422,FR0097,D000686,P003,2026-05-16,16112.54,9,T005,Valid
12423,FR0097,D000792,P003,2026-05-24,16112.54,9,T005,Valid
12424,FR0097,D000022,P003,2026-05-23,16112.54,9,T005,Valid
12425,FR0097,D000399,P003,2026-05-06,16112.54,9,T005,Valid
12446,FR0097,D000793,P023,2026-05-11,20310.01,9,T005,Valid
12447,FR0097,D000060,P023,2026-05-04,20310.01,9,T005,Valid
12448,FR0097,D000595,P023,2026-05-16,20310.01,9,T005,Valid
12478,FR0097,D000793,P017,2026-05-22,22670.35,10,T005,Valid
12479,FR0097,D000377,P017,2026-05-17,22670.35,10,T005,Valid
12480,FR0097,D000399,P017,2026-05-27,22670.35,10,T005,Valid
12481,FR0097,D000432,P017,2026-05-19,22670.35,10,T005,Valid
12509,FR0097,D000881,P022,2026-05-24,21759.02,53,T005,Valid
12510,FR0097,D000686,P022,2026-05-02,21759.02,53,T005,Valid
12511,FR0097,D000037,P022,2026-05-12,21759.02,53,T005,Valid
12512,FR0097,D000793,P022,2026-05-24,21759.02,53,T005,Valid
12536,FR0098,D000093,P023,2026-05-24,17346.89,7,T006,Valid
12537,FR0098,D000817,P023,2026-05-24,17346.89,7,T006,Valid
12538,FR0098,D000485,P023,2026-05-04,17346.89,7,T006,Valid
12539,FR0098,D000931,P023,2026-05-10,17346.89,7,T006,Valid
12540,FR0098,D000549,P023,2026-05-10,17346.89,7,T006,Valid
12566,FR0098,D000138,P005,2026-05-21,34046.17,18,T006,Valid
12567,FR0098,D000093,P005,2026-05-11,34046.17,18,T006,Valid
12568,FR0098,D000296,P005,2026-05-21,34046.17,18,T006,Valid
12569,FR0098,D000817,P005,2026-05-23,34046.17,18,T006,Valid
12591,FR0098,D000239,P001,2026-05-23,61862.86,60,T006,Valid
12592,FR0098,D000931,P001,2026-05-05,61862.86,60,T006,Valid
12620,FR0098,D000239,P014,2026-05-25,11238.93,8,T006,Valid
12621,FR0098,D000549,P014,2026-05-27,11238.93,8,T006,Valid
12622,FR0098,D000093,P014,2026-05-12,11238.93,8,T006,Valid
12623,FR0098,D000817,P014,2026-05-14,11238.93,8,T006,Valid
12624,FR0098,D000485,P014,2026-05-10,11238.93,8,T006,Valid
12646,FR0099,D000015,P001,2026-05-02,24722.6,24,T014,Valid
12647,FR0099,D000522,P001,2026-05-27,24722.6,24,T014,Valid
12648,FR0099,D000655,P001,2026-05-01,24722.6,24,T014,Valid
12671,FR0099,D000392,P008,2026-05-25,44449.43,19,T014,Valid
12672,FR0099,D000922,P008,2026-05-13,44449.43,19,T014,Valid
12673,FR0099,D000297,P008,2026-05-20,44449.43,19,T017,Valid
12674,FR0099,D000677,P008,2026-05-11,44449.43,19,T008,Valid
12699,FR0099,D000434,P005,2026-05-07,70390.57,36,T014,Valid
12700,FR0099,D000729,P005,2026-05-16,70390.57,36,T014,Valid
12724,FR0099,D000522,P027,2026-05-09,16196.58,7,T014,Valid
12725,FR0099,D000297,P027,2026-05-01,16196.58,7,T014,Valid
12726,FR0099,D000015,P027,2026-05-16,16196.58,7,T014,Valid
12727,FR0099,D000463,P027,2026-05-09,16196.58,7,T014,Valid
12728,FR0099,D000226,P027,2026-05-03,16196.58,7,T014,Valid
12751,FR0099,D000463,P003,2026-05-09,17584.37,10,T014,Valid
12752,FR0099,D000677,P003,2026-05-17,17584.37,10,T014,Valid
12753,FR0099,D000228,P003,2026-05-11,17584.37,10,T014,Valid
12754,FR0099,D000522,P003,2026-05-05,17584.37,10,T014,Valid
12755,FR0099,D000015,P003,2026-05-15,17584.37,10,T014,Valid
12785,FR0099,D000463,P015,2026-05-02,21399.08,14,T014,Valid
12786,FR0099,D000729,P015,2026-05-15,21399.08,14,T014,Valid
12787,FR0099,D000655,P015,2026-05-13,21399.08,14,T014,Valid
12788,FR0099,D000922,P015,2026-05-15,21399.08,14,T014,Valid
12789,FR0099,D000522,P015,2026-05-21,21399.08,14,T014,Valid
12810,FR0099,D000392,P025,2026-05-19,70520.8,29,T014,Valid
12811,FR0099,D000677,P025,2026-05-20,70520.8,29,T014,Valid
12838,FR0100,D000666,P022,2026-05-18,22148.54,54,T020,Valid
12839,FR0100,D000657,P022,2026-05-02,22148.54,54,T020,Valid
12840,FR0100,D000389,P022,2026-05-21,22148.54,54,T020,Valid
12841,FR0100,D000803,P022,2026-05-17,22148.54,54,T020,Valid
12866,FR0100,D000130,P026,2026-05-14,11528.06,6,T020,Valid
12867,FR0100,D000529,P026,2026-05-18,11528.06,6,T020,Valid
12868,FR0100,D000736,P026,2026-05-11,11528.06,6,T020,Valid
12869,FR0100,D000666,P026,2026-05-12,11528.06,6,T020,Valid
12870,FR0100,D000811,P026,2026-05-22,11528.06,6,T020,Valid
12871,FR0100,D000803,P026,2026-05-19,11528.06,6,T020,Valid
12897,FR0100,D000389,P008,2026-05-09,27088.05,11,T020,Valid
12898,FR0100,D000666,P008,2026-05-27,27088.05,11,T020,Valid
12899,FR0100,D000130,P008,2026-05-10,27088.05,11,T020,Valid
12900,FR0100,D000750,P008,2026-05-22,27088.05,11,T020,Valid
12901,FR0100,D000736,P008,2026-05-24,27088.05,11,T020,Valid
12921,FR0100,D000657,P014,2026-05-06,7167.88,5,T020,Valid
12922,FR0100,D000651,P014,2026-05-18,7167.88,5,T020,Valid
12923,FR0100,D000803,P014,2026-05-21,7167.88,5,T020,Valid
12924,FR0100,D000811,P014,2026-05-07,7167.88,5,T020,Valid
12925,FR0100,D000666,P014,2026-05-17,7167.88,5,T020,Valid
12926,FR0100,D000423,P014,2026-05-04,7167.88,5,T020,Valid
12953,FR0100,D000404,P017,2026-05-07,19118.65,9,T020,Valid
12954,FR0100,D000803,P017,2026-05-05,19118.65,9,T020,Valid
12955,FR0100,D000651,P017,2026-05-03,19118.65,9,T020,Valid
12956,FR0100,D000423,P017,2026-05-01,19118.65,9,T020,Valid
12957,FR0100,D000130,P017,2026-05-04,19118.65,9,T020,Valid
12984,FR0100,D000736,P027,2026-05-04,22579.66,9,T020,Valid
12985,FR0100,D000666,P027,2026-05-17,22579.66,9,T020,Valid
12986,FR0100,D000130,P027,2026-05-23,22579.66,9,T020,Valid
12987,FR0100,D000803,P027,2026-05-11,22579.66,9,T020,Valid
12988,FR0100,D000389,P027,2026-05-26,22579.66,9,T020,Valid
13015,FR0100,D000750,P028,2026-05-27,40523.55,35,T020,Valid
13016,FR0100,D000701,P028,2026-05-17,40523.55,35,T020,Valid
