sale_id,representative_id,doctor_id,product_id,sale_date,sales_amount,quantity,selling_territory_id,status
1,FR0001,D000100,P015,2026-01-26,50477.51,33,T007,Valid
2,FR0001,D000142,P015,2026-01-10,50477.51,33,T007,Valid
26,FR0001,D000896,P011,2026-01-06,10644.45,5,T007,Valid
27,FR0001,D000801,P011,2026-01-11,10644.45,5,T007,Valid
28,FR0001,D000176,P011,2026-01-08,10644.45,5,T007,Valid
29,FR0001,D000142,P011,2026-01-26,10644.45,5,T007,Valid
58,FR0001,D000100,P014,2026-01-11,57271.28,41,T007,Valid
59,FR0001,D000883,P014,2026-01-03,57271.28,41,T007,Valid
60,FR0001,D000896,P014,2026-01-12,57271.28,41,T007,Valid
81,FR0001,D000176,P004,2026-01-05,19224.97,11,T007,Valid
82,FR0001,D000240,P004,2026-01-23,19224.97,11,T007,Valid
83,FR0001,D000883,P004,2026-01-04,19224.97,11,T007,Valid
84,FR0001,D000020,P004,2026-01-22,19224.97,11,T007,Valid
102,FR0002,D000021,P009,2026-01-02,20050.1,8,T018,Valid
103,FR0002,D000894,P009,2026-01-16,20050.1,8,T018,Valid
104,FR0002,D000366,P009,2026-01-12,20050.1,8,T018,Valid
105,FR0002,D000980,P009,2026-01-11,20050.1,8,T018,Valid
106,FR0002,D000995,P009,2026-01-26,20050.1,8,T018,Valid
128,FR0002,D000980,P013,2026-01-13,10598.06,23,T018,Valid
129,FR0002,D000366,P013,2026-01-15,10598.06,23,T018,Valid
130,FR0002,D000995,P013,2026-01-07,10598.06,23,T018,Valid
131,FR0002,D000247,P013,2026-01-10,10598.06,23,T018,Valid
155,FR0002,D000247,P021,2026-01-14,17960.73,9,T018,Valid
156,FR0002,D000995,P021,2026-01-15,17960.73,9,T018,Valid
157,FR0002,D000366,P021,2026-01-11,17960.73,9,T018,Valid
176,FR0002,D000980,P016,2026-01-22,56451.15,385,T018,Valid
177,FR0002,D000021,P016,2026-01-21,56451.15,385,T018,Valid
193,FR0002,D000366,P019,2026-01-06,31343.15,14,T018,Valid
194,FR0002,D000995,P019,2026-01-13,31343.15,14,T018,Valid
216,FR0002,D000980,P020,2026-01-27,6911.48,23,T018,Valid
217,FR0002,D000247,P020,2026-01-15,6911.48,23,T018,Valid
218,FR0002,D000894,P020,2026-01-18,6911.48,23,T018,Valid
219,FR0002,D000995,P020,2026-01-20,6911.48,23,T018,Valid
220,FR0002,D000366,P020,2026-01-16,6911.48,23,T018,Valid
221,FR0002,D000021,P020,2026-01-22,6911.48,23,T018,Valid
247,FR0003,D000330,P025,2026-01-13,16141.35,7,T014,Valid
248,FR0003,D000537,P025,2026-01-02,16141.35,7,T014,Valid
249,FR0003,D000014,P025,2026-01-02,16141.35,7,T014,Valid
250,FR0003,D000641,P025,2026-01-09,16141.35,7,T014,Valid
251,FR0003,D000050,P025,2026-01-26,16141.35,7,T014,Valid
252,FR0003,D000700,P025,2026-01-10,16141.35,7,T014,Valid
274,FR0003,D000327,P012,2026-01-18,23117.76,11,T014,Valid
275,FR0003,D000674,P012,2026-01-25,23117.76,11,T014,Valid
276,FR0003,D000641,P012,2026-01-01,23117.76,11,T014,Valid
277,FR0003,D000585,P012,2026-01-22,23117.76,11,T014,Valid
303,FR0003,D000330,P018,2026-01-18,18489.53,27,T014,Valid
304,FR0003,D000700,P018,2026-01-05,18489.53,27,T014,Valid
305,FR0003,D000246,P018,2026-01-02,18489.53,27,T014,Valid
306,FR0003,D000818,P018,2026-01-19,18489.53,27,T014,Valid
307,FR0003,D000338,P018,2026-01-13,18489.53,27,T014,Valid
308,FR0003,D000014,P018,2026-01-18,18489.53,27,T014,Valid
332,FR0004,D000251,P019,2026-01-17,14880.0,7,T008,Valid
333,FR0004,D000898,P019,2026-01-03,14880.0,7,T008,Valid
334,FR0004,D000477,P019,2026-01-12,14880.0,7,T008,Valid
335,FR0004,D000170,P019,2026-01-01,14880.0,7,T008,Valid
336,FR0004,D000917,P019,2026-01-08,14880.0,7,T008,Valid
357,FR0004,D000694,P013,2026-01-07,15846.74,34,T008,Valid
358,FR0004,D000898,P013,2026-01-20,15846.74,34,T008,Valid
359,FR0004,D000170,P013,2026-01-16,15846.74,34,T008,Valid
360,FR0004,D000477,P013,2026-01-08,15846.74,34,T008,Valid
361,FR0004,D000251,P013,2026-01-14,15846.74,34,T008,Valid
362,FR0004,D000917,P013,2026-01-05,15846.74,34,T008,Valid
394,FR0004,D000170,P025,2026-01-16,62025.4,26,T008,Valid
395,FR0004,D000251,P025,2026-01-14,62025.4,26,T008,Valid
416,FR0004,D000917,P030,2026-01-08,67294.41,265,T008,Valid
417,FR0004,D000477,P030,2026-01-03,67294.41,265,T008,Valid
439,FR0004,D000694,P007,2026-01-22,24511.47,51,T008,Valid
440,FR0004,D000251,P007,2026-01-27,24511.47,51,T008,Valid
441,FR0004,D000898,P007,2026-01-24,24511.47,51,T008,Valid
442,FR0004,D000477,P007,2026-01-26,24511.47,51,T008,Valid
465,FR0004,D000170,P002,2026-01-08,92921.7,68,T008,Valid
466,FR0004,D000694,P002,2026-01-24,92921.7,68,T008,Valid
467,FR0004,D000477,P002,2026-01-15,92921.7,68,T008,Valid
493,FR0004,D000917,P018,2026-01-03,50595.71,75,T008,Valid
512,FR0005,D000730,P023,2026-01-12,11829.64,5,T015,Valid
513,FR0005,D000231,P023,2026-01-05,11829.64,5,T015,Valid
514,FR0005,D000035,P023,2026-01-02,11829.64,5,T015,Valid
515,FR0005,D000963,P023,2026-01-23,11829.64,5,T015,Valid
516,FR0005,D000369,P023,2026-01-18,11829.64,5,T015,Valid
542,FR0005,D000231,P018,2026-01-08,54160.9,80,T015,Valid
543,FR0005,D000509,P018,2026-01-21,54160.9,80,T015,Valid
544,FR0005,D000658,P018,2026-01-18,54160.9,80,T015,Valid
572,FR0005,D000311,P026,2026-01-04,17438.86,10,T015,Valid
573,FR0005,D000819,P026,2026-01-08,17438.86,10,T015,Valid
574,FR0005,D000369,P026,2026-01-21,17438.86,10,T015,Valid
575,FR0005,D000783,P026,2026-01-01,17438.86,10,T015,Valid
599,FR0005,D000311,P004,2026-01-24,63981.53,37,T015,Valid
600,FR0005,D000231,P004,2026-01-07,63981.53,37,T015,Valid
628,FR0006,D000480,P018,2026-01-18,46484.02,69,T019,Valid
629,FR0006,D000851,P018,2026-01-24,46484.02,69,T019,Valid
630,FR0006,D000274,P018,2026-01-06,46484.02,69,T019,Valid
650,FR0006,D000904,P022,2026-01-13,32451.33,80,T019,Valid
651,FR0006,D000274,P022,2026-01-25,32451.33,80,T019,Valid
652,FR0006,D000419,P022,2026-01-10,32451.33,80,T019,Valid
653,FR0006,D000480,P022,2026-01-06,32451.33,80,T019,Valid
654,FR0006,D000602,P022,2026-01-10,32451.33,80,T019,Valid
684,FR0006,D000602,P026,2026-01-19,31279.06,17,T019,Valid
685,FR0006,D000274,P026,2026-01-21,31279.06,17,T019,Valid
686,FR0006,D000876,P026,2026-01-03,31279.06,17,T019,Valid
712,FR0006,D000851,P007,2026-01-03,28383.68,59,T019,Valid
713,FR0006,D000274,P007,2026-01-08,28383.68,59,T019,Valid
714,FR0006,D000480,P007,2026-01-15,28383.68,59,T019,Valid
715,FR0006,D000602,P007,2026-01-10,28383.68,59,T019,Valid
739,FR0006,D000851,P005,2026-01-25,11106.59,6,T019,Valid
740,FR0006,D000607,P005,2026-01-15,11106.59,6,T019,Valid
741,FR0006,D000480,P005,2026-01-05,11106.59,6,T019,Valid
742,FR0006,D000419,P005,2026-01-27,11106.59,6,T019,Valid
743,FR0006,D000876,P005,2026-01-23,11106.59,6,T019,Valid
744,FR0006,D000274,P005,2026-01-04,11106.59,6,T019,Valid
762,FR0006,D000419,P010,2026-01-13,37233.08,28,T019,Valid
763,FR0006,D000274,P010,2026-01-10,37233.08,28,T019,Valid
764,FR0006,D000607,P010,2026-01-12,37233.08,28,T019,Valid
765,FR0006,D000870,P010,2026-01-02,37233.08,28,T019,Valid
790,FR0006,D000274,P023,2026-01-14,21057.66,9,T019,Valid
791,FR0006,D000876,P023,2026-01-26,21057.66,9,T019,Valid
792,FR0006,D000602,P023,2026-01-10,21057.66,9,T019,Valid
793,FR0006,D000607,P023,2026-01-02,21057.66,9,T019,Valid
794,FR0006,D000870,P023,2026-01-20,21057.66,9,T019,Valid
795,FR0006,D000480,P023,2026-01-10,21057.66,9,T019,Valid
826,FR0007,D000194,P027,2026-01-02,21831.15,9,T009,Valid
827,FR0007,D000184,P027,2026-01-22,21831.15,9,T009,Valid
828,FR0007,D000895,P027,2026-01-07,21831.15,9,T009,Valid
829,FR0007,D000199,P027,2026-01-21,21831.15,9,T009,Valid
852,FR0007,D000895,P003,2026-01-06,89561.77,52,T009,Valid
875,FR0007,D000194,P001,2026-01-15,52224.87,51,T009,Valid
876,FR0007,D000199,P001,2026-01-08,52224.87,51,T009,Valid
877,FR0007,D000895,P001,2026-01-20,52224.87,51,T009,Valid
902,FR0008,D000422,P014,2026-01-16,19386.57,14,T001,Valid
903,FR0008,D000109,P014,2026-01-15,19386.57,14,T001,Valid
904,FR0008,D000642,P014,2026-01-01,19386.57,14,T001,Valid
905,FR0008,D000921,P014,2026-01-14,19386.57,14,T001,Valid
906,FR0008,D000395,P014,2026-01-08,19386.57,14,T001,Valid
907,FR0008,D000487,P014,2026-01-11,19386.57,14,T001,Valid
928,FR0008,D000486,P006,2026-01-03,29154.77,79,T001,Valid
929,FR0008,D000941,P006,2026-01-12,29154.77,79,T001,Valid
930,FR0008,D000709,P006,2026-01-16,29154.77,79,T001,Valid
931,FR0008,D000094,P006,2026-01-17,29154.77,79,T001,Valid
957,FR0008,D000582,P025,2026-01-25,29379.15,12,T001,Valid
958,FR0008,D000921,P025,2026-01-15,29379.15,12,T001,Valid
982,FR0008,D000380,P011,2026-01-10,38950.37,18,T001,Valid
983,FR0008,D000363,P011,2026-01-16,38950.37,18,T001,Valid
984,FR0008,D000576,P011,2026-01-27,38950.37,18,T001,Valid
1008,FR0008,D000204,P008,2026-01-05,25041.19,10,T001,Valid
1009,FR0008,D000642,P008,2026-01-16,25041.19,10,T001,Valid
1010,FR0008,D000808,P008,2026-01-10,25041.19,10,T001,Valid
1011,FR0008,D000103,P008,2026-01-12,25041.19,10,T001,Valid
1012,FR0008,D001000,P008,2026-01-27,25041.19,10,T001,Valid
1013,FR0008,D000983,P008,2026-01-20,25041.19,10,T001,Valid
1034,FR0008,D001000,P010,2026-01-16,36766.77,28,T001,Valid
1035,FR0008,D000077,P010,2026-01-13,36766.77,28,T001,Valid
1036,FR0008,D000109,P010,2026-01-15,36766.77,28,T001,Valid
1037,FR0008,D000539,P010,2026-01-24,36766.77,28,T001,Valid
1062,FR0009,D000797,P006,2026-01-22,28881.44,79,T006,Valid
1063,FR0009,D000029,P006,2026-01-22,28881.44,79,T006,Valid
1064,FR0009,D000402,P006,2026-01-19,28881.44,79,T006,Valid
1065,FR0009,D000438,P006,2026-01-16,28881.44,79,T006,Valid
1066,FR0009,D000277,P006,2026-01-06,28881.44,79,T006,Valid
1089,FR0009,D000438,P018,2026-01-22,13763.02,20,T006,Valid
1090,FR0009,D000277,P018,2026-01-18,13763.02,20,T006,Valid
1091,FR0009,D000797,P018,2026-01-01,13763.02,20,T006,Valid
1092,FR0009,D000772,P018,2026-01-23,13763.02,20,T006,Valid
1093,FR0009,D000193,P018,2026-01-06,13763.02,20,T006,Valid
1094,FR0009,D000806,P018,2026-01-16,13763.02,20,T006,Valid
1121,FR0009,D000402,P022,2026-01-23,28841.21,71,T006,Valid
1122,FR0009,D000023,P022,2026-01-11,28841.21,71,T006,Valid
1123,FR0009,D000277,P022,2026-01-14,28841.21,71,T006,Valid
1124,FR0009,D000806,P022,2026-01-22,28841.21,71,T006,Valid
1125,FR0009,D000193,P022,2026-01-09,28841.21,71,T006,Valid
1148,FR0010,D000012,P027,2026-01-18,45573.09,18,T014,Valid
1149,FR0010,D000944,P027,2026-01-20,45573.09,18,T014,Valid
1177,FR0010,D000381,P011,2026-01-09,24267.68,11,T014,Valid
1178,FR0010,D000626,P011,2026-01-27,24267.68,11,T014,Valid
1179,FR0010,D000175,P011,2026-01-09,24267.68,11,T014,Valid
1180,FR0010,D000255,P011,2026-01-11,24267.68,11,T014,Valid
1181,FR0010,D000173,P011,2026-01-06,24267.68,11,T014,Valid
1214,FR0010,D000626,P026,2026-01-27,31919.52,18,T014,Valid
1215,FR0010,D000580,P026,2026-01-17,31919.52,18,T014,Valid
1216,FR0010,D000036,P026,2026-01-16,31919.52,18,T014,Valid
1243,FR0010,D000885,P010,2026-01-05,40379.91,31,T014,Valid
1244,FR0010,D000964,P010,2026-01-01,40379.91,31,T014,Valid
1245,FR0010,D000173,P010,2026-01-04,40379.91,31,T014,Valid
1246,FR0010,D000036,P010,2026-01-01,40379.91,31,T014,Valid
1273,FR0010,D000173,P007,2026-01-16,32928.88,69,T014,Valid
1274,FR0010,D000085,P007,2026-01-26,32928.88,69,T014,Valid
1275,FR0010,D000115,P007,2026-01-16,32928.88,69,T014,Valid
1276,FR0010,D000944,P007,2026-01-08,32928.88,69,T014,Valid
1277,FR0010,D000557,P007,2026-01-18,32928.88,69,T014,Valid
1304,FR0010,D000887,P003,2026-01-25,44181.84,25,T014,Valid
1305,FR0010,D000012,P003,2026-01-22,44181.84,25,T014,Valid
1306,FR0010,D000255,P003,2026-01-05,44181.84,25,T014,Valid
1323,FR0010,D000964,P014,2026-01-03,15838.6,11,T014,Valid
1324,FR0010,D000115,P014,2026-01-22,15838.6,11,T014,Valid
1325,FR0010,D000304,P014,2026-01-13,15838.6,11,T014,Valid
1352,FR0011,D000168,P028,2026-01-07,6933.16,6,T011,Valid
1353,FR0011,D000328,P028,2026-01-16,6933.16,6,T011,Valid
1354,FR0011,D000731,P028,2026-01-01,6933.16,6,T011,Valid
1355,FR0011,D000095,P028,2026-01-22,6933.16,6,T011,Valid
1356,FR0011,D000334,P028,2026-01-06,6933.16,6,T011,Valid
1357,FR0011,D000440,P028,2026-01-09,6933.16,6,T011,Valid
1378,FR0011,D000440,P006,2026-01-27,11989.4,33,T011,Valid
1379,FR0011,D000731,P006,2026-01-10,11989.4,33,T011,Valid
1380,FR0011,D000628,P006,2026-01-06,11989.4,33,T011,Valid
1381,FR0011,D000095,P006,2026-01-02,11989.4,33,T011,Valid
1382,FR0011,D000948,P006,2026-01-09,11989.4,33,T011,Valid
1383,FR0011,D000328,P006,2026-01-09,11989.4,33,T011,Valid
1405,FR0011,D000948,P023,2026-01-18,29320.89,12,T011,Valid
1406,FR0011,D000731,P023,2026-01-22,29320.89,12,T011,Valid
1407,FR0011,D000628,P023,2026-01-19,29320.89,12,T011,Valid
1408,FR0011,D000233,P023,2026-01-22,29320.89,12,T011,Valid
1429,FR0012,D000724,P013,2026-01-18,39051.98,84,T009,Valid
1430,FR0012,D000110,P013,2026-01-10,39051.98,84,T009,Valid
1431,FR0012,D000878,P013,2026-01-13,39051.98,84,T009,Valid
1432,FR0012,D000597,P013,2026-01-20,39051.98,84,T009,Valid
1460,FR0012,D000270,P011,2026-01-01,74030.16,34,T009,Valid
1461,FR0012,D000408,P011,2026-01-04,74030.16,34,T009,Valid
1489,FR0012,D000270,P029,2026-01-15,15474.7,40,T009,Valid
1490,FR0012,D000878,P029,2026-01-12,15474.7,40,T009,Valid
1491,FR0012,D000110,P029,2026-01-19,15474.7,40,T009,Valid
1492,FR0012,D000408,P029,2026-01-15,15474.7,40,T009,Valid
1513,FR0013,D000428,P014,2026-01-11,67686.4,49,T005,Valid
1514,FR0013,D000860,P014,2026-01-21,67686.4,49,T005,Valid
1546,FR0013,D000823,P022,2026-01-25,62986.94,154,T005,Valid
1547,FR0013,D000171,P022,2026-01-17,62986.94,154,T005,Valid
1570,FR0013,D000860,P025,2026-01-04,30669.16,13,T005,Valid
1571,FR0013,D000847,P025,2026-01-07,30669.16,13,T005,Valid
1572,FR0013,D000567,P025,2026-01-12,30669.16,13,T005,Valid
1595,FR0013,D000428,P013,2026-01-19,50031.98,107,T005,Valid
1596,FR0013,D000171,P013,2026-01-27,50031.98,107,T005,Valid
1597,FR0013,D000857,P013,2026-01-07,50031.98,107,T005,Valid
1622,FR0014,D000133,P016,2026-01-21,43621.06,297,T013,Valid
1623,FR0014,D000725,P016,2026-01-13,43621.06,297,T007,Valid
1636,FR0014,D000133,P002,2026-01-16,70883.22,52,T007,Valid
1637,FR0014,D000725,P002,2026-01-22,70883.22,52,T007,Valid
1650,FR0014,D000133,P030,2026-01-10,47925.52,189,T007,Valid
1651,FR0014,D000725,P030,2026-01-07,47925.52,189,T007,Valid
1664,FR0014,D000725,P027,2026-01-11,25119.18,10,T007,Valid
1665,FR0014,D000133,P027,2026-01-19,25119.18,10,T007,Valid
1677,FR0015,D000006,P013,2026-01-15,20318.85,44,T011,Valid
1678,FR0015,D000639,P013,2026-01-16,20318.85,44,T011,Valid
1679,FR0015,D000821,P013,2026-01-05,20318.85,44,T011,Valid
1680,FR0015,D000514,P013,2026-01-07,20318.85,44,T011,Valid
1681,FR0015,D000892,P013,2026-01-24,20318.85,44,T011,Valid
1682,FR0015,D000072,P013,2026-01-24,20318.85,44,T011,Valid
1710,FR0015,D000541,P003,2026-01-02,50019.91,29,T011,Valid
1711,FR0015,D000639,P003,2026-01-26,50019.91,29,T011,Valid
1736,FR0015,D000727,P017,2026-01-12,42742.73,19,T011,Valid
1737,FR0015,D000738,P017,2026-01-24,42742.73,19,T011,Valid
1738,FR0015,D000514,P017,2026-01-26,42742.73,19,T011,Valid
1762,FR0015,D000541,P024,2026-01-10,33687.04,46,T011,Valid
1763,FR0015,D000006,P024,2026-01-17,33687.04,46,T011,Valid
1764,FR0015,D000738,P024,2026-01-02,33687.04,46,T011,Valid
1765,FR0015,D000919,P024,2026-01-20,33687.04,46,T011,Valid
1790,FR0015,D000738,P010,2026-01-03,35167.94,27,T011,Valid
1791,FR0015,D000006,P010,2026-01-13,35167.94,27,T011,Valid
1792,FR0015,D000541,P010,2026-01-17,35167.94,27,T011,Valid
1815,FR0015,D000821,P026,2026-01-17,83046.22,46,T011,Valid
1816,FR0015,D000738,P026,2026-01-26,83046.22,46,T011,Valid
1845,FR0016,D000516,P012,2026-01-06,32511.96,15,T004,Valid
1846,FR0016,D000013,P012,2026-01-27,32511.96,15,T004,Valid
1847,FR0016,D000352,P012,2026-01-22,32511.96,15,T004,Valid
1869,FR0016,D000516,P005,2026-01-16,13659.66,7,T004,Valid
1870,FR0016,D000458,P005,2026-01-12,13659.66,7,T004,Valid
1871,FR0016,D000017,P005,2026-01-26,13659.66,7,T004,Valid
1872,FR0016,D000352,P005,2026-01-26,13659.66,7,T004,Valid
1894,FR0016,D000352,P016,2026-01-01,32616.81,222,T004,Valid
1895,FR0016,D000017,P016,2026-01-27,32616.81,222,T004,Valid
1896,FR0016,D000273,P016,2026-01-14,32616.81,222,T004,Valid
1897,FR0016,D000946,P016,2026-01-25,32616.81,222,T004,Valid
1918,FR0016,D000458,P003,2026-01-24,104333.96,60,T004,Valid
1936,FR0016,D000581,P028,2026-01-17,35020.15,30,T004,Valid
1937,FR0016,D000017,P028,2026-01-09,35020.15,30,T004,Valid
1938,FR0016,D000526,P028,2026-01-02,35020.15,30,T004,Valid
1939,FR0016,D000469,P028,2026-01-21,35020.15,30,T004,Valid
1965,FR0016,D000013,P006,2026-01-16,37817.19,103,T004,Valid
1966,FR0016,D000259,P006,2026-01-04,37817.19,103,T004,Valid
1967,FR0016,D000473,P006,2026-01-22,37817.19,103,T004,Valid
1968,FR0016,D000946,P006,2026-01-09,37817.19,103,T004,Valid
1987,FR0017,D000816,P010,2026-01-06,15580.89,12,T003,Valid
1988,FR0017,D000976,P010,2026-01-14,15580.89,12,T003,Valid
1989,FR0017,D000734,P010,2026-01-18,15580.89,12,T003,Valid
1990,FR0017,D000302,P010,2026-01-07,15580.89,12,T003,Valid
2014,FR0017,D000302,P009,2026-01-02,25664.93,11,T006,Valid
2015,FR0017,D000816,P009,2026-01-12,25664.93,11,T003,Valid
2042,FR0017,D000816,P022,2026-01-10,26139.04,64,T003,Valid
2043,FR0017,D000203,P022,2026-01-07,26139.04,64,T003,Valid
2044,FR0017,D000758,P022,2026-01-07,26139.04,64,T003,Valid
2064,FR0017,D000203,P029,2026-01-03,23288.98,60,T003,Valid
2065,FR0017,D000976,P029,2026-01-11,23288.98,60,T003,Valid
2066,FR0017,D000816,P029,2026-01-20,23288.98,60,T003,Valid
2067,FR0017,D000302,P029,2026-01-26,23288.98,60,T003,Valid
2090,FR0017,D000976,P030,2026-01-21,32422.12,128,T003,Valid
2091,FR0017,D000203,P030,2026-01-04,32422.12,128,T003,Valid
2115,FR0017,D000976,P014,2026-01-16,22502.92,16,T003,Valid
2116,FR0017,D000302,P014,2026-01-08,22502.92,16,T003,Valid
2117,FR0017,D000734,P014,2026-01-24,22502.92,16,T003,Valid
2140,FR0017,D000734,P028,2026-01-19,38223.33,33,T003,Valid
2141,FR0017,D000816,P028,2026-01-22,38223.33,33,T003,Valid
2142,FR0017,D000976,P028,2026-01-26,38223.33,33,T003,Valid
2143,FR0017,D000203,P028,2026-01-05,38223.33,33,T003,Valid
2162,FR0018,D000930,P024,2026-01-10,42429.95,58,T013,Valid
2163,FR0018,D000312,P024,2026-01-16,42429.95,58,T013,Valid
2164,FR0018,D000129,P024,2026-01-27,42429.95,58,T013,Valid
2165,FR0018,D000858,P024,2026-01-27,42429.95,58,T013,Valid
2186,FR0018,D000930,P030,2026-01-16,41352.58,163,T013,Valid
2187,FR0018,D000858,P030,2026-01-25,41352.58,163,T013,Valid
2206,FR0018,D000858,P001,2026-01-27,11430.14,11,T013,Valid
2207,FR0018,D000129,P001,2026-01-13,11430.14,11,T013,Valid
2208,FR0018,D000930,P001,2026-01-12,11430.14,11,T013,Valid
2209,FR0018,D000312,P001,2026-01-06,11430.14,11,T013,Valid
2226,FR0018,D000129,P026,2026-01-19,22696.54,13,T013,Valid
2227,FR0018,D000930,P026,2026-01-08,22696.54,13,T013,Valid
2228,FR0018,D000858,P026,2026-01-24,22696.54,13,T013,Valid
2229,FR0018,D000312,P026,2026-01-26,22696.54,13,T013,Valid
2249,FR0018,D000930,P016,2026-01-07,38347.8,261,T013,Valid
2250,FR0018,D000312,P016,2026-01-06,38347.8,261,T013,Valid
2251,FR0018,D000129,P016,2026-01-14,38347.8,261,T013,Valid
2252,FR0018,D000858,P016,2026-01-02,38347.8,261,T013,Valid
2274,FR0019,D000770,P028,2026-01-12,18767.64,16,T004,Valid
2275,FR0019,D000019,P028,2026-01-03,18767.64,16,T004,Valid
2276,FR0019,D000779,P028,2026-01-15,18767.64,16,T004,Valid
2277,FR0019,D000535,P028,2026-01-17,18767.64,16,T004,Valid
2303,FR0019,D000846,P015,2026-01-11,22060.14,14,T004,Valid
2304,FR0019,D000779,P015,2026-01-04,22060.14,14,T004,Valid
2305,FR0019,D000378,P015,2026-01-14,22060.14,14,T004,Valid
2306,FR0019,D000560,P015,2026-01-17,22060.14,14,T004,Valid
2307,FR0019,D000770,P015,2026-01-19,22060.14,14,T004,Valid
2337,FR0019,D000569,P019,2026-01-10,79771.62,36,T004,Valid
2338,FR0019,D000535,P019,2026-01-14,79771.62,36,T004,Valid
2364,FR0019,D000918,P011,2026-01-27,19345.08,9,T004,Valid
2365,FR0019,D000619,P011,2026-01-16,19345.08,9,T004,Valid
2366,FR0019,D000378,P011,2026-01-14,19345.08,9,T004,Valid
2367,FR0019,D000762,P011,2026-01-08,19345.08,9,T004,Valid
2392,FR0019,D000535,P002,2026-01-17,23784.16,17,T004,Valid
2393,FR0019,D000779,P002,2026-01-01,23784.16,17,T004,Valid
2394,FR0019,D000560,P002,2026-01-09,23784.16,17,T004,Valid
2395,FR0019,D000569,P002,2026-01-07,23784.16,17,T004,Valid
2396,FR0019,D000619,P002,2026-01-09,23784.16,17,T004,Valid
2416,FR0019,D000019,P018,2026-01-16,61263.61,91,T004,Valid
2417,FR0019,D000619,P018,2026-01-21,61263.61,91,T004,Valid
2445,FR0019,D000619,P023,2026-01-17,10491.78,4,T004,Valid
2446,FR0019,D000846,P023,2026-01-04,10491.78,4,T004,Valid
2447,FR0019,D000762,P023,2026-01-18,10491.78,4,T004,Valid
2448,FR0019,D000569,P023,2026-01-13,10491.78,4,T004,Valid
2449,FR0019,D000560,P023,2026-01-13,10491.78,4,T004,Valid
2472,FR0020,D000714,P011,2026-01-22,27245.92,12,T012,Valid
2473,FR0020,D000743,P011,2026-01-14,27245.92,12,T012,Valid
2474,FR0020,D000822,P011,2026-01-22,27245.92,12,T012,Valid
2475,FR0020,D000708,P011,2026-01-02,27245.92,12,T012,Valid
2497,FR0020,D000743,P004,2026-01-07,22923.16,13,T012,Valid
2498,FR0020,D000708,P004,2026-01-09,22923.16,13,T012,Valid
2499,FR0020,D000849,P004,2026-01-04,22923.16,13,T012,Valid
2500,FR0020,D000822,P004,2026-01-22,22923.16,13,T012,Valid
2501,FR0020,D000714,P004,2026-01-06,22923.16,13,T012,Valid
2521,FR0020,D000714,P028,2026-01-23,11038.59,10,T012,Valid
2522,FR0020,D000743,P028,2026-01-16,11038.59,10,T012,Valid
2523,FR0020,D000708,P028,2026-01-13,11038.59,10,T012,Valid
2524,FR0020,D000849,P028,2026-01-15,11038.59,10,T012,Valid
2525,FR0020,D000822,P028,2026-01-08,11038.59,10,T012,Valid
2549,FR0021,D000087,P023,2026-01-07,44053.35,19,T012,Valid
2550,FR0021,D000412,P023,2026-01-27,44053.35,19,T012,Valid
2551,FR0021,D000367,P023,2026-01-24,44053.35,19,T012,Valid
2575,FR0021,D000960,P011,2026-01-01,8483.32,4,T012,Valid
2576,FR0021,D000412,P011,2026-01-11,8483.32,4,T012,Valid
2577,FR0021,D000101,P011,2026-01-03,8483.32,4,T012,Valid
2578,FR0021,D000202,P011,2026-01-10,8483.32,4,T012,Valid
2579,FR0021,D000848,P011,2026-01-23,8483.32,4,T012,Valid
2605,FR0021,D000202,P028,2026-01-20,12664.57,11,T012,Valid
2606,FR0021,D000087,P028,2026-01-03,12664.57,11,T012,Valid
2607,FR0021,D000996,P028,2026-01-19,12664.57,11,T012,Valid
2608,FR0021,D000180,P028,2026-01-14,12664.57,11,T012,Valid
2609,FR0021,D000367,P028,2026-01-11,12664.57,11,T012,Valid
2633,FR0021,D000412,P018,2026-01-15,48132.57,71,T012,Valid
2634,FR0021,D000101,P018,2026-01-16,48132.57,71,T012,Valid
2657,FR0021,D000996,P012,2026-01-18,25308.54,12,T012,Valid
2658,FR0021,D000101,P012,2026-01-24,25308.54,12,T012,Valid
2659,FR0021,D000412,P012,2026-01-03,25308.54,12,T012,Valid
2660,FR0021,D000960,P012,2026-01-02,25308.54,12,T012,Valid
2661,FR0021,D000180,P012,2026-01-19,25308.54,12,T012,Valid
2683,FR0021,D000180,P004,2026-01-17,8804.08,5,T012,Valid
2684,FR0021,D000202,P004,2026-01-11,8804.08,5,T012,Valid
2685,FR0021,D000101,P004,2026-01-17,8804.08,5,T012,Valid
2686,FR0021,D000960,P004,2026-01-04,8804.08,5,T012,Valid
2687,FR0021,D000848,P004,2026-01-10,8804.08,5,T012,Valid
2688,FR0021,D000996,P004,2026-01-07,8804.08,5,T012,Valid
2711,FR0022,D000475,P004,2026-01-08,8809.14,5,T020,Valid
2712,FR0022,D000914,P004,2026-01-19,8809.14,5,T020,Valid
2713,FR0022,D000298,P004,2026-01-25,8809.14,5,T020,Valid
2714,FR0022,D000452,P004,2026-01-09,8809.14,5,T020,Valid
2715,FR0022,D000230,P004,2026-01-17,8809.14,5,T020,Valid
2716,FR0022,D000427,P004,2026-01-10,8809.14,5,T020,Valid
2733,FR0022,D000427,P016,2026-01-14,76093.81,519,T020,Valid
2734,FR0022,D000359,P016,2026-01-09,76093.81,519,T020,Valid
2754,FR0022,D000427,P005,2026-01-21,20547.81,11,T020,Valid
2755,FR0022,D000745,P005,2026-01-13,20547.81,11,T020,Valid
2756,FR0022,D000230,P005,2026-01-01,20547.81,11,T020,Valid
2757,FR0022,D000695,P005,2026-01-24,20547.81,11,T020,Valid
2776,FR0022,D000317,P029,2026-01-24,8815.28,23,T020,Valid
2777,FR0022,D000755,P029,2026-01-23,8815.28,23,T020,Valid
2778,FR0022,D000286,P029,2026-01-10,8815.28,23,T020,Valid
2779,FR0022,D000298,P029,2026-01-04,8815.28,23,T020,Valid
2780,FR0022,D000695,P029,2026-01-08,8815.28,23,T020,Valid
2781,FR0022,D000230,P029,2026-01-06,8815.28,23,T020,Valid
2808,FR0022,D000427,P024,2026-01-04,20269.08,28,T020,Valid
2809,FR0022,D000745,P024,2026-01-06,20269.08,28,T020,Valid
2810,FR0022,D000452,P024,2026-01-21,20269.08,28,T020,Valid
2811,FR0022,D000286,P024,2026-01-08,20269.08,28,T020,Valid
2812,FR0022,D000359,P024,2026-01-25,20269.08,28,T020,Valid
2813,FR0022,D000755,P024,2026-01-05,20269.08,28,T020,Valid
2836,FR0023,D000074,P028,2026-01-12,21781.47,19,T009,Valid
2837,FR0023,D000320,P028,2026-01-01,21781.47,19,T009,Valid
2838,FR0023,D000068,P028,2026-01-23,21781.47,19,T009,Valid
2839,FR0023,D000257,P028,2026-01-16,21781.47,19,T009,Valid
2861,FR0023,D000068,P012,2026-01-12,29022.88,14,T009,Valid
2862,FR0023,D000257,P012,2026-01-26,29022.88,14,T009,Valid
2863,FR0023,D000053,P012,2026-01-12,29022.88,14,T009,Valid
2864,FR0023,D000320,P012,2026-01-06,29022.88,14,T009,Valid
2865,FR0023,D000074,P012,2026-01-11,29022.88,14,T009,Valid
2889,FR0023,D000053,P008,2026-01-24,11923.77,5,T009,Valid
2890,FR0023,D000074,P008,2026-01-16,11923.77,5,T009,Valid
2891,FR0023,D000257,P008,2026-01-05,11923.77,5,T009,Valid
2892,FR0023,D000068,P008,2026-01-10,11923.77,5,T017,Valid
2917,FR0023,D000053,P022,2026-01-12,30543.83,75,T009,Valid
2918,FR0023,D000320,P022,2026-01-06,30543.83,75,T009,Valid
2919,FR0023,D000068,P022,2026-01-17,30543.83,75,T009,Valid
2920,FR0023,D000074,P022,2026-01-04,30543.83,75,T009,Valid
2921,FR0023,D000257,P022,2026-01-07,30543.83,75,T009,Valid
2944,FR0023,D000074,P016,2026-01-08,45239.61,308,T009,Valid
2945,FR0023,D000053,P016,2026-01-27,45239.61,308,T009,Valid
2970,FR0023,D000074,P023,2026-01-21,25401.44,11,T009,Valid
2971,FR0023,D000257,P023,2026-01-13,25401.44,11,T009,Valid
2972,FR0023,D000053,P023,2026-01-05,25401.44,11,T009,Valid
2990,FR0023,D000068,P014,2026-01-14,11674.75,8,T009,Valid
2991,FR0023,D000074,P014,2026-01-24,11674.75,8,T009,Valid
2992,FR0023,D000053,P014,2026-01-15,11674.75,8,T009,Valid
2993,FR0023,D000320,P014,2026-01-15,11674.75,8,T009,Valid
2994,FR0023,D000257,P014,2026-01-11,11674.75,8,T009,Valid
3022,FR0024,D000027,P016,2026-01-12,22002.14,150,T002,Valid
3023,FR0024,D000720,P016,2026-01-06,22002.14,150,T002,Valid
3024,FR0024,D000611,P016,2026-01-20,22002.14,150,T002,Valid
3025,FR0024,D000476,P016,2026-01-22,22002.14,150,T002,Valid
3026,FR0024,D000744,P016,2026-01-05,22002.14,150,T002,Valid
3051,FR0024,D000744,P013,2026-01-23,13482.55,29,T002,Valid
3052,FR0024,D000027,P013,2026-01-07,13482.55,29,T002,Valid
3053,FR0024,D000721,P013,2026-01-03,13482.55,29,T002,Valid
3054,FR0024,D000720,P013,2026-01-03,13482.55,29,T002,Valid
3080,FR0024,D000720,P030,2026-01-14,20810.65,82,T002,Valid
3081,FR0024,D000744,P030,2026-01-05,20810.65,82,T002,Valid
3082,FR0024,D000476,P030,2026-01-11,20810.65,82,T002,Valid
3083,FR0024,D000027,P030,2026-01-21,20810.65,82,T002,Valid
3084,FR0024,D000721,P030,2026-01-13,20810.65,82,T002,Valid
3107,FR0024,D000476,P006,2026-01-16,20253.14,55,T002,Valid
3108,FR0024,D000611,P006,2026-01-08,20253.14,55,T002,Valid
3109,FR0024,D000744,P006,2026-01-01,20253.14,55,T002,Valid
3110,FR0024,D000720,P006,2026-01-12,20253.14,55,T002,Valid
3111,FR0024,D000027,P006,2026-01-20,20253.14,55,T002,Valid
3135,FR0024,D000611,P025,2026-01-08,47223.41,20,T002,Valid
3136,FR0024,D000476,P025,2026-01-21,47223.41,20,T002,Valid
3163,FR0024,D000720,P001,2026-01-16,38665.77,38,T002,Valid
3164,FR0024,D000744,P001,2026-01-20,38665.77,38,T002,Valid
3165,FR0024,D000476,P001,2026-01-26,38665.77,38,T002,Valid
3166,FR0024,D000721,P001,2026-01-08,38665.77,38,T002,Valid
3187,FR0025,D000909,P026,2026-01-24,21003.57,12,T015,Valid
3188,FR0025,D000935,P026,2026-01-12,21003.57,12,T015,Valid
3189,FR0025,D000276,P026,2026-01-06,21003.57,12,T015,Valid
3190,FR0025,D000767,P026,2026-01-13,21003.57,12,T015,Valid
3212,FR0025,D000741,P008,2026-01-16,29116.21,12,T015,Valid
3213,FR0025,D000767,P008,2026-01-16,29116.21,12,T015,Valid
3214,FR0025,D000146,P008,2026-01-12,29116.21,12,T015,Valid
3215,FR0025,D000548,P008,2026-01-09,29116.21,12,T015,Valid
3236,FR0025,D000909,P023,2026-01-02,10652.45,4,T015,Valid
3237,FR0025,D000165,P023,2026-01-14,10652.45,4,T015,Valid
3238,FR0025,D000741,P023,2026-01-23,10652.45,4,T015,Valid
3239,FR0025,D000414,P023,2026-01-03,10652.45,4,T015,Valid
3264,FR0025,D000741,P024,2026-01-16,23521.86,32,T015,Valid
3265,FR0025,D000276,P024,2026-01-03,23521.86,32,T015,Valid
3266,FR0025,D000414,P024,2026-01-20,23521.86,32,T015,Valid
3267,FR0025,D000503,P024,2026-01-14,23521.86,32,T015,Valid
3268,FR0025,D000935,P024,2026-01-18,23521.86,32,T015,Valid
3269,FR0025,D000909,P024,2026-01-23,23521.86,32,T015,Valid
3299,FR0025,D000146,P002,2026-01-04,38516.01,28,T015,Valid
3300,FR0025,D000741,P002,2026-01-14,38516.01,28,T015,Valid
3301,FR0025,D000767,P002,2026-01-11,38516.01,28,T015,Valid
3302,FR0025,D000503,P002,2026-01-05,38516.01,28,T015,Valid
3327,FR0025,D000935,P010,2026-01-06,47688.87,36,T015,Valid
3328,FR0025,D000741,P010,2026-01-13,47688.87,36,T015,Valid
3352,FR0026,D000343,P004,2026-01-17,21988.54,13,T018,Valid
3353,FR0026,D000108,P004,2026-01-13,21988.54,13,T018,Valid
3354,FR0026,D000902,P004,2026-01-06,21988.54,13,T018,Valid
3381,FR0026,D000343,P025,2026-01-26,10414.75,4,T018,Valid
3382,FR0026,D000108,P025,2026-01-15,10414.75,4,T018,Valid
3383,FR0026,D000261,P025,2026-01-20,10414.75,4,T018,Valid
3384,FR0026,D000902,P025,2026-01-10,10414.75,4,T018,Valid
3385,FR0026,D000511,P025,2026-01-02,10414.75,4,T018,Valid
3409,FR0026,D000261,P015,2026-01-04,104626.88,68,T018,Valid
3410,FR0026,D000511,P015,2026-01-18,104626.88,68,T018,Valid
3411,FR0026,D000108,P015,2026-01-12,104626.88,68,T018,Valid
3434,FR0026,D000511,P018,2026-01-22,143410.0,213,T018,Valid
3435,FR0026,D000343,P018,2026-01-23,143410.0,213,T018,Valid
3459,FR0026,D000343,P029,2026-01-25,48343.06,124,T018,Valid
3460,FR0026,D000511,P029,2026-01-26,48343.06,124,T018,Valid
3461,FR0026,D000902,P029,2026-01-15,48343.06,124,T018,Valid
3462,FR0026,D000108,P029,2026-01-19,48343.06,124,T018,Valid
3463,FR0026,D000261,P029,2026-01-10,48343.06,124,T018,Valid
3485,FR0026,D000108,P012,2026-01-03,73225.24,35,T018,Valid
3486,FR0026,D000261,P012,2026-01-25,73225.24,35,T018,Valid
3510,FR0026,D000343,P024,2026-01-10,48416.96,66,T018,Valid
3511,FR0026,D000261,P024,2026-01-27,48416.96,66,T018,Valid
3528,FR0027,D000155,P021,2026-01-16,17074.8,8,T004,Valid
3529,FR0027,D000379,P021,2026-01-08,17074.8,8,T004,Valid
3530,FR0027,D000123,P021,2026-01-14,17074.8,8,T004,Valid
3531,FR0027,D000285,P021,2026-01-20,17074.8,8,T004,Valid
3532,FR0027,D000455,P021,2026-01-13,17074.8,8,T004,Valid
3533,FR0027,D000393,P021,2026-01-27,17074.8,8,T004,Valid
3557,FR0027,D000285,P026,2026-01-23,13079.7,7,T004,Valid
3558,FR0027,D000956,P026,2026-01-27,13079.7,7,T004,Valid
3559,FR0027,D000155,P026,2026-01-13,13079.7,7,T004,Valid
3560,FR0027,D000379,P026,2026-01-06,13079.7,7,T004,Valid
3561,FR0027,D000123,P026,2026-01-08,13079.7,7,T004,Valid
3588,FR0027,D000123,P001,2026-01-20,52137.23,51,T004,Valid
3589,FR0027,D000285,P001,2026-01-03,52137.23,51,T004,Valid
3590,FR0027,D000155,P001,2026-01-09,52137.23,51,T004,Valid
3609,FR0028,D000958,P023,2026-01-11,29777.59,13,T013,Valid
3610,FR0028,D000034,P023,2026-01-20,29777.59,13,T013,Valid
3611,FR0028,D000589,P023,2026-01-24,29777.59,13,T013,Valid
3612,FR0028,D000149,P023,2026-01-25,29777.59,13,T013,Valid
3613,FR0028,D000104,P023,2026-01-01,29777.59,13,T013,Valid
3643,FR0028,D000104,P018,2026-01-27,69102.3,102,T013,Valid
3644,FR0028,D000034,P018,2026-01-10,69102.3,102,T013,Valid
3663,FR0028,D000589,P022,2026-01-14,24677.43,60,T013,Valid
3664,FR0028,D000754,P022,2026-01-06,24677.43,60,T013,Valid
3665,FR0028,D000034,P022,2026-01-08,24677.43,60,T013,Valid
3666,FR0028,D000994,P022,2026-01-25,24677.43,60,T013,Valid
3667,FR0028,D000104,P022,2026-01-05,24677.43,60,T013,Valid
3689,FR0028,D000018,P017,2026-01-07,29395.58,13,T013,Valid
3690,FR0028,D000589,P017,2026-01-19,29395.58,13,T013,Valid
3715,FR0028,D000104,P019,2026-01-24,22170.24,10,T013,Valid
3716,FR0028,D000589,P019,2026-01-27,22170.24,10,T013,Valid
3717,FR0028,D000958,P019,2026-01-21,22170.24,10,T013,Valid
3718,FR0028,D000149,P019,2026-01-25,22170.24,10,T013,Valid
3737,FR0028,D000958,P026,2026-01-19,236945.24,131,T013,Valid
3763,FR0028,D000104,P011,2026-01-07,59185.44,27,T013,Valid
3764,FR0028,D000958,P011,2026-01-17,59185.44,27,T013,Valid
3788,FR0029,D000969,P026,2026-01-01,77208.21,43,T003,Valid
3789,FR0029,D000504,P026,2026-01-17,77208.21,43,T003,Valid
3822,FR0029,D000945,P003,2026-01-22,20506.89,12,T003,Valid
3823,FR0029,D000028,P003,2026-01-15,20506.89,12,T003,Valid
3824,FR0029,D000705,P003,2026-01-23,20506.89,12,T003,Valid
3825,FR0029,D000790,P003,2026-01-13,20506.89,12,T003,Valid
3826,FR0029,D000493,P003,2026-01-08,20506.89,12,T003,Valid
3851,FR0029,D000028,P024,2026-01-09,22859.94,31,T003,Valid
3852,FR0029,D000790,P024,2026-01-25,22859.94,31,T003,Valid
3853,FR0029,D000705,P024,2026-01-20,22859.94,31,T003,Valid
3881,FR0029,D000504,P016,2026-01-26,20633.85,141,T003,Valid
3882,FR0029,D000790,P016,2026-01-12,20633.85,141,T003,Valid
3883,FR0029,D000945,P016,2026-01-08,20633.85,141,T003,Valid
3906,FR0029,D000493,P028,2026-01-26,20162.29,18,T003,Valid
3907,FR0029,D000504,P028,2026-01-25,20162.29,18,T003,Valid
3908,FR0029,D000790,P028,2026-01-14,20162.29,18,T003,Valid
3936,FR0029,D000493,P021,2026-01-27,38697.29,19,T003,Valid
3937,FR0029,D000790,P021,2026-01-01,38697.29,19,T003,Valid
3938,FR0029,D000969,P021,2026-01-10,38697.29,19,T003,Valid
3967,FR0029,D000969,P027,2026-01-08,19378.46,8,T003,Valid
3968,FR0029,D000705,P027,2026-01-19,19378.46,8,T003,Valid
3969,FR0029,D000504,P027,2026-01-09,19378.46,8,T003,Valid
3996,FR0030,D000066,P024,2026-01-16,30583.73,42,T018,Valid
3997,FR0030,D000386,P024,2026-01-07,30583.73,42,T018,Valid
3998,FR0030,D000368,P024,2026-01-19,30583.73,42,T018,Valid
4022,FR0030,D000348,P012,2026-01-15,63186.13,30,T018,Valid
4023,FR0030,D000912,P012,2026-01-05,63186.13,30,T018,Valid
4049,FR0030,D000630,P022,2026-01-02,23871.82,58,T018,Valid
4050,FR0030,D000912,P022,2026-01-03,23871.82,58,T018,Valid
4073,FR0030,D000066,P001,2026-01-11,18453.73,18,T018,Valid
4074,FR0030,D000349,P001,2026-01-06,18453.73,18,T018,Valid
4075,FR0030,D000348,P001,2026-01-09,18453.73,18,T018,Valid
4076,FR0030,D000912,P001,2026-01-20,18453.73,18,T018,Valid
4100,FR0030,D000349,P003,2026-01-15,51972.67,30,T018,Valid
4101,FR0030,D000855,P003,2026-01-17,51972.67,30,T018,Valid
4102,FR0030,D000066,P003,2026-01-24,51972.67,30,T018,Valid
4128,FR0030,D000855,P010,2026-01-18,39910.93,30,T018,Valid
4129,FR0030,D000349,P010,2026-01-01,39910.93,30,T018,Valid
4130,FR0030,D000386,P010,2026-01-19,39910.93,30,T018,Valid
4157,FR0030,D000855,P007,2026-01-20,16572.45,35,T018,Valid
4158,FR0030,D000386,P007,2026-01-08,16572.45,35,T018,Valid
4159,FR0030,D000630,P007,2026-01-19,16572.45,35,T018,Valid
4160,FR0030,D000912,P007,2026-01-23,16572.45,35,T018,Valid
4183,FR0031,D000290,P021,2026-01-10,75038.48,36,T010,Valid
4184,FR0031,D000268,P021,2026-01-25,75038.48,36,T010,Valid
4213,FR0031,D000815,P011,2026-01-03,29694.38,14,T010,Valid
4214,FR0031,D000268,P011,2026-01-05,29694.38,14,T010,Valid
4215,FR0031,D000957,P011,2026-01-05,29694.38,14,T010,Valid
4216,FR0031,D000301,P011,2026-01-15,29694.38,14,T010,Valid
4245,FR0031,D000660,P020,2026-01-20,12209.88,40,T010,Valid
4246,FR0031,D000981,P020,2026-01-10,12209.88,40,T010,Valid
4247,FR0031,D000843,P020,2026-01-16,12209.88,40,T010,Valid
4248,FR0031,D000268,P020,2026-01-23,12209.88,40,T010,Valid
4249,FR0031,D000933,P020,2026-01-27,12209.88,40,T010,Valid
4250,FR0031,D000813,P020,2026-01-04,12209.88,40,T010,Valid
4277,FR0031,D000433,P028,2026-01-11,18676.35,16,T010,Valid
4278,FR0031,D000625,P028,2026-01-22,18676.35,16,T010,Valid
4279,FR0031,D000957,P028,2026-01-04,18676.35,16,T010,Valid
4280,FR0031,D000685,P028,2026-01-01,18676.35,16,T010,Valid
4301,FR0031,D000139,P012,2026-01-05,56334.52,27,T020,Valid
4302,FR0031,D000813,P012,2026-01-25,56334.52,27,T010,Valid
4303,FR0031,D000719,P012,2026-01-17,56334.52,27,T011,Valid
4304,FR0031,D000364,P012,2026-01-06,56334.52,27,T004,Valid
4305,FR0031,D000268,P012,2026-01-18,56334.52,27,T004,Valid
4327,FR0031,D000290,P008,2026-01-24,15800.06,7,T010,Valid
4328,FR0031,D000660,P008,2026-01-09,15800.06,7,T010,Valid
4329,FR0031,D000671,P008,2026-01-02,15800.06,7,T010,Valid
4330,FR0031,D000719,P008,2026-01-16,15800.06,7,T010,Valid
4331,FR0031,D000454,P008,2026-01-21,15800.06,7,T010,Valid
4351,FR0032,D000219,P016,2026-01-25,36373.29,248,T020,Valid
4352,FR0032,D000045,P016,2026-01-22,36373.29,248,T020,Valid
4353,FR0032,D000071,P016,2026-01-13,36373.29,248,T020,Valid
4354,FR0032,D000861,P016,2026-01-22,36373.29,248,T020,Valid
4378,FR0032,D000627,P007,2026-01-01,68058.78,142,T020,Valid
4379,FR0032,D000071,P007,2026-01-22,68058.78,142,T020,Valid
4409,FR0032,D000045,P026,2026-01-09,7671.93,4,T020,Valid
4410,FR0032,D000065,P026,2026-01-25,7671.93,4,T020,Valid
4411,FR0032,D000497,P026,2026-01-08,7671.93,4,T020,Valid
4412,FR0032,D000340,P026,2026-01-17,7671.93,4,T020,Valid
4413,FR0032,D000384,P026,2026-01-23,7671.93,4,T020,Valid
4414,FR0032,D000627,P026,2026-01-05,7671.93,4,T020,Valid
4441,FR0032,D000045,P010,2026-01-20,162582.01,123,T020,Valid
4471,FR0033,D000635,P021,2026-01-12,15929.98,8,T012,Valid
4472,FR0033,D000559,P021,2026-01-07,15929.98,8,T012,Valid
4473,FR0033,D000221,P021,2026-01-25,15929.98,8,T012,Valid
4474,FR0033,D000211,P021,2026-01-05,15929.98,8,T012,Valid
4475,FR0033,D000986,P021,2026-01-03,15929.98,8,T012,Valid
4496,FR0033,D000211,P007,2026-01-05,43894.35,92,T012,Valid
4497,FR0033,D000527,P007,2026-01-07,43894.35,92,T012,Valid
4521,FR0033,D000527,P002,2026-01-06,56231.0,41,T012,Valid
4522,FR0033,D000221,P002,2026-01-10,56231.0,41,T012,Valid
4523,FR0033,D000211,P002,2026-01-01,56231.0,41,T012,Valid
4552,FR0034,D000232,P008,2026-01-21,51437.9,22,T019,Valid
4553,FR0034,D000010,P008,2026-01-02,51437.9,22,T019,Valid
4578,FR0034,D000587,P029,2026-01-13,71331.12,183,T019,Valid
4579,FR0034,D000178,P029,2026-01-16,71331.12,183,T019,Valid
4598,FR0034,D000232,P015,2026-01-08,16614.82,11,T019,Valid
4599,FR0034,D000147,P015,2026-01-13,16614.82,11,T019,Valid
4600,FR0034,D000431,P015,2026-01-13,16614.82,11,T019,Valid
4601,FR0034,D000587,P015,2026-01-02,16614.82,11,T019,Valid
4602,FR0034,D000010,P015,2026-01-26,16614.82,11,T019,Valid
4603,FR0034,D000561,P015,2026-01-22,16614.82,11,T019,Valid
4623,FR0034,D000561,P005,2026-01-23,23033.97,12,T019,Valid
4624,FR0034,D000431,P005,2026-01-17,23033.97,12,T019,Valid
4655,FR0035,D000415,P028,2026-01-14,27049.57,23,T007,Valid
4656,FR0035,D000435,P028,2026-01-14,27049.57,23,T007,Valid
4657,FR0035,D000009,P028,2026-01-10,27049.57,23,T007,Valid
4676,FR0035,D000009,P011,2026-01-24,28582.58,13,T007,Valid
4677,FR0035,D000435,P011,2026-01-04,28582.58,13,T007,Valid
4678,FR0035,D000415,P011,2026-01-25,28582.58,13,T007,Valid
4695,FR0035,D000435,P020,2026-01-15,65248.97,214,T007,Valid
4696,FR0035,D000415,P020,2026-01-03,65248.97,214,T007,Valid
4714,FR0036,D000360,P029,2026-01-23,36542.04,94,T003,Valid
4715,FR0036,D000474,P029,2026-01-05,36542.04,94,T003,Valid
4737,FR0036,D000988,P006,2026-01-15,66611.01,181,T003,Valid
4738,FR0036,D000061,P006,2026-01-27,66611.01,181,T003,Valid
4760,FR0036,D000521,P030,2026-01-01,22758.0,90,T003,Valid
4761,FR0036,D000908,P030,2026-01-03,22758.0,90,T003,Valid
4762,FR0036,D000245,P030,2026-01-12,22758.0,90,T003,Valid
4788,FR0037,D000809,P013,2026-01-13,60219.53,129,T006,Valid
4808,FR0037,D000809,P010,2026-01-26,14640.58,11,T002,Valid
4809,FR0037,D000043,P010,2026-01-06,14640.58,11,T002,Valid
4810,FR0037,D000618,P010,2026-01-25,14640.58,11,T002,Valid
4811,FR0037,D000751,P010,2026-01-25,14640.58,11,T002,Valid
4841,FR0037,D000751,P025,2026-01-17,22103.62,9,T002,Valid
4842,FR0037,D000112,P025,2026-01-19,22103.62,9,T002,Valid
4843,FR0037,D000429,P025,2026-01-11,22103.62,9,T002,Valid
4844,FR0037,D000907,P025,2026-01-08,22103.62,9,T002,Valid
4864,FR0038,D000692,P011,2026-01-14,61859.66,28,T008,Valid
4865,FR0038,D000319,P011,2026-01-01,61859.66,28,T008,Valid
4891,FR0038,D000692,P016,2026-01-20,18236.34,124,T008,Valid
4892,FR0038,D000319,P016,2026-01-20,18236.34,124,T008,Valid
4893,FR0038,D000711,P016,2026-01-11,18236.34,124,T008,Valid
4894,FR0038,D000092,P016,2026-01-04,18236.34,124,T008,Valid
4915,FR0038,D000089,P010,2026-01-03,12122.35,9,T008,Valid
4916,FR0038,D000092,P010,2026-01-03,12122.35,9,T008,Valid
4917,FR0038,D000692,P010,2026-01-07,12122.35,9,T008,Valid
4918,FR0038,D000711,P010,2026-01-27,12122.35,9,T008,Valid
4919,FR0038,D000319,P010,2026-01-17,12122.35,9,T008,Valid
4920,FR0038,D000533,P010,2026-01-06,12122.35,9,T008,Valid
4943,FR0039,D000796,P013,2026-01-12,22128.04,47,T010,Valid
4944,FR0039,D000566,P013,2026-01-25,22128.04,47,T010,Valid
4945,FR0039,D000612,P013,2026-01-11,22128.04,47,T010,Valid
4946,FR0039,D000309,P013,2026-01-23,22128.04,47,T010,Valid
4947,FR0039,D000776,P013,2026-01-12,22128.04,47,T010,Valid
4980,FR0039,D000424,P009,2026-01-04,9198.22,4,T010,Valid
4981,FR0039,D000299,P009,2026-01-24,9198.22,4,T010,Valid
4982,FR0039,D000845,P009,2026-01-02,9198.22,4,T010,Valid
4983,FR0039,D000550,P009,2026-01-02,9198.22,4,T010,Valid
4984,FR0039,D000566,P009,2026-01-17,9198.22,4,T010,Valid
5004,FR0039,D000568,P024,2026-01-09,56345.86,77,T010,Valid
5005,FR0039,D000420,P024,2026-01-27,56345.86,77,T010,Valid
5031,FR0039,D000331,P017,2026-01-07,70077.51,32,T010,Valid
5032,FR0039,D000424,P017,2026-01-17,70077.51,32,T010,Valid
5060,FR0039,D000309,P025,2026-01-04,20929.49,9,T010,Valid
5061,FR0039,D000606,P025,2026-01-27,20929.49,9,T010,Valid
5062,FR0039,D000289,P025,2026-01-02,20929.49,9,T010,Valid
5086,FR0040,D000453,P005,2026-01-10,30618.96,16,T003,Valid
5087,FR0040,D000234,P005,2026-01-27,30618.96,16,T003,Valid
5114,FR0040,D000350,P011,2026-01-23,29113.64,13,T003,Valid
5115,FR0040,D000234,P011,2026-01-06,29113.64,13,T003,Valid
5116,FR0040,D000382,P011,2026-01-06,29113.64,13,T003,Valid
5117,FR0040,D000172,P011,2026-01-24,29113.64,13,T003,Valid
5118,FR0040,D000574,P011,2026-01-16,29113.64,13,T003,Valid
5143,FR0040,D000739,P006,2026-01-26,18234.39,50,T003,Valid
5144,FR0040,D000234,P006,2026-01-01,18234.39,50,T003,Valid
5145,FR0040,D000172,P006,2026-01-12,18234.39,50,T003,Valid
5146,FR0040,D000005,P006,2026-01-11,18234.39,50,T003,Valid
5147,FR0040,D000217,P006,2026-01-08,18234.39,50,T003,Valid
5148,FR0040,D000800,P006,2026-01-14,18234.39,50,T003,Valid
5164,FR0041,D000481,P029,2026-01-05,37018.26,95,T008,Valid
5165,FR0041,D000252,P029,2026-01-03,37018.26,95,T008,Valid
5166,FR0041,D000999,P029,2026-01-03,37018.26,95,T008,Valid
5185,FR0041,D000999,P002,2026-01-03,43705.75,32,T008,Valid
5186,FR0041,D000252,P002,2026-01-15,43705.75,32,T008,Valid
5187,FR0041,D000450,P002,2026-01-18,43705.75,32,T008,Valid
5214,FR0041,D000162,P015,2026-01-01,14964.37,10,T008,Valid
5215,FR0041,D000832,P015,2026-01-23,14964.37,10,T008,Valid
5216,FR0041,D000252,P015,2026-01-02,14964.37,10,T008,Valid
5217,FR0041,D000481,P015,2026-01-20,14964.37,10,T008,Valid
5243,FR0042,D000795,P018,2026-01-07,8301.58,12,T004,Valid
5244,FR0042,D000214,P018,2026-01-11,8301.58,12,T004,Valid
5245,FR0042,D000218,P018,2026-01-08,8301.58,12,T004,Valid
5246,FR0042,D000693,P018,2026-01-15,8301.58,12,T004,Valid
5247,FR0042,D000047,P018,2026-01-18,8301.58,12,T004,Valid
5248,FR0042,D000829,P018,2026-01-01,8301.58,12,T004,Valid
5272,FR0042,D000047,P023,2026-01-20,38600.23,16,T004,Valid
5301,FR0042,D000214,P017,2026-01-06,70501.51,32,T004,Valid
5302,FR0042,D000265,P017,2026-01-09,70501.51,32,T004,Valid
5328,FR0043,D000216,P028,2026-01-16,50625.01,44,T013,Valid
5329,FR0043,D000375,P028,2026-01-04,50625.01,44,T013,Valid
5330,FR0043,D000148,P028,2026-01-03,50625.01,44,T013,Valid
5348,FR0043,D000460,P006,2026-01-09,46857.86,127,T013,Valid
5349,FR0043,D000216,P006,2026-01-06,46857.86,127,T013,Valid
5368,FR0043,D000216,P016,2026-01-07,46526.97,317,T013,Valid
5369,FR0043,D000148,P016,2026-01-07,46526.97,317,T013,Valid
5370,FR0043,D000460,P016,2026-01-01,46526.97,317,T013,Valid
5393,FR0043,D000216,P007,2026-01-13,18457.96,38,T013,Valid
5394,FR0043,D000375,P007,2026-01-05,18457.96,38,T013,Valid
5395,FR0043,D000460,P007,2026-01-01,18457.96,38,T013,Valid
5396,FR0043,D000148,P007,2026-01-14,18457.96,38,T013,Valid
5415,FR0044,D000242,P015,2026-01-23,37768.15,25,T009,Valid
5416,FR0044,D000490,P015,2026-01-23,37768.15,25,T009,Valid
5417,FR0044,D000241,P015,2026-01-16,37768.15,25,T009,Valid
5418,FR0044,D000897,P015,2026-01-13,37768.15,25,T009,Valid
5442,FR0044,D000897,P023,2026-01-10,216283.31,91,T009,Valid
5458,FR0044,D000242,P018,2026-01-25,26762.83,40,T009,Valid
5459,FR0044,D000897,P018,2026-01-03,26762.83,40,T009,Valid
5460,FR0044,D000490,P018,2026-01-16,26762.83,40,T009,Valid
5461,FR0044,D000241,P018,2026-01-08,26762.83,40,T009,Valid
5480,FR0044,D000897,P022,2026-01-18,56891.27,139,T009,Valid
5481,FR0044,D000241,P022,2026-01-26,56891.27,139,T009,Valid
5482,FR0044,D000242,P022,2026-01-12,56891.27,139,T009,Valid
5504,FR0044,D000897,P010,2026-01-22,12909.93,10,T009,Valid
5505,FR0044,D000490,P010,2026-01-15,12909.93,10,T009,Valid
5506,FR0044,D000241,P010,2026-01-14,12909.93,10,T009,Valid
5507,FR0044,D000242,P010,2026-01-07,12909.93,10,T009,Valid
5529,FR0045,D000447,P015,2026-01-21,12030.83,8,T015,Valid
5530,FR0045,D000236,P015,2026-01-19,12030.83,8,T015,Valid
5531,FR0045,D000614,P015,2026-01-25,12030.83,8,T015,Valid
5532,FR0045,D000673,P015,2026-01-04,12030.83,8,T015,Valid
5557,FR0045,D000135,P024,2026-01-24,16700.71,23,T015,Valid
5558,FR0045,D000196,P024,2026-01-26,16700.71,23,T015,Valid
5559,FR0045,D000430,P024,2026-01-22,16700.71,23,T015,Valid
5560,FR0045,D000993,P024,2026-01-10,16700.71,23,T015,Valid
5561,FR0045,D000622,P024,2026-01-22,16700.71,23,T015,Valid
5583,FR0045,D000430,P018,2026-01-19,19082.87,28,T015,Valid
5584,FR0045,D000441,P018,2026-01-22,19082.87,28,T015,Valid
5585,FR0045,D000622,P018,2026-01-05,19082.87,28,T015,Valid
5586,FR0045,D000951,P018,2026-01-24,19082.87,28,T015,Valid
5587,FR0045,D000610,P018,2026-01-26,19082.87,28,T015,Valid
5612,FR0046,D000114,P018,2026-01-06,86708.1,129,T020,Valid
5640,FR0046,D000084,P005,2026-01-02,28103.03,14,T012,Valid
5641,FR0046,D000852,P005,2026-01-01,28103.03,14,T012,Valid
5642,FR0046,D000466,P005,2026-01-08,28103.03,14,T012,Valid
5643,FR0046,D000120,P005,2026-01-26,28103.03,14,T012,Valid
5644,FR0046,D000992,P005,2026-01-23,28103.03,14,T012,Valid
5663,FR0046,D000114,P001,2026-01-08,35975.27,35,T012,Valid
5664,FR0046,D000084,P001,2026-01-16,35975.27,35,T012,Valid
5665,FR0046,D000992,P001,2026-01-01,35975.27,35,T012,Valid
5694,FR0046,D000114,P003,2026-01-23,24508.24,14,T012,Valid
5695,FR0046,D000084,P003,2026-01-11,24508.24,14,T012,Valid
5696,FR0046,D000992,P003,2026-01-17,24508.24,14,T012,Valid
5697,FR0046,D000466,P003,2026-01-04,24508.24,14,T012,Valid
5698,FR0046,D000267,P003,2026-01-01,24508.24,14,T012,Valid
5699,FR0046,D000449,P003,2026-01-18,24508.24,14,T012,Valid
5724,FR0046,D000992,P016,2026-01-19,16932.58,115,T012,Valid
5725,FR0046,D000466,P016,2026-01-14,16932.58,115,T012,Valid
5726,FR0046,D000120,P016,2026-01-13,16932.58,115,T012,Valid
5727,FR0046,D000449,P016,2026-01-18,16932.58,115,T012,Valid
5728,FR0046,D000114,P016,2026-01-07,16932.58,115,T012,Valid
5729,FR0046,D000852,P016,2026-01-23,16932.58,115,T012,Valid
5749,FR0046,D000267,P022,2026-01-03,38523.31,94,T012,Valid
5750,FR0046,D000852,P022,2026-01-19,38523.31,94,T012,Valid
5751,FR0046,D000449,P022,2026-01-05,38523.31,94,T012,Valid
5773,FR0047,D000763,P008,2026-01-19,13079.39,5,T006,Valid
5774,FR0047,D000939,P008,2026-01-09,13079.39,5,T006,Valid
5775,FR0047,D000868,P008,2026-01-20,13079.39,5,T006,Valid
5776,FR0047,D000160,P008,2026-01-21,13079.39,5,T006,Valid
5777,FR0047,D000583,P008,2026-01-07,13079.39,5,T006,Valid
5799,FR0047,D000943,P023,2026-01-03,20565.91,9,T006,Valid
5800,FR0047,D000160,P023,2026-01-17,20565.91,9,T006,Valid
5801,FR0047,D000583,P023,2026-01-13,20565.91,9,T006,Valid
5802,FR0047,D000868,P023,2026-01-03,20565.91,9,T006,Valid
5803,FR0047,D000763,P023,2026-01-07,20565.91,9,T006,Valid
5804,FR0047,D000939,P023,2026-01-24,20565.91,9,T006,Valid
5834,FR0047,D000997,P013,2026-01-01,54589.56,117,T006,Valid
5835,FR0047,D000703,P013,2026-01-25,54589.56,117,T006,Valid
5858,FR0048,D000726,P015,2026-01-27,12312.92,8,T012,Valid
5859,FR0048,D000398,P015,2026-01-11,12312.92,8,T012,Valid
5860,FR0048,D000757,P015,2026-01-21,12312.92,8,T012,Valid
5861,FR0048,D000256,P015,2026-01-13,12312.92,8,T012,Valid
5862,FR0048,D000523,P015,2026-01-17,12312.92,8,T012,Valid
5863,FR0048,D000530,P015,2026-01-09,12312.92,8,T012,Valid
5888,FR0048,D000594,P012,2026-01-18,254804.09,120,T012,Valid
5914,FR0048,D000594,P020,2026-01-20,66914.93,219,T012,Valid
5915,FR0048,D000530,P020,2026-01-22,66914.93,219,T012,Valid
5942,FR0048,D000523,P029,2026-01-24,56183.52,144,T012,Valid
5943,FR0048,D000256,P029,2026-01-03,56183.52,144,T012,Valid
5944,FR0048,D000530,P029,2026-01-12,56183.52,144,T012,Valid
5964,FR0048,D000530,P004,2026-01-15,39881.11,23,T012,Valid
5965,FR0048,D000757,P004,2026-01-20,39881.11,23,T012,Valid
5966,FR0048,D000726,P004,2026-01-13,39881.11,23,T012,Valid
5988,FR0048,D000757,P022,2026-01-16,76435.45,187,T012,Valid
5989,FR0048,D000523,P022,2026-01-06,76435.45,187,T012,Valid
5990,FR0048,D000726,P022,2026-01-18,76435.45,187,T012,Valid
5991,FR0048,D000530,P022,2026-01-19,76435.45,187,T012,Valid
6013,FR0049,D000062,P025,2026-01-02,127617.06,53,T012,Valid
6038,FR0049,D000534,P015,2026-01-24,31923.76,21,T012,Valid
6039,FR0049,D000222,P015,2026-01-19,31923.76,21,T012,Valid
6040,FR0049,D000062,P015,2026-01-08,31923.76,21,T012,Valid
6068,FR0049,D000534,P027,2026-01-19,21385.23,9,T012,Valid
6069,FR0049,D000753,P027,2026-01-08,21385.23,9,T012,Valid
6070,FR0049,D000608,P027,2026-01-20,21385.23,9,T012,Valid
6095,FR0049,D000608,P002,2026-01-06,57781.46,42,T012,Valid
6096,FR0049,D000062,P002,2026-01-26,57781.46,42,T012,Valid
6118,FR0049,D000534,P014,2026-01-04,77444.65,56,T012,Valid
6119,FR0049,D000608,P014,2026-01-03,77444.65,56,T012,Valid
6143,FR0050,D000558,P030,2026-01-19,27912.27,110,T007,Valid
6144,FR0050,D000810,P030,2026-01-08,27912.27,110,T007,Valid
6145,FR0050,D000370,P030,2026-01-01,27912.27,110,T007,Valid
6146,FR0050,D000661,P030,2026-01-04,27912.27,110,T007,Valid
6165,FR0050,D000128,P023,2026-01-20,13040.1,5,T007,Valid
6166,FR0050,D000661,P023,2026-01-20,13040.1,5,T007,Valid
6167,FR0050,D000810,P023,2026-01-02,13040.1,5,T007,Valid
6168,FR0050,D000558,P023,2026-01-09,13040.1,5,T007,Valid
6196,FR0050,D000661,P015,2026-01-12,27141.59,18,T007,Valid
6197,FR0050,D000558,P015,2026-01-17,27141.59,18,T007,Valid
6198,FR0050,D000031,P015,2026-01-26,27141.59,18,T007,Valid
6199,FR0050,D000370,P015,2026-01-14,27141.59,18,T007,Valid
6200,FR0050,D000128,P015,2026-01-13,27141.59,18,T007,Valid
6223,FR0051,D000106,P008,2026-01-21,23278.08,10,T009,Valid
6224,FR0051,D000073,P008,2026-01-26,23278.08,10,T009,Valid
6225,FR0051,D000198,P008,2026-01-17,23278.08,10,T009,Valid
6251,FR0051,D000937,P025,2026-01-13,23752.52,10,T009,Valid
6252,FR0051,D000106,P025,2026-01-21,23752.52,10,T009,Valid
6253,FR0051,D000073,P025,2026-01-15,23752.52,10,T009,Valid
6280,FR0051,D000106,P007,2026-01-05,27290.71,57,T009,Valid
6281,FR0051,D000073,P007,2026-01-14,27290.71,57,T009,Valid
6282,FR0051,D000937,P007,2026-01-20,27290.71,57,T009,Valid
6303,FR0052,D000121,P006,2026-01-04,13588.64,37,T003,Valid
6304,FR0052,D000191,P006,2026-01-14,13588.64,37,T003,Valid
6305,FR0052,D000281,P006,2026-01-22,13588.64,37,T003,Valid
6329,FR0052,D000250,P020,2026-01-01,29659.43,97,T003,Valid
6330,FR0052,D000773,P020,2026-01-21,29659.43,97,T003,Valid
6354,FR0052,D000853,P008,2026-01-03,7740.87,3,T003,Valid
6355,FR0052,D000250,P008,2026-01-12,7740.87,3,T003,Valid
6356,FR0052,D000785,P008,2026-01-13,7740.87,3,T003,Valid
6357,FR0052,D000544,P008,2026-01-26,7740.87,3,T003,Valid
6358,FR0052,D000025,P008,2026-01-14,7740.87,3,T003,Valid
6359,FR0052,D000773,P008,2026-01-03,7740.87,3,T003,Valid
6386,FR0052,D000785,P024,2026-01-18,84379.34,115,T003,Valid
6387,FR0052,D000250,P024,2026-01-06,84379.34,115,T003,Valid
6411,FR0052,D000785,P011,2026-01-25,17767.23,8,T003,Valid
6412,FR0052,D000250,P011,2026-01-11,17767.23,8,T003,Valid
6413,FR0052,D000853,P011,2026-01-26,17767.23,8,T003,Valid
6414,FR0052,D000025,P011,2026-01-19,17767.23,8,T003,Valid
6443,FR0052,D000250,P023,2026-01-24,8705.56,4,T003,Valid
6444,FR0052,D000121,P023,2026-01-26,8705.56,4,T003,Valid
6445,FR0052,D000281,P023,2026-01-27,8705.56,4,T003,Valid
6446,FR0052,D000853,P023,2026-01-02,8705.56,4,T003,Valid
6447,FR0052,D000773,P023,2026-01-17,8705.56,4,T003,Valid
6448,FR0052,D000025,P023,2026-01-08,8705.56,4,T003,Valid
6465,FR0053,D000315,P017,2026-01-22,51891.05,23,T020,Valid
6466,FR0053,D000637,P017,2026-01-12,51891.05,23,T020,Valid
6467,FR0053,D000844,P017,2026-01-03,51891.05,23,T020,Valid
6494,FR0053,D000122,P016,2026-01-07,78413.23,534,T020,Valid
6495,FR0053,D000844,P016,2026-01-04,78413.23,534,T020,Valid
6514,FR0053,D000291,P013,2026-01-07,9772.89,21,T020,Valid
6515,FR0053,D000637,P013,2026-01-10,9772.89,21,T020,Valid
6516,FR0053,D000145,P013,2026-01-24,9772.89,21,T020,Valid
6517,FR0053,D000212,P013,2026-01-22,9772.89,21,T020,Valid
6518,FR0053,D000505,P013,2026-01-21,9772.89,21,T020,Valid
6541,FR0054,D000329,P010,2026-01-20,56272.51,43,T006,Valid
6542,FR0054,D000929,P010,2026-01-25,56272.51,43,T006,Valid
6565,FR0054,D000598,P011,2026-01-06,9384.6,4,T006,Valid
6566,FR0054,D000213,P011,2026-01-19,9384.6,4,T006,Valid
6567,FR0054,D000972,P011,2026-01-02,9384.6,4,T006,Valid
6568,FR0054,D000665,P011,2026-01-19,9384.6,4,T006,Valid
6569,FR0054,D000347,P011,2026-01-03,9384.6,4,T006,Valid
6570,FR0054,D000928,P011,2026-01-27,9384.6,4,T006,Valid
6597,FR0054,D000929,P001,2026-01-04,8170.98,8,T006,Valid
6598,FR0054,D000347,P001,2026-01-18,8170.98,8,T006,Valid
6599,FR0054,D000928,P001,2026-01-13,8170.98,8,T006,Valid
6600,FR0054,D000598,P001,2026-01-03,8170.98,8,T006,Valid
6601,FR0054,D000213,P001,2026-01-11,8170.98,8,T006,Valid
6602,FR0054,D000665,P001,2026-01-07,8170.98,8,T006,Valid
6624,FR0055,D000723,P008,2026-01-17,31932.78,13,T018,Valid
6625,FR0055,D000080,P008,2026-01-24,31932.78,13,T018,Valid
6626,FR0055,D000337,P008,2026-01-21,31932.78,13,T018,Valid
6652,FR0055,D000470,P018,2026-01-05,10441.65,15,T018,Valid
6653,FR0055,D000446,P018,2026-01-22,10441.65,15,T018,Valid
6654,FR0055,D000182,P018,2026-01-23,10441.65,15,T018,Valid
6655,FR0055,D000064,P018,2026-01-10,10441.65,15,T018,Valid
6656,FR0055,D000127,P018,2026-01-13,10441.65,15,T018,Valid
6657,FR0055,D000305,P018,2026-01-10,10441.65,15,T018,Valid
6680,FR0055,D000775,P022,2026-01-20,29266.72,72,T008,Valid
6681,FR0055,D000470,P022,2026-01-05,29266.72,72,T015,Valid
6682,FR0055,D000182,P022,2026-01-09,29266.72,72,T003,Valid
6683,FR0055,D000446,P022,2026-01-26,29266.72,72,T018,Valid
6684,FR0055,D000524,P022,2026-01-12,29266.72,72,T018,Valid
6685,FR0055,D000723,P022,2026-01-18,29266.72,72,T018,Valid
6712,FR0056,D000390,P030,2026-01-09,36905.9,145,T008,Valid
6713,FR0056,D000102,P030,2026-01-27,36905.9,145,T008,Valid
6714,FR0056,D000679,P030,2026-01-23,36905.9,145,T008,Valid
6715,FR0056,D000646,P030,2026-01-06,36905.9,145,T008,Valid
6744,FR0056,D000300,P019,2026-01-22,100917.02,46,T008,Valid
6761,FR0056,D000702,P018,2026-01-14,22107.82,33,T008,Valid
6762,FR0056,D000207,P018,2026-01-07,22107.82,33,T008,Valid
6763,FR0056,D000300,P018,2026-01-10,22107.82,33,T008,Valid
6786,FR0056,D000646,P025,2026-01-03,49982.66,21,T008,Valid
6787,FR0056,D000046,P025,2026-01-20,49982.66,21,T008,Valid
6815,FR0056,D000679,P004,2026-01-20,24759.44,14,T008,Valid
6816,FR0056,D000702,P004,2026-01-03,24759.44,14,T008,Valid
6817,FR0056,D000646,P004,2026-01-20,24759.44,14,T008,Valid
6842,FR0056,D000646,P005,2026-01-09,31183.76,16,T008,Valid
6843,FR0056,D000702,P005,2026-01-01,31183.76,16,T008,Valid
6844,FR0056,D000679,P005,2026-01-14,31183.76,16,T008,Valid
6845,FR0056,D000152,P005,2026-01-12,31183.76,16,T008,Valid
6846,FR0056,D000046,P005,2026-01-10,31183.76,16,T008,Valid
6871,FR0056,D000702,P016,2026-01-23,24737.0,169,T008,Valid
6872,FR0056,D000152,P016,2026-01-12,24737.0,169,T008,Valid
6873,FR0056,D000046,P016,2026-01-11,24737.0,169,T008,Valid
6874,FR0056,D000390,P016,2026-01-19,24737.0,169,T008,Valid
6875,FR0056,D000798,P016,2026-01-01,24737.0,169,T008,Valid
6896,FR0057,D000321,P012,2026-01-11,19393.66,9,T006,Valid
6897,FR0057,D000777,P012,2026-01-26,19393.66,9,T006,Valid
6898,FR0057,D000742,P012,2026-01-27,19393.66,9,T006,Valid
6899,FR0057,D000079,P012,2026-01-13,19393.66,9,T006,Valid
6900,FR0057,D000097,P012,2026-01-12,19393.66,9,T006,Valid
6901,FR0057,D000553,P012,2026-01-20,19393.66,9,T006,Valid
6921,FR0057,D000294,P021,2026-01-04,15113.39,7,T006,Valid
6922,FR0057,D000777,P021,2026-01-18,15113.39,7,T006,Valid
6923,FR0057,D000321,P021,2026-01-06,15113.39,7,T006,Valid
6924,FR0057,D000394,P021,2026-01-19,15113.39,7,T006,Valid
6925,FR0057,D000742,P021,2026-01-05,15113.39,7,T006,Valid
6949,FR0057,D000777,P006,2026-01-21,75182.22,204,T006,Valid
6950,FR0057,D000097,P006,2026-01-13,75182.22,204,T006,Valid
6979,FR0057,D000097,P023,2026-01-03,15803.94,7,T006,Valid
6980,FR0057,D000672,P023,2026-01-14,15803.94,7,T006,Valid
6981,FR0057,D000294,P023,2026-01-07,15803.94,7,T006,Valid
6982,FR0057,D000715,P023,2026-01-02,15803.94,7,T006,Valid
6983,FR0057,D000394,P023,2026-01-19,15803.94,7,T006,Valid
7003,FR0057,D000672,P004,2026-01-14,32846.53,19,T006,Valid
7004,FR0057,D000553,P004,2026-01-11,32846.53,19,T006,Valid
7005,FR0057,D000742,P004,2026-01-04,32846.53,19,T006,Valid
7006,FR0057,D000097,P004,2026-01-24,32846.53,19,T006,Valid
7032,FR0057,D000571,P016,2026-01-21,36573.51,249,T006,Valid
7033,FR0057,D000097,P016,2026-01-24,36573.51,249,T006,Valid
7034,FR0057,D000063,P016,2026-01-13,36573.51,249,T006,Valid
7053,FR0057,D000742,P018,2026-01-15,30518.83,45,T006,Valid
7054,FR0057,D000715,P018,2026-01-14,30518.83,45,T006,Valid
7055,FR0057,D000571,P018,2026-01-13,30518.83,45,T006,Valid
7056,FR0057,D000321,P018,2026-01-11,30518.83,45,T006,Valid
7080,FR0058,D000884,P026,2026-01-21,48690.93,27,T015,Valid
7081,FR0058,D000409,P026,2026-01-04,48690.93,27,T015,Valid
7082,FR0058,D000235,P026,2026-01-07,48690.93,27,T015,Valid
7111,FR0058,D000884,P027,2026-01-26,20652.55,8,T015,Valid
7112,FR0058,D000136,P027,2026-01-27,20652.55,8,T015,Valid
7113,FR0058,D000227,P027,2026-01-25,20652.55,8,T015,Valid
7114,FR0058,D000718,P027,2026-01-20,20652.55,8,T015,Valid
7139,FR0058,D000687,P012,2026-01-13,11306.29,5,T015,Valid
7140,FR0058,D000884,P012,2026-01-07,11306.29,5,T015,Valid
7141,FR0058,D000718,P012,2026-01-01,11306.29,5,T015,Valid
7142,FR0058,D000288,P012,2026-01-11,11306.29,5,T015,Valid
7143,FR0058,D000136,P012,2026-01-02,11306.29,5,T015,Valid
7144,FR0058,D000227,P012,2026-01-18,11306.29,5,T015,Valid
7163,FR0058,D000494,P016,2026-01-20,19644.22,134,T015,Valid
7164,FR0058,D000136,P016,2026-01-01,19644.22,134,T015,Valid
7165,FR0058,D000314,P016,2026-01-26,19644.22,134,T015,Valid
7166,FR0058,D000024,P016,2026-01-26,19644.22,134,T015,Valid
7167,FR0058,D000288,P016,2026-01-19,19644.22,134,T015,Valid
7168,FR0058,D000227,P016,2026-01-19,19644.22,134,T015,Valid
7191,FR0058,D000227,P024,2026-01-17,31045.24,42,T015,Valid
7192,FR0058,D000979,P024,2026-01-19,31045.24,42,T015,Valid
7193,FR0058,D000136,P024,2026-01-16,31045.24,42,T015,Valid
7194,FR0058,D000494,P024,2026-01-19,31045.24,42,T015,Valid
7195,FR0058,D000288,P024,2026-01-08,31045.24,42,T015,Valid
7196,FR0058,D000687,P024,2026-01-26,31045.24,42,T015,Valid
7220,FR0058,D000409,P020,2026-01-12,58487.65,191,T015,Valid
7221,FR0058,D000136,P020,2026-01-01,58487.65,191,T015,Valid
7248,FR0058,D000314,P010,2026-01-18,7604.41,6,T015,Valid
7249,FR0058,D000158,P010,2026-01-06,7604.41,6,T015,Valid
7250,FR0058,D000884,P010,2026-01-07,7604.41,6,T015,Valid
7251,FR0058,D000687,P010,2026-01-08,7604.41,6,T015,Valid
7252,FR0058,D000024,P010,2026-01-22,7604.41,6,T015,Valid
7253,FR0058,D000979,P010,2026-01-08,7604.41,6,T015,Valid
7279,FR0059,D000850,P004,2026-01-25,38888.84,22,T013,Valid
7280,FR0059,D000501,P004,2026-01-22,38888.84,22,T013,Valid
7281,FR0059,D000336,P004,2026-01-18,38888.84,22,T013,Valid
7282,FR0059,D000515,P004,2026-01-16,38888.84,22,T013,Valid
7300,FR0059,D000982,P008,2026-01-25,44523.2,19,T013,Valid
7301,FR0059,D000515,P008,2026-01-10,44523.2,19,T013,Valid
7328,FR0059,D000336,P029,2026-01-23,26587.71,68,T013,Valid
7329,FR0059,D000515,P029,2026-01-06,26587.71,68,T013,Valid
7330,FR0059,D000850,P029,2026-01-21,26587.71,68,T013,Valid
7331,FR0059,D000982,P029,2026-01-26,26587.71,68,T013,Valid
7354,FR0059,D000358,P003,2026-01-03,26907.27,16,T013,Valid
7355,FR0059,D000850,P003,2026-01-16,26907.27,16,T013,Valid
7356,FR0059,D000336,P003,2026-01-14,26907.27,16,T013,Valid
7357,FR0059,D000501,P003,2026-01-26,26907.27,16,T013,Valid
7358,FR0059,D000982,P003,2026-01-01,26907.27,16,T013,Valid
7384,FR0060,D000383,P011,2026-01-02,26424.46,12,T009,Valid
7385,FR0060,D000278,P011,2026-01-08,26424.46,12,T009,Valid
7386,FR0060,D000746,P011,2026-01-10,26424.46,12,T009,Valid
7387,FR0060,D000117,P011,2026-01-06,26424.46,12,T009,Valid
7388,FR0060,D000472,P011,2026-01-10,26424.46,12,T009,Valid
7413,FR0060,D000689,P015,2026-01-14,41297.25,27,T009,Valid
7414,FR0060,D000761,P015,2026-01-11,41297.25,27,T009,Valid
7437,FR0060,D000689,P007,2026-01-20,23325.0,49,T009,Valid
7438,FR0060,D000105,P007,2026-01-07,23325.0,49,T009,Valid
7439,FR0060,D000761,P007,2026-01-15,23325.0,49,T009,Valid
7440,FR0060,D000278,P007,2026-01-09,23325.0,49,T009,Valid
7441,FR0060,D000472,P007,2026-01-16,23325.0,49,T009,Valid
7442,FR0060,D000117,P007,2026-01-19,23325.0,49,T009,Valid
7463,FR0060,D000761,P008,2026-01-05,22682.87,9,T009,Valid
7464,FR0060,D000117,P008,2026-01-13,22682.87,9,T009,Valid
7465,FR0060,D000472,P008,2026-01-13,22682.87,9,T009,Valid
7466,FR0060,D000689,P008,2026-01-01,22682.87,9,T009,Valid
7467,FR0060,D000383,P008,2026-01-26,22682.87,9,T009,Valid
7489,FR0061,D000890,P026,2026-01-11,24803.9,14,T018,Valid
7490,FR0061,D000081,P026,2026-01-16,24803.9,14,T018,Valid
7491,FR0061,D000669,P026,2026-01-20,24803.9,14,T018,Valid
7492,FR0061,D000765,P026,2026-01-27,24803.9,14,T018,Valid
7512,FR0061,D000081,P004,2026-01-10,10841.08,6,T018,Valid
7513,FR0061,D000669,P004,2026-01-02,10841.08,6,T018,Valid
7514,FR0061,D000890,P004,2026-01-12,10841.08,6,T018,Valid
7515,FR0061,D000765,P004,2026-01-01,10841.08,6,T018,Valid
7537,FR0061,D000890,P028,2026-01-21,86357.99,75,T008,Valid
7556,FR0061,D000890,P006,2026-01-27,29179.44,79,T018,Valid
7557,FR0061,D000765,P006,2026-01-08,29179.44,79,T018,Valid
7581,FR0061,D000669,P007,2026-01-20,34737.67,72,T018,Valid
7582,FR0061,D000890,P007,2026-01-21,34737.67,72,T018,Valid
7583,FR0061,D000765,P007,2026-01-11,34737.67,72,T018,Valid
7584,FR0061,D000081,P007,2026-01-20,34737.67,72,T018,Valid
7606,FR0061,D000765,P019,2026-01-14,31417.16,14,T018,Valid
7607,FR0061,D000081,P019,2026-01-07,31417.16,14,T018,Valid
7608,FR0061,D000669,P019,2026-01-21,31417.16,14,T018,Valid
7609,FR0061,D000890,P019,2026-01-19,31417.16,14,T018,Valid
7631,FR0061,D000890,P005,2026-01-26,17777.15,9,T018,Valid
7632,FR0061,D000669,P005,2026-01-07,17777.15,9,T018,Valid
7633,FR0061,D000081,P005,2026-01-27,17777.15,9,T018,Valid
7634,FR0061,D000765,P005,2026-01-16,17777.15,9,T018,Valid
7654,FR0062,D000966,P018,2026-01-03,20992.45,31,T008,Valid
7655,FR0062,D000681,P018,2026-01-20,20992.45,31,T008,Valid
7656,FR0062,D000011,P018,2026-01-24,20992.45,31,T008,Valid
7657,FR0062,D000096,P018,2026-01-12,20992.45,31,T008,Valid
7658,FR0062,D000586,P018,2026-01-03,20992.45,31,T008,Valid
7679,FR0062,D000966,P010,2026-01-06,32623.76,25,T008,Valid
7680,FR0062,D000681,P010,2026-01-01,32623.76,25,T008,Valid
7681,FR0062,D000586,P010,2026-01-05,32623.76,25,T008,Valid
7703,FR0062,D000096,P005,2026-01-22,10405.46,5,T008,Valid
7704,FR0062,D000586,P005,2026-01-12,10405.46,5,T008,Valid
7705,FR0062,D000681,P005,2026-01-06,10405.46,5,T008,Valid
7706,FR0062,D000966,P005,2026-01-11,10405.46,5,T008,Valid
7707,FR0062,D000011,P005,2026-01-26,10405.46,5,T008,Valid
7734,FR0063,D000260,P021,2026-01-10,23737.92,12,T011,Valid
7735,FR0063,D000934,P021,2026-01-19,23737.92,12,T011,Valid
7736,FR0063,D000833,P021,2026-01-26,23737.92,12,T011,Valid
7737,FR0063,D000335,P021,2026-01-21,23737.92,12,T011,Valid
7738,FR0063,D000633,P021,2026-01-10,23737.92,12,T011,Valid
7739,FR0063,D000682,P021,2026-01-09,23737.92,12,T011,Valid
7762,FR0063,D000633,P004,2026-01-05,19802.77,11,T011,Valid
7763,FR0063,D000820,P004,2026-01-11,19802.77,11,T011,Valid
7764,FR0063,D000683,P004,2026-01-25,19802.77,11,T011,Valid
7790,FR0063,D000867,P018,2026-01-07,64613.41,96,T018,Valid
7791,FR0063,D000682,P018,2026-01-02,64613.41,96,T011,Valid
7792,FR0063,D000633,P018,2026-01-14,64613.41,96,T011,Valid
7793,FR0063,D000335,P018,2026-01-23,64613.41,96,T020,Valid
7794,FR0063,D000683,P018,2026-01-13,64613.41,96,T011,Valid
7817,FR0063,D000820,P025,2026-01-05,57524.48,24,T011,Valid
7818,FR0063,D000633,P025,2026-01-23,57524.48,24,T011,Valid
7849,FR0063,D000682,P027,2026-01-23,24205.97,10,T011,Valid
7850,FR0063,D000867,P027,2026-01-16,24205.97,10,T011,Valid
7851,FR0063,D000260,P027,2026-01-23,24205.97,10,T011,Valid
7852,FR0063,D000934,P027,2026-01-25,24205.97,10,T011,Valid
7853,FR0063,D000633,P027,2026-01-22,24205.97,10,T011,Valid
7854,FR0063,D000833,P027,2026-01-16,24205.97,10,T011,Valid
7879,FR0063,D000633,P009,2026-01-15,14618.19,6,T011,Valid
7880,FR0063,D000833,P009,2026-01-14,14618.19,6,T011,Valid
7881,FR0063,D000934,P009,2026-01-25,14618.19,6,T011,Valid
7906,FR0063,D000260,P008,2026-01-05,49717.54,21,T011,Valid
7907,FR0063,D000387,P008,2026-01-14,49717.54,21,T011,Valid
7933,FR0064,D000888,P023,2026-01-20,15886.52,7,T002,Valid
7934,FR0064,D000528,P023,2026-01-14,15886.52,7,T002,Valid
7935,FR0064,D000985,P023,2026-01-26,15886.52,7,T002,Valid
7936,FR0064,D000373,P023,2026-01-12,15886.52,7,T002,Valid
7962,FR0064,D000888,P019,2026-01-05,12307.25,6,T002,Valid
7963,FR0064,D000308,P019,2026-01-08,12307.25,6,T002,Valid
7964,FR0064,D000528,P019,2026-01-22,12307.25,6,T002,Valid
7965,FR0064,D000373,P019,2026-01-27,12307.25,6,T002,Valid
7966,FR0064,D000041,P019,2026-01-06,12307.25,6,T002,Valid
7967,FR0064,D000985,P019,2026-01-20,12307.25,6,T002,Valid
7988,FR0064,D000041,P007,2026-01-02,26439.13,55,T002,Valid
7989,FR0064,D000528,P007,2026-01-24,26439.13,55,T002,Valid
7990,FR0064,D000308,P007,2026-01-11,26439.13,55,T002,Valid
7991,FR0064,D000863,P007,2026-01-11,26439.13,55,T002,Valid
7992,FR0064,D000882,P007,2026-01-14,26439.13,55,T002,Valid
8015,FR0065,D000426,P018,2026-01-27,59028.03,87,T008,Valid
8016,FR0065,D000840,P018,2026-01-07,59028.03,87,T008,Valid
8017,FR0065,D000915,P018,2026-01-13,59028.03,87,T008,Valid
8042,FR0065,D000391,P020,2026-01-25,16114.45,53,T008,Valid
8043,FR0065,D000426,P020,2026-01-08,16114.45,53,T008,Valid
8044,FR0065,D000513,P020,2026-01-21,16114.45,53,T008,Valid
8045,FR0065,D000915,P020,2026-01-26,16114.45,53,T008,Valid
8069,FR0065,D000840,P002,2026-01-05,24964.9,18,T008,Valid
8070,FR0065,D000426,P002,2026-01-25,24964.9,18,T008,Valid
8071,FR0065,D000391,P002,2026-01-21,24964.9,18,T008,Valid
8072,FR0065,D000915,P002,2026-01-16,24964.9,18,T008,Valid
8097,FR0065,D000840,P011,2026-01-07,29891.62,14,T008,Valid
8098,FR0065,D000391,P011,2026-01-06,29891.62,14,T008,Valid
8099,FR0065,D000426,P011,2026-01-10,29891.62,14,T008,Valid
8100,FR0065,D000915,P011,2026-01-01,29891.62,14,T008,Valid
8101,FR0065,D000513,P011,2026-01-25,29891.62,14,T008,Valid
8126,FR0065,D000840,P030,2026-01-23,9732.75,38,T008,Valid
8127,FR0065,D000426,P030,2026-01-23,9732.75,38,T008,Valid
8128,FR0065,D000513,P030,2026-01-23,9732.75,38,T008,Valid
8129,FR0065,D000391,P030,2026-01-03,9732.75,38,T008,Valid
8153,FR0065,D000391,P025,2026-01-18,7718.92,3,T008,Valid
8154,FR0065,D000840,P025,2026-01-03,7718.92,3,T008,Valid
8155,FR0065,D000513,P025,2026-01-14,7718.92,3,T008,Valid
8156,FR0065,D000426,P025,2026-01-23,7718.92,3,T008,Valid
8157,FR0065,D000915,P025,2026-01-09,7718.92,3,T008,Valid
8184,FR0066,D000563,P010,2026-01-16,47453.43,36,T002,Valid
8185,FR0066,D000879,P010,2026-01-22,47453.43,36,T002,Valid
8186,FR0066,D000471,P010,2026-01-26,47453.43,36,T002,Valid
8216,FR0066,D000879,P003,2026-01-25,15592.67,9,T002,Valid
8217,FR0066,D000563,P003,2026-01-22,15592.67,9,T002,Valid
8218,FR0066,D000456,P003,2026-01-05,15592.67,9,T002,Valid
8219,FR0066,D000932,P003,2026-01-25,15592.67,9,T002,Valid
8220,FR0066,D000500,P003,2026-01-01,15592.67,9,T002,Valid
8221,FR0066,D000471,P003,2026-01-01,15592.67,9,T002,Valid
8243,FR0066,D000989,P023,2026-01-20,15109.93,6,T002,Valid
8244,FR0066,D000471,P023,2026-01-25,15109.93,6,T002,Valid
8245,FR0066,D000932,P023,2026-01-15,15109.93,6,T002,Valid
8246,FR0066,D000456,P023,2026-01-25,15109.93,6,T002,Valid
8269,FR0066,D000575,P030,2026-01-08,66431.64,262,T002,Valid
8270,FR0066,D000563,P030,2026-01-04,66431.64,262,T002,Valid
8294,FR0066,D000563,P006,2026-01-24,18471.99,50,T002,Valid
8295,FR0066,D000471,P006,2026-01-03,18471.99,50,T002,Valid
8296,FR0066,D000575,P006,2026-01-01,18471.99,50,T002,Valid
8297,FR0066,D000879,P006,2026-01-17,18471.99,50,T002,Valid
8298,FR0066,D000500,P006,2026-01-06,18471.99,50,T002,Valid
8324,FR0066,D000989,P021,2026-01-14,31936.68,16,T002,Valid
8325,FR0066,D000932,P021,2026-01-19,31936.68,16,T002,Valid
8326,FR0066,D000471,P021,2026-01-10,31936.68,16,T002,Valid
8327,FR0066,D000500,P021,2026-01-16,31936.68,16,T002,Valid
8354,FR0066,D000456,P028,2026-01-27,27958.52,24,T002,Valid
8355,FR0066,D000932,P028,2026-01-13,27958.52,24,T002,Valid
8356,FR0066,D000471,P028,2026-01-11,27958.52,24,T002,Valid
8357,FR0066,D000575,P028,2026-01-18,27958.52,24,T002,Valid
8380,FR0067,D000650,P005,2026-01-05,83185.6,43,T011,Valid
8381,FR0067,D000590,P005,2026-01-08,83185.6,43,T011,Valid
8403,FR0067,D000590,P020,2026-01-23,40898.69,134,T011,Valid
8404,FR0067,D000616,P020,2026-01-21,40898.69,134,T011,Valid
8424,FR0067,D000590,P028,2026-01-02,19825.01,17,T011,Valid
8425,FR0067,D000616,P028,2026-01-13,19825.01,17,T011,Valid
8426,FR0067,D000603,P028,2026-01-16,19825.01,17,T011,Valid
8427,FR0067,D000650,P028,2026-01-17,19825.01,17,T011,Valid
8448,FR0067,D000590,P007,2026-01-17,46943.92,98,T011,Valid
8449,FR0067,D000650,P007,2026-01-12,46943.92,98,T011,Valid
8450,FR0067,D000616,P007,2026-01-01,46943.92,98,T011,Valid
8472,FR0067,D000616,P023,2026-01-21,15474.29,7,T011,Valid
8473,FR0067,D000650,P023,2026-01-07,15474.29,7,T011,Valid
8474,FR0067,D000590,P023,2026-01-04,15474.29,7,T011,Valid
8475,FR0067,D000603,P023,2026-01-15,15474.29,7,T011,Valid
8499,FR0067,D000650,P006,2026-01-01,14769.94,40,T011,Valid
8500,FR0067,D000590,P006,2026-01-01,14769.94,40,T011,Valid
8501,FR0067,D000603,P006,2026-01-02,14769.94,40,T011,Valid
8502,FR0067,D000616,P006,2026-01-07,14769.94,40,T011,Valid
8526,FR0067,D000616,P018,2026-01-22,16834.07,25,T011,Valid
8527,FR0067,D000650,P018,2026-01-02,16834.07,25,T011,Valid
8528,FR0067,D000603,P018,2026-01-13,16834.07,25,T011,Valid
8529,FR0067,D000590,P018,2026-01-13,16834.07,25,T011,Valid
8552,FR0068,D000905,P001,2026-01-02,17349.35,17,T013,Valid
8553,FR0068,D000443,P001,2026-01-03,17349.35,17,T013,Valid
8554,FR0068,D000116,P001,2026-01-08,17349.35,17,T013,Valid
8555,FR0068,D000421,P001,2026-01-04,17349.35,17,T013,Valid
8556,FR0068,D000033,P001,2026-01-10,17349.35,17,T013,Valid
8579,FR0068,D000572,P018,2026-01-24,11236.44,17,T013,Valid
8580,FR0068,D000508,P018,2026-01-14,11236.44,17,T013,Valid
8581,FR0068,D000181,P018,2026-01-27,11236.44,17,T013,Valid
8582,FR0068,D000950,P018,2026-01-14,11236.44,17,T013,Valid
8583,FR0068,D000126,P018,2026-01-11,11236.44,17,T013,Valid
8611,FR0068,D000421,P021,2026-01-04,26467.4,13,T013,Valid
8612,FR0068,D000443,P021,2026-01-14,26467.4,13,T013,Valid
8613,FR0068,D000564,P021,2026-01-13,26467.4,13,T013,Valid
8614,FR0068,D000181,P021,2026-01-24,26467.4,13,T013,Valid
8615,FR0068,D000126,P021,2026-01-02,26467.4,13,T013,Valid
8616,FR0068,D000786,P021,2026-01-09,26467.4,13,T013,Valid
8643,FR0068,D000905,P029,2026-01-26,34599.72,89,T013,Valid
8644,FR0068,D000421,P029,2026-01-22,34599.72,89,T013,Valid
8645,FR0068,D000033,P029,2026-01-25,34599.72,89,T013,Valid
8667,FR0068,D000443,P026,2026-01-11,28778.68,16,T013,Valid
8668,FR0068,D000508,P026,2026-01-09,28778.68,16,T018,Valid
8692,FR0068,D000508,P010,2026-01-19,30005.07,23,T015,Valid
8693,FR0068,D000786,P010,2026-01-05,30005.07,23,T006,Valid
8694,FR0068,D000950,P010,2026-01-11,30005.07,23,T013,Valid
8695,FR0068,D000564,P010,2026-01-08,30005.07,23,T013,Valid
8721,FR0068,D000572,P006,2026-01-19,26857.03,73,T013,Valid
8722,FR0068,D000508,P006,2026-01-12,26857.03,73,T013,Valid
8723,FR0068,D000905,P006,2026-01-23,26857.03,73,T013,Valid
8724,FR0068,D000190,P006,2026-01-05,26857.03,73,T013,Valid
8725,FR0068,D000421,P006,2026-01-17,26857.03,73,T013,Valid
8750,FR0069,D000448,P007,2026-01-10,39306.04,82,T009,Valid
8751,FR0069,D000293,P007,2026-01-24,39306.04,82,T009,Valid
8752,FR0069,D000258,P007,2026-01-03,39306.04,82,T009,Valid
8771,FR0069,D000293,P012,2026-01-24,26284.31,12,T009,Valid
8772,FR0069,D000448,P012,2026-01-27,26284.31,12,T009,Valid
8773,FR0069,D000258,P012,2026-01-05,26284.31,12,T009,Valid
8790,FR0069,D000293,P026,2026-01-05,19772.45,11,T009,Valid
8791,FR0069,D000448,P026,2026-01-02,19772.45,11,T009,Valid
8792,FR0069,D000258,P026,2026-01-15,19772.45,11,T009,Valid
8809,FR0069,D000293,P030,2026-01-19,33350.01,131,T009,Valid
8810,FR0069,D000258,P030,2026-01-12,33350.01,131,T009,Valid
8811,FR0069,D000448,P030,2026-01-22,33350.01,131,T009,Valid
8829,FR0070,D000592,P004,2026-01-10,7676.7,4,T003,Valid
8830,FR0070,D000520,P004,2026-01-08,7676.7,4,T003,Valid
8831,FR0070,D000444,P004,2026-01-05,7676.7,4,T003,Valid
8832,FR0070,D000403,P004,2026-01-10,7676.7,4,T003,Valid
8833,FR0070,D000479,P004,2026-01-03,7676.7,4,T003,Valid
8834,FR0070,D000140,P004,2026-01-05,7676.7,4,T003,Valid
8855,FR0070,D000140,P008,2026-01-06,53583.77,22,T003,Valid
8856,FR0070,D000444,P008,2026-01-22,53583.77,22,T003,Valid
8857,FR0070,D000592,P008,2026-01-14,53583.77,22,T003,Valid
8879,FR0070,D000479,P002,2026-01-22,13099.55,10,T003,Valid
8880,FR0070,D000140,P002,2026-01-24,13099.55,10,T003,Valid
8881,FR0070,D000577,P002,2026-01-27,13099.55,10,T003,Valid
8882,FR0070,D000554,P002,2026-01-03,13099.55,10,T003,Valid
8883,FR0070,D000592,P002,2026-01-13,13099.55,10,T003,Valid
8884,FR0070,D000520,P002,2026-01-25,13099.55,10,T003,Valid
8919,FR0070,D000554,P014,2026-01-24,49690.66,36,T003,Valid
8920,FR0070,D000577,P014,2026-01-19,49690.66,36,T003,Valid
8921,FR0070,D000403,P014,2026-01-22,49690.66,36,T003,Valid
8949,FR0070,D000577,P003,2026-01-24,32720.78,19,T003,Valid
8950,FR0070,D000479,P003,2026-01-04,32720.78,19,T003,Valid
8951,FR0070,D000444,P003,2026-01-08,32720.78,19,T003,Valid
8977,FR0071,D000205,P025,2026-01-18,29216.41,12,T007,Valid
8978,FR0071,D000292,P025,2026-01-20,29216.41,12,T007,Valid
8993,FR0071,D000262,P024,2026-01-10,42748.29,58,T007,Valid
8994,FR0071,D000205,P024,2026-01-04,42748.29,58,T007,Valid
9014,FR0071,D000292,P019,2026-01-20,37940.91,17,T007,Valid
9015,FR0071,D000342,P019,2026-01-17,37940.91,17,T007,Valid
9016,FR0071,D000262,P019,2026-01-13,37940.91,17,T007,Valid
9017,FR0071,D000205,P019,2026-01-12,37940.91,17,T007,Valid
9038,FR0071,D000342,P016,2026-01-16,31470.49,214,T007,Valid
9039,FR0071,D000262,P016,2026-01-03,31470.49,214,T007,Valid
9040,FR0071,D000205,P016,2026-01-15,31470.49,214,T007,Valid
9041,FR0071,D000292,P016,2026-01-11,31470.49,214,T007,Valid
9062,FR0071,D000205,P009,2026-01-16,13116.7,5,T007,Valid
9063,FR0071,D000262,P009,2026-01-01,13116.7,5,T007,Valid
9064,FR0071,D000342,P009,2026-01-18,13116.7,5,T007,Valid
9065,FR0071,D000292,P009,2026-01-25,13116.7,5,T007,Valid
9087,FR0071,D000262,P020,2026-01-24,34665.16,113,T007,Valid
9088,FR0071,D000342,P020,2026-01-24,34665.16,113,T007,Valid
9089,FR0071,D000292,P020,2026-01-05,34665.16,113,T007,Valid
9090,FR0071,D000205,P020,2026-01-04,34665.16,113,T007,Valid
9110,FR0072,D000134,P010,2026-01-11,30507.24,23,T019,Valid
9111,FR0072,D000371,P010,2026-01-11,30507.24,23,T019,Valid
9112,FR0072,D000953,P010,2026-01-15,30507.24,23,T019,Valid
9113,FR0072,D000872,P010,2026-01-10,30507.24,23,T019,Valid
9136,FR0072,D000872,P005,2026-01-02,42570.76,22,T019,Valid
9137,FR0072,D000536,P005,2026-01-09,42570.76,22,T019,Valid
9138,FR0072,D000253,P005,2026-01-10,42570.76,22,T019,Valid
9165,FR0072,D000712,P004,2026-01-15,56684.08,33,T019,Valid
9166,FR0072,D000634,P004,2026-01-01,56684.08,33,T019,Valid
9193,FR0072,D000634,P002,2026-01-08,41407.75,30,T019,Valid
9194,FR0072,D000134,P002,2026-01-13,41407.75,30,T019,Valid
9222,FR0073,D000629,P030,2026-01-02,29733.57,117,T011,Valid
9223,FR0073,D000195,P030,2026-01-14,29733.57,117,T011,Valid
9224,FR0073,D000237,P030,2026-01-26,29733.57,117,T011,Valid
9225,FR0073,D000052,P030,2026-01-02,29733.57,117,T011,Valid
9247,FR0073,D000591,P005,2026-01-27,26574.03,14,T011,Valid
9248,FR0073,D000825,P005,2026-01-24,26574.03,14,T011,Valid
9249,FR0073,D000237,P005,2026-01-04,26574.03,14,T011,Valid
9250,FR0073,D000195,P005,2026-01-15,26574.03,14,T011,Valid
9275,FR0073,D000629,P012,2026-01-26,9607.03,5,T011,Valid
9276,FR0073,D000237,P012,2026-01-11,9607.03,5,T011,Valid
9277,FR0073,D000591,P012,2026-01-16,9607.03,5,T011,Valid
9278,FR0073,D000197,P012,2026-01-12,9607.03,5,T011,Valid
9300,FR0073,D000237,P006,2026-01-01,43800.25,119,T011,Valid
9301,FR0073,D000040,P006,2026-01-15,43800.25,119,T011,Valid
9302,FR0073,D000052,P006,2026-01-21,43800.25,119,T011,Valid
9327,FR0073,D000197,P009,2026-01-15,17544.46,7,T011,Valid
9328,FR0073,D000591,P009,2026-01-02,17544.46,7,T011,Valid
9329,FR0073,D000237,P009,2026-01-06,17544.46,7,T011,Valid
9330,FR0073,D000825,P009,2026-01-19,17544.46,7,T011,Valid
9331,FR0073,D000195,P009,2026-01-27,17544.46,7,T011,Valid
9332,FR0073,D000040,P009,2026-01-14,17544.46,7,T011,Valid
9360,FR0074,D000911,P013,2026-01-21,46221.39,99,T007,Valid
9361,FR0074,D000644,P013,2026-01-13,46221.39,99,T007,Valid
9362,FR0074,D000339,P013,2026-01-15,46221.39,99,T015,Valid
9381,FR0074,D000644,P004,2026-01-12,22146.16,13,T007,Valid
9382,FR0074,D000911,P004,2026-01-21,22146.16,13,T007,Valid
9399,FR0074,D000339,P027,2026-01-18,35043.67,14,T007,Valid
9400,FR0074,D000911,P027,2026-01-07,35043.67,14,T007,Valid
9413,FR0074,D000911,P009,2026-01-26,17887.56,7,T007,Valid
9414,FR0074,D000339,P009,2026-01-18,17887.56,7,T007,Valid
9415,FR0074,D000644,P009,2026-01-05,17887.56,7,T007,Valid
9431,FR0074,D000339,P026,2026-01-17,42637.16,24,T007,Valid
9432,FR0074,D000911,P026,2026-01-19,42637.16,24,T007,Valid
9433,FR0074,D000644,P026,2026-01-19,42637.16,24,T007,Valid
9451,FR0075,D000769,P021,2026-01-05,16521.61,8,T016,Valid
9452,FR0075,D000179,P021,2026-01-12,16521.61,8,T016,Valid
9453,FR0075,D000326,P021,2026-01-08,16521.61,8,T016,Valid
9454,FR0075,D000556,P021,2026-01-23,16521.61,8,T016,Valid
9455,FR0075,D000225,P021,2026-01-12,16521.61,8,T016,Valid
9456,FR0075,D000923,P021,2026-01-15,16521.61,8,T016,Valid
9474,FR0075,D000836,P029,2026-01-10,36032.37,92,T016,Valid
9475,FR0075,D000837,P029,2026-01-25,36032.37,92,T016,Valid
9476,FR0075,D000464,P029,2026-01-11,36032.37,92,T016,Valid
9477,FR0075,D000605,P029,2026-01-24,36032.37,92,T016,Valid
9503,FR0075,D000238,P011,2026-01-26,9737.43,4,T016,Valid
9504,FR0075,D000645,P011,2026-01-22,9737.43,4,T016,Valid
9505,FR0075,D000345,P011,2026-01-22,9737.43,4,T016,Valid
9506,FR0075,D000099,P011,2026-01-26,9737.43,4,T016,Valid
9507,FR0075,D000556,P011,2026-01-07,9737.43,4,T016,Valid
9532,FR0075,D000254,P017,2026-01-25,18579.56,8,T016,Valid
9533,FR0075,D000345,P017,2026-01-22,18579.56,8,T016,Valid
9534,FR0075,D000891,P017,2026-01-25,18579.56,8,T016,Valid
9535,FR0075,D000769,P017,2026-01-22,18579.56,8,T016,Valid
9536,FR0075,D000837,P017,2026-01-12,18579.56,8,T016,Valid
9537,FR0075,D000099,P017,2026-01-17,18579.56,8,T016,Valid
9553,FR0075,D000254,P006,2026-01-20,12281.78,33,T016,Valid
9554,FR0075,D000179,P006,2026-01-08,12281.78,33,T016,Valid
9555,FR0075,D000225,P006,2026-01-22,12281.78,33,T016,Valid
9556,FR0075,D000769,P006,2026-01-15,12281.78,33,T016,Valid
9557,FR0075,D000416,P006,2026-01-21,12281.78,33,T016,Valid
9579,FR0075,D000254,P010,2026-01-08,40173.55,30,T016,Valid
9580,FR0075,D000208,P010,2026-01-04,40173.55,30,T016,Valid
9601,FR0075,D000405,P015,2026-01-08,62699.81,41,T016,Valid
9602,FR0075,D000605,P015,2026-01-11,62699.81,41,T016,Valid
9629,FR0076,D000664,P013,2026-01-22,14201.91,30,T013,Valid
9630,FR0076,D000098,P013,2026-01-18,14201.91,30,T013,Valid
9631,FR0076,D000186,P013,2026-01-09,14201.91,30,T013,Valid
9632,FR0076,D000177,P013,2026-01-12,14201.91,30,T013,Valid
9652,FR0076,D000098,P024,2026-01-23,28046.38,38,T013,Valid
9653,FR0076,D000177,P024,2026-01-09,28046.38,38,T013,Valid
9654,FR0076,D000186,P024,2026-01-11,28046.38,38,T013,Valid
9673,FR0076,D000186,P001,2026-01-01,39840.99,39,T013,Valid
9674,FR0076,D000664,P001,2026-01-17,39840.99,39,T013,Valid
9675,FR0076,D000098,P001,2026-01-05,39840.99,39,T013,Valid
9676,FR0076,D000177,P001,2026-01-13,39840.99,39,T013,Valid
9693,FR0076,D000664,P004,2026-01-02,30996.54,18,T013,Valid
9694,FR0076,D000186,P004,2026-01-21,30996.54,18,T013,Valid
9695,FR0076,D000177,P004,2026-01-10,30996.54,18,T013,Valid
9696,FR0076,D000098,P004,2026-01-09,30996.54,18,T013,Valid
9721,FR0076,D000186,P016,2026-01-02,20708.83,141,T013,Valid
9722,FR0076,D000177,P016,2026-01-12,20708.83,141,T013,Valid
9723,FR0076,D000664,P016,2026-01-20,20708.83,141,T013,Valid
9743,FR0076,D000186,P002,2026-01-13,15672.16,11,T013,Valid
9744,FR0076,D000098,P002,2026-01-08,15672.16,11,T013,Valid
9745,FR0076,D000664,P002,2026-01-06,15672.16,11,T013,Valid
9746,FR0076,D000177,P002,2026-01-10,15672.16,11,T013,Valid
9769,FR0076,D000186,P019,2026-01-04,53126.02,24,T013,Valid
9770,FR0076,D000664,P019,2026-01-05,53126.02,24,T013,Valid
9771,FR0076,D000098,P019,2026-01-20,53126.02,24,T013,Valid
9792,FR0077,D000791,P020,2026-01-11,42834.59,140,T015,Valid
9793,FR0077,D000893,P020,2026-01-27,42834.59,140,T015,Valid
9794,FR0077,D000055,P020,2026-01-22,42834.59,140,T015,Valid
9795,FR0077,D000341,P020,2026-01-10,42834.59,140,T015,Valid
9817,FR0077,D000893,P029,2026-01-17,31799.81,81,T015,Valid
9818,FR0077,D000016,P029,2026-01-03,31799.81,81,T015,Valid
9819,FR0077,D000555,P029,2026-01-12,31799.81,81,T015,Valid
9820,FR0077,D000756,P029,2026-01-15,31799.81,81,T015,Valid
9845,FR0077,D000756,P003,2026-01-22,55993.07,32,T015,Valid
9846,FR0077,D000499,P003,2026-01-08,55993.07,32,T015,Valid
9869,FR0077,D000893,P019,2026-01-01,27001.62,12,T015,Valid
9870,FR0077,D000791,P019,2026-01-08,27001.62,12,T015,Valid
9871,FR0077,D000341,P019,2026-01-12,27001.62,12,T015,Valid
9895,FR0077,D000604,P022,2026-01-03,36001.98,88,T015,Valid
9896,FR0077,D000893,P022,2026-01-08,36001.98,88,T015,Valid
9897,FR0077,D000555,P022,2026-01-18,36001.98,88,T015,Valid
9898,FR0077,D000756,P022,2026-01-11,36001.98,88,T015,Valid
9919,FR0077,D000791,P023,2026-01-16,29336.49,12,T015,Valid
9920,FR0077,D000555,P023,2026-01-11,29336.49,12,T015,Valid
9921,FR0077,D000604,P023,2026-01-13,29336.49,12,T015,Valid
9948,FR0077,D000499,P027,2026-01-03,23973.44,10,T015,Valid
9949,FR0077,D000055,P027,2026-01-21,23973.44,10,T015,Valid
9950,FR0077,D000791,P027,2026-01-07,23973.44,10,T015,Valid
9975,FR0078,D000717,P027,2026-01-17,8843.04,4,T005,Valid
9976,FR0078,D000442,P027,2026-01-11,8843.04,4,T005,Valid
9977,FR0078,D000083,P027,2026-01-15,8843.04,4,T005,Valid
9978,FR0078,D000482,P027,2026-01-02,8843.04,4,T005,Valid
9979,FR0078,D000802,P027,2026-01-17,8843.04,4,T005,Valid
9980,FR0078,D000866,P027,2026-01-25,8843.04,4,T005,Valid
10003,FR0078,D000482,P015,2026-01-25,24672.02,16,T005,Valid
10004,FR0078,D000484,P015,2026-01-11,24672.02,16,T005,Valid
10005,FR0078,D000647,P015,2026-01-14,24672.02,16,T005,Valid
10006,FR0078,D000543,P015,2026-01-08,24672.02,16,T005,Valid
10007,FR0078,D000083,P015,2026-01-10,24672.02,16,T005,Valid
10008,FR0078,D000442,P015,2026-01-24,24672.02,16,T005,Valid
10032,FR0078,D000543,P013,2026-01-27,11317.95,24,T005,Valid
10033,FR0078,D000484,P013,2026-01-20,11317.95,24,T005,Valid
10034,FR0078,D000978,P013,2026-01-11,11317.95,24,T005,Valid
10035,FR0078,D000802,P013,2026-01-17,11317.95,24,T005,Valid
10036,FR0078,D000866,P013,2026-01-03,11317.95,24,T005,Valid
10037,FR0078,D000306,P013,2026-01-25,11317.95,24,T005,Valid
10057,FR0078,D000978,P030,2026-01-08,36898.88,145,T005,Valid
10058,FR0078,D000780,P030,2026-01-02,36898.88,145,T005,Valid
10059,FR0078,D000083,P030,2026-01-23,36898.88,145,T005,Valid
10085,FR0078,D000543,P029,2026-01-24,61250.25,157,T005,Valid
10086,FR0078,D000780,P029,2026-01-27,61250.25,157,T005,Valid
10102,FR0078,D000083,P016,2026-01-16,32724.72,223,T005,Valid
10103,FR0078,D000866,P016,2026-01-13,32724.72,223,T005,Valid
10104,FR0078,D000780,P016,2026-01-09,32724.72,223,T005,Valid
10105,FR0078,D000482,P016,2026-01-20,32724.72,223,T005,Valid
10127,FR0079,D000940,P004,2026-01-21,28750.9,17,T009,Valid
10128,FR0079,D000667,P004,2026-01-01,28750.9,17,T009,Valid
10129,FR0079,D000766,P004,2026-01-07,28750.9,17,T009,Valid
10154,FR0079,D000667,P005,2026-01-25,47473.78,24,T009,Valid
10155,FR0079,D000518,P005,2026-01-22,47473.78,24,T009,Valid
10156,FR0079,D000008,P005,2026-01-25,47473.78,24,T009,Valid
10179,FR0079,D000070,P001,2026-01-23,21015.51,21,T009,Valid
10180,FR0079,D000518,P001,2026-01-09,21015.51,21,T009,Valid
10181,FR0079,D000940,P001,2026-01-15,21015.51,21,T009,Valid
10182,FR0079,D000008,P001,2026-01-07,21015.51,21,T009,Valid
10207,FR0079,D000518,P018,2026-01-08,47018.16,70,T009,Valid
10208,FR0079,D000076,P018,2026-01-01,47018.16,70,T009,Valid
10237,FR0079,D000076,P007,2026-01-17,50934.57,106,T009,Valid
10238,FR0079,D000070,P007,2026-01-14,50934.57,106,T009,Valid
10239,FR0079,D000940,P007,2026-01-15,50934.57,106,T009,Valid
10240,FR0079,D000766,P007,2026-01-22,50934.57,106,T009,Valid
10241,FR0079,D000667,P007,2026-01-12,50934.57,106,T009,Valid
10242,FR0079,D000008,P007,2026-01-03,50934.57,106,T009,Valid
10271,FR0080,D000532,P025,2026-01-05,18076.99,7,T005,Valid
10272,FR0080,D000936,P025,2026-01-26,18076.99,7,T005,Valid
10273,FR0080,D000272,P025,2026-01-25,18076.99,7,T005,Valid
10291,FR0080,D000936,P003,2026-01-05,30064.81,17,T005,Valid
10292,FR0080,D000684,P003,2026-01-04,30064.81,17,T005,Valid
10293,FR0080,D000991,P003,2026-01-23,30064.81,17,T005,Valid
10294,FR0080,D000532,P003,2026-01-24,30064.81,17,T005,Valid
10322,FR0080,D000789,P013,2026-01-17,14529.32,31,T005,Valid
10323,FR0080,D000936,P013,2026-01-12,14529.32,31,T005,Valid
10324,FR0080,D000272,P013,2026-01-18,14529.32,31,T005,Valid
10325,FR0080,D000684,P013,2026-01-04,14529.32,31,T005,Valid
10351,FR0080,D000991,P009,2026-01-08,11450.8,5,T005,Valid
10352,FR0080,D000684,P009,2026-01-24,11450.8,5,T005,Valid
10353,FR0080,D000913,P009,2026-01-05,11450.8,5,T005,Valid
10354,FR0080,D000936,P009,2026-01-11,11450.8,5,T005,Valid
10355,FR0080,D000532,P009,2026-01-19,11450.8,5,T005,Valid
10356,FR0080,D000789,P009,2026-01-20,11450.8,5,T005,Valid
10381,FR0080,D000913,P022,2026-01-05,24707.42,61,T005,Valid
10382,FR0080,D000789,P022,2026-01-03,24707.42,61,T005,Valid
10383,FR0080,D000991,P022,2026-01-23,24707.42,61,T005,Valid
10384,FR0080,D000532,P022,2026-01-11,24707.42,61,T005,Valid
10385,FR0080,D000936,P022,2026-01-15,24707.42,61,T005,Valid
10386,FR0080,D000684,P022,2026-01-08,24707.42,61,T005,Valid
10413,FR0080,D000684,P028,2026-01-08,25923.54,23,T005,Valid
10414,FR0080,D000936,P028,2026-01-15,25923.54,23,T005,Valid
10415,FR0080,D000272,P028,2026-01-22,25923.54,23,T005,Valid
10416,FR0080,D000532,P028,2026-01-22,25923.54,23,T005,Valid
10443,FR0081,D000656,P022,2026-01-19,11756.43,29,T008,Valid
10444,FR0081,D000961,P022,2026-01-03,11756.43,29,T008,Valid
10445,FR0081,D000372,P022,2026-01-20,11756.43,29,T008,Valid
10446,FR0081,D000955,P022,2026-01-11,11756.43,29,T008,Valid
10447,FR0081,D000144,P022,2026-01-13,11756.43,29,T008,Valid
10479,FR0081,D000675,P013,2026-01-05,16833.12,36,T008,Valid
10480,FR0081,D000961,P013,2026-01-23,16833.12,36,T008,Valid
10481,FR0081,D000656,P013,2026-01-12,16833.12,36,T008,Valid
10482,FR0081,D000828,P013,2026-01-23,16833.12,36,T008,Valid
10483,FR0081,D000372,P013,2026-01-11,16833.12,36,T008,Valid
10515,FR0081,D000417,P030,2026-01-01,34412.33,136,T008,Valid
10516,FR0081,D000372,P030,2026-01-07,34412.33,136,T008,Valid
10517,FR0081,D000656,P030,2026-01-10,34412.33,136,T008,Valid
10518,FR0081,D000144,P030,2026-01-18,34412.33,136,T008,Valid
10519,FR0081,D000961,P030,2026-01-16,34412.33,136,T008,Valid
10546,FR0081,D000488,P008,2026-01-21,18073.12,8,T008,Valid
10547,FR0081,D000417,P008,2026-01-01,18073.12,8,T008,Valid
10548,FR0081,D000675,P008,2026-01-11,18073.12,8,T008,Valid
10549,FR0081,D000372,P008,2026-01-01,18073.12,8,T008,Valid
10550,FR0081,D000656,P008,2026-01-10,18073.12,8,T008,Valid
10551,FR0081,D000144,P008,2026-01-24,18073.12,8,T008,Valid
10574,FR0082,D000965,P022,2026-01-01,38659.71,95,T018,Valid
10575,FR0082,D000026,P022,2026-01-20,38659.71,95,T018,Valid
10601,FR0082,D000659,P021,2026-01-14,27009.99,13,T018,Valid
10602,FR0082,D000737,P021,2026-01-06,27009.99,13,T018,Valid
10603,FR0082,D000026,P021,2026-01-18,27009.99,13,T018,Valid
10625,FR0082,D000737,P010,2026-01-10,41161.08,31,T018,Valid
10626,FR0082,D000965,P010,2026-01-26,41161.08,31,T018,Valid
10627,FR0082,D000026,P010,2026-01-20,41161.08,31,T018,Valid
10628,FR0082,D000410,P010,2026-01-11,41161.08,31,T018,Valid
10629,FR0082,D000388,P010,2026-01-21,41161.08,31,T018,Valid
10653,FR0083,D000436,P015,2026-01-21,21229.12,14,T018,Valid
10654,FR0083,D000174,P015,2026-01-21,21229.12,14,T018,Valid
10655,FR0083,D000332,P015,2026-01-20,21229.12,14,T018,Valid
10656,FR0083,D000927,P015,2026-01-15,21229.12,14,T018,Valid
10684,FR0083,D000174,P013,2026-01-22,27570.77,59,T018,Valid
10685,FR0083,D000332,P013,2026-01-09,27570.77,59,T018,Valid
10711,FR0083,D000201,P006,2026-01-13,9876.47,27,T018,Valid
10712,FR0083,D000332,P006,2026-01-09,9876.47,27,T018,Valid
10713,FR0083,D000174,P006,2026-01-27,9876.47,27,T018,Valid
10714,FR0083,D000436,P006,2026-01-06,9876.47,27,T018,Valid
10742,FR0083,D000987,P025,2026-01-17,48713.72,20,T018,Valid
10743,FR0083,D000201,P025,2026-01-15,48713.72,20,T018,Valid
10744,FR0083,D000174,P025,2026-01-09,48713.72,20,T018,Valid
10775,FR0083,D000174,P028,2026-01-26,24132.7,21,T018,Valid
10776,FR0083,D000243,P028,2026-01-12,24132.7,21,T018,Valid
10777,FR0083,D000201,P028,2026-01-14,24132.7,21,T018,Valid
10778,FR0083,D000436,P028,2026-01-14,24132.7,21,T018,Valid
10779,FR0083,D000332,P028,2026-01-01,24132.7,21,T018,Valid
10780,FR0083,D000987,P028,2026-01-02,24132.7,21,T018,Valid
10803,FR0083,D000987,P027,2026-01-13,9983.29,4,T018,Valid
10804,FR0083,D000436,P027,2026-01-11,9983.29,4,T018,Valid
10805,FR0083,D000927,P027,2026-01-15,9983.29,4,T018,Valid
10806,FR0083,D000243,P027,2026-01-20,9983.29,4,T018,Valid
10807,FR0083,D000201,P027,2026-01-17,9983.29,4,T018,Valid
10832,FR0083,D000201,P019,2026-01-07,12659.37,6,T018,Valid
10833,FR0083,D000174,P019,2026-01-25,12659.37,6,T018,Valid
10834,FR0083,D000269,P019,2026-01-06,12659.37,6,T018,Valid
10835,FR0083,D000243,P019,2026-01-22,12659.37,6,T018,Valid
10857,FR0084,D000827,P018,2026-01-10,34528.52,51,T009,Valid
10858,FR0084,D000323,P018,2026-01-16,34528.52,51,T009,Valid
10859,FR0084,D000483,P018,2026-01-08,34528.52,51,T009,Valid
10860,FR0084,D000167,P018,2026-01-23,34528.52,51,T009,Valid
10891,FR0084,D000483,P014,2026-01-04,20253.93,15,T009,Valid
10892,FR0084,D000323,P014,2026-01-06,20253.93,15,T009,Valid
10893,FR0084,D000465,P014,2026-01-15,20253.93,15,T009,Valid
10921,FR0084,D000465,P019,2026-01-25,10290.65,5,T009,Valid
10922,FR0084,D000167,P019,2026-01-25,10290.65,5,T009,Valid
10923,FR0084,D000323,P019,2026-01-19,10290.65,5,T009,Valid
10924,FR0084,D000827,P019,2026-01-07,10290.65,5,T009,Valid
10925,FR0084,D000483,P019,2026-01-27,10290.65,5,T009,Valid
10926,FR0084,D000051,P019,2026-01-04,10290.65,5,T009,Valid
10951,FR0084,D000465,P027,2026-01-26,36834.42,15,T009,Valid
10952,FR0084,D000323,P027,2026-01-07,36834.42,15,T009,Valid
10953,FR0084,D000051,P027,2026-01-02,36834.42,15,T009,Valid
10954,FR0084,D000167,P027,2026-01-25,36834.42,15,T009,Valid
10977,FR0084,D000483,P022,2026-01-16,30523.78,75,T009,Valid
10978,FR0084,D000323,P022,2026-01-27,30523.78,75,T009,Valid
11001,FR0084,D000323,P024,2026-01-02,57804.72,79,T009,Valid
11002,FR0084,D000465,P024,2026-01-07,57804.72,79,T009,Valid
11003,FR0084,D000483,P024,2026-01-02,57804.72,79,T009,Valid
11029,FR0085,D000111,P019,2026-01-22,82613.06,37,T019,Valid
11030,FR0085,D000578,P019,2026-01-13,82613.06,37,T019,Valid
11053,FR0085,D000971,P003,2026-01-23,29928.9,17,T019,Valid
11054,FR0085,D000111,P003,2026-01-12,29928.9,17,T019,Valid
11055,FR0085,D000283,P003,2026-01-10,29928.9,17,T019,Valid
11056,FR0085,D000418,P003,2026-01-20,29928.9,17,T019,Valid
11057,FR0085,D000841,P003,2026-01-02,29928.9,17,T019,Valid
11083,FR0085,D000418,P023,2026-01-02,16888.81,7,T019,Valid
11084,FR0085,D000971,P023,2026-01-13,16888.81,7,T019,Valid
11085,FR0085,D000578,P023,2026-01-03,16888.81,7,T019,Valid
11086,FR0085,D000283,P023,2026-01-14,16888.81,7,T019,Valid
11087,FR0085,D000841,P023,2026-01-16,16888.81,7,T019,Valid
11113,FR0085,D000971,P028,2026-01-13,50534.72,44,T018,Valid
11114,FR0085,D000578,P028,2026-01-11,50534.72,44,T002,Valid
11136,FR0085,D000579,P009,2026-01-10,98095.04,40,T019,Valid
11137,FR0085,D000578,P009,2026-01-13,98095.04,40,T019,Valid
11162,FR0086,D000517,P002,2026-01-09,25669.44,19,T014,Valid
11163,FR0086,D000512,P002,2026-01-27,25669.44,19,T014,Valid
11164,FR0086,D000886,P002,2026-01-13,25669.44,19,T014,Valid
11165,FR0086,D000118,P002,2026-01-11,25669.44,19,T014,Valid
11166,FR0086,D000316,P002,2026-01-12,25669.44,19,T014,Valid
11185,FR0086,D000118,P027,2026-01-14,30103.3,12,T014,Valid
11186,FR0086,D000361,P027,2026-01-19,30103.3,12,T014,Valid
11187,FR0086,D000316,P027,2026-01-17,30103.3,12,T014,Valid
11188,FR0086,D000517,P027,2026-01-10,30103.3,12,T014,Valid
11189,FR0086,D000990,P027,2026-01-01,30103.3,12,T014,Valid
11210,FR0086,D000886,P005,2026-01-06,52190.98,27,T014,Valid
11211,FR0086,D000125,P005,2026-01-25,52190.98,27,T014,Valid
11231,FR0086,D000886,P016,2026-01-27,40798.66,278,T014,Valid
11232,FR0086,D000517,P016,2026-01-18,40798.66,278,T014,Valid
11233,FR0086,D000125,P016,2026-01-21,40798.66,278,T014,Valid
11258,FR0086,D000355,P013,2026-01-23,13326.35,29,T014,Valid
11259,FR0086,D000316,P013,2026-01-18,13326.35,29,T014,Valid
11260,FR0086,D000118,P013,2026-01-03,13326.35,29,T014,Valid
11261,FR0086,D000886,P013,2026-01-27,13326.35,29,T014,Valid
11284,FR0086,D000886,P020,2026-01-19,33570.8,110,T014,Valid
11285,FR0086,D000125,P020,2026-01-04,33570.8,110,T014,Valid
11286,FR0086,D000413,P020,2026-01-13,33570.8,110,T014,Valid
11287,FR0086,D000118,P020,2026-01-08,33570.8,110,T014,Valid
11288,FR0086,D000361,P020,2026-01-21,33570.8,110,T014,Valid
11317,FR0087,D000002,P016,2026-01-05,22219.28,151,T019,Valid
11318,FR0087,D000601,P016,2026-01-21,22219.28,151,T019,Valid
11319,FR0087,D000209,P016,2026-01-04,22219.28,151,T019,Valid
11320,FR0087,D000525,P016,2026-01-20,22219.28,151,T019,Valid
11321,FR0087,D000324,P016,2026-01-26,22219.28,151,T019,Valid
11322,FR0087,D000401,P016,2026-01-20,22219.28,151,T019,Valid
11347,FR0087,D000662,P019,2026-01-09,54810.36,25,T019,Valid
11348,FR0087,D000805,P019,2026-01-13,54810.36,25,T019,Valid
11381,FR0087,D000601,P002,2026-01-19,117980.1,86,T010,Valid
11382,FR0087,D000975,P002,2026-01-24,117980.1,86,T011,Valid
11406,FR0087,D000002,P010,2026-01-09,21322.61,16,T019,Valid
11407,FR0087,D000209,P010,2026-01-08,21322.61,16,T019,Valid
11408,FR0087,D000601,P010,2026-01-22,21322.61,16,T019,Valid
11438,FR0088,D000280,P017,2026-01-24,95240.01,43,T013,Valid
11457,FR0088,D000678,P025,2026-01-12,36115.75,15,T013,Valid
11458,FR0088,D000280,P025,2026-01-11,36115.75,15,T013,Valid
11459,FR0088,D000706,P025,2026-01-08,36115.75,15,T013,Valid
11460,FR0088,D000131,P025,2026-01-07,36115.75,15,T013,Valid
11480,FR0088,D000706,P001,2026-01-15,17681.52,17,T013,Valid
11481,FR0088,D000131,P001,2026-01-15,17681.52,17,T013,Valid
11482,FR0088,D000678,P001,2026-01-07,17681.52,17,T013,Valid
11503,FR0089,D000733,P015,2026-01-16,150594.84,98,T012,Valid
11510,FR0089,D000733,P012,2026-01-04,49760.08,23,T012,Valid
11517,FR0089,D000733,P014,2026-01-18,95729.41,69,T012,Valid
11524,FR0089,D000733,P028,2026-01-12,140561.75,122,T012,Valid
11531,FR0089,D000733,P021,2026-01-14,221947.5,108,T015,Valid
11538,FR0090,D000406,P022,2026-01-20,34945.63,86,T008,Valid
11539,FR0090,D000164,P022,2026-01-02,34945.63,86,T008,Valid
11540,FR0090,D000814,P022,2026-01-01,34945.63,86,T008,Valid
11541,FR0090,D000468,P022,2026-01-26,34945.63,86,T008,Valid
11560,FR0090,D000406,P010,2026-01-07,27792.03,21,T008,Valid
11561,FR0090,D000468,P010,2026-01-12,27792.03,21,T008,Valid
11562,FR0090,D000164,P010,2026-01-01,27792.03,21,T008,Valid
11563,FR0090,D000814,P010,2026-01-23,27792.03,21,T008,Valid
11584,FR0090,D000406,P020,2026-01-26,23173.48,76,T008,Valid
11585,FR0090,D000468,P020,2026-01-11,23173.48,76,T008,Valid
11586,FR0090,D000814,P020,2026-01-23,23173.48,76,T008,Valid
11605,FR0090,D000814,P021,2026-01-01,34506.18,17,T008,Valid
11606,FR0090,D000164,P021,2026-01-04,34506.18,17,T008,Valid
11607,FR0090,D000468,P021,2026-01-20,34506.18,17,T008,Valid
11608,FR0090,D000406,P021,2026-01-06,34506.18,17,T008,Valid
11630,FR0091,D000947,P010,2026-01-20,35213.99,27,T005,Valid
11631,FR0091,D000491,P010,2026-01-06,35213.99,27,T005,Valid
11660,FR0091,D000906,P006,2026-01-21,121020.42,329,T005,Valid
11688,FR0091,D000699,P023,2026-01-18,41321.31,17,T005,Valid
11689,FR0091,D000491,P023,2026-01-21,41321.31,17,T005,Valid
11690,FR0091,D000307,P023,2026-01-27,41321.31,17,T005,Valid
11713,FR0092,D000546,P015,2026-01-13,31097.23,20,T017,Valid
11714,FR0092,D000362,P015,2026-01-15,31097.23,20,T017,Valid
11715,FR0092,D000839,P015,2026-01-02,31097.23,20,T017,Valid
11716,FR0092,D000059,P015,2026-01-25,31097.23,20,T017,Valid
11717,FR0092,D000137,P015,2026-01-09,31097.23,20,T017,Valid
11742,FR0092,D000593,P014,2026-01-08,74526.97,53,T017,Valid
11743,FR0092,D000649,P014,2026-01-24,74526.97,53,T017,Valid
11769,FR0092,D000973,P006,2026-01-21,20992.74,57,T017,Valid
11770,FR0092,D000854,P006,2026-01-14,20992.74,57,T017,Valid
11771,FR0092,D000759,P006,2026-01-12,20992.74,57,T017,Valid
11772,FR0092,D000124,P006,2026-01-24,20992.74,57,T017,Valid
11773,FR0092,D000804,P006,2026-01-03,20992.74,57,T017,Valid
11798,FR0093,D000962,P002,2026-01-03,22667.2,17,T016,Valid
11799,FR0093,D000275,P002,2026-01-07,22667.2,17,T016,Valid
11800,FR0093,D000865,P002,2026-01-23,22667.2,17,T016,Valid
11801,FR0093,D000835,P002,2026-01-02,22667.2,17,T016,Valid
11802,FR0093,D000732,P002,2026-01-18,22667.2,17,T016,Valid
11822,FR0093,D000835,P029,2026-01-20,26147.02,67,T016,Valid
11823,FR0093,D000812,P029,2026-01-16,26147.02,67,T016,Valid
11824,FR0093,D000376,P029,2026-01-14,26147.02,67,T016,Valid
11848,FR0093,D000732,P022,2026-01-15,13838.16,34,T016,Valid
11849,FR0093,D000185,P022,2026-01-01,13838.16,34,T016,Valid
11850,FR0093,D000812,P022,2026-01-14,13838.16,34,T016,Valid
11851,FR0093,D000356,P022,2026-01-07,13838.16,34,T016,Valid
11852,FR0093,D000248,P022,2026-01-21,13838.16,34,T016,Valid
11853,FR0093,D000781,P022,2026-01-11,13838.16,34,T016,Valid
11879,FR0093,D000732,P026,2026-01-16,24664.96,14,T016,Valid
11880,FR0093,D000200,P026,2026-01-24,24664.96,14,T016,Valid
11881,FR0093,D000900,P026,2026-01-07,24664.96,14,T016,Valid
11882,FR0093,D000873,P026,2026-01-26,24664.96,14,T016,Valid
11883,FR0093,D000781,P026,2026-01-22,24664.96,14,T016,Valid
11884,FR0093,D000030,P026,2026-01-08,24664.96,14,T016,Valid
11903,FR0093,D000900,P009,2026-01-19,10857.33,4,T016,Valid
11904,FR0093,D000962,P009,2026-01-13,10857.33,4,T016,Valid
11905,FR0093,D000873,P009,2026-01-02,10857.33,4,T016,Valid
11906,FR0093,D000732,P009,2026-01-23,10857.33,4,T016,Valid
11937,FR0093,D000200,P003,2026-01-13,38882.02,22,T016,Valid
11938,FR0093,D000356,P003,2026-01-09,38882.02,22,T016,Valid
11939,FR0093,D000910,P003,2026-01-18,38882.02,22,T016,Valid
11940,FR0093,D000716,P003,2026-01-14,38882.02,22,T016,Valid
11959,FR0093,D000901,P017,2026-01-13,15928.02,7,T016,Valid
11960,FR0093,D000910,P017,2026-01-27,15928.02,7,T016,Valid
11961,FR0093,D000900,P017,2026-01-16,15928.02,7,T016,Valid
11962,FR0093,D000325,P017,2026-01-25,15928.02,7,T016,Valid
11963,FR0093,D000275,P017,2026-01-25,15928.02,7,T016,Valid
11964,FR0093,D000600,P017,2026-01-26,15928.02,7,T016,Valid
11993,FR0094,D000926,P021,2026-01-16,36510.42,18,T003,Valid
11994,FR0094,D000506,P021,2026-01-27,36510.42,18,T003,Valid
12019,FR0094,D000284,P015,2026-01-26,28078.04,18,T003,Valid
12020,FR0094,D000599,P015,2026-01-03,28078.04,18,T003,Valid
12021,FR0094,D000771,P015,2026-01-24,28078.04,18,T003,Valid
12022,FR0094,D000620,P015,2026-01-09,28078.04,18,T003,Valid
12023,FR0094,D000688,P015,2026-01-02,28078.04,18,T003,Valid
12024,FR0094,D000838,P015,2026-01-22,28078.04,18,T003,Valid
12049,FR0094,D000838,P011,2026-01-26,22020.09,10,T003,Valid
12050,FR0094,D000735,P011,2026-01-24,22020.09,10,T003,Valid
12051,FR0094,D000688,P011,2026-01-18,22020.09,10,T003,Valid
12052,FR0094,D000696,P011,2026-01-08,22020.09,10,T003,Valid
12082,FR0094,D000926,P017,2026-01-02,11108.77,5,T003,Valid
12083,FR0094,D000838,P017,2026-01-07,11108.77,5,T003,Valid
12084,FR0094,D000075,P017,2026-01-13,11108.77,5,T003,Valid
12085,FR0094,D000284,P017,2026-01-06,11108.77,5,T003,Valid
12086,FR0094,D000771,P017,2026-01-22,11108.77,5,T003,Valid
12087,FR0094,D000735,P017,2026-01-03,11108.77,5,T003,Valid
12106,FR0094,D000771,P023,2026-01-04,28101.27,12,T003,Valid
12107,FR0094,D000926,P023,2026-01-04,28101.27,12,T003,Valid
12108,FR0094,D000506,P023,2026-01-02,28101.27,12,T003,Valid
12109,FR0094,D000284,P023,2026-01-06,28101.27,12,T003,Valid
12110,FR0094,D000838,P023,2026-01-20,28101.27,12,T003,Valid
12136,FR0095,D000154,P016,2026-01-22,8940.88,61,T002,Valid
12137,FR0095,D000004,P016,2026-01-01,8940.88,61,T002,Valid
12138,FR0095,D000621,P016,2026-01-25,8940.88,61,T002,Valid
12139,FR0095,D000977,P016,2026-01-26,8940.88,61,T002,Valid
12140,FR0095,D000842,P016,2026-01-09,8940.88,61,T002,Valid
12141,FR0095,D000970,P016,2026-01-27,8940.88,61,T002,Valid
12169,FR0095,D000154,P028,2026-01-21,17000.91,15,T002,Valid
12170,FR0095,D000977,P028,2026-01-16,17000.91,15,T002,Valid
12171,FR0095,D000004,P028,2026-01-05,17000.91,15,T002,Valid
12194,FR0095,D000842,P027,2026-01-02,40744.7,16,T002,Valid
12195,FR0095,D000970,P027,2026-01-10,40744.7,16,T002,Valid
12196,FR0095,D000977,P027,2026-01-09,40744.7,16,T002,Valid
12217,FR0096,D000279,P012,2026-01-14,29549.04,14,T004,Valid
12218,FR0096,D000510,P012,2026-01-27,29549.04,14,T004,Valid
12219,FR0096,D000082,P012,2026-01-10,29549.04,14,T004,Valid
12220,FR0096,D000959,P012,2026-01-04,29549.04,14,T004,Valid
12240,FR0096,D000069,P005,2026-01-14,13395.63,7,T004,Valid
12241,FR0096,D000151,P005,2026-01-14,13395.63,7,T004,Valid
12242,FR0096,D000279,P005,2026-01-01,13395.63,7,T004,Valid
12243,FR0096,D000510,P005,2026-01-01,13395.63,7,T004,Valid
12244,FR0096,D000920,P005,2026-01-19,13395.63,7,T004,Valid
12245,FR0096,D000938,P005,2026-01-01,13395.63,7,T004,Valid
12275,FR0096,D000920,P010,2026-01-19,19448.8,15,T004,Valid
12276,FR0096,D000728,P010,2026-01-03,19448.8,15,T004,Valid
12277,FR0096,D000279,P010,2026-01-24,19448.8,15,T004,Valid
12278,FR0096,D000069,P010,2026-01-20,19448.8,15,T004,Valid
12279,FR0096,D000938,P010,2026-01-25,19448.8,15,T004,Valid
12280,FR0096,D000082,P010,2026-01-26,19448.8,15,T004,Valid
12307,FR0096,D000151,P027,2026-01-04,40335.33,16,T004,Valid
12308,FR0096,D000728,P027,2026-01-23,40335.33,16,T004,Valid
12331,FR0096,D000510,P026,2026-01-05,19514.35,11,T004,Valid
12332,FR0096,D000920,P026,2026-01-09,19514.35,11,T004,Valid
12333,FR0096,D000728,P026,2026-01-21,19514.35,11,T004,Valid
12358,FR0097,D000519,P021,2026-01-07,51759.65,25,T005,Valid
12359,FR0097,D000282,P021,2026-01-26,51759.65,25,T005,Valid
12384,FR0097,D000793,P024,2026-01-27,127004.05,173,T005,Valid
12407,FR0097,D000078,P003,2026-01-12,35475.95,20,T005,Valid
12408,FR0097,D000377,P003,2026-01-08,35475.95,20,T005,Valid
12409,FR0097,D000864,P003,2026-01-12,35475.95,20,T005,Valid
12434,FR0097,D000078,P023,2026-01-14,19606.0,8,T005,Valid
12435,FR0097,D000060,P023,2026-01-25,19606.0,8,T005,Valid
12436,FR0097,D000519,P023,2026-01-09,19606.0,8,T005,Valid
12460,FR0097,D000399,P017,2026-01-05,32378.43,15,T005,Valid
12461,FR0097,D000060,P017,2026-01-11,32378.43,15,T005,Valid
12462,FR0097,D000595,P017,2026-01-20,32378.43,15,T005,Valid
12492,FR0097,D000377,P022,2026-01-23,17199.96,42,T005,Valid
12493,FR0097,D000595,P022,2026-01-12,17199.96,42,T005,Valid
12494,FR0097,D000881,P022,2026-01-16,17199.96,42,T005,Valid
12495,FR0097,D000022,P022,2026-01-08,17199.96,42,T005,Valid
12496,FR0097,D000519,P022,2026-01-24,17199.96,42,T005,Valid
12521,FR0098,D000485,P023,2026-01-10,36498.72,15,T006,Valid
12522,FR0098,D000296,P023,2026-01-23,36498.72,15,T006,Valid
12547,FR0098,D000296,P005,2026-01-09,19986.23,10,T006,Valid
12548,FR0098,D000093,P005,2026-01-05,19986.23,10,T006,Valid
12549,FR0098,D000549,P005,2026-01-02,19986.23,10,T006,Valid
12550,FR0098,D000931,P005,2026-01-02,19986.23,10,T006,Valid
12551,FR0098,D000239,P005,2026-01-09,19986.23,10,T006,Valid
12552,FR0098,D000817,P005,2026-01-07,19986.23,10,T006,Valid
12573,FR0098,D000653,P001,2026-01-22,40304.35,39,T006,Valid
12574,FR0098,D000093,P001,2026-01-19,40304.35,39,T006,Valid
12575,FR0098,D000817,P001,2026-01-21,40304.35,39,T006,Valid
12602,FR0098,D000093,P014,2026-01-27,18869.67,14,T006,Valid
12603,FR0098,D000138,P014,2026-01-19,18869.67,14,T006,Valid
12604,FR0098,D000296,P014,2026-01-11,18869.67,14,T006,Valid
12632,FR0099,D000522,P001,2026-01-09,16377.95,16,T014,Valid
12633,FR0099,D000434,P001,2026-01-27,16377.95,16,T014,Valid
12634,FR0099,D000729,P001,2026-01-11,16377.95,16,T014,Valid
12635,FR0099,D000015,P001,2026-01-07,16377.95,16,T014,Valid
12636,FR0099,D000655,P001,2026-01-04,16377.95,16,T014,Valid
12656,FR0099,D000015,P008,2026-01-03,14450.62,6,T014,Valid
12657,FR0099,D000392,P008,2026-01-21,14450.62,6,T014,Valid
12658,FR0099,D000297,P008,2026-01-05,14450.62,6,T014,Valid
12659,FR0099,D000729,P008,2026-01-06,14450.62,6,T014,Valid
12660,FR0099,D000463,P008,2026-01-23,14450.62,6,T014,Valid
12661,FR0099,D000434,P008,2026-01-15,14450.62,6,T014,Valid
12683,FR0099,D000015,P005,2026-01-11,29760.2,15,T014,Valid
12684,FR0099,D000226,P005,2026-01-20,29760.2,15,T014,Valid
12685,FR0099,D000922,P005,2026-01-17,29760.2,15,T014,Valid
12686,FR0099,D000463,P005,2026-01-06,29760.2,15,T014,Valid
12687,FR0099,D000655,P005,2026-01-10,29760.2,15,T014,Valid
12713,FR0099,D000729,P027,2026-01-15,81800.67,33,T015,Valid
12714,FR0099,D000015,P027,2026-01-11,81800.67,33,T014,Valid
12735,FR0099,D000522,P003,2026-01-18,164233.12,95,T014,Valid
12765,FR0099,D000015,P015,2026-01-09,17795.18,12,T014,Valid
12766,FR0099,D000655,P015,2026-01-06,17795.18,12,T014,Valid
12767,FR0099,D000522,P015,2026-01-06,17795.18,12,T014,Valid
12768,FR0099,D000463,P015,2026-01-15,17795.18,12,T014,Valid
12769,FR0099,D000297,P015,2026-01-15,17795.18,12,T014,Valid
12770,FR0099,D000729,P015,2026-01-04,17795.18,12,T014,Valid
12799,FR0099,D000677,P025,2026-01-03,68178.2,28,T014,Valid
12800,FR0099,D000434,P025,2026-01-03,68178.2,28,T014,Valid
12818,FR0100,D000701,P022,2026-01-26,15764.23,39,T020,Valid
12819,FR0100,D000389,P022,2026-01-15,15764.23,39,T020,Valid
12820,FR0100,D000130,P022,2026-01-07,15764.23,39,T020,Valid
12821,FR0100,D000657,P022,2026-01-05,15764.23,39,T020,Valid
12822,FR0100,D000423,P022,2026-01-01,15764.23,39,T020,Valid
12823,FR0100,D000404,P022,2026-01-27,15764.23,39,T020,Valid
12847,FR0100,D000736,P026,2026-01-05,14711.07,8,T020,Valid
12848,FR0100,D000651,P026,2026-01-03,14711.07,8,T020,Valid
12849,FR0100,D000811,P026,2026-01-22,14711.07,8,T020,Valid
12850,FR0100,D000750,P026,2026-01-20,14711.07,8,T020,Valid
12882,FR0100,D000736,P008,2026-01-19,43064.13,18,T020,Valid
12883,FR0100,D000529,P008,2026-01-02,43064.13,18,T020,Valid
12884,FR0100,D000404,P008,2026-01-17,43064.13,18,T020,Valid
12911,FR0100,D000736,P014,2026-01-16,16560.47,12,T020,Valid
12912,FR0100,D000529,P014,2026-01-14,16560.47,12,T020,Valid
12913,FR0100,D000389,P014,2026-01-04,16560.47,12,T020,Valid
12936,FR0100,D000736,P017,2026-01-19,27647.51,13,T020,Valid
12937,FR0100,D000389,P017,2026-01-24,27647.51,13,T020,Valid
12938,FR0100,D000651,P017,2026-01-24,27647.51,13,T020,Valid
12939,FR0100,D000666,P017,2026-01-12,27647.51,13,T020,Valid
12965,FR0100,D000666,P027,2026-01-21,18006.87,7,T020,Valid
12966,FR0100,D000803,P027,2026-01-10,18006.87,7,T020,Valid
12967,FR0100,D000404,P027,2026-01-03,18006.87,7,T020,Valid
12968,FR0100,D000651,P027,2026-01-12,18006.87,7,T020,Valid
12969,FR0100,D000657,P027,2026-01-15,18006.87,7,T020,Valid
12970,FR0100,D000701,P027,2026-01-14,18006.87,7,T020,Valid
12997,FR0100,D000666,P028,2026-01-21,12989.93,11,T020,Valid
12998,FR0100,D000651,P028,2026-01-15,12989.93,11,T020,Valid
12999,FR0100,D000130,P028,2026-01-03,12989.93,11,T020,Valid
13000,FR0100,D000701,P028,2026-01-27,12989.93,11,T020,Valid
13001,FR0100,D000750,P028,2026-01-17,12989.93,11,T020,Valid
13002,FR0100,D000803,P028,2026-01-21,12989.93,11,T020,Valid
