payout_id,representative_id,product_id,payout_month,expected_payout,actual_payout,payout_difference,status
1,FR0001,P015,2026-01-01,28.65,28.65,0.0,Processed
2,FR0001,P015,2026-02-01,231.74,231.74,0.0,Processed
3,FR0001,P015,2026-03-01,0.0,0.0,0.0,Processed
4,FR0001,P015,2026-04-01,92.18,92.18,0.0,Processed
5,FR0001,P015,2026-05-01,0.0,0.0,0.0,Processed
6,FR0001,P015,2026-06-01,110.13,110.13,0.0,Processed
7,FR0001,P015,2026-07-01,159.86,159.86,0.0,Processed
8,FR0001,P011,2026-01-01,3193.34,3193.34,0.0,Processed
9,FR0001,P011,2026-02-01,3423.17,3423.17,0.0,Processed
10,FR0001,P011,2026-03-01,3520.39,3520.39,0.0,Processed
11,FR0001,P011,2026-04-01,3251.97,3251.97,0.0,Processed
12,FR0001,P011,2026-05-01,3226.01,3226.01,0.0,Processed
13,FR0001,P011,2026-06-01,3320.81,3320.81,0.0,Processed
14,FR0001,P011,2026-07-01,3250.83,3250.83,0.0,Processed
15,FR0001,P014,2026-01-01,10308.83,10308.83,0.0,Processed
16,FR0001,P014,2026-02-01,10235.36,10235.36,0.0,Processed
17,FR0001,P014,2026-03-01,9208.21,9208.21,0.0,Processed
18,FR0001,P014,2026-04-01,9539.58,9539.58,0.0,Processed
19,FR0001,P014,2026-05-01,10244.48,10244.48,0.0,Processed
20,FR0001,P014,2026-06-01,9915.84,9915.84,0.0,Processed
21,FR0001,P014,2026-07-01,13558.8,21198.88,7640.08,Processed
22,FR0001,P004,2026-01-01,0.0,0.0,0.0,Processed
23,FR0001,P004,2026-02-01,0.0,0.0,0.0,Processed
24,FR0001,P004,2026-03-01,0.0,0.0,0.0,Processed
25,FR0001,P004,2026-04-01,0.0,0.0,0.0,Processed
26,FR0001,P004,2026-05-01,0.0,0.0,0.0,Processed
27,FR0001,P004,2026-06-01,0.0,0.0,0.0,Processed
28,FR0001,P004,2026-07-01,0.0,0.0,0.0,Processed
29,FR0002,P009,2026-01-01,7518.79,7518.79,0.0,Processed
30,FR0002,P009,2026-02-01,7877.39,7877.39,0.0,Processed
31,FR0002,P009,2026-03-01,6961.84,6961.84,0.0,Processed
32,FR0002,P009,2026-04-01,7356.34,7356.34,0.0,Processed
33,FR0002,P009,2026-05-01,7777.88,7777.88,0.0,Processed
34,FR0002,P009,2026-06-01,6729.46,6729.46,0.0,Processed
35,FR0002,P009,2026-07-01,7631.52,7631.52,0.0,Processed
36,FR0002,P013,2026-01-01,0.0,0.0,0.0,Processed
37,FR0002,P013,2026-02-01,0.0,0.0,0.0,Processed
38,FR0002,P013,2026-03-01,0.0,0.0,0.0,Processed
39,FR0002,P013,2026-04-01,0.0,0.0,0.0,Processed
40,FR0002,P013,2026-05-01,0.0,0.0,0.0,Processed
41,FR0002,P013,2026-06-01,0.0,0.0,0.0,Processed
42,FR0002,P013,2026-07-01,0.0,0.0,0.0,Processed
43,FR0002,P021,2026-01-01,3232.93,3232.93,0.0,Processed
44,FR0002,P021,2026-02-01,2994.41,2994.41,0.0,Processed
45,FR0002,P021,2026-03-01,3050.13,3050.13,0.0,Processed
46,FR0002,P021,2026-04-01,3279.08,3279.08,0.0,Processed
47,FR0002,P021,2026-05-01,3156.13,3156.13,0.0,Processed
48,FR0002,P021,2026-06-01,3247.69,3247.69,0.0,Processed
49,FR0002,P021,2026-07-01,3458.36,3458.36,0.0,Processed
50,FR0002,P016,2026-01-01,4516.09,4516.09,0.0,Processed
51,FR0002,P016,2026-02-01,9335.49,9335.49,0.0,Processed
52,FR0002,P016,2026-03-01,4530.83,4530.83,0.0,Processed
53,FR0002,P016,2026-04-01,5058.61,5058.61,0.0,Processed
54,FR0002,P016,2026-05-01,4593.82,4593.82,0.0,Processed
55,FR0002,P016,2026-06-01,4328.31,4328.31,0.0,Processed
56,FR0002,P016,2026-07-01,4953.48,4953.48,0.0,Processed
57,FR0002,P019,2026-01-01,3134.32,3134.32,0.0,Processed
58,FR0002,P019,2026-02-01,2901.55,2901.55,0.0,Processed
59,FR0002,P019,2026-03-01,3238.97,3238.97,0.0,Processed
60,FR0002,P019,2026-04-01,3189.36,3189.36,0.0,Processed
61,FR0002,P019,2026-05-01,3314.05,3314.05,0.0,Processed
62,FR0002,P019,2026-06-01,5913.84,5913.84,0.0,Processed
63,FR0002,P019,2026-07-01,3372.99,3372.99,0.0,Processed
64,FR0002,P020,2026-01-01,0.0,0.0,0.0,Processed
65,FR0002,P020,2026-02-01,0.0,0.0,0.0,Processed
66,FR0002,P020,2026-03-01,0.0,0.0,0.0,Processed
67,FR0002,P020,2026-04-01,0.0,0.0,0.0,Processed
68,FR0002,P020,2026-05-01,0.0,0.0,0.0,Processed
69,FR0002,P020,2026-06-01,0.0,0.0,0.0,Processed
70,FR0002,P020,2026-07-01,0.0,0.0,0.0,Processed
71,FR0003,P025,2026-01-01,7263.61,7263.61,0.0,Processed
72,FR0003,P025,2026-02-01,7943.35,7943.35,0.0,Processed
73,FR0003,P025,2026-03-01,7495.28,7495.28,0.0,Processed
74,FR0003,P025,2026-04-01,6918.19,6918.19,0.0,Processed
75,FR0003,P025,2026-05-01,8141.67,8141.67,0.0,Processed
76,FR0003,P025,2026-06-01,8101.43,8101.43,0.0,Processed
77,FR0003,P025,2026-07-01,7731.16,9520.28,1789.11,Processed
78,FR0003,P012,2026-01-01,5548.26,5548.26,0.0,Processed
79,FR0003,P012,2026-02-01,5829.7,5829.7,0.0,Processed
80,FR0003,P012,2026-03-01,5342.25,5342.25,0.0,Processed
81,FR0003,P012,2026-04-01,5020.13,5020.13,0.0,Processed
82,FR0003,P012,2026-05-01,5727.3,5727.3,0.0,Processed
83,FR0003,P012,2026-06-01,4856.35,4856.35,0.0,Processed
84,FR0003,P012,2026-07-01,5495.76,5495.76,0.0,Processed
85,FR0003,P018,2026-01-01,656.23,656.23,0.0,Processed
86,FR0003,P018,2026-02-01,1619.74,1619.74,0.0,Processed
87,FR0003,P018,2026-03-01,1498.0,1498.0,0.0,Processed
88,FR0003,P018,2026-04-01,547.55,547.55,0.0,Processed
89,FR0003,P018,2026-05-01,1332.0,1332.0,0.0,Processed
90,FR0003,P018,2026-06-01,652.96,652.96,0.0,Processed
91,FR0003,P018,2026-07-01,750.78,750.78,0.0,Processed
92,FR0004,P019,2026-01-01,3720.0,3720.0,0.0,Processed
93,FR0004,P019,2026-02-01,3743.72,3743.72,0.0,Processed
94,FR0004,P019,2026-03-01,3488.63,3488.63,0.0,Processed
95,FR0004,P019,2026-04-01,3715.78,11580.95,7865.17,Processed
96,FR0004,P019,2026-05-01,3502.37,3502.37,0.0,Processed
97,FR0004,P019,2026-06-01,3679.32,3679.32,0.0,Processed
98,FR0004,P019,2026-07-01,3860.7,3860.7,0.0,Processed
99,FR0004,P013,2026-01-01,2704.83,2704.83,0.0,Processed
100,FR0004,P013,2026-02-01,3510.38,3510.38,0.0,Processed
101,FR0004,P013,2026-03-01,2719.68,2719.68,0.0,Processed
102,FR0004,P013,2026-04-01,3056.74,3056.74,0.0,Processed
103,FR0004,P013,2026-05-01,3432.2,3432.2,0.0,Processed
104,FR0004,P013,2026-06-01,2851.18,2851.18,0.0,Processed
105,FR0004,P013,2026-07-01,3255.99,3255.99,0.0,Processed
106,FR0004,P025,2026-01-01,9303.81,9303.81,0.0,Processed
107,FR0004,P025,2026-02-01,9684.94,9684.94,0.0,Processed
108,FR0004,P025,2026-03-01,9267.9,9267.9,0.0,Processed
109,FR0004,P025,2026-04-01,10097.43,10097.43,0.0,Processed
110,FR0004,P025,2026-05-01,11241.74,11241.74,0.0,Processed
111,FR0004,P025,2026-06-01,10316.88,10316.88,0.0,Processed
112,FR0004,P025,2026-07-01,10181.23,10181.23,0.0,Processed
113,FR0004,P030,2026-01-01,1729.44,1729.44,0.0,Processed
114,FR0004,P030,2026-02-01,1550.25,1550.25,0.0,Processed
115,FR0004,P030,2026-03-01,708.92,708.92,0.0,Processed
116,FR0004,P030,2026-04-01,663.35,663.35,0.0,Processed
117,FR0004,P030,2026-05-01,1586.17,1586.17,0.0,Processed
118,FR0004,P030,2026-06-01,1156.41,1156.41,0.0,Processed
119,FR0004,P030,2026-07-01,937.54,937.54,0.0,Processed
120,FR0004,P007,2026-01-01,0.0,0.0,0.0,Processed
121,FR0004,P007,2026-02-01,520.69,520.69,0.0,Processed
122,FR0004,P007,2026-03-01,427.14,427.14,0.0,Processed
123,FR0004,P007,2026-04-01,126.83,126.83,0.0,Processed
124,FR0004,P007,2026-05-01,420.52,420.52,0.0,Processed
125,FR0004,P007,2026-06-01,0.0,5864.64,5864.64,Processed
126,FR0004,P007,2026-07-01,264.61,264.61,0.0,Processed
127,FR0004,P002,2026-01-01,9150.6,9150.6,0.0,Processed
128,FR0004,P002,2026-02-01,4193.44,4193.44,0.0,Processed
129,FR0004,P002,2026-03-01,4222.69,4222.69,0.0,Processed
130,FR0004,P002,2026-04-01,3487.07,3487.07,0.0,Processed
131,FR0004,P002,2026-05-01,4514.17,4514.17,0.0,Processed
132,FR0004,P002,2026-06-01,3808.26,3808.26,0.0,Processed
133,FR0004,P002,2026-07-01,3738.82,3738.82,0.0,Processed
134,FR0004,P018,2026-01-01,0.0,0.0,0.0,Processed
135,FR0004,P018,2026-02-01,0.0,0.0,0.0,Processed
136,FR0004,P018,2026-03-01,0.0,0.0,0.0,Processed
137,FR0004,P018,2026-04-01,0.0,0.0,0.0,Processed
138,FR0004,P018,2026-05-01,0.0,0.0,0.0,Processed
139,FR0004,P018,2026-06-01,0.0,0.0,0.0,Processed
140,FR0004,P018,2026-07-01,0.0,0.0,0.0,Processed
141,FR0005,P023,2026-01-01,1774.45,1774.45,0.0,Processed
142,FR0005,P023,2026-02-01,1665.91,1665.91,0.0,Processed
143,FR0005,P023,2026-03-01,3432.16,3432.16,0.0,Processed
144,FR0005,P023,2026-04-01,1766.14,1766.14,0.0,Processed
145,FR0005,P023,2026-05-01,1499.05,1499.05,0.0,Processed
146,FR0005,P023,2026-06-01,1702.35,1702.35,0.0,Processed
147,FR0005,P023,2026-07-01,1720.03,1720.03,0.0,Processed
148,FR0005,P018,2026-01-01,3748.96,3748.96,0.0,Processed
149,FR0005,P018,2026-02-01,3791.34,3791.34,0.0,Processed
150,FR0005,P018,2026-03-01,2994.22,2994.22,0.0,Processed
151,FR0005,P018,2026-04-01,3831.02,3831.02,0.0,Processed
152,FR0005,P018,2026-05-01,2892.03,2892.03,0.0,Processed
153,FR0005,P018,2026-06-01,3315.97,3315.97,0.0,Processed
154,FR0005,P018,2026-07-01,2721.18,2721.18,0.0,Processed
155,FR0005,P026,2026-01-01,0.0,0.0,0.0,Processed
156,FR0005,P026,2026-02-01,0.0,0.0,0.0,Processed
157,FR0005,P026,2026-03-01,0.0,0.0,0.0,Processed
158,FR0005,P026,2026-04-01,0.0,0.0,0.0,Processed
159,FR0005,P026,2026-05-01,0.0,0.0,0.0,Processed
160,FR0005,P026,2026-06-01,0.0,0.0,0.0,Processed
161,FR0005,P026,2026-07-01,0.0,0.0,0.0,Processed
162,FR0005,P004,2026-01-01,1398.15,1398.15,0.0,Processed
163,FR0005,P004,2026-02-01,2371.2,2371.2,0.0,Processed
164,FR0005,P004,2026-03-01,1309.55,1309.55,0.0,Processed
165,FR0005,P004,2026-04-01,1393.0,1393.0,0.0,Processed
166,FR0005,P004,2026-05-01,1261.44,1261.44,0.0,Processed
167,FR0005,P004,2026-06-01,1818.22,1818.22,0.0,Processed
168,FR0005,P004,2026-07-01,1362.4,1362.4,0.0,Processed
169,FR0006,P018,2026-01-01,2367.12,2367.12,0.0,Processed
170,FR0006,P018,2026-02-01,968.66,968.66,0.0,Processed
171,FR0006,P018,2026-03-01,1033.18,1033.18,0.0,Processed
172,FR0006,P018,2026-04-01,1366.63,1366.63,0.0,Processed
173,FR0006,P018,2026-05-01,2354.88,2354.88,0.0,Processed
174,FR0006,P018,2026-06-01,2189.31,2189.31,0.0,Processed
175,FR0006,P018,2026-07-01,1593.25,1593.25,0.0,Processed
176,FR0006,P022,2026-01-01,3112.83,3112.83,0.0,Processed
177,FR0006,P022,2026-02-01,2643.02,2643.02,0.0,Processed
178,FR0006,P022,2026-03-01,2265.3,2265.3,0.0,Processed
179,FR0006,P022,2026-04-01,2258.45,2258.45,0.0,Processed
180,FR0006,P022,2026-05-01,2034.83,2034.83,0.0,Processed
181,FR0006,P022,2026-06-01,2951.16,8836.35,5885.18,Processed
182,FR0006,P022,2026-07-01,2798.66,2798.66,0.0,Processed
183,FR0006,P026,2026-01-01,0.0,0.0,0.0,Processed
184,FR0006,P026,2026-02-01,0.0,0.0,0.0,Processed
185,FR0006,P026,2026-03-01,0.0,0.0,0.0,Processed
186,FR0006,P026,2026-04-01,237.61,237.61,0.0,Processed
187,FR0006,P026,2026-05-01,0.0,0.0,0.0,Processed
188,FR0006,P026,2026-06-01,312.99,312.99,0.0,Processed
189,FR0006,P026,2026-07-01,377.91,377.91,0.0,Processed
190,FR0006,P007,2026-01-01,812.08,812.08,0.0,Processed
191,FR0006,P007,2026-02-01,485.88,485.88,0.0,Processed
192,FR0006,P007,2026-03-01,980.07,980.07,0.0,Processed
193,FR0006,P007,2026-04-01,1534.64,1534.64,0.0,Processed
194,FR0006,P007,2026-05-01,694.37,694.37,0.0,Processed
195,FR0006,P007,2026-06-01,393.82,393.82,0.0,Processed
196,FR0006,P007,2026-07-01,296.91,296.91,0.0,Processed
197,FR0006,P005,2026-01-01,0.0,0.0,0.0,Processed
198,FR0006,P005,2026-02-01,0.0,0.0,0.0,Processed
199,FR0006,P005,2026-03-01,0.0,0.0,0.0,Processed
200,FR0006,P005,2026-04-01,0.0,0.0,0.0,Processed
201,FR0006,P005,2026-05-01,0.0,0.0,0.0,Processed
202,FR0006,P005,2026-06-01,0.0,0.0,0.0,Processed
203,FR0006,P005,2026-07-01,0.0,0.0,0.0,Processed
204,FR0006,P010,2026-01-01,3669.92,3669.92,0.0,Processed
205,FR0006,P010,2026-02-01,4622.69,4622.69,0.0,Processed
206,FR0006,P010,2026-03-01,3118.27,3118.27,0.0,Processed
207,FR0006,P010,2026-04-01,2625.59,2625.59,0.0,Processed
208,FR0006,P010,2026-05-01,4313.28,4313.28,0.0,Processed
209,FR0006,P010,2026-06-01,3610.96,3610.96,0.0,Processed
210,FR0006,P010,2026-07-01,3896.2,3896.2,0.0,Processed
211,FR0006,P023,2026-01-01,3790.38,3790.38,0.0,Processed
212,FR0006,P023,2026-02-01,3506.26,3506.26,0.0,Processed
213,FR0006,P023,2026-03-01,3503.45,3503.45,0.0,Processed
214,FR0006,P023,2026-04-01,3958.53,3958.53,0.0,Processed
215,FR0006,P023,2026-05-01,3431.45,3431.45,0.0,Processed
216,FR0006,P023,2026-06-01,3938.86,3938.86,0.0,Processed
217,FR0006,P023,2026-07-01,3375.59,3375.59,0.0,Processed
218,FR0007,P027,2026-01-01,0.0,0.0,0.0,Processed
219,FR0007,P027,2026-02-01,0.0,0.0,0.0,Processed
220,FR0007,P027,2026-03-01,0.0,0.0,0.0,Processed
221,FR0007,P027,2026-04-01,0.0,0.0,0.0,Processed
222,FR0007,P027,2026-05-01,0.0,0.0,0.0,Processed
223,FR0007,P027,2026-06-01,0.0,0.0,0.0,Processed
224,FR0007,P027,2026-07-01,0.0,0.0,0.0,Processed
225,FR0007,P003,2026-01-01,5373.71,12966.96,7593.25,Processed
226,FR0007,P003,2026-02-01,9694.26,9694.26,0.0,Processed
227,FR0007,P003,2026-03-01,4387.22,4387.22,0.0,Processed
228,FR0007,P003,2026-04-01,5011.27,5011.27,0.0,Processed
229,FR0007,P003,2026-05-01,4988.89,4988.89,0.0,Processed
230,FR0007,P003,2026-06-01,4368.84,4368.84,0.0,Processed
231,FR0007,P003,2026-07-01,4905.18,4905.18,0.0,Processed
232,FR0007,P001,2026-01-01,8000.6,8000.6,0.0,Processed
233,FR0007,P001,2026-02-01,6568.91,6568.91,0.0,Processed
234,FR0007,P001,2026-03-01,7629.38,7629.38,0.0,Processed
235,FR0007,P001,2026-04-01,6238.18,6238.18,0.0,Processed
236,FR0007,P001,2026-05-01,6558.98,6558.98,0.0,Processed
237,FR0007,P001,2026-06-01,6684.36,6684.36,0.0,Processed
238,FR0007,P001,2026-07-01,7239.95,7239.95,0.0,Processed
239,FR0008,P014,2026-01-01,6979.17,6979.17,0.0,Processed
240,FR0008,P014,2026-02-01,7395.17,7395.17,0.0,Processed
241,FR0008,P014,2026-03-01,6656.79,6656.79,0.0,Processed
242,FR0008,P014,2026-04-01,7157.65,7157.65,0.0,Processed
243,FR0008,P014,2026-05-01,6918.1,6918.1,0.0,Processed
244,FR0008,P014,2026-06-01,6511.75,6511.75,0.0,Processed
245,FR0008,P014,2026-07-01,7117.71,7117.71,0.0,Processed
246,FR0008,P006,2026-01-01,1998.57,1998.57,0.0,Processed
247,FR0008,P006,2026-02-01,1973.11,1973.11,0.0,Processed
248,FR0008,P006,2026-03-01,1568.47,1568.47,0.0,Processed
249,FR0008,P006,2026-04-01,1780.7,1780.7,0.0,Processed
250,FR0008,P006,2026-05-01,1695.66,1695.66,0.0,Processed
251,FR0008,P006,2026-06-01,1789.43,1789.43,0.0,Processed
252,FR0008,P006,2026-07-01,1631.7,1631.7,0.0,Processed
253,FR0008,P025,2026-01-01,4406.87,4406.87,0.0,Processed
254,FR0008,P025,2026-02-01,4822.83,4822.83,0.0,Processed
255,FR0008,P025,2026-03-01,3921.98,3921.98,0.0,Processed
256,FR0008,P025,2026-04-01,4642.86,4642.86,0.0,Processed
257,FR0008,P025,2026-05-01,4201.15,4201.15,0.0,Processed
258,FR0008,P025,2026-06-01,3909.97,3909.97,0.0,Processed
259,FR0008,P025,2026-07-01,4823.03,4823.03,0.0,Processed
260,FR0008,P011,2026-01-01,8763.83,8763.83,0.0,Processed
261,FR0008,P011,2026-02-01,9000.76,9000.76,0.0,Processed
262,FR0008,P011,2026-03-01,9619.76,9619.76,0.0,Processed
263,FR0008,P011,2026-04-01,8799.19,8799.19,0.0,Processed
264,FR0008,P011,2026-05-01,9564.95,9564.95,0.0,Processed
265,FR0008,P011,2026-06-01,9676.59,9676.59,0.0,Processed
266,FR0008,P011,2026-07-01,9217.8,9217.8,0.0,Processed
267,FR0008,P008,2026-01-01,6009.89,6009.89,0.0,Processed
268,FR0008,P008,2026-02-01,5282.45,5282.45,0.0,Processed
269,FR0008,P008,2026-03-01,5024.23,5024.23,0.0,Processed
270,FR0008,P008,2026-04-01,4925.52,4925.52,0.0,Processed
271,FR0008,P008,2026-05-01,4909.73,4909.73,0.0,Processed
272,FR0008,P008,2026-06-01,5727.85,5727.85,0.0,Processed
273,FR0008,P008,2026-07-01,5398.78,5398.78,0.0,Processed
274,FR0008,P010,2026-01-01,3530.03,3530.03,0.0,Processed
275,FR0008,P010,2026-02-01,5370.22,5370.22,0.0,Processed
276,FR0008,P010,2026-03-01,4940.76,4940.76,0.0,Processed
277,FR0008,P010,2026-04-01,5171.18,5171.18,0.0,Processed
278,FR0008,P010,2026-05-01,3252.93,3252.93,0.0,Processed
279,FR0008,P010,2026-06-01,3965.41,3965.41,0.0,Processed
280,FR0008,P010,2026-07-01,4454.69,4454.69,0.0,Processed
281,FR0009,P006,2026-01-01,2832.22,2832.22,0.0,Processed
282,FR0009,P006,2026-02-01,2616.58,11105.69,8489.11,Processed
283,FR0009,P006,2026-03-01,3132.93,3132.93,0.0,Processed
284,FR0009,P006,2026-04-01,2927.75,2927.75,0.0,Processed
285,FR0009,P006,2026-05-01,2803.32,2803.32,0.0,Processed
286,FR0009,P006,2026-06-01,2837.18,2837.18,0.0,Processed
287,FR0009,P006,2026-07-01,2412.51,2412.51,0.0,Processed
288,FR0009,P018,2026-01-01,0.0,0.0,0.0,Processed
289,FR0009,P018,2026-02-01,0.0,0.0,0.0,Processed
290,FR0009,P018,2026-03-01,0.0,0.0,0.0,Processed
291,FR0009,P018,2026-04-01,0.0,0.0,0.0,Processed
292,FR0009,P018,2026-05-01,0.0,0.0,0.0,Processed
293,FR0009,P018,2026-06-01,0.0,0.0,0.0,Processed
294,FR0009,P018,2026-07-01,0.0,0.0,0.0,Processed
295,FR0009,P022,2026-01-01,2210.3,2210.3,0.0,Processed
296,FR0009,P022,2026-02-01,2459.67,2459.67,0.0,Processed
297,FR0009,P022,2026-03-01,2369.68,2369.68,0.0,Processed
298,FR0009,P022,2026-04-01,2204.07,2204.07,0.0,Processed
299,FR0009,P022,2026-05-01,3390.14,3390.14,0.0,Processed
300,FR0009,P022,2026-06-01,3016.08,3016.08,0.0,Processed
301,FR0009,P022,2026-07-01,2116.03,2116.03,0.0,Processed
302,FR0010,P027,2026-01-01,0.0,0.0,0.0,Processed
303,FR0010,P027,2026-02-01,0.0,0.0,0.0,Processed
304,FR0010,P027,2026-03-01,0.0,0.0,0.0,Processed
305,FR0010,P027,2026-04-01,0.0,0.0,0.0,Processed
306,FR0010,P027,2026-05-01,0.0,0.0,0.0,Processed
307,FR0010,P027,2026-06-01,0.0,0.0,0.0,Processed
308,FR0010,P027,2026-07-01,0.0,0.0,0.0,Processed
309,FR0010,P011,2026-01-01,9100.38,9100.38,0.0,Processed
310,FR0010,P011,2026-02-01,9468.19,9468.19,0.0,Processed
311,FR0010,P011,2026-03-01,9918.14,9918.14,0.0,Processed
312,FR0010,P011,2026-04-01,10293.93,10293.93,0.0,Processed
313,FR0010,P011,2026-05-01,9672.89,9672.89,0.0,Processed
314,FR0010,P011,2026-06-01,9133.77,9133.77,0.0,Processed
315,FR0010,P011,2026-07-01,9277.23,9277.23,0.0,Processed
316,FR0010,P026,2026-01-01,0.0,0.0,0.0,Processed
317,FR0010,P026,2026-02-01,0.0,0.0,0.0,Processed
318,FR0010,P026,2026-03-01,186.13,186.13,0.0,Processed
319,FR0010,P026,2026-04-01,82.9,82.9,0.0,Processed
320,FR0010,P026,2026-05-01,82.82,82.82,0.0,Processed
321,FR0010,P026,2026-06-01,0.0,0.0,0.0,Processed
322,FR0010,P026,2026-07-01,0.0,0.0,0.0,Processed
323,FR0010,P010,2026-01-01,4613.97,4613.97,0.0,Processed
324,FR0010,P010,2026-02-01,5232.64,5232.64,0.0,Processed
325,FR0010,P010,2026-03-01,3404.14,3404.14,0.0,Processed
326,FR0010,P010,2026-04-01,4235.82,4235.82,0.0,Processed
327,FR0010,P010,2026-05-01,3770.97,3770.97,0.0,Processed
328,FR0010,P010,2026-06-01,4624.77,4624.77,0.0,Processed
329,FR0010,P010,2026-07-01,5218.34,5218.34,0.0,Processed
330,FR0010,P007,2026-01-01,3878.66,3878.66,0.0,Processed
331,FR0010,P007,2026-02-01,3192.95,3192.95,0.0,Processed
332,FR0010,P007,2026-03-01,2920.04,2920.04,0.0,Processed
333,FR0010,P007,2026-04-01,16117.51,16117.51,0.0,Processed
334,FR0010,P007,2026-05-01,4250.11,4250.11,0.0,Processed
335,FR0010,P007,2026-06-01,3156.86,3156.86,0.0,Processed
336,FR0010,P007,2026-07-01,2958.8,2958.8,0.0,Processed
337,FR0010,P003,2026-01-01,7952.73,7952.73,0.0,Processed
338,FR0010,P003,2026-02-01,8524.59,14934.06,6409.47,Processed
339,FR0010,P003,2026-03-01,8648.58,8648.58,0.0,Processed
340,FR0010,P003,2026-04-01,7536.61,7536.61,0.0,Processed
341,FR0010,P003,2026-05-01,8822.42,8822.42,0.0,Processed
342,FR0010,P003,2026-06-01,15942.27,21543.1,5600.82,Processed
343,FR0010,P003,2026-07-01,8673.95,8673.95,0.0,Processed
344,FR0010,P014,2026-01-01,2850.95,2850.95,0.0,Processed
345,FR0010,P014,2026-02-01,3327.06,3327.06,0.0,Processed
346,FR0010,P014,2026-03-01,3156.48,3156.48,0.0,Processed
347,FR0010,P014,2026-04-01,2875.4,2875.4,0.0,Processed
348,FR0010,P014,2026-05-01,2942.25,2942.25,0.0,Processed
349,FR0010,P014,2026-06-01,3286.9,3286.9,0.0,Processed
350,FR0010,P014,2026-07-01,3248.96,3248.96,0.0,Processed
351,FR0011,P028,2026-01-01,0.0,0.0,0.0,Processed
352,FR0011,P028,2026-02-01,0.0,0.0,0.0,Processed
353,FR0011,P028,2026-03-01,0.0,0.0,0.0,Processed
354,FR0011,P028,2026-04-01,0.0,0.0,0.0,Processed
355,FR0011,P028,2026-05-01,0.0,0.0,0.0,Processed
356,FR0011,P028,2026-06-01,0.0,0.0,0.0,Processed
357,FR0011,P028,2026-07-01,0.0,0.0,0.0,Processed
358,FR0011,P006,2026-01-01,658.09,658.09,0.0,Processed
359,FR0011,P006,2026-02-01,664.02,664.02,0.0,Processed
360,FR0011,P006,2026-03-01,407.26,407.26,0.0,Processed
361,FR0011,P006,2026-04-01,509.24,509.24,0.0,Processed
362,FR0011,P006,2026-05-01,243.27,7515.86,7272.59,Processed
363,FR0011,P006,2026-06-01,291.67,291.67,0.0,Processed
364,FR0011,P006,2026-07-01,247.61,247.61,0.0,Processed
365,FR0011,P023,2026-01-01,3518.51,3518.51,0.0,Processed
366,FR0011,P023,2026-02-01,3092.15,3092.15,0.0,Processed
367,FR0011,P023,2026-03-01,3186.26,3186.26,0.0,Processed
368,FR0011,P023,2026-04-01,3428.35,3428.35,0.0,Processed
369,FR0011,P023,2026-05-01,3698.3,3698.3,0.0,Processed
370,FR0011,P023,2026-06-01,3064.26,3064.26,0.0,Processed
371,FR0011,P023,2026-07-01,3756.85,3756.85,0.0,Processed
372,FR0012,P013,2026-01-01,6372.48,6372.48,0.0,Processed
373,FR0012,P013,2026-02-01,6270.46,6270.46,0.0,Processed
374,FR0012,P013,2026-03-01,4676.04,4676.04,0.0,Processed
375,FR0012,P013,2026-04-01,5468.4,5468.4,0.0,Processed
376,FR0012,P013,2026-05-01,5883.39,5883.39,0.0,Processed
377,FR0012,P013,2026-06-01,5902.44,5902.44,0.0,Processed
378,FR0012,P013,2026-07-01,4659.96,4659.96,0.0,Processed
379,FR0012,P011,2026-01-01,11104.52,11104.52,0.0,Processed
380,FR0012,P011,2026-02-01,9677.94,9677.94,0.0,Processed
381,FR0012,P011,2026-03-01,9681.52,9681.52,0.0,Processed
382,FR0012,P011,2026-04-01,11067.04,11067.04,0.0,Processed
383,FR0012,P011,2026-05-01,10962.24,10962.24,0.0,Processed
384,FR0012,P011,2026-06-01,10627.56,10627.56,0.0,Processed
385,FR0012,P011,2026-07-01,10679.99,10679.99,0.0,Processed
386,FR0012,P029,2026-01-01,594.94,594.94,0.0,Processed
387,FR0012,P029,2026-02-01,790.84,790.84,0.0,Processed
388,FR0012,P029,2026-03-01,845.96,845.96,0.0,Processed
389,FR0012,P029,2026-04-01,626.34,7046.31,6419.98,Processed
390,FR0012,P029,2026-05-01,1079.49,1079.49,0.0,Processed
391,FR0012,P029,2026-06-01,856.21,856.21,0.0,Processed
392,FR0012,P029,2026-07-01,1116.97,1116.97,0.0,Processed
393,FR0013,P014,2026-01-01,8122.37,8122.37,0.0,Processed
394,FR0013,P014,2026-02-01,8158.63,8158.63,0.0,Processed
395,FR0013,P014,2026-03-01,8063.25,8063.25,0.0,Processed
396,FR0013,P014,2026-04-01,8595.96,8595.96,0.0,Processed
397,FR0013,P014,2026-05-01,7460.34,7460.34,0.0,Processed
398,FR0013,P014,2026-06-01,8505.42,8505.42,0.0,Processed
399,FR0013,P014,2026-07-01,7407.29,7407.29,0.0,Processed
400,FR0013,P022,2026-01-01,1298.69,1298.69,0.0,Processed
401,FR0013,P022,2026-02-01,1297.04,1297.04,0.0,Processed
402,FR0013,P022,2026-03-01,1204.09,1204.09,0.0,Processed
403,FR0013,P022,2026-04-01,1401.5,1401.5,0.0,Processed
404,FR0013,P022,2026-05-01,1791.59,1791.59,0.0,Processed
405,FR0013,P022,2026-06-01,1344.45,1344.45,0.0,Processed
406,FR0013,P022,2026-07-01,1313.25,1313.25,0.0,Processed
407,FR0013,P025,2026-01-01,6900.56,6900.56,0.0,Processed
408,FR0013,P025,2026-02-01,6663.4,6663.4,0.0,Processed
409,FR0013,P025,2026-03-01,7535.93,7535.93,0.0,Processed
410,FR0013,P025,2026-04-01,6093.18,6093.18,0.0,Processed
411,FR0013,P025,2026-05-01,6155.88,6155.88,0.0,Processed
412,FR0013,P025,2026-06-01,6537.93,6537.93,0.0,Processed
413,FR0013,P025,2026-07-01,7323.05,7323.05,0.0,Processed
414,FR0013,P013,2026-01-01,6005.76,6005.76,0.0,Processed
415,FR0013,P013,2026-02-01,5609.09,5609.09,0.0,Processed
416,FR0013,P013,2026-03-01,6008.11,6008.11,0.0,Processed
417,FR0013,P013,2026-04-01,5715.37,5715.37,0.0,Processed
418,FR0013,P013,2026-05-01,5713.16,5713.16,0.0,Processed
419,FR0013,P013,2026-06-01,5383.38,5383.38,0.0,Processed
420,FR0013,P013,2026-07-01,5628.26,5628.26,0.0,Processed
421,FR0014,P016,2026-01-01,3489.68,6230.38,2740.69,Processed
422,FR0014,P016,2026-02-01,3662.33,3662.33,0.0,Processed
423,FR0014,P016,2026-03-01,3711.25,3711.25,0.0,Processed
424,FR0014,P016,2026-04-01,3571.13,3571.13,0.0,Processed
425,FR0014,P016,2026-05-01,6621.55,6621.55,0.0,Processed
426,FR0014,P016,2026-06-01,3517.84,3517.84,0.0,Processed
427,FR0014,P016,2026-07-01,3551.49,3551.49,0.0,Processed
428,FR0014,P002,2026-01-01,3670.66,3670.66,0.0,Processed
429,FR0014,P002,2026-02-01,3268.8,3268.8,0.0,Processed
430,FR0014,P002,2026-03-01,3851.29,3851.29,0.0,Processed
431,FR0014,P002,2026-04-01,4056.6,4056.6,0.0,Processed
432,FR0014,P002,2026-05-01,8527.44,8527.44,0.0,Processed
433,FR0014,P002,2026-06-01,4144.89,4144.89,0.0,Processed
434,FR0014,P002,2026-07-01,4222.53,4222.53,0.0,Processed
435,FR0014,P030,2026-01-01,0.0,0.0,0.0,Processed
436,FR0014,P030,2026-02-01,0.0,0.0,0.0,Processed
437,FR0014,P030,2026-03-01,492.09,492.09,0.0,Processed
438,FR0014,P030,2026-04-01,0.0,0.0,0.0,Processed
439,FR0014,P030,2026-05-01,243.79,243.79,0.0,Processed
440,FR0014,P030,2026-06-01,0.0,0.0,0.0,Processed
441,FR0014,P030,2026-07-01,122.46,122.46,0.0,Processed
442,FR0014,P027,2026-01-01,0.0,0.0,0.0,Processed
443,FR0014,P027,2026-02-01,0.0,0.0,0.0,Processed
444,FR0014,P027,2026-03-01,0.0,0.0,0.0,Processed
445,FR0014,P027,2026-04-01,0.0,0.0,0.0,Processed
446,FR0014,P027,2026-05-01,0.0,0.0,0.0,Processed
447,FR0014,P027,2026-06-01,0.0,0.0,0.0,Processed
448,FR0014,P027,2026-07-01,0.0,0.0,0.0,Processed
449,FR0015,P013,2026-01-01,4314.79,4314.79,0.0,Processed
450,FR0015,P013,2026-02-01,4856.6,7462.34,2605.75,Processed
451,FR0015,P013,2026-03-01,3727.96,3727.96,0.0,Processed
452,FR0015,P013,2026-04-01,4737.92,4737.92,0.0,Processed
453,FR0015,P013,2026-05-01,4039.4,4039.4,0.0,Processed
454,FR0015,P013,2026-06-01,4998.35,4998.35,0.0,Processed
455,FR0015,P013,2026-07-01,4806.46,4806.46,0.0,Processed
456,FR0015,P003,2026-01-01,6002.39,6002.39,0.0,Processed
457,FR0015,P003,2026-02-01,6031.47,6031.47,0.0,Processed
458,FR0015,P003,2026-03-01,6578.21,6578.21,0.0,Processed
459,FR0015,P003,2026-04-01,6171.0,6171.0,0.0,Processed
460,FR0015,P003,2026-05-01,6277.0,6277.0,0.0,Processed
461,FR0015,P003,2026-06-01,6016.45,6016.45,0.0,Processed
462,FR0015,P003,2026-07-01,5740.05,5740.05,0.0,Processed
463,FR0015,P017,2026-01-01,7693.69,7693.69,0.0,Processed
464,FR0015,P017,2026-02-01,8143.28,8143.28,0.0,Processed
465,FR0015,P017,2026-03-01,7383.83,7383.83,0.0,Processed
466,FR0015,P017,2026-04-01,8083.06,8083.06,0.0,Processed
467,FR0015,P017,2026-05-01,7606.4,7606.4,0.0,Processed
468,FR0015,P017,2026-06-01,8333.12,8333.12,0.0,Processed
469,FR0015,P017,2026-07-01,14685.45,14685.45,0.0,Processed
470,FR0015,P024,2026-01-01,1042.44,1042.44,0.0,Processed
471,FR0015,P024,2026-02-01,2685.93,2685.93,0.0,Processed
472,FR0015,P024,2026-03-01,1263.01,1263.01,0.0,Processed
473,FR0015,P024,2026-04-01,1023.45,1023.45,0.0,Processed
474,FR0015,P024,2026-05-01,1606.17,1606.17,0.0,Processed
475,FR0015,P024,2026-06-01,1074.58,1074.58,0.0,Processed
476,FR0015,P024,2026-07-01,4862.22,4862.22,0.0,Processed
477,FR0015,P010,2026-01-01,412.79,412.79,0.0,Processed
478,FR0015,P010,2026-02-01,2217.44,2217.44,0.0,Processed
479,FR0015,P010,2026-03-01,430.4,430.4,0.0,Processed
480,FR0015,P010,2026-04-01,532.35,532.35,0.0,Processed
481,FR0015,P010,2026-05-01,1831.67,1831.67,0.0,Processed
482,FR0015,P010,2026-06-01,2087.24,2087.24,0.0,Processed
483,FR0015,P010,2026-07-01,1797.52,1797.52,0.0,Processed
484,FR0015,P026,2026-01-01,3965.55,3965.55,0.0,Processed
485,FR0015,P026,2026-02-01,3047.02,3047.02,0.0,Processed
486,FR0015,P026,2026-03-01,4034.78,4034.78,0.0,Processed
487,FR0015,P026,2026-04-01,3972.29,3972.29,0.0,Processed
488,FR0015,P026,2026-05-01,3804.48,3804.48,0.0,Processed
489,FR0015,P026,2026-06-01,3243.84,3243.84,0.0,Processed
490,FR0015,P026,2026-07-01,4277.8,4277.8,0.0,Processed
491,FR0016,P012,2026-01-01,5852.15,5852.15,0.0,Processed
492,FR0016,P012,2026-02-01,5317.06,5317.06,0.0,Processed
493,FR0016,P012,2026-03-01,6095.49,6095.49,0.0,Processed
494,FR0016,P012,2026-04-01,5889.8,5889.8,0.0,Processed
495,FR0016,P012,2026-05-01,5311.68,5311.68,0.0,Processed
496,FR0016,P012,2026-06-01,12978.7,12978.7,0.0,Processed
497,FR0016,P012,2026-07-01,6337.86,6337.86,0.0,Processed
498,FR0016,P005,2026-01-01,0.0,0.0,0.0,Processed
499,FR0016,P005,2026-02-01,0.0,0.0,0.0,Processed
500,FR0016,P005,2026-03-01,299.71,299.71,0.0,Processed
501,FR0016,P005,2026-04-01,0.0,0.0,0.0,Processed
502,FR0016,P005,2026-05-01,0.0,0.0,0.0,Processed
503,FR0016,P005,2026-06-01,0.0,0.0,0.0,Processed
504,FR0016,P005,2026-07-01,0.0,0.0,0.0,Processed
505,FR0016,P016,2026-01-01,5218.69,5218.69,0.0,Processed
506,FR0016,P016,2026-02-01,4450.45,4450.45,0.0,Processed
507,FR0016,P016,2026-03-01,4978.84,7864.52,2885.68,Processed
508,FR0016,P016,2026-04-01,4904.8,4904.8,0.0,Processed
509,FR0016,P016,2026-05-01,4954.22,4954.22,0.0,Processed
510,FR0016,P016,2026-06-01,4476.44,4476.44,0.0,Processed
511,FR0016,P016,2026-07-01,4931.15,11162.91,6231.77,Processed
512,FR0016,P003,2026-01-01,6260.04,6260.04,0.0,Processed
513,FR0016,P003,2026-02-01,6811.48,6811.48,0.0,Processed
514,FR0016,P003,2026-03-01,5924.94,5924.94,0.0,Processed
515,FR0016,P003,2026-04-01,6848.52,6848.52,0.0,Processed
516,FR0016,P003,2026-05-01,6109.76,6109.76,0.0,Processed
517,FR0016,P003,2026-06-01,6901.94,6901.94,0.0,Processed
518,FR0016,P003,2026-07-01,6822.85,6822.85,0.0,Processed
519,FR0016,P028,2026-01-01,4504.03,4504.03,0.0,Processed
520,FR0016,P028,2026-02-01,4312.47,4312.47,0.0,Processed
521,FR0016,P028,2026-03-01,5269.38,5269.38,0.0,Processed
522,FR0016,P028,2026-04-01,4558.69,4558.69,0.0,Processed
523,FR0016,P028,2026-05-01,4263.22,4263.22,0.0,Processed
524,FR0016,P028,2026-06-01,4358.18,4358.18,0.0,Processed
525,FR0016,P028,2026-07-01,4586.31,4586.31,0.0,Processed
526,FR0016,P006,2026-01-01,3038.06,3038.06,0.0,Processed
527,FR0016,P006,2026-02-01,3436.29,3436.29,0.0,Processed
528,FR0016,P006,2026-03-01,3228.45,3228.45,0.0,Processed
529,FR0016,P006,2026-04-01,3347.28,3347.28,0.0,Processed
530,FR0016,P006,2026-05-01,3078.77,3078.77,0.0,Processed
531,FR0016,P006,2026-06-01,7557.7,10059.49,2501.79,Processed
532,FR0016,P006,2026-07-01,3308.1,3308.1,0.0,Processed
533,FR0017,P010,2026-01-01,0.0,0.0,0.0,Processed
534,FR0017,P010,2026-02-01,0.0,0.0,0.0,Processed
535,FR0017,P010,2026-03-01,0.0,0.0,0.0,Processed
536,FR0017,P010,2026-04-01,0.0,0.0,0.0,Processed
537,FR0017,P010,2026-05-01,0.0,0.0,0.0,Processed
538,FR0017,P010,2026-06-01,0.0,0.0,0.0,Processed
539,FR0017,P010,2026-07-01,0.0,0.0,0.0,Processed
540,FR0017,P009,2026-01-01,3849.74,3849.74,0.0,Processed
541,FR0017,P009,2026-02-01,3779.37,3779.37,0.0,Processed
542,FR0017,P009,2026-03-01,3853.18,3853.18,0.0,Processed
543,FR0017,P009,2026-04-01,4058.42,4058.42,0.0,Processed
544,FR0017,P009,2026-05-01,3877.71,3877.71,0.0,Processed
545,FR0017,P009,2026-06-01,4012.58,4012.58,0.0,Processed
546,FR0017,P009,2026-07-01,3641.91,3641.91,0.0,Processed
547,FR0017,P022,2026-01-01,0.0,0.0,0.0,Processed
548,FR0017,P022,2026-02-01,0.0,0.0,0.0,Processed
549,FR0017,P022,2026-03-01,0.0,0.0,0.0,Processed
550,FR0017,P022,2026-04-01,0.0,0.0,0.0,Processed
551,FR0017,P022,2026-05-01,0.0,0.0,0.0,Processed
552,FR0017,P022,2026-06-01,0.0,0.0,0.0,Processed
553,FR0017,P022,2026-07-01,0.0,0.0,0.0,Processed
554,FR0017,P029,2026-01-01,2157.8,2157.8,0.0,Processed
555,FR0017,P029,2026-02-01,1449.84,1449.84,0.0,Processed
556,FR0017,P029,2026-03-01,1551.99,1551.99,0.0,Processed
557,FR0017,P029,2026-04-01,1750.41,7726.58,5976.17,Processed
558,FR0017,P029,2026-05-01,1899.35,1899.35,0.0,Processed
559,FR0017,P029,2026-06-01,2014.97,2014.97,0.0,Processed
560,FR0017,P029,2026-07-01,1719.12,11102.42,9383.3,Processed
561,FR0017,P030,2026-01-01,0.0,0.0,0.0,Processed
562,FR0017,P030,2026-02-01,0.0,0.0,0.0,Processed
563,FR0017,P030,2026-03-01,0.0,0.0,0.0,Processed
564,FR0017,P030,2026-04-01,0.0,0.0,0.0,Processed
565,FR0017,P030,2026-05-01,0.0,0.0,0.0,Processed
566,FR0017,P030,2026-06-01,1693.01,1693.01,0.0,Processed
567,FR0017,P030,2026-07-01,0.0,0.0,0.0,Processed
568,FR0017,P014,2026-01-01,4050.53,4050.53,0.0,Processed
569,FR0017,P014,2026-02-01,4252.65,4252.65,0.0,Processed
570,FR0017,P014,2026-03-01,4558.1,4558.1,0.0,Processed
571,FR0017,P014,2026-04-01,4834.34,4834.34,0.0,Processed
572,FR0017,P014,2026-05-01,4199.35,4199.35,0.0,Processed
573,FR0017,P014,2026-06-01,4540.12,4540.12,0.0,Processed
574,FR0017,P014,2026-07-01,4097.18,4097.18,0.0,Processed
575,FR0017,P028,2026-01-01,5144.67,5144.67,0.0,Processed
576,FR0017,P028,2026-02-01,4061.12,4061.12,0.0,Processed
577,FR0017,P028,2026-03-01,5007.15,5007.15,0.0,Processed
578,FR0017,P028,2026-04-01,4318.81,4318.81,0.0,Processed
579,FR0017,P028,2026-05-01,5053.89,5053.89,0.0,Processed
580,FR0017,P028,2026-06-01,7387.08,7387.08,0.0,Processed
581,FR0017,P028,2026-07-01,3763.37,3763.37,0.0,Processed
582,FR0018,P024,2026-01-01,2091.59,7602.46,5510.86,Processed
583,FR0018,P024,2026-02-01,565.11,565.11,0.0,Processed
584,FR0018,P024,2026-03-01,515.02,515.02,0.0,Processed
585,FR0018,P024,2026-04-01,717.25,717.25,0.0,Processed
586,FR0018,P024,2026-05-01,788.17,788.17,0.0,Processed
587,FR0018,P024,2026-06-01,232.93,232.93,0.0,Processed
588,FR0018,P024,2026-07-01,830.23,830.23,0.0,Processed
589,FR0018,P030,2026-01-01,0.0,0.0,0.0,Processed
590,FR0018,P030,2026-02-01,0.0,0.0,0.0,Processed
591,FR0018,P030,2026-03-01,0.0,0.0,0.0,Processed
592,FR0018,P030,2026-04-01,0.0,0.0,0.0,Processed
593,FR0018,P030,2026-05-01,0.0,0.0,0.0,Processed
594,FR0018,P030,2026-06-01,0.0,0.0,0.0,Processed
595,FR0018,P030,2026-07-01,0.0,0.0,0.0,Processed
596,FR0018,P001,2026-01-01,0.0,0.0,0.0,Processed
597,FR0018,P001,2026-02-01,51.72,1282.43,1230.7,Processed
598,FR0018,P001,2026-03-01,0.0,0.0,0.0,Processed
599,FR0018,P001,2026-04-01,123.4,123.4,0.0,Processed
600,FR0018,P001,2026-05-01,306.05,306.05,0.0,Processed
601,FR0018,P001,2026-06-01,0.0,0.0,0.0,Processed
602,FR0018,P001,2026-07-01,138.56,138.56,0.0,Processed
603,FR0018,P026,2026-01-01,0.0,0.0,0.0,Processed
604,FR0018,P026,2026-02-01,0.0,0.0,0.0,Processed
605,FR0018,P026,2026-03-01,0.0,0.0,0.0,Processed
606,FR0018,P026,2026-04-01,0.0,0.0,0.0,Processed
607,FR0018,P026,2026-05-01,0.0,0.0,0.0,Processed
608,FR0018,P026,2026-06-01,0.0,0.0,0.0,Processed
609,FR0018,P026,2026-07-01,0.0,0.0,0.0,Processed
610,FR0018,P016,2026-01-01,6135.65,6135.65,0.0,Processed
611,FR0018,P016,2026-02-01,6351.76,6351.76,0.0,Processed
612,FR0018,P016,2026-03-01,6076.7,6076.7,0.0,Processed
613,FR0018,P016,2026-04-01,6388.44,6388.44,0.0,Processed
614,FR0018,P016,2026-05-01,5951.91,5951.91,0.0,Processed
615,FR0018,P016,2026-06-01,6030.01,6030.01,0.0,Processed
616,FR0018,P016,2026-07-01,6687.94,6687.94,0.0,Processed
617,FR0019,P028,2026-01-01,1253.53,1253.53,0.0,Processed
618,FR0019,P028,2026-02-01,772.32,772.32,0.0,Processed
619,FR0019,P028,2026-03-01,748.81,748.81,0.0,Processed
620,FR0019,P028,2026-04-01,1111.41,1111.41,0.0,Processed
621,FR0019,P028,2026-05-01,588.22,7753.67,7165.45,Processed
622,FR0019,P028,2026-06-01,748.07,748.07,0.0,Processed
623,FR0019,P028,2026-07-01,1183.1,1183.1,0.0,Processed
624,FR0019,P015,2026-01-01,309.02,309.02,0.0,Processed
625,FR0019,P015,2026-02-01,477.05,477.05,0.0,Processed
626,FR0019,P015,2026-03-01,44.01,5277.95,5233.94,Processed
627,FR0019,P015,2026-04-01,425.19,425.19,0.0,Processed
628,FR0019,P015,2026-05-01,277.33,277.33,0.0,Processed
629,FR0019,P015,2026-06-01,553.5,553.5,0.0,Processed
630,FR0019,P015,2026-07-01,585.62,585.62,0.0,Processed
631,FR0019,P019,2026-01-01,7977.16,7977.16,0.0,Processed
632,FR0019,P019,2026-02-01,6879.56,6879.56,0.0,Processed
633,FR0019,P019,2026-03-01,6896.92,6896.92,0.0,Processed
634,FR0019,P019,2026-04-01,14312.32,18661.73,4349.41,Processed
635,FR0019,P019,2026-05-01,7697.05,7697.05,0.0,Processed
636,FR0019,P019,2026-06-01,6678.94,6678.94,0.0,Processed
637,FR0019,P019,2026-07-01,8045.19,8045.19,0.0,Processed
638,FR0019,P011,2026-01-01,5803.52,5803.52,0.0,Processed
639,FR0019,P011,2026-02-01,5287.44,5287.44,0.0,Processed
640,FR0019,P011,2026-03-01,5094.68,5094.68,0.0,Processed
641,FR0019,P011,2026-04-01,5324.56,5324.56,0.0,Processed
642,FR0019,P011,2026-05-01,5339.65,5339.65,0.0,Processed
643,FR0019,P011,2026-06-01,5784.78,5784.78,0.0,Processed
644,FR0019,P011,2026-07-01,10561.44,20456.09,9894.65,Processed
645,FR0019,P002,2026-01-01,2756.83,2756.83,0.0,Processed
646,FR0019,P002,2026-02-01,3076.14,3076.14,0.0,Processed
647,FR0019,P002,2026-03-01,3776.72,3776.72,0.0,Processed
648,FR0019,P002,2026-04-01,3378.65,3378.65,0.0,Processed
649,FR0019,P002,2026-05-01,2808.84,2808.84,0.0,Processed
650,FR0019,P002,2026-06-01,3110.18,3110.18,0.0,Processed
651,FR0019,P002,2026-07-01,3232.77,3232.77,0.0,Processed
652,FR0019,P018,2026-01-01,1351.63,1351.63,0.0,Processed
653,FR0019,P018,2026-02-01,1306.16,1306.16,0.0,Processed
654,FR0019,P018,2026-03-01,1565.77,1565.77,0.0,Processed
655,FR0019,P018,2026-04-01,1324.26,1324.26,0.0,Processed
656,FR0019,P018,2026-05-01,1228.19,1228.19,0.0,Processed
657,FR0019,P018,2026-06-01,2678.09,2678.09,0.0,Processed
658,FR0019,P018,2026-07-01,1283.43,1283.43,0.0,Processed
659,FR0019,P023,2026-01-01,1573.77,9706.59,8132.82,Processed
660,FR0019,P023,2026-02-01,1662.1,1662.1,0.0,Processed
661,FR0019,P023,2026-03-01,1790.58,1790.58,0.0,Processed
662,FR0019,P023,2026-04-01,1618.33,1618.33,0.0,Processed
663,FR0019,P023,2026-05-01,1557.06,1557.06,0.0,Processed
664,FR0019,P023,2026-06-01,1874.71,1874.71,0.0,Processed
665,FR0019,P023,2026-07-01,1611.19,1611.19,0.0,Processed
666,FR0020,P011,2026-01-01,8173.78,8173.78,0.0,Processed
667,FR0020,P011,2026-02-01,8429.66,8429.66,0.0,Processed
668,FR0020,P011,2026-03-01,8562.68,8562.68,0.0,Processed
669,FR0020,P011,2026-04-01,7264.41,7264.41,0.0,Processed
670,FR0020,P011,2026-05-01,8365.35,8365.35,0.0,Processed
671,FR0020,P011,2026-06-01,7826.28,7826.28,0.0,Processed
672,FR0020,P011,2026-07-01,8222.11,8222.11,0.0,Processed
673,FR0020,P004,2026-01-01,730.79,730.79,0.0,Processed
674,FR0020,P004,2026-02-01,1047.04,1047.04,0.0,Processed
675,FR0020,P004,2026-03-01,891.94,891.94,0.0,Processed
676,FR0020,P004,2026-04-01,900.64,900.64,0.0,Processed
677,FR0020,P004,2026-05-01,1521.68,1521.68,0.0,Processed
678,FR0020,P004,2026-06-01,1545.53,1545.53,0.0,Processed
679,FR0020,P004,2026-07-01,502.19,502.19,0.0,Processed
680,FR0020,P028,2026-01-01,259.65,259.65,0.0,Processed
681,FR0020,P028,2026-02-01,3.56,3.56,0.0,Processed
682,FR0020,P028,2026-03-01,0.0,0.0,0.0,Processed
683,FR0020,P028,2026-04-01,147.79,147.79,0.0,Processed
684,FR0020,P028,2026-05-01,0.0,0.0,0.0,Processed
685,FR0020,P028,2026-06-01,153.55,153.55,0.0,Processed
686,FR0020,P028,2026-07-01,0.0,0.0,0.0,Processed
687,FR0021,P023,2026-01-01,3964.8,3964.8,0.0,Processed
688,FR0021,P023,2026-02-01,4036.83,4036.83,0.0,Processed
689,FR0021,P023,2026-03-01,3994.56,3994.56,0.0,Processed
690,FR0021,P023,2026-04-01,3736.7,3736.7,0.0,Processed
691,FR0021,P023,2026-05-01,9034.84,9034.84,0.0,Processed
692,FR0021,P023,2026-06-01,4283.1,4283.1,0.0,Processed
693,FR0021,P023,2026-07-01,4453.94,4453.94,0.0,Processed
694,FR0021,P011,2026-01-01,3181.24,3181.24,0.0,Processed
695,FR0021,P011,2026-02-01,3134.82,3134.82,0.0,Processed
696,FR0021,P011,2026-03-01,3075.23,3075.23,0.0,Processed
697,FR0021,P011,2026-04-01,3400.83,3400.83,0.0,Processed
698,FR0021,P011,2026-05-01,3393.06,3393.06,0.0,Processed
699,FR0021,P011,2026-06-01,2976.77,2976.77,0.0,Processed
700,FR0021,P011,2026-07-01,3294.43,3294.43,0.0,Processed
701,FR0021,P028,2026-01-01,666.14,666.14,0.0,Processed
702,FR0021,P028,2026-02-01,610.22,610.22,0.0,Processed
703,FR0021,P028,2026-03-01,571.53,571.53,0.0,Processed
704,FR0021,P028,2026-04-01,827.21,827.21,0.0,Processed
705,FR0021,P028,2026-05-01,712.15,712.15,0.0,Processed
706,FR0021,P028,2026-06-01,869.34,869.34,0.0,Processed
707,FR0021,P028,2026-07-01,849.2,849.2,0.0,Processed
708,FR0021,P018,2026-01-01,0.0,0.0,0.0,Processed
709,FR0021,P018,2026-02-01,0.0,0.0,0.0,Processed
710,FR0021,P018,2026-03-01,0.0,0.0,0.0,Processed
711,FR0021,P018,2026-04-01,0.0,0.0,0.0,Processed
712,FR0021,P018,2026-05-01,0.0,0.0,0.0,Processed
713,FR0021,P018,2026-06-01,0.0,0.0,0.0,Processed
714,FR0021,P018,2026-07-01,0.0,0.0,0.0,Processed
715,FR0021,P012,2026-01-01,7592.56,7592.56,0.0,Processed
716,FR0021,P012,2026-02-01,7687.25,7687.25,0.0,Processed
717,FR0021,P012,2026-03-01,8531.25,8531.25,0.0,Processed
718,FR0021,P012,2026-04-01,7408.19,7408.19,0.0,Processed
719,FR0021,P012,2026-05-01,7583.48,7583.48,0.0,Processed
720,FR0021,P012,2026-06-01,8609.16,8609.16,0.0,Processed
721,FR0021,P012,2026-07-01,7721.23,7721.23,0.0,Processed
722,FR0021,P004,2026-01-01,0.0,0.0,0.0,Processed
723,FR0021,P004,2026-02-01,0.0,0.0,0.0,Processed
724,FR0021,P004,2026-03-01,0.0,0.0,0.0,Processed
725,FR0021,P004,2026-04-01,0.0,0.0,0.0,Processed
726,FR0021,P004,2026-05-01,0.0,0.0,0.0,Processed
727,FR0021,P004,2026-06-01,0.0,0.0,0.0,Processed
728,FR0021,P004,2026-07-01,0.0,0.0,0.0,Processed
729,FR0022,P004,2026-01-01,0.0,0.0,0.0,Processed
730,FR0022,P004,2026-02-01,0.0,5781.68,5781.68,Processed
731,FR0022,P004,2026-03-01,0.0,0.0,0.0,Processed
732,FR0022,P004,2026-04-01,0.0,0.0,0.0,Processed
733,FR0022,P004,2026-05-01,0.0,0.0,0.0,Processed
734,FR0022,P004,2026-06-01,0.0,0.0,0.0,Processed
735,FR0022,P004,2026-07-01,0.0,0.0,0.0,Processed
736,FR0022,P016,2026-01-01,6087.5,6087.5,0.0,Processed
737,FR0022,P016,2026-02-01,6273.55,6273.55,0.0,Processed
738,FR0022,P016,2026-03-01,5412.47,5412.47,0.0,Processed
739,FR0022,P016,2026-04-01,6132.02,6132.02,0.0,Processed
740,FR0022,P016,2026-05-01,6506.27,6506.27,0.0,Processed
741,FR0022,P016,2026-06-01,5443.14,5443.14,0.0,Processed
742,FR0022,P016,2026-07-01,5939.08,5939.08,0.0,Processed
743,FR0022,P005,2026-01-01,0.0,0.0,0.0,Processed
744,FR0022,P005,2026-02-01,0.0,0.0,0.0,Processed
745,FR0022,P005,2026-03-01,0.0,8075.17,8075.17,Processed
746,FR0022,P005,2026-04-01,0.0,0.0,0.0,Processed
747,FR0022,P005,2026-05-01,0.0,0.0,0.0,Processed
748,FR0022,P005,2026-06-01,0.0,0.0,0.0,Processed
749,FR0022,P005,2026-07-01,0.0,0.0,0.0,Processed
750,FR0022,P029,2026-01-01,144.58,144.58,0.0,Processed
751,FR0022,P029,2026-02-01,6.96,6.96,0.0,Processed
752,FR0022,P029,2026-03-01,0.0,0.0,0.0,Processed
753,FR0022,P029,2026-04-01,283.99,283.99,0.0,Processed
754,FR0022,P029,2026-05-01,278.31,278.31,0.0,Processed
755,FR0022,P029,2026-06-01,0.0,0.0,0.0,Processed
756,FR0022,P029,2026-07-01,322.92,322.92,0.0,Processed
757,FR0022,P024,2026-01-01,648.43,648.43,0.0,Processed
758,FR0022,P024,2026-02-01,1144.55,1144.55,0.0,Processed
759,FR0022,P024,2026-03-01,2924.29,2924.29,0.0,Processed
760,FR0022,P024,2026-04-01,951.75,951.75,0.0,Processed
761,FR0022,P024,2026-05-01,1199.72,1199.72,0.0,Processed
762,FR0022,P024,2026-06-01,1022.38,1022.38,0.0,Processed
763,FR0022,P024,2026-07-01,1392.7,1392.7,0.0,Processed
764,FR0023,P028,2026-01-01,1856.29,1856.29,0.0,Processed
765,FR0023,P028,2026-02-01,1797.68,1797.68,0.0,Processed
766,FR0023,P028,2026-03-01,2217.54,2217.54,0.0,Processed
767,FR0023,P028,2026-04-01,1997.44,1997.44,0.0,Processed
768,FR0023,P028,2026-05-01,2387.44,2387.44,0.0,Processed
769,FR0023,P028,2026-06-01,2257.74,2257.74,0.0,Processed
770,FR0023,P028,2026-07-01,1785.71,1785.71,0.0,Processed
771,FR0023,P012,2026-01-01,8706.86,8706.86,0.0,Processed
772,FR0023,P012,2026-02-01,8600.83,8600.83,0.0,Processed
773,FR0023,P012,2026-03-01,8260.15,8260.15,0.0,Processed
774,FR0023,P012,2026-04-01,14341.07,14341.07,0.0,Processed
775,FR0023,P012,2026-05-01,8575.5,8575.5,0.0,Processed
776,FR0023,P012,2026-06-01,8187.11,8187.11,0.0,Processed
777,FR0023,P012,2026-07-01,8106.88,8106.88,0.0,Processed
778,FR0023,P008,2026-01-01,1907.8,1907.8,0.0,Processed
779,FR0023,P008,2026-02-01,1847.36,1847.36,0.0,Processed
780,FR0023,P008,2026-03-01,1893.2,1893.2,0.0,Processed
781,FR0023,P008,2026-04-01,1960.56,1960.56,0.0,Processed
782,FR0023,P008,2026-05-01,1828.81,1828.81,0.0,Processed
783,FR0023,P008,2026-06-01,1790.14,1790.14,0.0,Processed
784,FR0023,P008,2026-07-01,1944.26,1944.26,0.0,Processed
785,FR0023,P022,2026-01-01,2635.96,2635.96,0.0,Processed
786,FR0023,P022,2026-02-01,2322.8,2322.8,0.0,Processed
787,FR0023,P022,2026-03-01,9070.24,12652.76,3582.52,Processed
788,FR0023,P022,2026-04-01,1579.15,1579.15,0.0,Processed
789,FR0023,P022,2026-05-01,1844.44,1844.44,0.0,Processed
790,FR0023,P022,2026-06-01,2199.98,2199.98,0.0,Processed
791,FR0023,P022,2026-07-01,2428.56,2428.56,0.0,Processed
792,FR0023,P016,2026-01-01,3619.17,3619.17,0.0,Processed
793,FR0023,P016,2026-02-01,3734.52,3734.52,0.0,Processed
794,FR0023,P016,2026-03-01,4386.5,4386.5,0.0,Processed
795,FR0023,P016,2026-04-01,3801.34,3801.34,0.0,Processed
796,FR0023,P016,2026-05-01,4227.18,4227.18,0.0,Processed
797,FR0023,P016,2026-06-01,3610.82,3610.82,0.0,Processed
798,FR0023,P016,2026-07-01,4285.21,4285.21,0.0,Processed
799,FR0023,P023,2026-01-01,2286.13,2286.13,0.0,Processed
800,FR0023,P023,2026-02-01,2226.24,2226.24,0.0,Processed
801,FR0023,P023,2026-03-01,2273.86,2273.86,0.0,Processed
802,FR0023,P023,2026-04-01,2301.1,2301.1,0.0,Processed
803,FR0023,P023,2026-05-01,2506.55,2506.55,0.0,Processed
804,FR0023,P023,2026-06-01,2427.82,2427.82,0.0,Processed
805,FR0023,P023,2026-07-01,2225.52,2225.52,0.0,Processed
806,FR0023,P014,2026-01-01,3502.43,3502.43,0.0,Processed
807,FR0023,P014,2026-02-01,3193.66,3193.66,0.0,Processed
808,FR0023,P014,2026-03-01,3507.5,3507.5,0.0,Processed
809,FR0023,P014,2026-04-01,3257.22,3257.22,0.0,Processed
810,FR0023,P014,2026-05-01,3797.11,3797.11,0.0,Processed
811,FR0023,P014,2026-06-01,3254.07,3254.07,0.0,Processed
812,FR0023,P014,2026-07-01,3774.1,3774.1,0.0,Processed
813,FR0024,P016,2026-01-01,4400.43,4400.43,0.0,Processed
814,FR0024,P016,2026-02-01,4740.31,4740.31,0.0,Processed
815,FR0024,P016,2026-03-01,4158.73,4158.73,0.0,Processed
816,FR0024,P016,2026-04-01,4295.54,4295.54,0.0,Processed
817,FR0024,P016,2026-05-01,4937.12,4937.12,0.0,Processed
818,FR0024,P016,2026-06-01,4859.13,4859.13,0.0,Processed
819,FR0024,P016,2026-07-01,9497.42,9497.42,0.0,Processed
820,FR0024,P013,2026-01-01,235.81,235.81,0.0,Processed
821,FR0024,P013,2026-02-01,0.0,0.0,0.0,Processed
822,FR0024,P013,2026-03-01,68.99,68.99,0.0,Processed
823,FR0024,P013,2026-04-01,0.0,0.0,0.0,Processed
824,FR0024,P013,2026-05-01,0.0,0.0,0.0,Processed
825,FR0024,P013,2026-06-01,193.34,193.34,0.0,Processed
826,FR0024,P013,2026-07-01,153.07,153.07,0.0,Processed
827,FR0024,P030,2026-01-01,202.66,202.66,0.0,Processed
828,FR0024,P030,2026-02-01,144.6,144.6,0.0,Processed
829,FR0024,P030,2026-03-01,3924.73,3924.73,0.0,Processed
830,FR0024,P030,2026-04-01,54.66,54.66,0.0,Processed
831,FR0024,P030,2026-05-01,0.0,0.0,0.0,Processed
832,FR0024,P030,2026-06-01,0.0,0.0,0.0,Processed
833,FR0024,P030,2026-07-01,0.0,0.0,0.0,Processed
834,FR0024,P006,2026-01-01,1537.97,1537.97,0.0,Processed
835,FR0024,P006,2026-02-01,1573.19,1573.19,0.0,Processed
836,FR0024,P006,2026-03-01,1235.61,1235.61,0.0,Processed
837,FR0024,P006,2026-04-01,1485.12,1485.12,0.0,Processed
838,FR0024,P006,2026-05-01,1425.94,1425.94,0.0,Processed
839,FR0024,P006,2026-06-01,1635.96,1635.96,0.0,Processed
840,FR0024,P006,2026-07-01,1554.89,1554.89,0.0,Processed
841,FR0024,P025,2026-01-01,7083.51,7083.51,0.0,Processed
842,FR0024,P025,2026-02-01,5983.31,5983.31,0.0,Processed
843,FR0024,P025,2026-03-01,6467.13,6467.13,0.0,Processed
844,FR0024,P025,2026-04-01,6749.03,6749.03,0.0,Processed
845,FR0024,P025,2026-05-01,6681.87,6681.87,0.0,Processed
846,FR0024,P025,2026-06-01,5949.14,5949.14,0.0,Processed
847,FR0024,P025,2026-07-01,7187.9,7187.9,0.0,Processed
848,FR0024,P001,2026-01-01,7849.73,7849.73,0.0,Processed
849,FR0024,P001,2026-02-01,7706.09,7706.09,0.0,Processed
850,FR0024,P001,2026-03-01,5844.88,5844.88,0.0,Processed
851,FR0024,P001,2026-04-01,7816.23,7816.23,0.0,Processed
852,FR0024,P001,2026-05-01,7710.76,7710.76,0.0,Processed
853,FR0024,P001,2026-06-01,16972.31,16972.31,0.0,Processed
854,FR0024,P001,2026-07-01,7215.25,7215.25,0.0,Processed
855,FR0025,P026,2026-01-01,0.0,0.0,0.0,Processed
856,FR0025,P026,2026-02-01,0.0,0.0,0.0,Processed
857,FR0025,P026,2026-03-01,0.0,0.0,0.0,Processed
858,FR0025,P026,2026-04-01,0.0,5357.0,5357.0,Processed
859,FR0025,P026,2026-05-01,0.0,0.0,0.0,Processed
860,FR0025,P026,2026-06-01,0.0,0.0,0.0,Processed
861,FR0025,P026,2026-07-01,0.0,0.0,0.0,Processed
862,FR0025,P008,2026-01-01,4658.59,4658.59,0.0,Processed
863,FR0025,P008,2026-02-01,5136.28,5136.28,0.0,Processed
864,FR0025,P008,2026-03-01,7534.53,7534.53,0.0,Processed
865,FR0025,P008,2026-04-01,4334.13,4334.13,0.0,Processed
866,FR0025,P008,2026-05-01,5030.48,5030.48,0.0,Processed
867,FR0025,P008,2026-06-01,4378.76,4378.76,0.0,Processed
868,FR0025,P008,2026-07-01,5015.67,5015.67,0.0,Processed
869,FR0025,P023,2026-01-01,1278.29,1278.29,0.0,Processed
870,FR0025,P023,2026-02-01,1404.91,1404.91,0.0,Processed
871,FR0025,P023,2026-03-01,1231.08,1231.08,0.0,Processed
872,FR0025,P023,2026-04-01,1355.06,1355.06,0.0,Processed
873,FR0025,P023,2026-05-01,1159.22,1159.22,0.0,Processed
874,FR0025,P023,2026-06-01,1184.72,1184.72,0.0,Processed
875,FR0025,P023,2026-07-01,1421.83,1421.83,0.0,Processed
876,FR0025,P024,2026-01-01,1233.93,1233.93,0.0,Processed
877,FR0025,P024,2026-02-01,1384.04,1384.04,0.0,Processed
878,FR0025,P024,2026-03-01,1308.81,1308.81,0.0,Processed
879,FR0025,P024,2026-04-01,1079.86,1079.86,0.0,Processed
880,FR0025,P024,2026-05-01,1034.33,1034.33,0.0,Processed
881,FR0025,P024,2026-06-01,979.26,979.26,0.0,Processed
882,FR0025,P024,2026-07-01,1040.66,1040.66,0.0,Processed
883,FR0025,P002,2026-01-01,4162.56,4162.56,0.0,Processed
884,FR0025,P002,2026-02-01,4496.0,4496.0,0.0,Processed
885,FR0025,P002,2026-03-01,3606.53,3606.53,0.0,Processed
886,FR0025,P002,2026-04-01,4484.76,4484.76,0.0,Processed
887,FR0025,P002,2026-05-01,4303.41,4303.41,0.0,Processed
888,FR0025,P002,2026-06-01,4022.34,4022.34,0.0,Processed
889,FR0025,P002,2026-07-01,4072.86,4072.86,0.0,Processed
890,FR0025,P010,2026-01-01,0.0,0.0,0.0,Processed
891,FR0025,P010,2026-02-01,0.0,0.0,0.0,Processed
892,FR0025,P010,2026-03-01,0.0,0.0,0.0,Processed
893,FR0025,P010,2026-04-01,0.0,0.0,0.0,Processed
894,FR0025,P010,2026-05-01,185.76,185.76,0.0,Processed
895,FR0025,P010,2026-06-01,0.0,0.0,0.0,Processed
896,FR0025,P010,2026-07-01,0.0,0.0,0.0,Processed
897,FR0026,P004,2026-01-01,0.0,0.0,0.0,Processed
898,FR0026,P004,2026-02-01,0.0,0.0,0.0,Processed
899,FR0026,P004,2026-03-01,0.0,7242.86,7242.86,Processed
900,FR0026,P004,2026-04-01,0.0,0.0,0.0,Processed
901,FR0026,P004,2026-05-01,0.0,0.0,0.0,Processed
902,FR0026,P004,2026-06-01,0.0,0.0,0.0,Processed
903,FR0026,P004,2026-07-01,0.0,0.0,0.0,Processed
904,FR0026,P025,2026-01-01,3905.53,3905.53,0.0,Processed
905,FR0026,P025,2026-02-01,3999.11,3999.11,0.0,Processed
906,FR0026,P025,2026-03-01,4605.31,4605.31,0.0,Processed
907,FR0026,P025,2026-04-01,4026.01,4026.01,0.0,Processed
908,FR0026,P025,2026-05-01,4039.26,4039.26,0.0,Processed
909,FR0026,P025,2026-06-01,4689.28,4689.28,0.0,Processed
910,FR0026,P025,2026-07-01,4647.15,4647.15,0.0,Processed
911,FR0026,P015,2026-01-01,6416.42,6416.42,0.0,Processed
912,FR0026,P015,2026-02-01,1665.47,1665.47,0.0,Processed
913,FR0026,P015,2026-03-01,2189.75,2189.75,0.0,Processed
914,FR0026,P015,2026-04-01,2110.44,2110.44,0.0,Processed
915,FR0026,P015,2026-05-01,1327.24,1327.24,0.0,Processed
916,FR0026,P015,2026-06-01,2181.44,2181.44,0.0,Processed
917,FR0026,P015,2026-07-01,1636.07,1636.07,0.0,Processed
918,FR0026,P018,2026-01-01,11209.2,15687.89,4478.69,Processed
919,FR0026,P018,2026-02-01,2212.18,2212.18,0.0,Processed
920,FR0026,P018,2026-03-01,11603.68,11603.68,0.0,Processed
921,FR0026,P018,2026-04-01,2353.52,2353.52,0.0,Processed
922,FR0026,P018,2026-05-01,3033.23,3033.23,0.0,Processed
923,FR0026,P018,2026-06-01,1889.59,1889.59,0.0,Processed
924,FR0026,P018,2026-07-01,2464.3,2464.3,0.0,Processed
925,FR0026,P029,2026-01-01,9585.76,13504.44,3918.68,Processed
926,FR0026,P029,2026-02-01,4304.08,4304.08,0.0,Processed
927,FR0026,P029,2026-03-01,4532.0,4532.0,0.0,Processed
928,FR0026,P029,2026-04-01,3627.54,3627.54,0.0,Processed
929,FR0026,P029,2026-05-01,4839.73,4839.73,0.0,Processed
930,FR0026,P029,2026-06-01,4112.78,4112.78,0.0,Processed
931,FR0026,P029,2026-07-01,4742.45,4742.45,0.0,Processed
932,FR0026,P012,2026-01-01,8787.03,8787.03,0.0,Processed
933,FR0026,P012,2026-02-01,9195.74,9195.74,0.0,Processed
934,FR0026,P012,2026-03-01,10327.14,10327.14,0.0,Processed
935,FR0026,P012,2026-04-01,10576.19,10576.19,0.0,Processed
936,FR0026,P012,2026-05-01,10262.32,10262.32,0.0,Processed
937,FR0026,P012,2026-06-01,10551.25,10551.25,0.0,Processed
938,FR0026,P012,2026-07-01,9502.51,9502.51,0.0,Processed
939,FR0026,P024,2026-01-01,0.0,0.0,0.0,Processed
940,FR0026,P024,2026-02-01,244.55,244.55,0.0,Processed
941,FR0026,P024,2026-03-01,0.0,0.0,0.0,Processed
942,FR0026,P024,2026-04-01,185.12,185.12,0.0,Processed
943,FR0026,P024,2026-05-01,2847.69,2847.69,0.0,Processed
944,FR0026,P024,2026-06-01,0.0,0.0,0.0,Processed
945,FR0026,P024,2026-07-01,0.0,0.0,0.0,Processed
946,FR0027,P021,2026-01-01,6146.93,6146.93,0.0,Processed
947,FR0027,P021,2026-02-01,5381.04,5381.04,0.0,Processed
948,FR0027,P021,2026-03-01,6158.29,6158.29,0.0,Processed
949,FR0027,P021,2026-04-01,5559.69,5559.69,0.0,Processed
950,FR0027,P021,2026-05-01,5343.8,5343.8,0.0,Processed
951,FR0027,P021,2026-06-01,5557.8,5557.8,0.0,Processed
952,FR0027,P021,2026-07-01,5764.51,5764.51,0.0,Processed
953,FR0027,P026,2026-01-01,0.0,0.0,0.0,Processed
954,FR0027,P026,2026-02-01,0.0,0.0,0.0,Processed
955,FR0027,P026,2026-03-01,0.0,0.0,0.0,Processed
956,FR0027,P026,2026-04-01,0.0,0.0,0.0,Processed
957,FR0027,P026,2026-05-01,0.0,0.0,0.0,Processed
958,FR0027,P026,2026-06-01,0.0,0.0,0.0,Processed
959,FR0027,P026,2026-07-01,0.0,0.0,0.0,Processed
960,FR0027,P001,2026-01-01,7980.88,7980.88,0.0,Processed
961,FR0027,P001,2026-02-01,8237.1,8237.1,0.0,Processed
962,FR0027,P001,2026-03-01,8474.08,8474.08,0.0,Processed
963,FR0027,P001,2026-04-01,7069.55,7069.55,0.0,Processed
964,FR0027,P001,2026-05-01,6720.78,6720.78,0.0,Processed
965,FR0027,P001,2026-06-01,6781.63,6781.63,0.0,Processed
966,FR0027,P001,2026-07-01,6912.26,6912.26,0.0,Processed
967,FR0028,P023,2026-01-01,4466.64,4466.64,0.0,Processed
968,FR0028,P023,2026-02-01,4314.66,4314.66,0.0,Processed
969,FR0028,P023,2026-03-01,4467.31,4467.31,0.0,Processed
970,FR0028,P023,2026-04-01,4485.41,4485.41,0.0,Processed
971,FR0028,P023,2026-05-01,4555.5,4555.5,0.0,Processed
972,FR0028,P023,2026-06-01,4650.42,4650.42,0.0,Processed
973,FR0028,P023,2026-07-01,4577.44,4577.44,0.0,Processed
974,FR0028,P018,2026-01-01,2292.28,2292.28,0.0,Processed
975,FR0028,P018,2026-02-01,1503.81,1503.81,0.0,Processed
976,FR0028,P018,2026-03-01,8136.38,8136.38,0.0,Processed
977,FR0028,P018,2026-04-01,1915.81,1915.81,0.0,Processed
978,FR0028,P018,2026-05-01,1498.21,1498.21,0.0,Processed
979,FR0028,P018,2026-06-01,1536.94,1536.94,0.0,Processed
980,FR0028,P018,2026-07-01,2767.42,2767.42,0.0,Processed
981,FR0028,P022,2026-01-01,1169.36,1169.36,0.0,Processed
982,FR0028,P022,2026-02-01,1392.15,1392.15,0.0,Processed
983,FR0028,P022,2026-03-01,675.47,675.47,0.0,Processed
984,FR0028,P022,2026-04-01,546.03,546.03,0.0,Processed
985,FR0028,P022,2026-05-01,674.14,674.14,0.0,Processed
986,FR0028,P022,2026-06-01,377.49,377.49,0.0,Processed
987,FR0028,P022,2026-07-01,577.71,577.71,0.0,Processed
988,FR0028,P017,2026-01-01,3527.47,3527.47,0.0,Processed
989,FR0028,P017,2026-02-01,3225.26,3225.26,0.0,Processed
990,FR0028,P017,2026-03-01,3148.05,3148.05,0.0,Processed
991,FR0028,P017,2026-04-01,3470.33,3470.33,0.0,Processed
992,FR0028,P017,2026-05-01,3353.04,3353.04,0.0,Processed
993,FR0028,P017,2026-06-01,3292.08,3292.08,0.0,Processed
994,FR0028,P017,2026-07-01,3382.65,3382.65,0.0,Processed
995,FR0028,P019,2026-01-01,4434.05,4434.05,0.0,Processed
996,FR0028,P019,2026-02-01,4044.53,4044.53,0.0,Processed
997,FR0028,P019,2026-03-01,3961.1,3961.1,0.0,Processed
998,FR0028,P019,2026-04-01,3797.87,3797.87,0.0,Processed
999,FR0028,P019,2026-05-01,3706.02,3706.02,0.0,Processed
1000,FR0028,P019,2026-06-01,4075.8,4075.8,0.0,Processed
1001,FR0028,P019,2026-07-01,4179.33,4179.33,0.0,Processed
1002,FR0028,P026,2026-01-01,8216.71,8216.71,0.0,Processed
1003,FR0028,P026,2026-02-01,1927.0,1927.0,0.0,Processed
1004,FR0028,P026,2026-03-01,5854.5,6892.81,1038.31,Processed
1005,FR0028,P026,2026-04-01,1795.45,1795.45,0.0,Processed
1006,FR0028,P026,2026-05-01,1835.68,1835.68,0.0,Processed
1007,FR0028,P026,2026-06-01,1570.04,1570.04,0.0,Processed
1008,FR0028,P026,2026-07-01,1932.79,1932.79,0.0,Processed
1009,FR0028,P011,2026-01-01,8877.82,8877.82,0.0,Processed
1010,FR0028,P011,2026-02-01,9676.7,9676.7,0.0,Processed
1011,FR0028,P011,2026-03-01,9521.23,9521.23,0.0,Processed
1012,FR0028,P011,2026-04-01,9494.97,9494.97,0.0,Processed
1013,FR0028,P011,2026-05-01,20489.39,22779.19,2289.81,Processed
1014,FR0028,P011,2026-06-01,9007.08,9007.08,0.0,Processed
1015,FR0028,P011,2026-07-01,9168.84,9168.84,0.0,Processed
1016,FR0029,P026,2026-01-01,3264.99,3264.99,0.0,Processed
1017,FR0029,P026,2026-02-01,2273.56,2273.56,0.0,Processed
1018,FR0029,P026,2026-03-01,4052.12,4052.12,0.0,Processed
1019,FR0029,P026,2026-04-01,2772.19,2772.19,0.0,Processed
1020,FR0029,P026,2026-05-01,2420.19,2420.19,0.0,Processed
1021,FR0029,P026,2026-06-01,3614.18,3614.18,0.0,Processed
1022,FR0029,P026,2026-07-01,3226.59,3226.59,0.0,Processed
1023,FR0029,P003,2026-01-01,6152.07,6152.07,0.0,Processed
1024,FR0029,P003,2026-02-01,6803.66,6803.66,0.0,Processed
1025,FR0029,P003,2026-03-01,5919.38,5919.38,0.0,Processed
1026,FR0029,P003,2026-04-01,6983.46,6983.46,0.0,Processed
1027,FR0029,P003,2026-05-01,6755.0,6755.0,0.0,Processed
1028,FR0029,P003,2026-06-01,6851.1,6851.1,0.0,Processed
1029,FR0029,P003,2026-07-01,6551.51,6551.51,0.0,Processed
1030,FR0029,P024,2026-01-01,0.0,0.0,0.0,Processed
1031,FR0029,P024,2026-02-01,0.0,0.0,0.0,Processed
1032,FR0029,P024,2026-03-01,0.0,0.0,0.0,Processed
1033,FR0029,P024,2026-04-01,0.0,0.0,0.0,Processed
1034,FR0029,P024,2026-05-01,0.0,0.0,0.0,Processed
1035,FR0029,P024,2026-06-01,0.0,0.0,0.0,Processed
1036,FR0029,P024,2026-07-01,0.0,0.0,0.0,Processed
1037,FR0029,P016,2026-01-01,2476.06,2476.06,0.0,Processed
1038,FR0029,P016,2026-02-01,2540.34,2540.34,0.0,Processed
1039,FR0029,P016,2026-03-01,2487.04,2487.04,0.0,Processed
1040,FR0029,P016,2026-04-01,2654.46,2654.46,0.0,Processed
1041,FR0029,P016,2026-05-01,2275.58,2275.58,0.0,Processed
1042,FR0029,P016,2026-06-01,2277.84,2277.84,0.0,Processed
1043,FR0029,P016,2026-07-01,4640.6,12365.79,7725.19,Processed
1044,FR0029,P028,2026-01-01,524.34,524.34,0.0,Processed
1045,FR0029,P028,2026-02-01,528.98,528.98,0.0,Processed
1046,FR0029,P028,2026-03-01,387.24,387.24,0.0,Processed
1047,FR0029,P028,2026-04-01,2489.42,2489.42,0.0,Processed
1048,FR0029,P028,2026-05-01,194.8,194.8,0.0,Processed
1049,FR0029,P028,2026-06-01,174.62,174.62,0.0,Processed
1050,FR0029,P028,2026-07-01,80.1,80.1,0.0,Processed
1051,FR0029,P021,2026-01-01,6965.51,6965.51,0.0,Processed
1052,FR0029,P021,2026-02-01,7366.88,7366.88,0.0,Processed
1053,FR0029,P021,2026-03-01,7656.39,7656.39,0.0,Processed
1054,FR0029,P021,2026-04-01,6968.71,6968.71,0.0,Processed
1055,FR0029,P021,2026-05-01,7809.19,7809.19,0.0,Processed
1056,FR0029,P021,2026-06-01,7695.8,7695.8,0.0,Processed
1057,FR0029,P021,2026-07-01,7281.05,7281.05,0.0,Processed
1058,FR0029,P027,2026-01-01,0.0,0.0,0.0,Processed
1059,FR0029,P027,2026-02-01,0.0,0.0,0.0,Processed
1060,FR0029,P027,2026-03-01,0.0,0.0,0.0,Processed
1061,FR0029,P027,2026-04-01,0.0,0.0,0.0,Processed
1062,FR0029,P027,2026-05-01,0.0,0.0,0.0,Processed
1063,FR0029,P027,2026-06-01,0.0,0.0,0.0,Processed
1064,FR0029,P027,2026-07-01,0.0,0.0,0.0,Processed
1065,FR0030,P024,2026-01-01,0.0,0.0,0.0,Processed
1066,FR0030,P024,2026-02-01,250.23,250.23,0.0,Processed
1067,FR0030,P024,2026-03-01,69.91,69.91,0.0,Processed
1068,FR0030,P024,2026-04-01,215.45,215.45,0.0,Processed
1069,FR0030,P024,2026-05-01,0.0,0.0,0.0,Processed
1070,FR0030,P024,2026-06-01,0.0,0.0,0.0,Processed
1071,FR0030,P024,2026-07-01,168.36,168.36,0.0,Processed
1072,FR0030,P012,2026-01-01,7582.34,7582.34,0.0,Processed
1073,FR0030,P012,2026-02-01,7963.57,7963.57,0.0,Processed
1074,FR0030,P012,2026-03-01,7241.28,7241.28,0.0,Processed
1075,FR0030,P012,2026-04-01,12139.62,16906.57,4766.95,Processed
1076,FR0030,P012,2026-05-01,7057.29,9903.4,2846.11,Processed
1077,FR0030,P012,2026-06-01,6879.69,6879.69,0.0,Processed
1078,FR0030,P012,2026-07-01,6676.15,6676.15,0.0,Processed
1079,FR0030,P022,2026-01-01,0.0,0.0,0.0,Processed
1080,FR0030,P022,2026-02-01,0.0,0.0,0.0,Processed
1081,FR0030,P022,2026-03-01,0.0,0.0,0.0,Processed
1082,FR0030,P022,2026-04-01,0.0,0.0,0.0,Processed
1083,FR0030,P022,2026-05-01,0.0,0.0,0.0,Processed
1084,FR0030,P022,2026-06-01,0.0,0.0,0.0,Processed
1085,FR0030,P022,2026-07-01,0.0,0.0,0.0,Processed
1086,FR0030,P001,2026-01-01,1786.12,1786.12,0.0,Processed
1087,FR0030,P001,2026-02-01,1525.85,10725.01,9199.16,Processed
1088,FR0030,P001,2026-03-01,1488.54,1488.54,0.0,Processed
1089,FR0030,P001,2026-04-01,1353.67,1353.67,0.0,Processed
1090,FR0030,P001,2026-05-01,1785.29,1785.29,0.0,Processed
1091,FR0030,P001,2026-06-01,1766.62,3771.24,2004.62,Processed
1092,FR0030,P001,2026-07-01,1532.42,1532.42,0.0,Processed
1093,FR0030,P003,2026-01-01,9355.08,9355.08,0.0,Processed
1094,FR0030,P003,2026-02-01,8503.45,8503.45,0.0,Processed
1095,FR0030,P003,2026-03-01,9257.41,9257.41,0.0,Processed
1096,FR0030,P003,2026-04-01,9430.12,9430.12,0.0,Processed
1097,FR0030,P003,2026-05-01,7770.96,7770.96,0.0,Processed
1098,FR0030,P003,2026-06-01,9365.26,9365.26,0.0,Processed
1099,FR0030,P003,2026-07-01,8208.23,8208.23,0.0,Processed
1100,FR0030,P010,2026-01-01,1479.96,1479.96,0.0,Processed
1101,FR0030,P010,2026-02-01,213.54,213.54,0.0,Processed
1102,FR0030,P010,2026-03-01,0.0,0.0,0.0,Processed
1103,FR0030,P010,2026-04-01,1510.68,1510.68,0.0,Processed
1104,FR0030,P010,2026-05-01,1123.27,1123.27,0.0,Processed
1105,FR0030,P010,2026-06-01,894.05,894.05,0.0,Processed
1106,FR0030,P010,2026-07-01,0.0,0.0,0.0,Processed
1107,FR0030,P007,2026-01-01,0.0,0.0,0.0,Processed
1108,FR0030,P007,2026-02-01,0.0,0.0,0.0,Processed
1109,FR0030,P007,2026-03-01,0.0,0.0,0.0,Processed
1110,FR0030,P007,2026-04-01,0.0,2160.69,2160.69,Processed
1111,FR0030,P007,2026-05-01,0.0,0.0,0.0,Processed
1112,FR0030,P007,2026-06-01,0.0,0.0,0.0,Processed
1113,FR0030,P007,2026-07-01,0.0,0.0,0.0,Processed
1114,FR0031,P021,2026-01-01,9004.62,9004.62,0.0,Processed
1115,FR0031,P021,2026-02-01,10078.93,10078.93,0.0,Processed
1116,FR0031,P021,2026-03-01,9972.04,9972.04,0.0,Processed
1117,FR0031,P021,2026-04-01,10114.11,10114.11,0.0,Processed
1118,FR0031,P021,2026-05-01,9588.36,9588.36,0.0,Processed
1119,FR0031,P021,2026-06-01,8657.17,8657.17,0.0,Processed
1120,FR0031,P021,2026-07-01,8890.97,8890.97,0.0,Processed
1121,FR0031,P011,2026-01-01,8908.31,8908.31,0.0,Processed
1122,FR0031,P011,2026-02-01,9402.55,9402.55,0.0,Processed
1123,FR0031,P011,2026-03-01,9657.28,9657.28,0.0,Processed
1124,FR0031,P011,2026-04-01,9811.91,9811.91,0.0,Processed
1125,FR0031,P011,2026-05-01,8831.43,8831.43,0.0,Processed
1126,FR0031,P011,2026-06-01,8746.82,8746.82,0.0,Processed
1127,FR0031,P011,2026-07-01,8608.63,8608.63,0.0,Processed
1128,FR0031,P020,2026-01-01,1162.96,1162.96,0.0,Processed
1129,FR0031,P020,2026-02-01,1208.76,1208.76,0.0,Processed
1130,FR0031,P020,2026-03-01,887.6,887.6,0.0,Processed
1131,FR0031,P020,2026-04-01,1314.37,1314.37,0.0,Processed
1132,FR0031,P020,2026-05-01,681.11,681.11,0.0,Processed
1133,FR0031,P020,2026-06-01,1105.17,1105.17,0.0,Processed
1134,FR0031,P020,2026-07-01,927.65,927.65,0.0,Processed
1135,FR0031,P028,2026-01-01,1235.27,1235.27,0.0,Processed
1136,FR0031,P028,2026-02-01,1592.8,1592.8,0.0,Processed
1137,FR0031,P028,2026-03-01,1140.72,1140.72,0.0,Processed
1138,FR0031,P028,2026-04-01,1359.01,1359.01,0.0,Processed
1139,FR0031,P028,2026-05-01,1529.81,1529.81,0.0,Processed
1140,FR0031,P028,2026-06-01,1249.06,1249.06,0.0,Processed
1141,FR0031,P028,2026-07-01,1210.89,1210.89,0.0,Processed
1142,FR0031,P012,2026-01-01,16900.36,16900.36,0.0,Processed
1143,FR0031,P012,2026-02-01,8956.12,8956.12,0.0,Processed
1144,FR0031,P012,2026-03-01,7738.24,7738.24,0.0,Processed
1145,FR0031,P012,2026-04-01,8698.96,8698.96,0.0,Processed
1146,FR0031,P012,2026-05-01,7815.03,7815.03,0.0,Processed
1147,FR0031,P012,2026-06-01,8083.18,8083.18,0.0,Processed
1148,FR0031,P012,2026-07-01,7256.6,7256.6,0.0,Processed
1149,FR0031,P008,2026-01-01,3160.01,3160.01,0.0,Processed
1150,FR0031,P008,2026-02-01,2731.86,2731.86,0.0,Processed
1151,FR0031,P008,2026-03-01,3040.63,3040.63,0.0,Processed
1152,FR0031,P008,2026-04-01,2926.48,2926.48,0.0,Processed
1153,FR0031,P008,2026-05-01,2774.59,2774.59,0.0,Processed
1154,FR0031,P008,2026-06-01,6081.84,6081.84,0.0,Processed
1155,FR0031,P008,2026-07-01,2893.27,2893.27,0.0,Processed
1156,FR0032,P016,2026-01-01,5819.73,5819.73,0.0,Processed
1157,FR0032,P016,2026-02-01,6021.58,6021.58,0.0,Processed
1158,FR0032,P016,2026-03-01,5843.87,5843.87,0.0,Processed
1159,FR0032,P016,2026-04-01,5109.88,5109.88,0.0,Processed
1160,FR0032,P016,2026-05-01,6104.38,6104.38,0.0,Processed
1161,FR0032,P016,2026-06-01,5066.16,5066.16,0.0,Processed
1162,FR0032,P016,2026-07-01,5772.99,5772.99,0.0,Processed
1163,FR0032,P007,2026-01-01,2167.05,2167.05,0.0,Processed
1164,FR0032,P007,2026-02-01,2306.06,2306.06,0.0,Processed
1165,FR0032,P007,2026-03-01,1896.01,1896.01,0.0,Processed
1166,FR0032,P007,2026-04-01,1124.96,1124.96,0.0,Processed
1167,FR0032,P007,2026-05-01,2420.4,2420.4,0.0,Processed
1168,FR0032,P007,2026-06-01,2366.91,2366.91,0.0,Processed
1169,FR0032,P007,2026-07-01,1832.66,1832.66,0.0,Processed
1170,FR0032,P026,2026-01-01,0.0,0.0,0.0,Processed
1171,FR0032,P026,2026-02-01,0.0,0.0,0.0,Processed
1172,FR0032,P026,2026-03-01,0.0,0.0,0.0,Processed
1173,FR0032,P026,2026-04-01,0.0,0.0,0.0,Processed
1174,FR0032,P026,2026-05-01,0.0,0.0,0.0,Processed
1175,FR0032,P026,2026-06-01,0.0,0.0,0.0,Processed
1176,FR0032,P026,2026-07-01,0.0,0.0,0.0,Processed
1177,FR0032,P010,2026-01-01,4693.65,4693.65,0.0,Processed
1178,FR0032,P010,2026-02-01,0.0,2559.74,2559.74,Processed
1179,FR0032,P010,2026-03-01,0.0,0.0,0.0,Processed
1180,FR0032,P010,2026-04-01,0.0,0.0,0.0,Processed
1181,FR0032,P010,2026-05-01,0.0,0.0,0.0,Processed
1182,FR0032,P010,2026-06-01,0.0,0.0,0.0,Processed
1183,FR0032,P010,2026-07-01,0.0,0.0,0.0,Processed
1184,FR0033,P021,2026-01-01,4778.99,4778.99,0.0,Processed
1185,FR0033,P021,2026-02-01,4000.42,4000.42,0.0,Processed
1186,FR0033,P021,2026-03-01,4298.98,4298.98,0.0,Processed
1187,FR0033,P021,2026-04-01,4585.05,4585.05,0.0,Processed
1188,FR0033,P021,2026-05-01,8329.58,8329.58,0.0,Processed
1189,FR0033,P021,2026-06-01,4732.4,4732.4,0.0,Processed
1190,FR0033,P021,2026-07-01,4589.17,4589.17,0.0,Processed
1191,FR0033,P007,2026-01-01,0.0,0.0,0.0,Processed
1192,FR0033,P007,2026-02-01,0.0,0.0,0.0,Processed
1193,FR0033,P007,2026-03-01,0.0,0.0,0.0,Processed
1194,FR0033,P007,2026-04-01,0.0,0.0,0.0,Processed
1195,FR0033,P007,2026-05-01,0.0,0.0,0.0,Processed
1196,FR0033,P007,2026-06-01,0.0,0.0,0.0,Processed
1197,FR0033,P007,2026-07-01,0.0,0.0,0.0,Processed
1198,FR0033,P002,2026-01-01,4747.72,4747.72,0.0,Processed
1199,FR0033,P002,2026-02-01,3473.33,3473.33,0.0,Processed
1200,FR0033,P002,2026-03-01,3782.61,3782.61,0.0,Processed
1201,FR0033,P002,2026-04-01,4331.61,4331.61,0.0,Processed
1202,FR0033,P002,2026-05-01,4067.4,4067.4,0.0,Processed
1203,FR0033,P002,2026-06-01,3568.78,3568.78,0.0,Processed
1204,FR0033,P002,2026-07-01,3819.37,3819.37,0.0,Processed
1205,FR0034,P008,2026-01-01,4115.03,4115.03,0.0,Processed
1206,FR0034,P008,2026-02-01,4277.37,4277.37,0.0,Processed
1207,FR0034,P008,2026-03-01,3997.15,3997.15,0.0,Processed
1208,FR0034,P008,2026-04-01,4537.43,4537.43,0.0,Processed
1209,FR0034,P008,2026-05-01,4679.77,4679.77,0.0,Processed
1210,FR0034,P008,2026-06-01,4264.73,4264.73,0.0,Processed
1211,FR0034,P008,2026-07-01,4210.26,4210.26,0.0,Processed
1212,FR0034,P029,2026-01-01,4633.11,4633.11,0.0,Processed
1213,FR0034,P029,2026-02-01,5866.0,5866.0,0.0,Processed
1214,FR0034,P029,2026-03-01,6005.28,6005.28,0.0,Processed
1215,FR0034,P029,2026-04-01,5107.56,5107.56,0.0,Processed
1216,FR0034,P029,2026-05-01,4731.63,4731.63,0.0,Processed
1217,FR0034,P029,2026-06-01,5613.48,5613.48,0.0,Processed
1218,FR0034,P029,2026-07-01,4970.29,4970.29,0.0,Processed
1219,FR0034,P015,2026-01-01,0.0,0.0,0.0,Processed
1220,FR0034,P015,2026-02-01,214.56,214.56,0.0,Processed
1221,FR0034,P015,2026-03-01,0.0,0.0,0.0,Processed
1222,FR0034,P015,2026-04-01,113.3,113.3,0.0,Processed
1223,FR0034,P015,2026-05-01,0.0,0.0,0.0,Processed
1224,FR0034,P015,2026-06-01,0.0,0.0,0.0,Processed
1225,FR0034,P015,2026-07-01,0.0,0.0,0.0,Processed
1226,FR0034,P005,2026-01-01,0.0,0.0,0.0,Processed
1227,FR0034,P005,2026-02-01,0.0,0.0,0.0,Processed
1228,FR0034,P005,2026-03-01,0.0,0.0,0.0,Processed
1229,FR0034,P005,2026-04-01,0.0,0.0,0.0,Processed
1230,FR0034,P005,2026-05-01,0.0,0.0,0.0,Processed
1231,FR0034,P005,2026-06-01,0.0,0.0,0.0,Processed
1232,FR0034,P005,2026-07-01,0.0,0.0,0.0,Processed
1233,FR0035,P028,2026-01-01,1557.44,1557.44,0.0,Processed
1234,FR0035,P028,2026-02-01,1585.54,1585.54,0.0,Processed
1235,FR0035,P028,2026-03-01,1191.32,1191.32,0.0,Processed
1236,FR0035,P028,2026-04-01,1587.53,1587.53,0.0,Processed
1237,FR0035,P028,2026-05-01,1460.72,1460.72,0.0,Processed
1238,FR0035,P028,2026-06-01,916.25,916.25,0.0,Processed
1239,FR0035,P028,2026-07-01,1205.54,1205.54,0.0,Processed
1240,FR0035,P011,2026-01-01,6431.08,6431.08,0.0,Processed
1241,FR0035,P011,2026-02-01,7516.34,7516.34,0.0,Processed
1242,FR0035,P011,2026-03-01,6209.5,6209.5,0.0,Processed
1243,FR0035,P011,2026-04-01,6492.93,6492.93,0.0,Processed
1244,FR0035,P011,2026-05-01,6655.97,6655.97,0.0,Processed
1245,FR0035,P011,2026-06-01,6521.39,6521.39,0.0,Processed
1246,FR0035,P011,2026-07-01,7452.3,7452.3,0.0,Processed
1247,FR0035,P020,2026-01-01,4024.9,4024.9,0.0,Processed
1248,FR0035,P020,2026-02-01,5511.42,5511.42,0.0,Processed
1249,FR0035,P020,2026-03-01,5230.19,5230.19,0.0,Processed
1250,FR0035,P020,2026-04-01,4197.21,4197.21,0.0,Processed
1251,FR0035,P020,2026-05-01,4285.52,4285.52,0.0,Processed
1252,FR0035,P020,2026-06-01,5002.13,5002.13,0.0,Processed
1253,FR0035,P020,2026-07-01,5228.25,5228.25,0.0,Processed
1254,FR0036,P029,2026-01-01,1154.2,1154.2,0.0,Processed
1255,FR0036,P029,2026-02-01,766.92,766.92,0.0,Processed
1256,FR0036,P029,2026-03-01,953.43,953.43,0.0,Processed
1257,FR0036,P029,2026-04-01,1132.31,1132.31,0.0,Processed
1258,FR0036,P029,2026-05-01,1051.12,1051.12,0.0,Processed
1259,FR0036,P029,2026-06-01,1111.15,1111.15,0.0,Processed
1260,FR0036,P029,2026-07-01,643.29,643.29,0.0,Processed
1261,FR0036,P006,2026-01-01,2496.66,2496.66,0.0,Processed
1262,FR0036,P006,2026-02-01,1867.34,1867.34,0.0,Processed
1263,FR0036,P006,2026-03-01,2326.0,2326.0,0.0,Processed
1264,FR0036,P006,2026-04-01,2448.6,2448.6,0.0,Processed
1265,FR0036,P006,2026-05-01,2150.02,2150.02,0.0,Processed
1266,FR0036,P006,2026-06-01,4933.91,14740.1,9806.18,Processed
1267,FR0036,P006,2026-07-01,2252.0,2252.0,0.0,Processed
1268,FR0036,P030,2026-01-01,0.0,0.0,0.0,Processed
1269,FR0036,P030,2026-02-01,0.0,0.0,0.0,Processed
1270,FR0036,P030,2026-03-01,0.0,0.0,0.0,Processed
1271,FR0036,P030,2026-04-01,0.0,0.0,0.0,Processed
1272,FR0036,P030,2026-05-01,0.0,0.0,0.0,Processed
1273,FR0036,P030,2026-06-01,0.0,0.0,0.0,Processed
1274,FR0036,P030,2026-07-01,0.0,0.0,0.0,Processed
1275,FR0037,P013,2026-01-01,613.17,4948.95,4335.78,Processed
1276,FR0037,P013,2026-02-01,576.74,576.74,0.0,Processed
1277,FR0037,P013,2026-03-01,81.05,81.05,0.0,Processed
1278,FR0037,P013,2026-04-01,403.48,403.48,0.0,Processed
1279,FR0037,P013,2026-05-01,460.46,460.46,0.0,Processed
1280,FR0037,P013,2026-06-01,576.57,576.57,0.0,Processed
1281,FR0037,P013,2026-07-01,427.81,427.81,0.0,Processed
1282,FR0037,P010,2026-01-01,0.0,0.0,0.0,Processed
1283,FR0037,P010,2026-02-01,0.0,0.0,0.0,Processed
1284,FR0037,P010,2026-03-01,0.0,0.0,0.0,Processed
1285,FR0037,P010,2026-04-01,0.0,0.0,0.0,Processed
1286,FR0037,P010,2026-05-01,0.0,0.0,0.0,Processed
1287,FR0037,P010,2026-06-01,0.0,0.0,0.0,Processed
1288,FR0037,P010,2026-07-01,0.0,0.0,0.0,Processed
1289,FR0037,P025,2026-01-01,6631.09,6631.09,0.0,Processed
1290,FR0037,P025,2026-02-01,6432.69,6432.69,0.0,Processed
1291,FR0037,P025,2026-03-01,6630.16,6630.16,0.0,Processed
1292,FR0037,P025,2026-04-01,6780.27,6780.27,0.0,Processed
1293,FR0037,P025,2026-05-01,6470.91,6470.91,0.0,Processed
1294,FR0037,P025,2026-06-01,10966.79,10966.79,0.0,Processed
1295,FR0037,P025,2026-07-01,13940.92,13940.92,0.0,Processed
1296,FR0038,P011,2026-01-01,9278.95,9278.95,0.0,Processed
1297,FR0038,P011,2026-02-01,8986.03,8986.03,0.0,Processed
1298,FR0038,P011,2026-03-01,9605.22,9605.22,0.0,Processed
1299,FR0038,P011,2026-04-01,9228.41,9228.41,0.0,Processed
1300,FR0038,P011,2026-05-01,9860.23,9860.23,0.0,Processed
1301,FR0038,P011,2026-06-01,9418.08,9418.08,0.0,Processed
1302,FR0038,P011,2026-07-01,8943.24,8943.24,0.0,Processed
1303,FR0038,P016,2026-01-01,2917.81,2917.81,0.0,Processed
1304,FR0038,P016,2026-02-01,3068.46,3068.46,0.0,Processed
1305,FR0038,P016,2026-03-01,3150.74,3150.74,0.0,Processed
1306,FR0038,P016,2026-04-01,3021.32,3021.32,0.0,Processed
1307,FR0038,P016,2026-05-01,3101.68,3101.68,0.0,Processed
1308,FR0038,P016,2026-06-01,5813.28,5813.28,0.0,Processed
1309,FR0038,P016,2026-07-01,3004.76,3004.76,0.0,Processed
1310,FR0038,P010,2026-01-01,0.0,0.0,0.0,Processed
1311,FR0038,P010,2026-02-01,0.0,0.0,0.0,Processed
1312,FR0038,P010,2026-03-01,2476.61,2476.61,0.0,Processed
1313,FR0038,P010,2026-04-01,0.0,0.0,0.0,Processed
1314,FR0038,P010,2026-05-01,0.0,0.0,0.0,Processed
1315,FR0038,P010,2026-06-01,0.0,0.0,0.0,Processed
1316,FR0038,P010,2026-07-01,0.0,0.0,0.0,Processed
1317,FR0039,P013,2026-01-01,3638.41,3638.41,0.0,Processed
1318,FR0039,P013,2026-02-01,3781.24,3781.24,0.0,Processed
1319,FR0039,P013,2026-03-01,2760.74,2760.74,0.0,Processed
1320,FR0039,P013,2026-04-01,3081.09,3081.09,0.0,Processed
1321,FR0039,P013,2026-05-01,3185.2,3185.2,0.0,Processed
1322,FR0039,P013,2026-06-01,3674.89,3674.89,0.0,Processed
1323,FR0039,P013,2026-07-01,3353.82,3353.82,0.0,Processed
1324,FR0039,P009,2026-01-01,3449.33,3449.33,0.0,Processed
1325,FR0039,P009,2026-02-01,3999.02,3999.02,0.0,Processed
1326,FR0039,P009,2026-03-01,3723.69,3723.69,0.0,Processed
1327,FR0039,P009,2026-04-01,3936.05,3936.05,0.0,Processed
1328,FR0039,P009,2026-05-01,3609.75,3609.75,0.0,Processed
1329,FR0039,P009,2026-06-01,3498.65,3498.65,0.0,Processed
1330,FR0039,P009,2026-07-01,3886.47,3886.47,0.0,Processed
1331,FR0039,P024,2026-01-01,380.75,380.75,0.0,Processed
1332,FR0039,P024,2026-02-01,246.13,246.13,0.0,Processed
1333,FR0039,P024,2026-03-01,612.47,612.47,0.0,Processed
1334,FR0039,P024,2026-04-01,391.6,391.6,0.0,Processed
1335,FR0039,P024,2026-05-01,807.54,807.54,0.0,Processed
1336,FR0039,P024,2026-06-01,583.1,583.1,0.0,Processed
1337,FR0039,P024,2026-07-01,568.93,568.93,0.0,Processed
1338,FR0039,P017,2026-01-01,8409.3,8409.3,0.0,Processed
1339,FR0039,P017,2026-02-01,7181.31,7181.31,0.0,Processed
1340,FR0039,P017,2026-03-01,7083.55,7083.55,0.0,Processed
1341,FR0039,P017,2026-04-01,7390.89,7390.89,0.0,Processed
1342,FR0039,P017,2026-05-01,8125.14,8125.14,0.0,Processed
1343,FR0039,P017,2026-06-01,8518.52,8518.52,0.0,Processed
1344,FR0039,P017,2026-07-01,8008.97,8008.97,0.0,Processed
1345,FR0039,P025,2026-01-01,4709.14,4709.14,0.0,Processed
1346,FR0039,P025,2026-02-01,4229.33,4229.33,0.0,Processed
1347,FR0039,P025,2026-03-01,4184.56,4184.56,0.0,Processed
1348,FR0039,P025,2026-04-01,4449.39,4449.39,0.0,Processed
1349,FR0039,P025,2026-05-01,4636.26,4636.26,0.0,Processed
1350,FR0039,P025,2026-06-01,4811.92,4811.92,0.0,Processed
1351,FR0039,P025,2026-07-01,4797.23,4797.23,0.0,Processed
1352,FR0040,P005,2026-01-01,0.0,0.0,0.0,Processed
1353,FR0040,P005,2026-02-01,0.0,0.0,0.0,Processed
1354,FR0040,P005,2026-03-01,0.0,0.0,0.0,Processed
1355,FR0040,P005,2026-04-01,0.0,0.0,0.0,Processed
1356,FR0040,P005,2026-05-01,0.0,0.0,0.0,Processed
1357,FR0040,P005,2026-06-01,0.0,0.0,0.0,Processed
1358,FR0040,P005,2026-07-01,0.0,0.0,0.0,Processed
1359,FR0040,P011,2026-01-01,10917.61,10917.61,0.0,Processed
1360,FR0040,P011,2026-02-01,10726.29,10726.29,0.0,Processed
1361,FR0040,P011,2026-03-01,12158.22,12158.22,0.0,Processed
1362,FR0040,P011,2026-04-01,12879.21,12879.21,0.0,Processed
1363,FR0040,P011,2026-05-01,12256.01,12256.01,0.0,Processed
1364,FR0040,P011,2026-06-01,12307.54,12307.54,0.0,Processed
1365,FR0040,P011,2026-07-01,12415.33,12415.33,0.0,Processed
1366,FR0040,P006,2026-01-01,1782.19,1782.19,0.0,Processed
1367,FR0040,P006,2026-02-01,1776.19,5104.35,3328.16,Processed
1368,FR0040,P006,2026-03-01,1946.13,1946.13,0.0,Processed
1369,FR0040,P006,2026-04-01,1650.39,1650.39,0.0,Processed
1370,FR0040,P006,2026-05-01,1794.76,4037.87,2243.11,Processed
1371,FR0040,P006,2026-06-01,2243.49,2243.49,0.0,Processed
1372,FR0040,P006,2026-07-01,1848.23,1848.23,0.0,Processed
1373,FR0041,P029,2026-01-01,3052.74,3052.74,0.0,Processed
1374,FR0041,P029,2026-02-01,3668.54,3668.54,0.0,Processed
1375,FR0041,P029,2026-03-01,3716.83,3716.83,0.0,Processed
1376,FR0041,P029,2026-04-01,3554.41,3554.41,0.0,Processed
1377,FR0041,P029,2026-05-01,3741.38,3741.38,0.0,Processed
1378,FR0041,P029,2026-06-01,3321.19,3321.19,0.0,Processed
1379,FR0041,P029,2026-07-01,2940.99,2940.99,0.0,Processed
1380,FR0041,P002,2026-01-01,3244.69,3244.69,0.0,Processed
1381,FR0041,P002,2026-02-01,3404.03,3404.03,0.0,Processed
1382,FR0041,P002,2026-03-01,2598.71,2598.71,0.0,Processed
1383,FR0041,P002,2026-04-01,3517.0,3517.0,0.0,Processed
1384,FR0041,P002,2026-05-01,2498.34,2498.34,0.0,Processed
1385,FR0041,P002,2026-06-01,3061.18,3061.18,0.0,Processed
1386,FR0041,P002,2026-07-01,3122.02,3122.02,0.0,Processed
1387,FR0041,P015,2026-01-01,0.0,0.0,0.0,Processed
1388,FR0041,P015,2026-02-01,0.0,0.0,0.0,Processed
1389,FR0041,P015,2026-03-01,0.0,0.0,0.0,Processed
1390,FR0041,P015,2026-04-01,0.0,0.0,0.0,Processed
1391,FR0041,P015,2026-05-01,0.0,0.0,0.0,Processed
1392,FR0041,P015,2026-06-01,0.0,0.0,0.0,Processed
1393,FR0041,P015,2026-07-01,0.0,0.0,0.0,Processed
1394,FR0042,P018,2026-01-01,0.0,0.0,0.0,Processed
1395,FR0042,P018,2026-02-01,0.0,0.0,0.0,Processed
1396,FR0042,P018,2026-03-01,0.0,0.0,0.0,Processed
1397,FR0042,P018,2026-04-01,0.0,0.0,0.0,Processed
1398,FR0042,P018,2026-05-01,0.0,0.0,0.0,Processed
1399,FR0042,P018,2026-06-01,0.0,0.0,0.0,Processed
1400,FR0042,P018,2026-07-01,0.0,0.0,0.0,Processed
1401,FR0042,P023,2026-01-01,1158.01,1158.01,0.0,Processed
1402,FR0042,P023,2026-02-01,1282.05,1282.05,0.0,Processed
1403,FR0042,P023,2026-03-01,1347.6,1347.6,0.0,Processed
1404,FR0042,P023,2026-04-01,1382.73,1382.73,0.0,Processed
1405,FR0042,P023,2026-05-01,1389.49,1389.49,0.0,Processed
1406,FR0042,P023,2026-06-01,1169.17,1169.17,0.0,Processed
1407,FR0042,P023,2026-07-01,1404.97,1404.97,0.0,Processed
1408,FR0042,P017,2026-01-01,8460.18,8460.18,0.0,Processed
1409,FR0042,P017,2026-02-01,8880.84,8880.84,0.0,Processed
1410,FR0042,P017,2026-03-01,7859.76,7859.76,0.0,Processed
1411,FR0042,P017,2026-04-01,8011.82,8011.82,0.0,Processed
1412,FR0042,P017,2026-05-01,8089.58,8089.58,0.0,Processed
1413,FR0042,P017,2026-06-01,9289.08,9289.08,0.0,Processed
1414,FR0042,P017,2026-07-01,8468.28,8468.28,0.0,Processed
1415,FR0043,P028,2026-01-01,5093.75,5093.75,0.0,Processed
1416,FR0043,P028,2026-02-01,4530.23,4530.23,0.0,Processed
1417,FR0043,P028,2026-03-01,4368.28,4368.28,0.0,Processed
1418,FR0043,P028,2026-04-01,3992.31,3992.31,0.0,Processed
1419,FR0043,P028,2026-05-01,5313.88,5313.88,0.0,Processed
1420,FR0043,P028,2026-06-01,4485.24,4485.24,0.0,Processed
1421,FR0043,P028,2026-07-01,4539.28,4539.28,0.0,Processed
1422,FR0043,P006,2026-01-01,1311.47,1311.47,0.0,Processed
1423,FR0043,P006,2026-02-01,1355.68,1355.68,0.0,Processed
1424,FR0043,P006,2026-03-01,1080.85,1080.85,0.0,Processed
1425,FR0043,P006,2026-04-01,1258.43,1258.43,0.0,Processed
1426,FR0043,P006,2026-05-01,1339.67,1339.67,0.0,Processed
1427,FR0043,P006,2026-06-01,1204.29,1204.29,0.0,Processed
1428,FR0043,P006,2026-07-01,1326.72,1326.72,0.0,Processed
1429,FR0043,P016,2026-01-01,5583.24,10377.3,4794.07,Processed
1430,FR0043,P016,2026-02-01,5337.04,5337.04,0.0,Processed
1431,FR0043,P016,2026-03-01,5293.6,5293.6,0.0,Processed
1432,FR0043,P016,2026-04-01,6010.71,6010.71,0.0,Processed
1433,FR0043,P016,2026-05-01,5324.59,5324.59,0.0,Processed
1434,FR0043,P016,2026-06-01,6005.45,6005.45,0.0,Processed
1435,FR0043,P016,2026-07-01,5977.67,5977.67,0.0,Processed
1436,FR0043,P007,2026-01-01,0.0,0.0,0.0,Processed
1437,FR0043,P007,2026-02-01,0.0,0.0,0.0,Processed
1438,FR0043,P007,2026-03-01,0.0,0.0,0.0,Processed
1439,FR0043,P007,2026-04-01,0.0,0.0,0.0,Processed
1440,FR0043,P007,2026-05-01,0.0,0.0,0.0,Processed
1441,FR0043,P007,2026-06-01,0.0,0.0,0.0,Processed
1442,FR0043,P007,2026-07-01,0.0,0.0,0.0,Processed
1443,FR0044,P015,2026-01-01,1532.18,1532.18,0.0,Processed
1444,FR0044,P015,2026-02-01,1948.18,1948.18,0.0,Processed
1445,FR0044,P015,2026-03-01,1591.84,1591.84,0.0,Processed
1446,FR0044,P015,2026-04-01,2147.08,2147.08,0.0,Processed
1447,FR0044,P015,2026-05-01,1442.18,1442.18,0.0,Processed
1448,FR0044,P015,2026-06-01,1328.16,1328.16,0.0,Processed
1449,FR0044,P015,2026-07-01,4954.85,8708.03,3753.18,Processed
1450,FR0044,P023,2026-01-01,6488.5,6488.5,0.0,Processed
1451,FR0044,P023,2026-02-01,3912.03,3912.03,0.0,Processed
1452,FR0044,P023,2026-03-01,3693.36,3693.36,0.0,Processed
1453,FR0044,P023,2026-04-01,3976.63,3976.63,0.0,Processed
1454,FR0044,P023,2026-05-01,3556.01,3556.01,0.0,Processed
1455,FR0044,P023,2026-06-01,3757.41,3757.41,0.0,Processed
1456,FR0044,P023,2026-07-01,3716.72,3716.72,0.0,Processed
1457,FR0044,P018,2026-01-01,423.08,423.08,0.0,Processed
1458,FR0044,P018,2026-02-01,1322.07,1322.07,0.0,Processed
1459,FR0044,P018,2026-03-01,487.17,487.17,0.0,Processed
1460,FR0044,P018,2026-04-01,1209.64,1209.64,0.0,Processed
1461,FR0044,P018,2026-05-01,618.76,618.76,0.0,Processed
1462,FR0044,P018,2026-06-01,1322.23,1322.23,0.0,Processed
1463,FR0044,P018,2026-07-01,1585.51,1585.51,0.0,Processed
1464,FR0044,P022,2026-01-01,3533.69,3533.69,0.0,Processed
1465,FR0044,P022,2026-02-01,3187.88,3187.88,0.0,Processed
1466,FR0044,P022,2026-03-01,2572.73,2572.73,0.0,Processed
1467,FR0044,P022,2026-04-01,2760.42,2760.42,0.0,Processed
1468,FR0044,P022,2026-05-01,3354.63,3354.63,0.0,Processed
1469,FR0044,P022,2026-06-01,9979.9,9979.9,0.0,Processed
1470,FR0044,P022,2026-07-01,3187.18,3187.18,0.0,Processed
1471,FR0044,P010,2026-01-01,0.0,0.0,0.0,Processed
1472,FR0044,P010,2026-02-01,0.0,0.0,0.0,Processed
1473,FR0044,P010,2026-03-01,0.0,0.0,0.0,Processed
1474,FR0044,P010,2026-04-01,0.0,0.0,0.0,Processed
1475,FR0044,P010,2026-05-01,0.0,0.0,0.0,Processed
1476,FR0044,P010,2026-06-01,0.0,0.0,0.0,Processed
1477,FR0044,P010,2026-07-01,0.0,0.0,0.0,Processed
1478,FR0045,P015,2026-01-01,0.0,0.0,0.0,Processed
1479,FR0045,P015,2026-02-01,0.0,0.0,0.0,Processed
1480,FR0045,P015,2026-03-01,0.0,0.0,0.0,Processed
1481,FR0045,P015,2026-04-01,0.0,0.0,0.0,Processed
1482,FR0045,P015,2026-05-01,0.0,0.0,0.0,Processed
1483,FR0045,P015,2026-06-01,0.0,0.0,0.0,Processed
1484,FR0045,P015,2026-07-01,0.0,0.0,0.0,Processed
1485,FR0045,P024,2026-01-01,0.0,0.0,0.0,Processed
1486,FR0045,P024,2026-02-01,0.0,0.0,0.0,Processed
1487,FR0045,P024,2026-03-01,0.0,0.0,0.0,Processed
1488,FR0045,P024,2026-04-01,0.0,0.0,0.0,Processed
1489,FR0045,P024,2026-05-01,2959.63,2959.63,0.0,Processed
1490,FR0045,P024,2026-06-01,0.0,0.0,0.0,Processed
1491,FR0045,P024,2026-07-01,0.0,0.0,0.0,Processed
1492,FR0045,P018,2026-01-01,0.0,0.0,0.0,Processed
1493,FR0045,P018,2026-02-01,0.0,0.0,0.0,Processed
1494,FR0045,P018,2026-03-01,0.0,0.0,0.0,Processed
1495,FR0045,P018,2026-04-01,0.0,0.0,0.0,Processed
1496,FR0045,P018,2026-05-01,0.0,0.0,0.0,Processed
1497,FR0045,P018,2026-06-01,0.0,3146.78,3146.78,Processed
1498,FR0045,P018,2026-07-01,0.0,0.0,0.0,Processed
1499,FR0046,P018,2026-01-01,0.0,0.0,0.0,Processed
1500,FR0046,P018,2026-02-01,0.0,0.0,0.0,Processed
1501,FR0046,P018,2026-03-01,0.0,0.0,0.0,Processed
1502,FR0046,P018,2026-04-01,0.0,0.0,0.0,Processed
1503,FR0046,P018,2026-05-01,0.0,0.0,0.0,Processed
1504,FR0046,P018,2026-06-01,0.0,0.0,0.0,Processed
1505,FR0046,P018,2026-07-01,5249.88,5249.88,0.0,Processed
1506,FR0046,P005,2026-01-01,2430.91,2430.91,0.0,Processed
1507,FR0046,P005,2026-02-01,1909.02,1909.02,0.0,Processed
1508,FR0046,P005,2026-03-01,7060.76,7060.76,0.0,Processed
1509,FR0046,P005,2026-04-01,7898.86,7898.86,0.0,Processed
1510,FR0046,P005,2026-05-01,2435.62,2435.62,0.0,Processed
1511,FR0046,P005,2026-06-01,1422.67,1422.67,0.0,Processed
1512,FR0046,P005,2026-07-01,2984.55,2984.55,0.0,Processed
1513,FR0046,P001,2026-01-01,4344.44,4344.44,0.0,Processed
1514,FR0046,P001,2026-02-01,4816.15,4816.15,0.0,Processed
1515,FR0046,P001,2026-03-01,4848.81,4848.81,0.0,Processed
1516,FR0046,P001,2026-04-01,4994.13,4994.13,0.0,Processed
1517,FR0046,P001,2026-05-01,6061.9,6061.9,0.0,Processed
1518,FR0046,P001,2026-06-01,5715.84,5715.84,0.0,Processed
1519,FR0046,P001,2026-07-01,6131.68,6131.68,0.0,Processed
1520,FR0046,P003,2026-01-01,8822.97,8822.97,0.0,Processed
1521,FR0046,P003,2026-02-01,9507.62,9507.62,0.0,Processed
1522,FR0046,P003,2026-03-01,8603.08,8603.08,0.0,Processed
1523,FR0046,P003,2026-04-01,8361.79,8361.79,0.0,Processed
1524,FR0046,P003,2026-05-01,9681.4,9681.4,0.0,Processed
1525,FR0046,P003,2026-06-01,9460.63,9460.63,0.0,Processed
1526,FR0046,P003,2026-07-01,8414.81,8414.81,0.0,Processed
1527,FR0046,P016,2026-01-01,4063.82,4063.82,0.0,Processed
1528,FR0046,P016,2026-02-01,3953.82,3953.82,0.0,Processed
1529,FR0046,P016,2026-03-01,3650.59,3650.59,0.0,Processed
1530,FR0046,P016,2026-04-01,3610.08,3610.08,0.0,Processed
1531,FR0046,P016,2026-05-01,3584.12,3584.12,0.0,Processed
1532,FR0046,P016,2026-06-01,3925.77,3925.77,0.0,Processed
1533,FR0046,P016,2026-07-01,3974.35,3974.35,0.0,Processed
1534,FR0046,P022,2026-01-01,778.5,778.5,0.0,Processed
1535,FR0046,P022,2026-02-01,7990.07,7990.07,0.0,Processed
1536,FR0046,P022,2026-03-01,911.53,911.53,0.0,Processed
1537,FR0046,P022,2026-04-01,325.04,325.04,0.0,Processed
1538,FR0046,P022,2026-05-01,505.67,505.67,0.0,Processed
1539,FR0046,P022,2026-06-01,300.64,300.64,0.0,Processed
1540,FR0046,P022,2026-07-01,978.08,978.08,0.0,Processed
1541,FR0047,P008,2026-01-01,2615.88,2615.88,0.0,Processed
1542,FR0047,P008,2026-02-01,2385.19,2385.19,0.0,Processed
1543,FR0047,P008,2026-03-01,2595.35,2595.35,0.0,Processed
1544,FR0047,P008,2026-04-01,2591.62,2591.62,0.0,Processed
1545,FR0047,P008,2026-05-01,2752.19,2752.19,0.0,Processed
1546,FR0047,P008,2026-06-01,2273.75,2273.75,0.0,Processed
1547,FR0047,P008,2026-07-01,2654.02,2654.02,0.0,Processed
1548,FR0047,P023,2026-01-01,3701.86,3701.86,0.0,Processed
1549,FR0047,P023,2026-02-01,3913.56,3913.56,0.0,Processed
1550,FR0047,P023,2026-03-01,4340.13,4340.13,0.0,Processed
1551,FR0047,P023,2026-04-01,3956.21,12135.97,8179.76,Processed
1552,FR0047,P023,2026-05-01,3980.53,3980.53,0.0,Processed
1553,FR0047,P023,2026-06-01,4344.75,4344.75,0.0,Processed
1554,FR0047,P023,2026-07-01,4229.48,4229.48,0.0,Processed
1555,FR0047,P013,2026-01-01,3550.75,3550.75,0.0,Processed
1556,FR0047,P013,2026-02-01,2767.16,2767.16,0.0,Processed
1557,FR0047,P013,2026-03-01,3614.16,3614.16,0.0,Processed
1558,FR0047,P013,2026-04-01,3104.12,3104.12,0.0,Processed
1559,FR0047,P013,2026-05-01,3323.77,3323.77,0.0,Processed
1560,FR0047,P013,2026-06-01,3630.21,3630.21,0.0,Processed
1561,FR0047,P013,2026-07-01,2505.8,2505.8,0.0,Processed
1562,FR0048,P015,2026-01-01,0.0,0.0,0.0,Processed
1563,FR0048,P015,2026-02-01,0.0,0.0,0.0,Processed
1564,FR0048,P015,2026-03-01,0.0,0.0,0.0,Processed
1565,FR0048,P015,2026-04-01,0.0,0.0,0.0,Processed
1566,FR0048,P015,2026-05-01,0.0,0.0,0.0,Processed
1567,FR0048,P015,2026-06-01,298.14,7876.42,7578.29,Processed
1568,FR0048,P015,2026-07-01,0.0,0.0,0.0,Processed
1569,FR0048,P012,2026-01-01,15288.25,15288.25,0.0,Processed
1570,FR0048,P012,2026-02-01,7365.24,7365.24,0.0,Processed
1571,FR0048,P012,2026-03-01,7322.45,7322.45,0.0,Processed
1572,FR0048,P012,2026-04-01,7242.58,7242.58,0.0,Processed
1573,FR0048,P012,2026-05-01,7961.68,7961.68,0.0,Processed
1574,FR0048,P012,2026-06-01,7429.09,7429.09,0.0,Processed
1575,FR0048,P012,2026-07-01,7417.97,7417.97,0.0,Processed
1576,FR0048,P020,2026-01-01,4191.49,4191.49,0.0,Processed
1577,FR0048,P020,2026-02-01,3346.05,3346.05,0.0,Processed
1578,FR0048,P020,2026-03-01,3116.42,3116.42,0.0,Processed
1579,FR0048,P020,2026-04-01,3506.37,3506.37,0.0,Processed
1580,FR0048,P020,2026-05-01,3332.06,3332.06,0.0,Processed
1581,FR0048,P020,2026-06-01,3865.81,3865.81,0.0,Processed
1582,FR0048,P020,2026-07-01,3661.07,3661.07,0.0,Processed
1583,FR0048,P029,2026-01-01,5927.53,5927.53,0.0,Processed
1584,FR0048,P029,2026-02-01,5168.11,5168.11,0.0,Processed
1585,FR0048,P029,2026-03-01,5225.69,5225.69,0.0,Processed
1586,FR0048,P029,2026-04-01,5009.74,5009.74,0.0,Processed
1587,FR0048,P029,2026-05-01,5839.49,5839.49,0.0,Processed
1588,FR0048,P029,2026-06-01,5750.97,5750.97,0.0,Processed
1589,FR0048,P029,2026-07-01,4485.25,4485.25,0.0,Processed
1590,FR0048,P004,2026-01-01,982.17,982.17,0.0,Processed
1591,FR0048,P004,2026-02-01,2052.42,2052.42,0.0,Processed
1592,FR0048,P004,2026-03-01,2089.2,2089.2,0.0,Processed
1593,FR0048,P004,2026-04-01,1178.26,1178.26,0.0,Processed
1594,FR0048,P004,2026-05-01,1145.61,1145.61,0.0,Processed
1595,FR0048,P004,2026-06-01,1025.54,1025.54,0.0,Processed
1596,FR0048,P004,2026-07-01,1910.16,1910.16,0.0,Processed
1597,FR0048,P022,2026-01-01,10287.09,10287.09,0.0,Processed
1598,FR0048,P022,2026-02-01,3012.3,3012.3,0.0,Processed
1599,FR0048,P022,2026-03-01,2381.96,2381.96,0.0,Processed
1600,FR0048,P022,2026-04-01,3210.41,4237.62,1027.21,Processed
1601,FR0048,P022,2026-05-01,2382.26,2382.26,0.0,Processed
1602,FR0048,P022,2026-06-01,2726.7,2726.7,0.0,Processed
1603,FR0048,P022,2026-07-01,1935.69,1935.69,0.0,Processed
1604,FR0049,P025,2026-01-01,9571.28,13102.49,3531.21,Processed
1605,FR0049,P025,2026-02-01,8007.51,8007.51,0.0,Processed
1606,FR0049,P025,2026-03-01,8682.64,8682.64,0.0,Processed
1607,FR0049,P025,2026-04-01,7939.64,7939.64,0.0,Processed
1608,FR0049,P025,2026-05-01,7993.91,7993.91,0.0,Processed
1609,FR0049,P025,2026-06-01,8122.73,8122.73,0.0,Processed
1610,FR0049,P025,2026-07-01,8550.93,8550.93,0.0,Processed
1611,FR0049,P015,2026-01-01,0.0,0.0,0.0,Processed
1612,FR0049,P015,2026-02-01,0.0,0.0,0.0,Processed
1613,FR0049,P015,2026-03-01,0.0,0.0,0.0,Processed
1614,FR0049,P015,2026-04-01,0.0,0.0,0.0,Processed
1615,FR0049,P015,2026-05-01,0.0,0.0,0.0,Processed
1616,FR0049,P015,2026-06-01,83.52,83.52,0.0,Processed
1617,FR0049,P015,2026-07-01,45.09,45.09,0.0,Processed
1618,FR0049,P027,2026-01-01,0.0,0.0,0.0,Processed
1619,FR0049,P027,2026-02-01,0.0,0.0,0.0,Processed
1620,FR0049,P027,2026-03-01,1615.77,1615.77,0.0,Processed
1621,FR0049,P027,2026-04-01,0.0,0.0,0.0,Processed
1622,FR0049,P027,2026-05-01,0.0,0.0,0.0,Processed
1623,FR0049,P027,2026-06-01,0.0,0.0,0.0,Processed
1624,FR0049,P027,2026-07-01,0.0,0.0,0.0,Processed
1625,FR0049,P002,2026-01-01,2622.52,2622.52,0.0,Processed
1626,FR0049,P002,2026-02-01,2507.71,2507.71,0.0,Processed
1627,FR0049,P002,2026-03-01,2634.26,2634.26,0.0,Processed
1628,FR0049,P002,2026-04-01,3237.8,3237.8,0.0,Processed
1629,FR0049,P002,2026-05-01,8216.66,17370.34,9153.68,Processed
1630,FR0049,P002,2026-06-01,3031.58,3031.58,0.0,Processed
1631,FR0049,P002,2026-07-01,3454.2,3454.2,0.0,Processed
1632,FR0049,P014,2026-01-01,9293.36,9293.36,0.0,Processed
1633,FR0049,P014,2026-02-01,7962.87,7962.87,0.0,Processed
1634,FR0049,P014,2026-03-01,8446.2,8446.2,0.0,Processed
1635,FR0049,P014,2026-04-01,8757.86,8757.86,0.0,Processed
1636,FR0049,P014,2026-05-01,9048.28,9048.28,0.0,Processed
1637,FR0049,P014,2026-06-01,7727.1,7727.1,0.0,Processed
1638,FR0049,P014,2026-07-01,9095.63,9095.63,0.0,Processed
1639,FR0050,P030,2026-01-01,582.45,582.45,0.0,Processed
1640,FR0050,P030,2026-02-01,800.55,800.55,0.0,Processed
1641,FR0050,P030,2026-03-01,441.56,441.56,0.0,Processed
1642,FR0050,P030,2026-04-01,743.84,743.84,0.0,Processed
1643,FR0050,P030,2026-05-01,930.4,930.4,0.0,Processed
1644,FR0050,P030,2026-06-01,1148.6,1148.6,0.0,Processed
1645,FR0050,P030,2026-07-01,184.88,184.88,0.0,Processed
1646,FR0050,P023,2026-01-01,1564.81,1564.81,0.0,Processed
1647,FR0050,P023,2026-02-01,4083.77,4083.77,0.0,Processed
1648,FR0050,P023,2026-03-01,1622.6,1622.6,0.0,Processed
1649,FR0050,P023,2026-04-01,1568.84,1568.84,0.0,Processed
1650,FR0050,P023,2026-05-01,1732.94,1732.94,0.0,Processed
1651,FR0050,P023,2026-06-01,1706.78,1706.78,0.0,Processed
1652,FR0050,P023,2026-07-01,1909.7,1909.7,0.0,Processed
1653,FR0050,P015,2026-01-01,1071.24,1071.24,0.0,Processed
1654,FR0050,P015,2026-02-01,907.75,907.75,0.0,Processed
1655,FR0050,P015,2026-03-01,930.32,930.32,0.0,Processed
1656,FR0050,P015,2026-04-01,1104.27,1104.27,0.0,Processed
1657,FR0050,P015,2026-05-01,1354.8,1354.8,0.0,Processed
1658,FR0050,P015,2026-06-01,1390.87,1390.87,0.0,Processed
1659,FR0050,P015,2026-07-01,1079.13,1079.13,0.0,Processed
1660,FR0051,P008,2026-01-01,2793.37,2793.37,0.0,Processed
1661,FR0051,P008,2026-02-01,2561.23,2561.23,0.0,Processed
1662,FR0051,P008,2026-03-01,2681.86,2681.86,0.0,Processed
1663,FR0051,P008,2026-04-01,2675.68,2675.68,0.0,Processed
1664,FR0051,P008,2026-05-01,4858.85,9187.67,4328.81,Processed
1665,FR0051,P008,2026-06-01,2521.44,2521.44,0.0,Processed
1666,FR0051,P008,2026-07-01,2483.11,2483.11,0.0,Processed
1667,FR0051,P025,2026-01-01,5344.32,5344.32,0.0,Processed
1668,FR0051,P025,2026-02-01,4621.64,4621.64,0.0,Processed
1669,FR0051,P025,2026-03-01,5219.33,5219.33,0.0,Processed
1670,FR0051,P025,2026-04-01,4602.72,4602.72,0.0,Processed
1671,FR0051,P025,2026-05-01,4989.15,4989.15,0.0,Processed
1672,FR0051,P025,2026-06-01,4909.86,4909.86,0.0,Processed
1673,FR0051,P025,2026-07-01,5243.16,5243.16,0.0,Processed
1674,FR0051,P007,2026-01-01,0.0,0.0,0.0,Processed
1675,FR0051,P007,2026-02-01,0.0,0.0,0.0,Processed
1676,FR0051,P007,2026-03-01,0.0,0.0,0.0,Processed
1677,FR0051,P007,2026-04-01,0.0,0.0,0.0,Processed
1678,FR0051,P007,2026-05-01,0.0,0.0,0.0,Processed
1679,FR0051,P007,2026-06-01,0.0,0.0,0.0,Processed
1680,FR0051,P007,2026-07-01,0.0,0.0,0.0,Processed
1681,FR0052,P006,2026-01-01,0.0,0.0,0.0,Processed
1682,FR0052,P006,2026-02-01,0.0,0.0,0.0,Processed
1683,FR0052,P006,2026-03-01,0.0,0.0,0.0,Processed
1684,FR0052,P006,2026-04-01,0.0,0.0,0.0,Processed
1685,FR0052,P006,2026-05-01,0.0,0.0,0.0,Processed
1686,FR0052,P006,2026-06-01,0.0,0.0,0.0,Processed
1687,FR0052,P006,2026-07-01,0.0,0.0,0.0,Processed
1688,FR0052,P020,2026-01-01,465.94,465.94,0.0,Processed
1689,FR0052,P020,2026-02-01,803.6,803.6,0.0,Processed
1690,FR0052,P020,2026-03-01,812.29,812.29,0.0,Processed
1691,FR0052,P020,2026-04-01,717.67,717.67,0.0,Processed
1692,FR0052,P020,2026-05-01,698.04,698.04,0.0,Processed
1693,FR0052,P020,2026-06-01,651.72,651.72,0.0,Processed
1694,FR0052,P020,2026-07-01,532.05,532.05,0.0,Processed
1695,FR0052,P008,2026-01-01,1857.81,1857.81,0.0,Processed
1696,FR0052,P008,2026-02-01,1924.15,1924.15,0.0,Processed
1697,FR0052,P008,2026-03-01,1983.8,1983.8,0.0,Processed
1698,FR0052,P008,2026-04-01,1659.39,1659.39,0.0,Processed
1699,FR0052,P008,2026-05-01,1656.28,1656.28,0.0,Processed
1700,FR0052,P008,2026-06-01,1904.49,1904.49,0.0,Processed
1701,FR0052,P008,2026-07-01,1889.74,1889.74,0.0,Processed
1702,FR0052,P024,2026-01-01,2062.76,2062.76,0.0,Processed
1703,FR0052,P024,2026-02-01,1603.69,1603.69,0.0,Processed
1704,FR0052,P024,2026-03-01,1788.78,1788.78,0.0,Processed
1705,FR0052,P024,2026-04-01,1995.82,1995.82,0.0,Processed
1706,FR0052,P024,2026-05-01,1604.21,1604.21,0.0,Processed
1707,FR0052,P024,2026-06-01,1743.13,1743.13,0.0,Processed
1708,FR0052,P024,2026-07-01,2125.92,2125.92,0.0,Processed
1709,FR0052,P011,2026-01-01,5330.17,5330.17,0.0,Processed
1710,FR0052,P011,2026-02-01,5899.59,5899.59,0.0,Processed
1711,FR0052,P011,2026-03-01,4828.82,4828.82,0.0,Processed
1712,FR0052,P011,2026-04-01,5212.43,5212.43,0.0,Processed
1713,FR0052,P011,2026-05-01,5074.07,5074.07,0.0,Processed
1714,FR0052,P011,2026-06-01,5400.22,5400.22,0.0,Processed
1715,FR0052,P011,2026-07-01,9219.29,9219.29,0.0,Processed
1716,FR0052,P023,2026-01-01,1567.0,1567.0,0.0,Processed
1717,FR0052,P023,2026-02-01,1462.99,1462.99,0.0,Processed
1718,FR0052,P023,2026-03-01,1676.44,1676.44,0.0,Processed
1719,FR0052,P023,2026-04-01,1655.3,9307.31,7652.02,Processed
1720,FR0052,P023,2026-05-01,1597.65,1597.65,0.0,Processed
1721,FR0052,P023,2026-06-01,1401.38,1401.38,0.0,Processed
1722,FR0052,P023,2026-07-01,1506.35,1506.35,0.0,Processed
1723,FR0053,P017,2026-01-01,9340.39,9340.39,0.0,Processed
1724,FR0053,P017,2026-02-01,9471.13,9471.13,0.0,Processed
1725,FR0053,P017,2026-03-01,9379.09,9379.09,0.0,Processed
1726,FR0053,P017,2026-04-01,8256.73,8256.73,0.0,Processed
1727,FR0053,P017,2026-05-01,9534.09,9534.09,0.0,Processed
1728,FR0053,P017,2026-06-01,9364.16,9364.16,0.0,Processed
1729,FR0053,P017,2026-07-01,7870.91,7870.91,0.0,Processed
1730,FR0053,P016,2026-01-01,6273.06,6273.06,0.0,Processed
1731,FR0053,P016,2026-02-01,5233.38,5233.38,0.0,Processed
1732,FR0053,P016,2026-03-01,5259.29,5259.29,0.0,Processed
1733,FR0053,P016,2026-04-01,5281.64,5281.64,0.0,Processed
1734,FR0053,P016,2026-05-01,6223.46,6223.46,0.0,Processed
1735,FR0053,P016,2026-06-01,6214.78,6214.78,0.0,Processed
1736,FR0053,P016,2026-07-01,5551.87,5551.87,0.0,Processed
1737,FR0053,P013,2026-01-01,0.0,0.0,0.0,Processed
1738,FR0053,P013,2026-02-01,0.0,0.0,0.0,Processed
1739,FR0053,P013,2026-03-01,169.04,169.04,0.0,Processed
1740,FR0053,P013,2026-04-01,21.3,21.3,0.0,Processed
1741,FR0053,P013,2026-05-01,0.0,0.0,0.0,Processed
1742,FR0053,P013,2026-06-01,104.85,104.85,0.0,Processed
1743,FR0053,P013,2026-07-01,0.0,0.0,0.0,Processed
1744,FR0054,P010,2026-01-01,940.88,940.88,0.0,Processed
1745,FR0054,P010,2026-02-01,1872.83,1872.83,0.0,Processed
1746,FR0054,P010,2026-03-01,2266.1,2266.1,0.0,Processed
1747,FR0054,P010,2026-04-01,629.58,629.58,0.0,Processed
1748,FR0054,P010,2026-05-01,1038.67,1038.67,0.0,Processed
1749,FR0054,P010,2026-06-01,2341.15,2341.15,0.0,Processed
1750,FR0054,P010,2026-07-01,1345.23,1345.23,0.0,Processed
1751,FR0054,P011,2026-01-01,4223.07,4223.07,0.0,Processed
1752,FR0054,P011,2026-02-01,4833.36,4833.36,0.0,Processed
1753,FR0054,P011,2026-03-01,4721.53,4721.53,0.0,Processed
1754,FR0054,P011,2026-04-01,4977.59,4977.59,0.0,Processed
1755,FR0054,P011,2026-05-01,8050.78,8050.78,0.0,Processed
1756,FR0054,P011,2026-06-01,4482.59,4482.59,0.0,Processed
1757,FR0054,P011,2026-07-01,4687.21,4687.21,0.0,Processed
1758,FR0054,P001,2026-01-01,0.0,0.0,0.0,Processed
1759,FR0054,P001,2026-02-01,538.81,538.81,0.0,Processed
1760,FR0054,P001,2026-03-01,242.89,242.89,0.0,Processed
1761,FR0054,P001,2026-04-01,68.46,68.46,0.0,Processed
1762,FR0054,P001,2026-05-01,0.0,0.0,0.0,Processed
1763,FR0054,P001,2026-06-01,548.32,548.32,0.0,Processed
1764,FR0054,P001,2026-07-01,5.46,5.46,0.0,Processed
1765,FR0055,P008,2026-01-01,3831.93,3831.93,0.0,Processed
1766,FR0055,P008,2026-02-01,4584.45,4584.45,0.0,Processed
1767,FR0055,P008,2026-03-01,3845.55,3845.55,0.0,Processed
1768,FR0055,P008,2026-04-01,4052.67,4052.67,0.0,Processed
1769,FR0055,P008,2026-05-01,4004.05,4004.05,0.0,Processed
1770,FR0055,P008,2026-06-01,4241.94,4241.94,0.0,Processed
1771,FR0055,P008,2026-07-01,3910.76,3910.76,0.0,Processed
1772,FR0055,P018,2026-01-01,0.0,0.0,0.0,Processed
1773,FR0055,P018,2026-02-01,0.0,0.0,0.0,Processed
1774,FR0055,P018,2026-03-01,0.0,0.0,0.0,Processed
1775,FR0055,P018,2026-04-01,0.0,0.0,0.0,Processed
1776,FR0055,P018,2026-05-01,0.0,0.0,0.0,Processed
1777,FR0055,P018,2026-06-01,0.0,0.0,0.0,Processed
1778,FR0055,P018,2026-07-01,0.0,0.0,0.0,Processed
1779,FR0055,P022,2026-01-01,3780.02,3780.02,0.0,Processed
1780,FR0055,P022,2026-02-01,0.0,0.0,0.0,Processed
1781,FR0055,P022,2026-03-01,418.81,418.81,0.0,Processed
1782,FR0055,P022,2026-04-01,0.0,0.0,0.0,Processed
1783,FR0055,P022,2026-05-01,153.65,153.65,0.0,Processed
1784,FR0055,P022,2026-06-01,0.0,0.0,0.0,Processed
1785,FR0055,P022,2026-07-01,200.64,200.64,0.0,Processed
1786,FR0056,P030,2026-01-01,2381.18,2381.18,0.0,Processed
1787,FR0056,P030,2026-02-01,2765.71,2765.71,0.0,Processed
1788,FR0056,P030,2026-03-01,2240.34,2240.34,0.0,Processed
1789,FR0056,P030,2026-04-01,2645.08,2645.08,0.0,Processed
1790,FR0056,P030,2026-05-01,2747.07,2747.07,0.0,Processed
1791,FR0056,P030,2026-06-01,2100.97,2100.97,0.0,Processed
1792,FR0056,P030,2026-07-01,1661.56,1661.56,0.0,Processed
1793,FR0056,P019,2026-01-01,5045.85,11844.53,6798.68,Processed
1794,FR0056,P019,2026-02-01,8969.71,8969.71,0.0,Processed
1795,FR0056,P019,2026-03-01,4151.12,4151.12,0.0,Processed
1796,FR0056,P019,2026-04-01,9127.67,9127.67,0.0,Processed
1797,FR0056,P019,2026-05-01,4466.54,4466.54,0.0,Processed
1798,FR0056,P019,2026-06-01,4379.65,4379.65,0.0,Processed
1799,FR0056,P019,2026-07-01,4935.34,4935.34,0.0,Processed
1800,FR0056,P018,2026-01-01,0.0,0.0,0.0,Processed
1801,FR0056,P018,2026-02-01,0.0,0.0,0.0,Processed
1802,FR0056,P018,2026-03-01,0.0,0.0,0.0,Processed
1803,FR0056,P018,2026-04-01,0.0,3091.73,3091.73,Processed
1804,FR0056,P018,2026-05-01,0.0,0.0,0.0,Processed
1805,FR0056,P018,2026-06-01,0.0,0.0,0.0,Processed
1806,FR0056,P018,2026-07-01,0.0,0.0,0.0,Processed
1807,FR0056,P025,2026-01-01,7497.4,7497.4,0.0,Processed
1808,FR0056,P025,2026-02-01,6528.01,6528.01,0.0,Processed
1809,FR0056,P025,2026-03-01,7540.61,7540.61,0.0,Processed
1810,FR0056,P025,2026-04-01,7470.5,7470.5,0.0,Processed
1811,FR0056,P025,2026-05-01,7041.53,7041.53,0.0,Processed
1812,FR0056,P025,2026-06-01,6664.19,6664.19,0.0,Processed
1813,FR0056,P025,2026-07-01,6990.57,6990.57,0.0,Processed
1814,FR0056,P004,2026-01-01,0.0,0.0,0.0,Processed
1815,FR0056,P004,2026-02-01,0.0,0.0,0.0,Processed
1816,FR0056,P004,2026-03-01,0.0,0.0,0.0,Processed
1817,FR0056,P004,2026-04-01,0.0,0.0,0.0,Processed
1818,FR0056,P004,2026-05-01,0.0,0.0,0.0,Processed
1819,FR0056,P004,2026-06-01,0.0,0.0,0.0,Processed
1820,FR0056,P004,2026-07-01,0.0,0.0,0.0,Processed
1821,FR0056,P005,2026-01-01,3355.13,3355.13,0.0,Processed
1822,FR0056,P005,2026-02-01,2233.86,2233.86,0.0,Processed
1823,FR0056,P005,2026-03-01,2383.63,2383.63,0.0,Processed
1824,FR0056,P005,2026-04-01,3111.83,3111.83,0.0,Processed
1825,FR0056,P005,2026-05-01,1906.06,1906.06,0.0,Processed
1826,FR0056,P005,2026-06-01,3296.51,3296.51,0.0,Processed
1827,FR0056,P005,2026-07-01,2381.55,2381.55,0.0,Processed
1828,FR0056,P016,2026-01-01,4947.4,4947.4,0.0,Processed
1829,FR0056,P016,2026-02-01,4401.53,4401.53,0.0,Processed
1830,FR0056,P016,2026-03-01,4663.75,4663.75,0.0,Processed
1831,FR0056,P016,2026-04-01,9922.54,9922.54,0.0,Processed
1832,FR0056,P016,2026-05-01,4646.48,4646.48,0.0,Processed
1833,FR0056,P016,2026-06-01,4505.98,4505.98,0.0,Processed
1834,FR0056,P016,2026-07-01,4338.94,4338.94,0.0,Processed
1835,FR0057,P012,2026-01-01,6981.72,6981.72,0.0,Processed
1836,FR0057,P012,2026-02-01,6367.63,6367.63,0.0,Processed
1837,FR0057,P012,2026-03-01,7273.02,7273.02,0.0,Processed
1838,FR0057,P012,2026-04-01,7318.32,7318.32,0.0,Processed
1839,FR0057,P012,2026-05-01,6500.51,6500.51,0.0,Processed
1840,FR0057,P012,2026-06-01,6538.36,6538.36,0.0,Processed
1841,FR0057,P012,2026-07-01,7058.55,7058.55,0.0,Processed
1842,FR0057,P021,2026-01-01,4534.02,4534.02,0.0,Processed
1843,FR0057,P021,2026-02-01,4988.57,4988.57,0.0,Processed
1844,FR0057,P021,2026-03-01,5049.08,5049.08,0.0,Processed
1845,FR0057,P021,2026-04-01,4869.98,4869.98,0.0,Processed
1846,FR0057,P021,2026-05-01,4767.14,4767.14,0.0,Processed
1847,FR0057,P021,2026-06-01,9427.21,9427.21,0.0,Processed
1848,FR0057,P021,2026-07-01,4393.44,4393.44,0.0,Processed
1849,FR0057,P006,2026-01-01,3010.93,3010.93,0.0,Processed
1850,FR0057,P006,2026-02-01,2248.76,2248.76,0.0,Processed
1851,FR0057,P006,2026-03-01,3074.43,3074.43,0.0,Processed
1852,FR0057,P006,2026-04-01,2561.56,2561.56,0.0,Processed
1853,FR0057,P006,2026-05-01,2841.1,2841.1,0.0,Processed
1854,FR0057,P006,2026-06-01,2217.21,2217.21,0.0,Processed
1855,FR0057,P006,2026-07-01,2501.47,2501.47,0.0,Processed
1856,FR0057,P023,2026-01-01,2370.59,2370.59,0.0,Processed
1857,FR0057,P023,2026-02-01,1980.37,1980.37,0.0,Processed
1858,FR0057,P023,2026-03-01,2231.49,2231.49,0.0,Processed
1859,FR0057,P023,2026-04-01,2344.31,2344.31,0.0,Processed
1860,FR0057,P023,2026-05-01,2343.0,5921.23,3578.23,Processed
1861,FR0057,P023,2026-06-01,2297.65,2297.65,0.0,Processed
1862,FR0057,P023,2026-07-01,1959.27,1959.27,0.0,Processed
1863,FR0057,P004,2026-01-01,1569.31,1569.31,0.0,Processed
1864,FR0057,P004,2026-02-01,1474.78,1474.78,0.0,Processed
1865,FR0057,P004,2026-03-01,1053.37,1053.37,0.0,Processed
1866,FR0057,P004,2026-04-01,1774.55,1774.55,0.0,Processed
1867,FR0057,P004,2026-05-01,824.94,824.94,0.0,Processed
1868,FR0057,P004,2026-06-01,7254.35,13385.34,6130.99,Processed
1869,FR0057,P004,2026-07-01,1229.34,1229.34,0.0,Processed
1870,FR0057,P016,2026-01-01,4388.82,4388.82,0.0,Processed
1871,FR0057,P016,2026-02-01,3791.45,3791.45,0.0,Processed
1872,FR0057,P016,2026-03-01,3886.33,3886.33,0.0,Processed
1873,FR0057,P016,2026-04-01,4267.24,4267.24,0.0,Processed
1874,FR0057,P016,2026-05-01,4322.85,4322.85,0.0,Processed
1875,FR0057,P016,2026-06-01,4252.04,4252.04,0.0,Processed
1876,FR0057,P016,2026-07-01,7988.02,7988.02,0.0,Processed
1877,FR0057,P018,2026-01-01,1324.52,1324.52,0.0,Processed
1878,FR0057,P018,2026-02-01,903.93,903.93,0.0,Processed
1879,FR0057,P018,2026-03-01,330.82,330.82,0.0,Processed
1880,FR0057,P018,2026-04-01,253.97,253.97,0.0,Processed
1881,FR0057,P018,2026-05-01,1104.99,1104.99,0.0,Processed
1882,FR0057,P018,2026-06-01,1600.28,1600.28,0.0,Processed
1883,FR0057,P018,2026-07-01,1112.55,1112.55,0.0,Processed
1884,FR0058,P026,2026-01-01,2764.37,2764.37,0.0,Processed
1885,FR0058,P026,2026-02-01,1951.18,1951.18,0.0,Processed
1886,FR0058,P026,2026-03-01,2027.06,2027.06,0.0,Processed
1887,FR0058,P026,2026-04-01,2973.04,2973.04,0.0,Processed
1888,FR0058,P026,2026-05-01,2941.86,2941.86,0.0,Processed
1889,FR0058,P026,2026-06-01,2291.93,2291.93,0.0,Processed
1890,FR0058,P026,2026-07-01,2572.36,2572.36,0.0,Processed
1891,FR0058,P027,2026-01-01,0.0,0.0,0.0,Processed
1892,FR0058,P027,2026-02-01,0.0,0.0,0.0,Processed
1893,FR0058,P027,2026-03-01,0.0,0.0,0.0,Processed
1894,FR0058,P027,2026-04-01,0.0,0.0,0.0,Processed
1895,FR0058,P027,2026-05-01,0.0,0.0,0.0,Processed
1896,FR0058,P027,2026-06-01,0.0,0.0,0.0,Processed
1897,FR0058,P027,2026-07-01,0.0,0.0,0.0,Processed
1898,FR0058,P012,2026-01-01,4070.26,4070.26,0.0,Processed
1899,FR0058,P012,2026-02-01,4500.1,4500.1,0.0,Processed
1900,FR0058,P012,2026-03-01,4813.09,4813.09,0.0,Processed
1901,FR0058,P012,2026-04-01,4922.73,4922.73,0.0,Processed
1902,FR0058,P012,2026-05-01,3977.04,3977.04,0.0,Processed
1903,FR0058,P012,2026-06-01,4115.77,4115.77,0.0,Processed
1904,FR0058,P012,2026-07-01,7557.5,7557.5,0.0,Processed
1905,FR0058,P016,2026-01-01,4714.61,4714.61,0.0,Processed
1906,FR0058,P016,2026-02-01,4774.21,4774.21,0.0,Processed
1907,FR0058,P016,2026-03-01,4656.58,4656.58,0.0,Processed
1908,FR0058,P016,2026-04-01,5268.78,5268.78,0.0,Processed
1909,FR0058,P016,2026-05-01,4622.34,4622.34,0.0,Processed
1910,FR0058,P016,2026-06-01,4292.92,4292.92,0.0,Processed
1911,FR0058,P016,2026-07-01,4577.61,4577.61,0.0,Processed
1912,FR0058,P024,2026-01-01,2588.14,2588.14,0.0,Processed
1913,FR0058,P024,2026-02-01,684.36,684.36,0.0,Processed
1914,FR0058,P024,2026-03-01,1072.73,1072.73,0.0,Processed
1915,FR0058,P024,2026-04-01,679.83,679.83,0.0,Processed
1916,FR0058,P024,2026-05-01,1018.26,1018.26,0.0,Processed
1917,FR0058,P024,2026-06-01,848.33,848.33,0.0,Processed
1918,FR0058,P024,2026-07-01,988.3,988.3,0.0,Processed
1919,FR0058,P020,2026-01-01,3348.76,3348.76,0.0,Processed
1920,FR0058,P020,2026-02-01,2664.87,2664.87,0.0,Processed
1921,FR0058,P020,2026-03-01,3285.92,3285.92,0.0,Processed
1922,FR0058,P020,2026-04-01,2878.18,2878.18,0.0,Processed
1923,FR0058,P020,2026-05-01,3300.09,3300.09,0.0,Processed
1924,FR0058,P020,2026-06-01,2550.09,2550.09,0.0,Processed
1925,FR0058,P020,2026-07-01,3159.49,3159.49,0.0,Processed
1926,FR0058,P010,2026-01-01,0.0,0.0,0.0,Processed
1927,FR0058,P010,2026-02-01,0.0,0.0,0.0,Processed
1928,FR0058,P010,2026-03-01,0.0,0.0,0.0,Processed
1929,FR0058,P010,2026-04-01,0.0,0.0,0.0,Processed
1930,FR0058,P010,2026-05-01,0.0,0.0,0.0,Processed
1931,FR0058,P010,2026-06-01,0.0,0.0,0.0,Processed
1932,FR0058,P010,2026-07-01,0.0,0.0,0.0,Processed
1933,FR0059,P004,2026-01-01,2777.77,2777.77,0.0,Processed
1934,FR0059,P004,2026-02-01,2550.99,2550.99,0.0,Processed
1935,FR0059,P004,2026-03-01,2263.27,2263.27,0.0,Processed
1936,FR0059,P004,2026-04-01,2529.49,2529.49,0.0,Processed
1937,FR0059,P004,2026-05-01,1999.77,1999.77,0.0,Processed
1938,FR0059,P004,2026-06-01,2626.57,2626.57,0.0,Processed
1939,FR0059,P004,2026-07-01,2279.49,2279.49,0.0,Processed
1940,FR0059,P008,2026-01-01,3561.86,3561.86,0.0,Processed
1941,FR0059,P008,2026-02-01,4146.36,4146.36,0.0,Processed
1942,FR0059,P008,2026-03-01,3700.42,3700.42,0.0,Processed
1943,FR0059,P008,2026-04-01,3862.43,3862.43,0.0,Processed
1944,FR0059,P008,2026-05-01,3838.58,3838.58,0.0,Processed
1945,FR0059,P008,2026-06-01,3568.83,3568.83,0.0,Processed
1946,FR0059,P008,2026-07-01,3726.36,3726.36,0.0,Processed
1947,FR0059,P029,2026-01-01,2817.54,2817.54,0.0,Processed
1948,FR0059,P029,2026-02-01,2609.22,2609.22,0.0,Processed
1949,FR0059,P029,2026-03-01,3043.75,3043.75,0.0,Processed
1950,FR0059,P029,2026-04-01,3055.3,3055.3,0.0,Processed
1951,FR0059,P029,2026-05-01,2825.47,2825.47,0.0,Processed
1952,FR0059,P029,2026-06-01,2749.4,2749.4,0.0,Processed
1953,FR0059,P029,2026-07-01,2591.73,2591.73,0.0,Processed
1954,FR0059,P003,2026-01-01,8072.18,8072.18,0.0,Processed
1955,FR0059,P003,2026-02-01,6984.71,6984.71,0.0,Processed
1956,FR0059,P003,2026-03-01,7670.29,7670.29,0.0,Processed
1957,FR0059,P003,2026-04-01,7791.51,7791.51,0.0,Processed
1958,FR0059,P003,2026-05-01,6619.25,6619.25,0.0,Processed
1959,FR0059,P003,2026-06-01,7200.58,7200.58,0.0,Processed
1960,FR0059,P003,2026-07-01,7048.64,7048.64,0.0,Processed
1961,FR0060,P011,2026-01-01,9909.17,9909.17,0.0,Processed
1962,FR0060,P011,2026-02-01,9983.13,9983.13,0.0,Processed
1963,FR0060,P011,2026-03-01,11282.27,11282.27,0.0,Processed
1964,FR0060,P011,2026-04-01,11597.48,11597.48,0.0,Processed
1965,FR0060,P011,2026-05-01,11575.14,11575.14,0.0,Processed
1966,FR0060,P011,2026-06-01,9601.91,9601.91,0.0,Processed
1967,FR0060,P011,2026-07-01,11541.36,11541.36,0.0,Processed
1968,FR0060,P015,2026-01-01,0.0,0.0,0.0,Processed
1969,FR0060,P015,2026-02-01,0.0,0.0,0.0,Processed
1970,FR0060,P015,2026-03-01,0.0,0.0,0.0,Processed
1971,FR0060,P015,2026-04-01,2075.6,9011.07,6935.47,Processed
1972,FR0060,P015,2026-05-01,0.0,0.0,0.0,Processed
1973,FR0060,P015,2026-06-01,0.0,0.0,0.0,Processed
1974,FR0060,P015,2026-07-01,0.0,0.0,0.0,Processed
1975,FR0060,P007,2026-01-01,2397.0,7212.53,4815.53,Processed
1976,FR0060,P007,2026-02-01,0.0,0.0,0.0,Processed
1977,FR0060,P007,2026-03-01,0.0,0.0,0.0,Processed
1978,FR0060,P007,2026-04-01,0.0,0.0,0.0,Processed
1979,FR0060,P007,2026-05-01,0.0,0.0,0.0,Processed
1980,FR0060,P007,2026-06-01,0.0,0.0,0.0,Processed
1981,FR0060,P007,2026-07-01,0.0,0.0,0.0,Processed
1982,FR0060,P008,2026-01-01,4536.57,4536.57,0.0,Processed
1983,FR0060,P008,2026-02-01,4578.72,4578.72,0.0,Processed
1984,FR0060,P008,2026-03-01,4965.27,4965.27,0.0,Processed
1985,FR0060,P008,2026-04-01,4751.81,4751.81,0.0,Processed
1986,FR0060,P008,2026-05-01,4793.55,4793.55,0.0,Processed
1987,FR0060,P008,2026-06-01,5345.63,5345.63,0.0,Processed
1988,FR0060,P008,2026-07-01,5225.84,5225.84,0.0,Processed
1989,FR0061,P026,2026-01-01,0.0,0.0,0.0,Processed
1990,FR0061,P026,2026-02-01,433.66,433.66,0.0,Processed
1991,FR0061,P026,2026-03-01,0.0,0.0,0.0,Processed
1992,FR0061,P026,2026-04-01,5758.2,8354.04,2595.84,Processed
1993,FR0061,P026,2026-05-01,0.0,0.0,0.0,Processed
1994,FR0061,P026,2026-06-01,422.59,422.59,0.0,Processed
1995,FR0061,P026,2026-07-01,0.0,0.0,0.0,Processed
1996,FR0061,P004,2026-01-01,0.0,0.0,0.0,Processed
1997,FR0061,P004,2026-02-01,0.0,0.0,0.0,Processed
1998,FR0061,P004,2026-03-01,0.0,0.0,0.0,Processed
1999,FR0061,P004,2026-04-01,0.0,0.0,0.0,Processed
2000,FR0061,P004,2026-05-01,0.0,0.0,0.0,Processed
2001,FR0061,P004,2026-06-01,0.0,0.0,0.0,Processed
2002,FR0061,P004,2026-07-01,0.0,0.0,0.0,Processed
2003,FR0061,P028,2026-01-01,1817.9,1817.9,0.0,Processed
2004,FR0061,P028,2026-02-01,1499.38,1499.38,0.0,Processed
2005,FR0061,P028,2026-03-01,2168.66,2168.66,0.0,Processed
2006,FR0061,P028,2026-04-01,2068.18,2068.18,0.0,Processed
2007,FR0061,P028,2026-05-01,1677.75,1677.75,0.0,Processed
2008,FR0061,P028,2026-06-01,2093.83,2093.83,0.0,Processed
2009,FR0061,P028,2026-07-01,2261.97,2261.97,0.0,Processed
2010,FR0061,P006,2026-01-01,250.77,250.77,0.0,Processed
2011,FR0061,P006,2026-02-01,251.59,251.59,0.0,Processed
2012,FR0061,P006,2026-03-01,498.11,498.11,0.0,Processed
2013,FR0061,P006,2026-04-01,195.38,195.38,0.0,Processed
2014,FR0061,P006,2026-05-01,177.14,177.14,0.0,Processed
2015,FR0061,P006,2026-06-01,323.46,323.46,0.0,Processed
2016,FR0061,P006,2026-07-01,204.89,204.89,0.0,Processed
2017,FR0061,P007,2026-01-01,2337.04,2337.04,0.0,Processed
2018,FR0061,P007,2026-02-01,1702.34,1702.34,0.0,Processed
2019,FR0061,P007,2026-03-01,2390.96,2390.96,0.0,Processed
2020,FR0061,P007,2026-04-01,1604.98,1604.98,0.0,Processed
2021,FR0061,P007,2026-05-01,3256.11,3256.11,0.0,Processed
2022,FR0061,P007,2026-06-01,2859.54,2859.54,0.0,Processed
2023,FR0061,P007,2026-07-01,2588.28,2588.28,0.0,Processed
2024,FR0061,P019,2026-01-01,6283.43,6283.43,0.0,Processed
2025,FR0061,P019,2026-02-01,3731.03,3731.03,0.0,Processed
2026,FR0061,P019,2026-03-01,3466.75,3466.75,0.0,Processed
2027,FR0061,P019,2026-04-01,4045.09,4045.09,0.0,Processed
2028,FR0061,P019,2026-05-01,3580.25,3580.25,0.0,Processed
2029,FR0061,P019,2026-06-01,8542.87,16814.42,8271.55,Processed
2030,FR0061,P019,2026-07-01,4134.25,4134.25,0.0,Processed
2031,FR0061,P005,2026-01-01,0.0,0.0,0.0,Processed
2032,FR0061,P005,2026-02-01,0.0,0.0,0.0,Processed
2033,FR0061,P005,2026-03-01,0.0,0.0,0.0,Processed
2034,FR0061,P005,2026-04-01,0.0,0.0,0.0,Processed
2035,FR0061,P005,2026-05-01,0.0,0.0,0.0,Processed
2036,FR0061,P005,2026-06-01,0.0,0.0,0.0,Processed
2037,FR0061,P005,2026-07-01,0.0,0.0,0.0,Processed
2038,FR0062,P018,2026-01-01,297.74,297.74,0.0,Processed
2039,FR0062,P018,2026-02-01,0.0,0.0,0.0,Processed
2040,FR0062,P018,2026-03-01,677.67,677.67,0.0,Processed
2041,FR0062,P018,2026-04-01,0.0,0.0,0.0,Processed
2042,FR0062,P018,2026-05-01,1054.06,1054.06,0.0,Processed
2043,FR0062,P018,2026-06-01,941.73,941.73,0.0,Processed
2044,FR0062,P018,2026-07-01,233.91,233.91,0.0,Processed
2045,FR0062,P010,2026-01-01,0.0,0.0,0.0,Processed
2046,FR0062,P010,2026-02-01,302.74,302.74,0.0,Processed
2047,FR0062,P010,2026-03-01,934.33,934.33,0.0,Processed
2048,FR0062,P010,2026-04-01,242.61,242.61,0.0,Processed
2049,FR0062,P010,2026-05-01,1165.8,1165.8,0.0,Processed
2050,FR0062,P010,2026-06-01,876.44,876.44,0.0,Processed
2051,FR0062,P010,2026-07-01,609.58,609.58,0.0,Processed
2052,FR0062,P005,2026-01-01,0.0,0.0,0.0,Processed
2053,FR0062,P005,2026-02-01,0.0,0.0,0.0,Processed
2054,FR0062,P005,2026-03-01,0.0,0.0,0.0,Processed
2055,FR0062,P005,2026-04-01,0.0,0.0,0.0,Processed
2056,FR0062,P005,2026-05-01,0.0,0.0,0.0,Processed
2057,FR0062,P005,2026-06-01,0.0,0.0,0.0,Processed
2058,FR0062,P005,2026-07-01,0.0,0.0,0.0,Processed
2059,FR0063,P021,2026-01-01,8545.65,8545.65,0.0,Processed
2060,FR0063,P021,2026-02-01,10298.3,10298.3,0.0,Processed
2061,FR0063,P021,2026-03-01,10351.11,10351.11,0.0,Processed
2062,FR0063,P021,2026-04-01,8954.85,8954.85,0.0,Processed
2063,FR0063,P021,2026-05-01,10000.53,10000.53,0.0,Processed
2064,FR0063,P021,2026-06-01,10495.17,10495.17,0.0,Processed
2065,FR0063,P021,2026-07-01,9092.7,9092.7,0.0,Processed
2066,FR0063,P004,2026-01-01,0.0,0.0,0.0,Processed
2067,FR0063,P004,2026-02-01,0.0,0.0,0.0,Processed
2068,FR0063,P004,2026-03-01,0.0,0.0,0.0,Processed
2069,FR0063,P004,2026-04-01,0.0,0.0,0.0,Processed
2070,FR0063,P004,2026-05-01,0.0,0.0,0.0,Processed
2071,FR0063,P004,2026-06-01,0.0,0.0,0.0,Processed
2072,FR0063,P004,2026-07-01,0.0,0.0,0.0,Processed
2073,FR0063,P018,2026-01-01,13384.02,13384.02,0.0,Processed
2074,FR0063,P018,2026-02-01,3580.61,3580.61,0.0,Processed
2075,FR0063,P018,2026-03-01,2928.27,2928.27,0.0,Processed
2076,FR0063,P018,2026-04-01,2383.83,2383.83,0.0,Processed
2077,FR0063,P018,2026-05-01,3481.63,3481.63,0.0,Processed
2078,FR0063,P018,2026-06-01,2394.78,2394.78,0.0,Processed
2079,FR0063,P018,2026-07-01,3182.61,3182.61,0.0,Processed
2080,FR0063,P025,2026-01-01,8628.67,8628.67,0.0,Processed
2081,FR0063,P025,2026-02-01,8287.51,8287.51,0.0,Processed
2082,FR0063,P025,2026-03-01,8304.81,8304.81,0.0,Processed
2083,FR0063,P025,2026-04-01,7531.21,7531.21,0.0,Processed
2084,FR0063,P025,2026-05-01,7537.8,7537.8,0.0,Processed
2085,FR0063,P025,2026-06-01,7776.85,7776.85,0.0,Processed
2086,FR0063,P025,2026-07-01,7979.62,11258.75,3279.13,Processed
2087,FR0063,P027,2026-01-01,1357.07,1357.07,0.0,Processed
2088,FR0063,P027,2026-02-01,833.17,833.17,0.0,Processed
2089,FR0063,P027,2026-03-01,1190.69,1190.69,0.0,Processed
2090,FR0063,P027,2026-04-01,881.6,881.6,0.0,Processed
2091,FR0063,P027,2026-05-01,1236.08,1236.08,0.0,Processed
2092,FR0063,P027,2026-06-01,1376.04,1376.04,0.0,Processed
2093,FR0063,P027,2026-07-01,1501.99,1501.99,0.0,Processed
2094,FR0063,P009,2026-01-01,3289.09,3289.09,0.0,Processed
2095,FR0063,P009,2026-02-01,3587.99,3587.99,0.0,Processed
2096,FR0063,P009,2026-03-01,3356.55,3356.55,0.0,Processed
2097,FR0063,P009,2026-04-01,3076.91,3076.91,0.0,Processed
2098,FR0063,P009,2026-05-01,3444.92,3444.92,0.0,Processed
2099,FR0063,P009,2026-06-01,3104.74,3104.74,0.0,Processed
2100,FR0063,P009,2026-07-01,3518.61,3518.61,0.0,Processed
2101,FR0063,P008,2026-01-01,3977.4,3977.4,0.0,Processed
2102,FR0063,P008,2026-02-01,3913.4,3913.4,0.0,Processed
2103,FR0063,P008,2026-03-01,4136.36,4136.36,0.0,Processed
2104,FR0063,P008,2026-04-01,4178.84,4178.84,0.0,Processed
2105,FR0063,P008,2026-05-01,3687.22,3687.22,0.0,Processed
2106,FR0063,P008,2026-06-01,3851.51,3851.51,0.0,Processed
2107,FR0063,P008,2026-07-01,3514.33,3514.33,0.0,Processed
2108,FR0064,P023,2026-01-01,1906.38,1906.38,0.0,Processed
2109,FR0064,P023,2026-02-01,2304.44,2304.44,0.0,Processed
2110,FR0064,P023,2026-03-01,1907.79,1907.79,0.0,Processed
2111,FR0064,P023,2026-04-01,1918.25,1918.25,0.0,Processed
2112,FR0064,P023,2026-05-01,2056.8,2056.8,0.0,Processed
2113,FR0064,P023,2026-06-01,2121.33,2121.33,0.0,Processed
2114,FR0064,P023,2026-07-01,2221.84,2221.84,0.0,Processed
2115,FR0064,P019,2026-01-01,3692.18,3692.18,0.0,Processed
2116,FR0064,P019,2026-02-01,3995.0,3995.0,0.0,Processed
2117,FR0064,P019,2026-03-01,3625.43,3625.43,0.0,Processed
2118,FR0064,P019,2026-04-01,3294.79,3294.79,0.0,Processed
2119,FR0064,P019,2026-05-01,4047.23,4047.23,0.0,Processed
2120,FR0064,P019,2026-06-01,3781.55,3781.55,0.0,Processed
2121,FR0064,P019,2026-07-01,3885.01,3885.01,0.0,Processed
2122,FR0064,P007,2026-01-01,1931.74,1931.74,0.0,Processed
2123,FR0064,P007,2026-02-01,2340.14,2340.14,0.0,Processed
2124,FR0064,P007,2026-03-01,2092.66,2092.66,0.0,Processed
2125,FR0064,P007,2026-04-01,1295.32,1295.32,0.0,Processed
2126,FR0064,P007,2026-05-01,2441.42,7386.95,4945.54,Processed
2127,FR0064,P007,2026-06-01,1091.7,1091.7,0.0,Processed
2128,FR0064,P007,2026-07-01,2223.24,2223.24,0.0,Processed
2129,FR0065,P018,2026-01-01,4625.05,4625.05,0.0,Processed
2130,FR0065,P018,2026-02-01,3969.61,4991.57,1021.97,Processed
2131,FR0065,P018,2026-03-01,3352.4,3352.4,0.0,Processed
2132,FR0065,P018,2026-04-01,3261.93,3261.93,0.0,Processed
2133,FR0065,P018,2026-05-01,2758.55,2758.55,0.0,Processed
2134,FR0065,P018,2026-06-01,4127.04,4127.04,0.0,Processed
2135,FR0065,P018,2026-07-01,3441.95,3441.95,0.0,Processed
2136,FR0065,P020,2026-01-01,722.89,722.89,0.0,Processed
2137,FR0065,P020,2026-02-01,3511.86,13332.3,9820.44,Processed
2138,FR0065,P020,2026-03-01,838.4,838.4,0.0,Processed
2139,FR0065,P020,2026-04-01,764.33,764.33,0.0,Processed
2140,FR0065,P020,2026-05-01,692.24,692.24,0.0,Processed
2141,FR0065,P020,2026-06-01,288.04,288.04,0.0,Processed
2142,FR0065,P020,2026-07-01,642.96,3012.95,2369.99,Processed
2143,FR0065,P002,2026-01-01,1994.38,1994.38,0.0,Processed
2144,FR0065,P002,2026-02-01,2861.89,2861.89,0.0,Processed
2145,FR0065,P002,2026-03-01,2467.72,2467.72,0.0,Processed
2146,FR0065,P002,2026-04-01,2180.03,2180.03,0.0,Processed
2147,FR0065,P002,2026-05-01,1982.79,1982.79,0.0,Processed
2148,FR0065,P002,2026-06-01,2562.71,2562.71,0.0,Processed
2149,FR0065,P002,2026-07-01,2124.62,2124.62,0.0,Processed
2150,FR0065,P011,2026-01-01,11209.36,18332.58,7123.23,Processed
2151,FR0065,P011,2026-02-01,5322.39,5322.39,0.0,Processed
2152,FR0065,P011,2026-03-01,4870.89,4870.89,0.0,Processed
2153,FR0065,P011,2026-04-01,4838.89,4838.89,0.0,Processed
2154,FR0065,P011,2026-05-01,5675.27,5675.27,0.0,Processed
2155,FR0065,P011,2026-06-01,5065.43,5065.43,0.0,Processed
2156,FR0065,P011,2026-07-01,5167.98,5167.98,0.0,Processed
2157,FR0065,P030,2026-01-01,0.0,0.0,0.0,Processed
2158,FR0065,P030,2026-02-01,0.0,0.0,0.0,Processed
2159,FR0065,P030,2026-03-01,0.0,0.0,0.0,Processed
2160,FR0065,P030,2026-04-01,0.0,0.0,0.0,Processed
2161,FR0065,P030,2026-05-01,0.0,0.0,0.0,Processed
2162,FR0065,P030,2026-06-01,0.0,0.0,0.0,Processed
2163,FR0065,P030,2026-07-01,0.0,0.0,0.0,Processed
2164,FR0065,P025,2026-01-01,2894.59,2894.59,0.0,Processed
2165,FR0065,P025,2026-02-01,2887.49,2887.49,0.0,Processed
2166,FR0065,P025,2026-03-01,3109.57,3109.57,0.0,Processed
2167,FR0065,P025,2026-04-01,3563.11,3563.11,0.0,Processed
2168,FR0065,P025,2026-05-01,3017.76,3017.76,0.0,Processed
2169,FR0065,P025,2026-06-01,3069.61,3069.61,0.0,Processed
2170,FR0065,P025,2026-07-01,3334.89,3334.89,0.0,Processed
2171,FR0066,P010,2026-01-01,3177.02,3177.02,0.0,Processed
2172,FR0066,P010,2026-02-01,4500.82,4500.82,0.0,Processed
2173,FR0066,P010,2026-03-01,4559.2,4559.2,0.0,Processed
2174,FR0066,P010,2026-04-01,4677.58,4677.58,0.0,Processed
2175,FR0066,P010,2026-05-01,3001.84,3001.84,0.0,Processed
2176,FR0066,P010,2026-06-01,4139.61,4139.61,0.0,Processed
2177,FR0066,P010,2026-07-01,4675.3,4675.3,0.0,Processed
2178,FR0066,P003,2026-01-01,5613.36,5613.36,0.0,Processed
2179,FR0066,P003,2026-02-01,5850.12,5850.12,0.0,Processed
2180,FR0066,P003,2026-03-01,6085.04,6085.04,0.0,Processed
2181,FR0066,P003,2026-04-01,6114.9,6114.9,0.0,Processed
2182,FR0066,P003,2026-05-01,6078.57,6078.57,0.0,Processed
2183,FR0066,P003,2026-06-01,5057.5,5057.5,0.0,Processed
2184,FR0066,P003,2026-07-01,5924.44,5924.44,0.0,Processed
2185,FR0066,P023,2026-01-01,1813.19,1813.19,0.0,Processed
2186,FR0066,P023,2026-02-01,1761.13,1761.13,0.0,Processed
2187,FR0066,P023,2026-03-01,1755.33,1755.33,0.0,Processed
2188,FR0066,P023,2026-04-01,1507.47,1507.47,0.0,Processed
2189,FR0066,P023,2026-05-01,1845.46,1845.46,0.0,Processed
2190,FR0066,P023,2026-06-01,1497.85,1497.85,0.0,Processed
2191,FR0066,P023,2026-07-01,1569.68,1569.68,0.0,Processed
2192,FR0066,P030,2026-01-01,1643.16,1643.16,0.0,Processed
2193,FR0066,P030,2026-02-01,1968.22,1968.22,0.0,Processed
2194,FR0066,P030,2026-03-01,2354.79,7875.62,5520.83,Processed
2195,FR0066,P030,2026-04-01,1719.37,1719.37,0.0,Processed
2196,FR0066,P030,2026-05-01,1318.4,1318.4,0.0,Processed
2197,FR0066,P030,2026-06-01,1282.05,1282.05,0.0,Processed
2198,FR0066,P030,2026-07-01,2005.34,2005.34,0.0,Processed
2199,FR0066,P006,2026-01-01,1270.8,1270.8,0.0,Processed
2200,FR0066,P006,2026-02-01,1212.2,1212.2,0.0,Processed
2201,FR0066,P006,2026-03-01,1195.58,1195.58,0.0,Processed
2202,FR0066,P006,2026-04-01,1148.32,1148.32,0.0,Processed
2203,FR0066,P006,2026-05-01,1019.97,1019.97,0.0,Processed
2204,FR0066,P006,2026-06-01,1201.68,1201.68,0.0,Processed
2205,FR0066,P006,2026-07-01,1195.94,6527.51,5331.57,Processed
2206,FR0066,P021,2026-01-01,7664.8,7664.8,0.0,Processed
2207,FR0066,P021,2026-02-01,8326.06,8326.06,0.0,Processed
2208,FR0066,P021,2026-03-01,7636.94,7636.94,0.0,Processed
2209,FR0066,P021,2026-04-01,7763.28,7763.28,0.0,Processed
2210,FR0066,P021,2026-05-01,7745.62,7745.62,0.0,Processed
2211,FR0066,P021,2026-06-01,7873.81,7873.81,0.0,Processed
2212,FR0066,P021,2026-07-01,7222.25,7222.25,0.0,Processed
2213,FR0066,P028,2026-01-01,3091.7,3091.7,0.0,Processed
2214,FR0066,P028,2026-02-01,3505.41,3505.41,0.0,Processed
2215,FR0066,P028,2026-03-01,3635.45,3635.45,0.0,Processed
2216,FR0066,P028,2026-04-01,3260.86,3260.86,0.0,Processed
2217,FR0066,P028,2026-05-01,2863.31,2863.31,0.0,Processed
2218,FR0066,P028,2026-06-01,3556.74,3556.74,0.0,Processed
2219,FR0066,P028,2026-07-01,3600.68,3600.68,0.0,Processed
2220,FR0067,P005,2026-01-01,3982.27,3982.27,0.0,Processed
2221,FR0067,P005,2026-02-01,2184.33,2184.33,0.0,Processed
2222,FR0067,P005,2026-03-01,3753.46,3753.46,0.0,Processed
2223,FR0067,P005,2026-04-01,3395.29,3395.29,0.0,Processed
2224,FR0067,P005,2026-05-01,3669.72,3669.72,0.0,Processed
2225,FR0067,P005,2026-06-01,3805.4,3805.4,0.0,Processed
2226,FR0067,P005,2026-07-01,3036.61,3036.61,0.0,Processed
2227,FR0067,P020,2026-01-01,1589.87,1589.87,0.0,Processed
2228,FR0067,P020,2026-02-01,1500.58,1500.58,0.0,Processed
2229,FR0067,P020,2026-03-01,1602.3,1602.3,0.0,Processed
2230,FR0067,P020,2026-04-01,1756.19,1756.19,0.0,Processed
2231,FR0067,P020,2026-05-01,1518.64,1518.64,0.0,Processed
2232,FR0067,P020,2026-06-01,1257.76,1257.76,0.0,Processed
2233,FR0067,P020,2026-07-01,3748.05,3748.05,0.0,Processed
2234,FR0067,P028,2026-01-01,1465.0,1465.0,0.0,Processed
2235,FR0067,P028,2026-02-01,1409.92,1409.92,0.0,Processed
2236,FR0067,P028,2026-03-01,1657.83,1657.83,0.0,Processed
2237,FR0067,P028,2026-04-01,1548.74,1548.74,0.0,Processed
2238,FR0067,P028,2026-05-01,1260.69,1260.69,0.0,Processed
2239,FR0067,P028,2026-06-01,1717.2,1717.2,0.0,Processed
2240,FR0067,P028,2026-07-01,1272.3,1272.3,0.0,Processed
2241,FR0067,P007,2026-01-01,2449.91,2449.91,0.0,Processed
2242,FR0067,P007,2026-02-01,2620.14,2620.14,0.0,Processed
2243,FR0067,P007,2026-03-01,1424.53,1424.53,0.0,Processed
2244,FR0067,P007,2026-04-01,2581.82,2581.82,0.0,Processed
2245,FR0067,P007,2026-05-01,1427.51,3059.92,1632.41,Processed
2246,FR0067,P007,2026-06-01,1837.96,1837.96,0.0,Processed
2247,FR0067,P007,2026-07-01,2357.28,2357.28,0.0,Processed
2248,FR0067,P023,2026-01-01,1856.91,1856.91,0.0,Processed
2249,FR0067,P023,2026-02-01,1831.7,1831.7,0.0,Processed
2250,FR0067,P023,2026-03-01,1918.52,1918.52,0.0,Processed
2251,FR0067,P023,2026-04-01,1734.72,1734.72,0.0,Processed
2252,FR0067,P023,2026-05-01,1889.91,1889.91,0.0,Processed
2253,FR0067,P023,2026-06-01,1885.07,1885.07,0.0,Processed
2254,FR0067,P023,2026-07-01,1771.35,1771.35,0.0,Processed
2255,FR0067,P006,2026-01-01,272.39,272.39,0.0,Processed
2256,FR0067,P006,2026-02-01,58.53,58.53,0.0,Processed
2257,FR0067,P006,2026-03-01,161.58,161.58,0.0,Processed
2258,FR0067,P006,2026-04-01,56.11,56.11,0.0,Processed
2259,FR0067,P006,2026-05-01,2599.36,2599.36,0.0,Processed
2260,FR0067,P006,2026-06-01,115.83,115.83,0.0,Processed
2261,FR0067,P006,2026-07-01,209.7,209.7,0.0,Processed
2262,FR0067,P018,2026-01-01,0.0,0.0,0.0,Processed
2263,FR0067,P018,2026-02-01,0.0,0.0,0.0,Processed
2264,FR0067,P018,2026-03-01,0.0,0.0,0.0,Processed
2265,FR0067,P018,2026-04-01,0.0,0.0,0.0,Processed
2266,FR0067,P018,2026-05-01,0.0,0.0,0.0,Processed
2267,FR0067,P018,2026-06-01,0.0,0.0,0.0,Processed
2268,FR0067,P018,2026-07-01,0.0,0.0,0.0,Processed
2269,FR0068,P001,2026-01-01,2756.01,2756.01,0.0,Processed
2270,FR0068,P001,2026-02-01,2918.73,2918.73,0.0,Processed
2271,FR0068,P001,2026-03-01,2584.0,2584.0,0.0,Processed
2272,FR0068,P001,2026-04-01,3181.6,3181.6,0.0,Processed
2273,FR0068,P001,2026-05-01,3038.93,3038.93,0.0,Processed
2274,FR0068,P001,2026-06-01,2745.68,2745.68,0.0,Processed
2275,FR0068,P001,2026-07-01,3833.45,3833.45,0.0,Processed
2276,FR0068,P018,2026-01-01,0.0,0.0,0.0,Processed
2277,FR0068,P018,2026-02-01,0.0,0.0,0.0,Processed
2278,FR0068,P018,2026-03-01,0.0,0.0,0.0,Processed
2279,FR0068,P018,2026-04-01,0.0,0.0,0.0,Processed
2280,FR0068,P018,2026-05-01,0.0,0.0,0.0,Processed
2281,FR0068,P018,2026-06-01,0.0,0.0,0.0,Processed
2282,FR0068,P018,2026-07-01,0.0,0.0,0.0,Processed
2283,FR0068,P021,2026-01-01,9528.26,9528.26,0.0,Processed
2284,FR0068,P021,2026-02-01,9410.01,9410.01,0.0,Processed
2285,FR0068,P021,2026-03-01,8881.77,8881.77,0.0,Processed
2286,FR0068,P021,2026-04-01,9363.09,9363.09,0.0,Processed
2287,FR0068,P021,2026-05-01,10057.1,10057.1,0.0,Processed
2288,FR0068,P021,2026-06-01,10044.48,10044.48,0.0,Processed
2289,FR0068,P021,2026-07-01,9047.9,9047.9,0.0,Processed
2290,FR0068,P029,2026-01-01,2689.96,2689.96,0.0,Processed
2291,FR0068,P029,2026-02-01,2137.12,2137.12,0.0,Processed
2292,FR0068,P029,2026-03-01,1838.19,1838.19,0.0,Processed
2293,FR0068,P029,2026-04-01,1976.04,1976.04,0.0,Processed
2294,FR0068,P029,2026-05-01,6913.31,6913.31,0.0,Processed
2295,FR0068,P029,2026-06-01,2379.85,2379.85,0.0,Processed
2296,FR0068,P029,2026-07-01,2607.11,2607.11,0.0,Processed
2297,FR0068,P026,2026-01-01,0.0,1440.61,1440.61,Processed
2298,FR0068,P026,2026-02-01,0.0,0.0,0.0,Processed
2299,FR0068,P026,2026-03-01,0.0,0.0,0.0,Processed
2300,FR0068,P026,2026-04-01,0.0,3295.61,3295.61,Processed
2301,FR0068,P026,2026-05-01,0.0,0.0,0.0,Processed
2302,FR0068,P026,2026-06-01,0.0,0.0,0.0,Processed
2303,FR0068,P026,2026-07-01,0.0,0.0,0.0,Processed
2304,FR0068,P010,2026-01-01,1501.52,1501.52,0.0,Processed
2305,FR0068,P010,2026-02-01,457.35,457.35,0.0,Processed
2306,FR0068,P010,2026-03-01,835.35,835.35,0.0,Processed
2307,FR0068,P010,2026-04-01,535.85,535.85,0.0,Processed
2308,FR0068,P010,2026-05-01,256.09,256.09,0.0,Processed
2309,FR0068,P010,2026-06-01,1295.84,1295.84,0.0,Processed
2310,FR0068,P010,2026-07-01,1032.94,1032.94,0.0,Processed
2311,FR0068,P006,2026-01-01,2528.55,2528.55,0.0,Processed
2312,FR0068,P006,2026-02-01,2125.02,2125.02,0.0,Processed
2313,FR0068,P006,2026-03-01,2160.18,2160.18,0.0,Processed
2314,FR0068,P006,2026-04-01,2049.71,2049.71,0.0,Processed
2315,FR0068,P006,2026-05-01,2402.82,2402.82,0.0,Processed
2316,FR0068,P006,2026-06-01,2671.32,2671.32,0.0,Processed
2317,FR0068,P006,2026-07-01,2164.7,2164.7,0.0,Processed
2318,FR0069,P007,2026-01-01,1075.09,1075.09,0.0,Processed
2319,FR0069,P007,2026-02-01,1616.09,1616.09,0.0,Processed
2320,FR0069,P007,2026-03-01,570.82,570.82,0.0,Processed
2321,FR0069,P007,2026-04-01,804.93,804.93,0.0,Processed
2322,FR0069,P007,2026-05-01,1361.83,1361.83,0.0,Processed
2323,FR0069,P007,2026-06-01,1501.21,1501.21,0.0,Processed
2324,FR0069,P007,2026-07-01,794.93,794.93,0.0,Processed
2325,FR0069,P012,2026-01-01,4731.18,4731.18,0.0,Processed
2326,FR0069,P012,2026-02-01,4223.14,4223.14,0.0,Processed
2327,FR0069,P012,2026-03-01,4025.25,4025.25,0.0,Processed
2328,FR0069,P012,2026-04-01,4632.05,4632.05,0.0,Processed
2329,FR0069,P012,2026-05-01,4644.3,4644.3,0.0,Processed
2330,FR0069,P012,2026-06-01,4299.69,4299.69,0.0,Processed
2331,FR0069,P012,2026-07-01,4538.58,4538.58,0.0,Processed
2332,FR0069,P026,2026-01-01,0.0,0.0,0.0,Processed
2333,FR0069,P026,2026-02-01,0.0,0.0,0.0,Processed
2334,FR0069,P026,2026-03-01,0.0,0.0,0.0,Processed
2335,FR0069,P026,2026-04-01,0.0,0.0,0.0,Processed
2336,FR0069,P026,2026-05-01,0.0,0.0,0.0,Processed
2337,FR0069,P026,2026-06-01,0.0,0.0,0.0,Processed
2338,FR0069,P026,2026-07-01,0.0,0.0,0.0,Processed
2339,FR0069,P030,2026-01-01,2.5,2.5,0.0,Processed
2340,FR0069,P030,2026-02-01,0.0,0.0,0.0,Processed
2341,FR0069,P030,2026-03-01,0.0,0.0,0.0,Processed
2342,FR0069,P030,2026-04-01,0.0,0.0,0.0,Processed
2343,FR0069,P030,2026-05-01,0.0,0.0,0.0,Processed
2344,FR0069,P030,2026-06-01,0.0,0.0,0.0,Processed
2345,FR0069,P030,2026-07-01,4231.34,9961.9,5730.56,Processed
2346,FR0070,P004,2026-01-01,0.0,0.0,0.0,Processed
2347,FR0070,P004,2026-02-01,0.0,0.0,0.0,Processed
2348,FR0070,P004,2026-03-01,0.0,0.0,0.0,Processed
2349,FR0070,P004,2026-04-01,0.0,0.0,0.0,Processed
2350,FR0070,P004,2026-05-01,0.0,0.0,0.0,Processed
2351,FR0070,P004,2026-06-01,0.0,0.0,0.0,Processed
2352,FR0070,P004,2026-07-01,0.0,0.0,0.0,Processed
2353,FR0070,P008,2026-01-01,6430.05,6430.05,0.0,Processed
2354,FR0070,P008,2026-02-01,5746.53,5746.53,0.0,Processed
2355,FR0070,P008,2026-03-01,5967.42,5967.42,0.0,Processed
2356,FR0070,P008,2026-04-01,5634.19,5634.19,0.0,Processed
2357,FR0070,P008,2026-05-01,6222.11,6222.11,0.0,Processed
2358,FR0070,P008,2026-06-01,5392.23,5392.23,0.0,Processed
2359,FR0070,P008,2026-07-01,6012.42,6012.42,0.0,Processed
2360,FR0070,P002,2026-01-01,1143.89,1143.89,0.0,Processed
2361,FR0070,P002,2026-02-01,1493.12,1493.12,0.0,Processed
2362,FR0070,P002,2026-03-01,1186.94,1186.94,0.0,Processed
2363,FR0070,P002,2026-04-01,1161.48,1161.48,0.0,Processed
2364,FR0070,P002,2026-05-01,974.24,974.24,0.0,Processed
2365,FR0070,P002,2026-06-01,1554.71,1554.71,0.0,Processed
2366,FR0070,P002,2026-07-01,1281.95,1281.95,0.0,Processed
2367,FR0070,P014,2026-01-01,8944.32,8944.32,0.0,Processed
2368,FR0070,P014,2026-02-01,8788.74,8788.74,0.0,Processed
2369,FR0070,P014,2026-03-01,7676.9,7676.9,0.0,Processed
2370,FR0070,P014,2026-04-01,8563.82,8563.82,0.0,Processed
2371,FR0070,P014,2026-05-01,8571.88,8571.88,0.0,Processed
2372,FR0070,P014,2026-06-01,7841.27,7841.27,0.0,Processed
2373,FR0070,P014,2026-07-01,7529.18,7529.18,0.0,Processed
2374,FR0070,P003,2026-01-01,5889.74,5889.74,0.0,Processed
2375,FR0070,P003,2026-02-01,6835.43,6835.43,0.0,Processed
2376,FR0070,P003,2026-03-01,6626.35,6626.35,0.0,Processed
2377,FR0070,P003,2026-04-01,6994.71,6994.71,0.0,Processed
2378,FR0070,P003,2026-05-01,6408.26,6408.26,0.0,Processed
2379,FR0070,P003,2026-06-01,5977.17,5977.17,0.0,Processed
2380,FR0070,P003,2026-07-01,6467.17,6467.17,0.0,Processed
2381,FR0071,P025,2026-01-01,4382.46,4382.46,0.0,Processed
2382,FR0071,P025,2026-02-01,5240.41,5240.41,0.0,Processed
2383,FR0071,P025,2026-03-01,5187.97,5187.97,0.0,Processed
2384,FR0071,P025,2026-04-01,4675.16,4675.16,0.0,Processed
2385,FR0071,P025,2026-05-01,4448.25,4448.25,0.0,Processed
2386,FR0071,P025,2026-06-01,5134.61,5134.61,0.0,Processed
2387,FR0071,P025,2026-07-01,4315.67,4315.67,0.0,Processed
2388,FR0071,P024,2026-01-01,0.0,0.0,0.0,Processed
2389,FR0071,P024,2026-02-01,0.0,0.0,0.0,Processed
2390,FR0071,P024,2026-03-01,0.0,0.0,0.0,Processed
2391,FR0071,P024,2026-04-01,0.0,0.0,0.0,Processed
2392,FR0071,P024,2026-05-01,0.0,0.0,0.0,Processed
2393,FR0071,P024,2026-06-01,0.0,0.0,0.0,Processed
2394,FR0071,P024,2026-07-01,0.0,0.0,0.0,Processed
2395,FR0071,P019,2026-01-01,7588.18,7588.18,0.0,Processed
2396,FR0071,P019,2026-02-01,6345.16,6345.16,0.0,Processed
2397,FR0071,P019,2026-03-01,6648.34,6648.34,0.0,Processed
2398,FR0071,P019,2026-04-01,6271.02,6271.02,0.0,Processed
2399,FR0071,P019,2026-05-01,7401.52,7401.52,0.0,Processed
2400,FR0071,P019,2026-06-01,7635.57,7635.57,0.0,Processed
2401,FR0071,P019,2026-07-01,6878.08,6878.08,0.0,Processed
2402,FR0071,P016,2026-01-01,5035.28,5035.28,0.0,Processed
2403,FR0071,P016,2026-02-01,5178.83,5178.83,0.0,Processed
2404,FR0071,P016,2026-03-01,5085.92,5085.92,0.0,Processed
2405,FR0071,P016,2026-04-01,4993.66,4993.66,0.0,Processed
2406,FR0071,P016,2026-05-01,4629.04,4629.04,0.0,Processed
2407,FR0071,P016,2026-06-01,4977.37,4977.37,0.0,Processed
2408,FR0071,P016,2026-07-01,4901.69,4901.69,0.0,Processed
2409,FR0071,P009,2026-01-01,3935.01,3935.01,0.0,Processed
2410,FR0071,P009,2026-02-01,3895.24,3895.24,0.0,Processed
2411,FR0071,P009,2026-03-01,3364.51,3364.51,0.0,Processed
2412,FR0071,P009,2026-04-01,3437.78,3437.78,0.0,Processed
2413,FR0071,P009,2026-05-01,3895.92,3895.92,0.0,Processed
2414,FR0071,P009,2026-06-01,3544.04,3544.04,0.0,Processed
2415,FR0071,P009,2026-07-01,4097.81,4097.81,0.0,Processed
2416,FR0071,P020,2026-01-01,4433.03,4433.03,0.0,Processed
2417,FR0071,P020,2026-02-01,4432.86,4432.86,0.0,Processed
2418,FR0071,P020,2026-03-01,5281.96,5281.96,0.0,Processed
2419,FR0071,P020,2026-04-01,3798.2,3798.2,0.0,Processed
2420,FR0071,P020,2026-05-01,3826.02,3826.02,0.0,Processed
2421,FR0071,P020,2026-06-01,4158.36,4158.36,0.0,Processed
2422,FR0071,P020,2026-07-01,5064.32,5064.32,0.0,Processed
2423,FR0072,P010,2026-01-01,1652.17,1652.17,0.0,Processed
2424,FR0072,P010,2026-02-01,0.0,0.0,0.0,Processed
2425,FR0072,P010,2026-03-01,0.0,0.0,0.0,Processed
2426,FR0072,P010,2026-04-01,0.0,0.0,0.0,Processed
2427,FR0072,P010,2026-05-01,0.0,0.0,0.0,Processed
2428,FR0072,P010,2026-06-01,0.0,0.0,0.0,Processed
2429,FR0072,P010,2026-07-01,0.0,0.0,0.0,Processed
2430,FR0072,P005,2026-01-01,1662.74,1662.74,0.0,Processed
2431,FR0072,P005,2026-02-01,532.02,532.02,0.0,Processed
2432,FR0072,P005,2026-03-01,650.5,650.5,0.0,Processed
2433,FR0072,P005,2026-04-01,718.49,718.49,0.0,Processed
2434,FR0072,P005,2026-05-01,864.92,864.92,0.0,Processed
2435,FR0072,P005,2026-06-01,9556.75,9556.75,0.0,Processed
2436,FR0072,P005,2026-07-01,1664.41,1664.41,0.0,Processed
2437,FR0072,P004,2026-01-01,668.41,668.41,0.0,Processed
2438,FR0072,P004,2026-02-01,1000.02,1000.02,0.0,Processed
2439,FR0072,P004,2026-03-01,1326.02,1326.02,0.0,Processed
2440,FR0072,P004,2026-04-01,1364.74,1364.74,0.0,Processed
2441,FR0072,P004,2026-05-01,948.56,948.56,0.0,Processed
2442,FR0072,P004,2026-06-01,1626.0,1626.0,0.0,Processed
2443,FR0072,P004,2026-07-01,766.74,766.74,0.0,Processed
2444,FR0072,P002,2026-01-01,1312.62,1312.62,0.0,Processed
2445,FR0072,P002,2026-02-01,931.25,931.25,0.0,Processed
2446,FR0072,P002,2026-03-01,1563.29,1563.29,0.0,Processed
2447,FR0072,P002,2026-04-01,1115.11,1115.11,0.0,Processed
2448,FR0072,P002,2026-05-01,1117.98,1117.98,0.0,Processed
2449,FR0072,P002,2026-06-01,988.41,988.41,0.0,Processed
2450,FR0072,P002,2026-07-01,1260.27,1260.27,0.0,Processed
2451,FR0073,P030,2026-01-01,946.71,946.71,0.0,Processed
2452,FR0073,P030,2026-02-01,1378.19,1378.19,0.0,Processed
2453,FR0073,P030,2026-03-01,628.55,628.55,0.0,Processed
2454,FR0073,P030,2026-04-01,946.95,946.95,0.0,Processed
2455,FR0073,P030,2026-05-01,1714.89,1714.89,0.0,Processed
2456,FR0073,P030,2026-06-01,875.77,875.77,0.0,Processed
2457,FR0073,P030,2026-07-01,1531.64,1531.64,0.0,Processed
2458,FR0073,P005,2026-01-01,377.77,377.77,0.0,Processed
2459,FR0073,P005,2026-02-01,153.08,153.08,0.0,Processed
2460,FR0073,P005,2026-03-01,1406.81,1406.81,0.0,Processed
2461,FR0073,P005,2026-04-01,398.58,398.58,0.0,Processed
2462,FR0073,P005,2026-05-01,1029.37,1029.37,0.0,Processed
2463,FR0073,P005,2026-06-01,295.31,295.31,0.0,Processed
2464,FR0073,P005,2026-07-01,1120.77,1120.77,0.0,Processed
2465,FR0073,P012,2026-01-01,2305.69,2305.69,0.0,Processed
2466,FR0073,P012,2026-02-01,2228.24,2228.24,0.0,Processed
2467,FR0073,P012,2026-03-01,2598.61,2598.61,0.0,Processed
2468,FR0073,P012,2026-04-01,2387.62,2387.62,0.0,Processed
2469,FR0073,P012,2026-05-01,2422.41,2422.41,0.0,Processed
2470,FR0073,P012,2026-06-01,2471.53,2471.53,0.0,Processed
2471,FR0073,P012,2026-07-01,2415.5,2415.5,0.0,Processed
2472,FR0073,P006,2026-01-01,2442.02,2442.02,0.0,Processed
2473,FR0073,P006,2026-02-01,2994.36,2994.36,0.0,Processed
2474,FR0073,P006,2026-03-01,3240.01,3240.01,0.0,Processed
2475,FR0073,P006,2026-04-01,3284.28,3284.28,0.0,Processed
2476,FR0073,P006,2026-05-01,3249.61,3249.61,0.0,Processed
2477,FR0073,P006,2026-06-01,2951.83,2951.83,0.0,Processed
2478,FR0073,P006,2026-07-01,3038.77,3038.77,0.0,Processed
2479,FR0073,P009,2026-01-01,7895.01,7895.01,0.0,Processed
2480,FR0073,P009,2026-02-01,7466.11,7466.11,0.0,Processed
2481,FR0073,P009,2026-03-01,13294.78,13294.78,0.0,Processed
2482,FR0073,P009,2026-04-01,6797.89,6797.89,0.0,Processed
2483,FR0073,P009,2026-05-01,6940.81,6940.81,0.0,Processed
2484,FR0073,P009,2026-06-01,6930.2,6930.2,0.0,Processed
2485,FR0073,P009,2026-07-01,7329.08,7329.08,0.0,Processed
2486,FR0074,P013,2026-01-01,5319.85,5319.85,0.0,Processed
2487,FR0074,P013,2026-02-01,784.7,784.7,0.0,Processed
2488,FR0074,P013,2026-03-01,1109.41,1109.41,0.0,Processed
2489,FR0074,P013,2026-04-01,1282.42,1282.42,0.0,Processed
2490,FR0074,P013,2026-05-01,1287.17,1287.17,0.0,Processed
2491,FR0074,P013,2026-06-01,824.25,824.25,0.0,Processed
2492,FR0074,P013,2026-07-01,1550.96,1550.96,0.0,Processed
2493,FR0074,P004,2026-01-01,0.0,0.0,0.0,Processed
2494,FR0074,P004,2026-02-01,0.0,0.0,0.0,Processed
2495,FR0074,P004,2026-03-01,0.0,0.0,0.0,Processed
2496,FR0074,P004,2026-04-01,0.0,0.0,0.0,Processed
2497,FR0074,P004,2026-05-01,0.0,0.0,0.0,Processed
2498,FR0074,P004,2026-06-01,0.0,0.0,0.0,Processed
2499,FR0074,P004,2026-07-01,0.0,0.0,0.0,Processed
2500,FR0074,P027,2026-01-01,0.0,0.0,0.0,Processed
2501,FR0074,P027,2026-02-01,0.0,0.0,0.0,Processed
2502,FR0074,P027,2026-03-01,0.0,0.0,0.0,Processed
2503,FR0074,P027,2026-04-01,0.0,0.0,0.0,Processed
2504,FR0074,P027,2026-05-01,0.0,0.0,0.0,Processed
2505,FR0074,P027,2026-06-01,0.0,0.0,0.0,Processed
2506,FR0074,P027,2026-07-01,0.0,0.0,0.0,Processed
2507,FR0074,P009,2026-01-01,4024.7,4024.7,0.0,Processed
2508,FR0074,P009,2026-02-01,4075.38,4075.38,0.0,Processed
2509,FR0074,P009,2026-03-01,4547.49,4547.49,0.0,Processed
2510,FR0074,P009,2026-04-01,4618.32,4618.32,0.0,Processed
2511,FR0074,P009,2026-05-01,3782.12,3782.12,0.0,Processed
2512,FR0074,P009,2026-06-01,4007.71,4007.71,0.0,Processed
2513,FR0074,P009,2026-07-01,8553.22,17162.33,8609.11,Processed
2514,FR0074,P026,2026-01-01,1674.69,1674.69,0.0,Processed
2515,FR0074,P026,2026-02-01,1081.65,1081.65,0.0,Processed
2516,FR0074,P026,2026-03-01,1205.12,1205.12,0.0,Processed
2517,FR0074,P026,2026-04-01,1790.14,1790.14,0.0,Processed
2518,FR0074,P026,2026-05-01,1998.79,1998.79,0.0,Processed
2519,FR0074,P026,2026-06-01,2413.88,2413.88,0.0,Processed
2520,FR0074,P026,2026-07-01,2646.36,2646.36,0.0,Processed
2521,FR0075,P021,2026-01-01,5947.78,5947.78,0.0,Processed
2522,FR0075,P021,2026-02-01,6438.28,6438.28,0.0,Processed
2523,FR0075,P021,2026-03-01,9633.51,9633.51,0.0,Processed
2524,FR0075,P021,2026-04-01,6240.84,6240.84,0.0,Processed
2525,FR0075,P021,2026-05-01,5531.33,5531.33,0.0,Processed
2526,FR0075,P021,2026-06-01,5977.2,5977.2,0.0,Processed
2527,FR0075,P021,2026-07-01,5930.6,5930.6,0.0,Processed
2528,FR0075,P029,2026-01-01,4706.47,4706.47,0.0,Processed
2529,FR0075,P029,2026-02-01,4138.02,4138.02,0.0,Processed
2530,FR0075,P029,2026-03-01,4488.27,4488.27,0.0,Processed
2531,FR0075,P029,2026-04-01,4744.03,4744.03,0.0,Processed
2532,FR0075,P029,2026-05-01,4168.37,4168.37,0.0,Processed
2533,FR0075,P029,2026-06-01,5042.56,5042.56,0.0,Processed
2534,FR0075,P029,2026-07-01,4368.79,4368.79,0.0,Processed
2535,FR0075,P011,2026-01-01,3651.54,3651.54,0.0,Processed
2536,FR0075,P011,2026-02-01,3362.59,3362.59,0.0,Processed
2537,FR0075,P011,2026-03-01,3186.86,3186.86,0.0,Processed
2538,FR0075,P011,2026-04-01,3333.43,3333.43,0.0,Processed
2539,FR0075,P011,2026-05-01,3541.71,3541.71,0.0,Processed
2540,FR0075,P011,2026-06-01,3663.68,3663.68,0.0,Processed
2541,FR0075,P011,2026-07-01,3223.11,3223.11,0.0,Processed
2542,FR0075,P017,2026-01-01,6688.64,6688.64,0.0,Processed
2543,FR0075,P017,2026-02-01,6169.64,6169.64,0.0,Processed
2544,FR0075,P017,2026-03-01,5858.69,5858.69,0.0,Processed
2545,FR0075,P017,2026-04-01,6535.23,6535.23,0.0,Processed
2546,FR0075,P017,2026-05-01,6941.94,6941.94,0.0,Processed
2547,FR0075,P017,2026-06-01,5760.29,5760.29,0.0,Processed
2548,FR0075,P017,2026-07-01,6607.26,6607.26,0.0,Processed
2549,FR0075,P006,2026-01-01,342.27,342.27,0.0,Processed
2550,FR0075,P006,2026-02-01,352.6,352.6,0.0,Processed
2551,FR0075,P006,2026-03-01,422.69,422.69,0.0,Processed
2552,FR0075,P006,2026-04-01,153.07,153.07,0.0,Processed
2553,FR0075,P006,2026-05-01,198.19,198.19,0.0,Processed
2554,FR0075,P006,2026-06-01,349.67,349.67,0.0,Processed
2555,FR0075,P006,2026-07-01,209.43,209.43,0.0,Processed
2556,FR0075,P010,2026-01-01,0.0,0.0,0.0,Processed
2557,FR0075,P010,2026-02-01,0.0,0.0,0.0,Processed
2558,FR0075,P010,2026-03-01,0.0,0.0,0.0,Processed
2559,FR0075,P010,2026-04-01,0.0,0.0,0.0,Processed
2560,FR0075,P010,2026-05-01,0.0,0.0,0.0,Processed
2561,FR0075,P010,2026-06-01,0.0,0.0,0.0,Processed
2562,FR0075,P010,2026-07-01,0.0,0.0,0.0,Processed
2563,FR0075,P015,2026-01-01,761.99,761.99,0.0,Processed
2564,FR0075,P015,2026-02-01,503.15,503.15,0.0,Processed
2565,FR0075,P015,2026-03-01,735.39,735.39,0.0,Processed
2566,FR0075,P015,2026-04-01,950.98,950.98,0.0,Processed
2567,FR0075,P015,2026-05-01,660.31,660.31,0.0,Processed
2568,FR0075,P015,2026-06-01,986.47,986.47,0.0,Processed
2569,FR0075,P015,2026-07-01,1228.61,1228.61,0.0,Processed
2570,FR0076,P013,2026-01-01,408.46,408.46,0.0,Processed
2571,FR0076,P013,2026-02-01,542.34,542.34,0.0,Processed
2572,FR0076,P013,2026-03-01,557.24,557.24,0.0,Processed
2573,FR0076,P013,2026-04-01,711.88,711.88,0.0,Processed
2574,FR0076,P013,2026-05-01,540.98,540.98,0.0,Processed
2575,FR0076,P013,2026-06-01,582.76,582.76,0.0,Processed
2576,FR0076,P013,2026-07-01,273.12,273.12,0.0,Processed
2577,FR0076,P024,2026-01-01,0.0,0.0,0.0,Processed
2578,FR0076,P024,2026-02-01,0.0,0.0,0.0,Processed
2579,FR0076,P024,2026-03-01,0.0,0.0,0.0,Processed
2580,FR0076,P024,2026-04-01,0.0,0.0,0.0,Processed
2581,FR0076,P024,2026-05-01,0.0,0.0,0.0,Processed
2582,FR0076,P024,2026-06-01,0.0,0.0,0.0,Processed
2583,FR0076,P024,2026-07-01,0.0,0.0,0.0,Processed
2584,FR0076,P001,2026-01-01,8202.3,8202.3,0.0,Processed
2585,FR0076,P001,2026-02-01,6802.85,6802.85,0.0,Processed
2586,FR0076,P001,2026-03-01,8033.33,8033.33,0.0,Processed
2587,FR0076,P001,2026-04-01,6975.66,6975.66,0.0,Processed
2588,FR0076,P001,2026-05-01,16215.29,16215.29,0.0,Processed
2589,FR0076,P001,2026-06-01,6686.82,6686.82,0.0,Processed
2590,FR0076,P001,2026-07-01,7734.84,7734.84,0.0,Processed
2591,FR0076,P004,2026-01-01,1199.31,1199.31,0.0,Processed
2592,FR0076,P004,2026-02-01,455.25,455.25,0.0,Processed
2593,FR0076,P004,2026-03-01,1016.35,1016.35,0.0,Processed
2594,FR0076,P004,2026-04-01,876.34,876.34,0.0,Processed
2595,FR0076,P004,2026-05-01,595.24,595.24,0.0,Processed
2596,FR0076,P004,2026-06-01,1229.55,1229.55,0.0,Processed
2597,FR0076,P004,2026-07-01,1283.09,1283.09,0.0,Processed
2598,FR0076,P016,2026-01-01,2485.06,2485.06,0.0,Processed
2599,FR0076,P016,2026-02-01,2232.08,2232.08,0.0,Processed
2600,FR0076,P016,2026-03-01,2439.43,2439.43,0.0,Processed
2601,FR0076,P016,2026-04-01,2403.17,2403.17,0.0,Processed
2602,FR0076,P016,2026-05-01,2275.02,2275.02,0.0,Processed
2603,FR0076,P016,2026-06-01,2111.36,2111.36,0.0,Processed
2604,FR0076,P016,2026-07-01,2060.1,2060.1,0.0,Processed
2605,FR0076,P002,2026-01-01,507.55,507.55,0.0,Processed
2606,FR0076,P002,2026-02-01,1649.8,1649.8,0.0,Processed
2607,FR0076,P002,2026-03-01,324.58,324.58,0.0,Processed
2608,FR0076,P002,2026-04-01,80.61,80.61,0.0,Processed
2609,FR0076,P002,2026-05-01,470.41,6224.01,5753.6,Processed
2610,FR0076,P002,2026-06-01,518.45,518.45,0.0,Processed
2611,FR0076,P002,2026-07-01,454.26,454.26,0.0,Processed
2612,FR0076,P019,2026-01-01,7968.9,7968.9,0.0,Processed
2613,FR0076,P019,2026-02-01,7261.88,7261.88,0.0,Processed
2614,FR0076,P019,2026-03-01,6791.22,6791.22,0.0,Processed
2615,FR0076,P019,2026-04-01,7413.3,7413.3,0.0,Processed
2616,FR0076,P019,2026-05-01,7871.96,7871.96,0.0,Processed
2617,FR0076,P019,2026-06-01,8087.42,8087.42,0.0,Processed
2618,FR0076,P019,2026-07-01,6712.02,6712.02,0.0,Processed
2619,FR0077,P020,2026-01-01,6066.92,6066.92,0.0,Processed
2620,FR0077,P020,2026-02-01,4996.15,4996.15,0.0,Processed
2621,FR0077,P020,2026-03-01,5303.1,5303.1,0.0,Processed
2622,FR0077,P020,2026-04-01,5739.15,5739.15,0.0,Processed
2623,FR0077,P020,2026-05-01,5581.6,5581.6,0.0,Processed
2624,FR0077,P020,2026-06-01,4871.72,4871.72,0.0,Processed
2625,FR0077,P020,2026-07-01,5104.73,5104.73,0.0,Processed
2626,FR0077,P029,2026-01-01,3859.96,3859.96,0.0,Processed
2627,FR0077,P029,2026-02-01,3897.8,3897.8,0.0,Processed
2628,FR0077,P029,2026-03-01,4641.3,4641.3,0.0,Processed
2629,FR0077,P029,2026-04-01,4245.55,4245.55,0.0,Processed
2630,FR0077,P029,2026-05-01,4633.76,4633.76,0.0,Processed
2631,FR0077,P029,2026-06-01,4193.45,4193.45,0.0,Processed
2632,FR0077,P029,2026-07-01,3778.29,3778.29,0.0,Processed
2633,FR0077,P003,2026-01-01,6719.17,6719.17,0.0,Processed
2634,FR0077,P003,2026-02-01,6711.45,6711.45,0.0,Processed
2635,FR0077,P003,2026-03-01,6763.1,6763.1,0.0,Processed
2636,FR0077,P003,2026-04-01,12321.54,12321.54,0.0,Processed
2637,FR0077,P003,2026-05-01,6569.84,6569.84,0.0,Processed
2638,FR0077,P003,2026-06-01,6447.77,6447.77,0.0,Processed
2639,FR0077,P003,2026-07-01,7482.81,7482.81,0.0,Processed
2640,FR0077,P019,2026-01-01,4050.24,4050.24,0.0,Processed
2641,FR0077,P019,2026-02-01,4224.51,4224.51,0.0,Processed
2642,FR0077,P019,2026-03-01,4363.22,4363.22,0.0,Processed
2643,FR0077,P019,2026-04-01,4059.07,4059.07,0.0,Processed
2644,FR0077,P019,2026-05-01,4145.75,4145.75,0.0,Processed
2645,FR0077,P019,2026-06-01,4373.56,4373.56,0.0,Processed
2646,FR0077,P019,2026-07-01,3853.63,3853.63,0.0,Processed
2647,FR0077,P022,2026-01-01,2200.4,2200.4,0.0,Processed
2648,FR0077,P022,2026-02-01,2145.42,2145.42,0.0,Processed
2649,FR0077,P022,2026-03-01,2098.26,2098.26,0.0,Processed
2650,FR0077,P022,2026-04-01,1176.73,1176.73,0.0,Processed
2651,FR0077,P022,2026-05-01,1606.44,1606.44,0.0,Processed
2652,FR0077,P022,2026-06-01,1236.8,1236.8,0.0,Processed
2653,FR0077,P022,2026-07-01,1555.91,1555.91,0.0,Processed
2654,FR0077,P023,2026-01-01,2640.28,2640.28,0.0,Processed
2655,FR0077,P023,2026-02-01,2530.02,2530.02,0.0,Processed
2656,FR0077,P023,2026-03-01,2613.07,2613.07,0.0,Processed
2657,FR0077,P023,2026-04-01,2473.02,2473.02,0.0,Processed
2658,FR0077,P023,2026-05-01,2663.95,2663.95,0.0,Processed
2659,FR0077,P023,2026-06-01,2344.84,2344.84,0.0,Processed
2660,FR0077,P023,2026-07-01,2548.99,2548.99,0.0,Processed
2661,FR0077,P027,2026-01-01,0.0,0.0,0.0,Processed
2662,FR0077,P027,2026-02-01,0.0,0.0,0.0,Processed
2663,FR0077,P027,2026-03-01,0.0,0.0,0.0,Processed
2664,FR0077,P027,2026-04-01,0.0,0.0,0.0,Processed
2665,FR0077,P027,2026-05-01,0.0,0.0,0.0,Processed
2666,FR0077,P027,2026-06-01,0.0,0.0,0.0,Processed
2667,FR0077,P027,2026-07-01,0.0,0.0,0.0,Processed
2668,FR0078,P027,2026-01-01,0.0,0.0,0.0,Processed
2669,FR0078,P027,2026-02-01,0.0,0.0,0.0,Processed
2670,FR0078,P027,2026-03-01,0.0,0.0,0.0,Processed
2671,FR0078,P027,2026-04-01,0.0,0.0,0.0,Processed
2672,FR0078,P027,2026-05-01,0.0,0.0,0.0,Processed
2673,FR0078,P027,2026-06-01,0.0,0.0,0.0,Processed
2674,FR0078,P027,2026-07-01,0.0,0.0,0.0,Processed
2675,FR0078,P015,2026-01-01,1440.96,1440.96,0.0,Processed
2676,FR0078,P015,2026-02-01,1935.24,1935.24,0.0,Processed
2677,FR0078,P015,2026-03-01,2193.84,2193.84,0.0,Processed
2678,FR0078,P015,2026-04-01,1996.47,1996.47,0.0,Processed
2679,FR0078,P015,2026-05-01,1971.58,1971.58,0.0,Processed
2680,FR0078,P015,2026-06-01,2006.78,2006.78,0.0,Processed
2681,FR0078,P015,2026-07-01,1815.2,1815.2,0.0,Processed
2682,FR0078,P013,2026-01-01,1074.46,1074.46,0.0,Processed
2683,FR0078,P013,2026-02-01,552.42,552.42,0.0,Processed
2684,FR0078,P013,2026-03-01,1170.04,1170.04,0.0,Processed
2685,FR0078,P013,2026-04-01,704.92,8525.96,7821.04,Processed
2686,FR0078,P013,2026-05-01,1038.69,1038.69,0.0,Processed
2687,FR0078,P013,2026-06-01,896.58,896.58,0.0,Processed
2688,FR0078,P013,2026-07-01,685.45,685.45,0.0,Processed
2689,FR0078,P030,2026-01-01,534.83,534.83,0.0,Processed
2690,FR0078,P030,2026-02-01,510.3,510.3,0.0,Processed
2691,FR0078,P030,2026-03-01,214.51,214.51,0.0,Processed
2692,FR0078,P030,2026-04-01,257.47,257.47,0.0,Processed
2693,FR0078,P030,2026-05-01,1052.0,1052.0,0.0,Processed
2694,FR0078,P030,2026-06-01,399.01,399.01,0.0,Processed
2695,FR0078,P030,2026-07-01,1290.23,1290.23,0.0,Processed
2696,FR0078,P029,2026-01-01,3625.03,3625.03,0.0,Processed
2697,FR0078,P029,2026-02-01,3517.7,3517.7,0.0,Processed
2698,FR0078,P029,2026-03-01,4475.41,4475.41,0.0,Processed
2699,FR0078,P029,2026-04-01,4472.65,4472.65,0.0,Processed
2700,FR0078,P029,2026-05-01,8639.53,12095.05,3455.52,Processed
2701,FR0078,P029,2026-06-01,3862.61,3862.61,0.0,Processed
2702,FR0078,P029,2026-07-01,3460.03,3460.03,0.0,Processed
2703,FR0078,P016,2026-01-01,5235.96,5235.96,0.0,Processed
2704,FR0078,P016,2026-02-01,5143.88,5143.88,0.0,Processed
2705,FR0078,P016,2026-03-01,5455.4,5455.4,0.0,Processed
2706,FR0078,P016,2026-04-01,5286.88,5286.88,0.0,Processed
2707,FR0078,P016,2026-05-01,5019.83,5019.83,0.0,Processed
2708,FR0078,P016,2026-06-01,5780.3,5780.3,0.0,Processed
2709,FR0078,P016,2026-07-01,5413.69,5413.69,0.0,Processed
2710,FR0079,P004,2026-01-01,0.0,0.0,0.0,Processed
2711,FR0079,P004,2026-02-01,0.0,0.0,0.0,Processed
2712,FR0079,P004,2026-03-01,0.0,0.0,0.0,Processed
2713,FR0079,P004,2026-04-01,0.0,0.0,0.0,Processed
2714,FR0079,P004,2026-05-01,0.0,0.0,0.0,Processed
2715,FR0079,P004,2026-06-01,0.0,0.0,0.0,Processed
2716,FR0079,P004,2026-07-01,0.0,0.0,0.0,Processed
2717,FR0079,P005,2026-01-01,2545.28,2545.28,0.0,Processed
2718,FR0079,P005,2026-02-01,2120.68,2120.68,0.0,Processed
2719,FR0079,P005,2026-03-01,2662.79,2662.79,0.0,Processed
2720,FR0079,P005,2026-04-01,2944.58,2944.58,0.0,Processed
2721,FR0079,P005,2026-05-01,1975.2,1975.2,0.0,Processed
2722,FR0079,P005,2026-06-01,1755.21,1755.21,0.0,Processed
2723,FR0079,P005,2026-07-01,2424.27,2424.27,0.0,Processed
2724,FR0079,P001,2026-01-01,2554.65,2554.65,0.0,Processed
2725,FR0079,P001,2026-02-01,1773.15,1773.15,0.0,Processed
2726,FR0079,P001,2026-03-01,2241.24,2241.24,0.0,Processed
2727,FR0079,P001,2026-04-01,2268.97,8929.62,6660.65,Processed
2728,FR0079,P001,2026-05-01,1637.17,1637.17,0.0,Processed
2729,FR0079,P001,2026-06-01,2403.12,2403.12,0.0,Processed
2730,FR0079,P001,2026-07-01,2523.11,2523.11,0.0,Processed
2731,FR0079,P018,2026-01-01,0.0,0.0,0.0,Processed
2732,FR0079,P018,2026-02-01,4928.62,4928.62,0.0,Processed
2733,FR0079,P018,2026-03-01,0.0,0.0,0.0,Processed
2734,FR0079,P018,2026-04-01,0.0,0.0,0.0,Processed
2735,FR0079,P018,2026-05-01,332.29,332.29,0.0,Processed
2736,FR0079,P018,2026-06-01,0.0,0.0,0.0,Processed
2737,FR0079,P018,2026-07-01,159.45,159.45,0.0,Processed
2738,FR0079,P007,2026-01-01,12336.45,12336.45,0.0,Processed
2739,FR0079,P007,2026-02-01,3518.7,3518.7,0.0,Processed
2740,FR0079,P007,2026-03-01,3215.18,3215.18,0.0,Processed
2741,FR0079,P007,2026-04-01,3217.64,3217.64,0.0,Processed
2742,FR0079,P007,2026-05-01,3678.53,3678.53,0.0,Processed
2743,FR0079,P007,2026-06-01,3202.62,3202.62,0.0,Processed
2744,FR0079,P007,2026-07-01,4239.3,4239.3,0.0,Processed
2745,FR0080,P025,2026-01-01,4067.32,4067.32,0.0,Processed
2746,FR0080,P025,2026-02-01,6645.05,6645.05,0.0,Processed
2747,FR0080,P025,2026-03-01,3544.6,3544.6,0.0,Processed
2748,FR0080,P025,2026-04-01,3763.42,3763.42,0.0,Processed
2749,FR0080,P025,2026-05-01,3336.32,3336.32,0.0,Processed
2750,FR0080,P025,2026-06-01,4048.83,4048.83,0.0,Processed
2751,FR0080,P025,2026-07-01,3354.15,3354.15,0.0,Processed
2752,FR0080,P003,2026-01-01,7215.55,7215.55,0.0,Processed
2753,FR0080,P003,2026-02-01,6591.2,6591.2,0.0,Processed
2754,FR0080,P003,2026-03-01,7130.79,7130.79,0.0,Processed
2755,FR0080,P003,2026-04-01,6348.77,6348.77,0.0,Processed
2756,FR0080,P003,2026-05-01,5875.62,5875.62,0.0,Processed
2757,FR0080,P003,2026-06-01,7093.91,7093.91,0.0,Processed
2758,FR0080,P003,2026-07-01,6799.48,6799.48,0.0,Processed
2759,FR0080,P013,2026-01-01,487.04,487.04,0.0,Processed
2760,FR0080,P013,2026-02-01,822.67,822.67,0.0,Processed
2761,FR0080,P013,2026-03-01,1137.68,1137.68,0.0,Processed
2762,FR0080,P013,2026-04-01,1272.07,1272.07,0.0,Processed
2763,FR0080,P013,2026-05-01,1228.91,1228.91,0.0,Processed
2764,FR0080,P013,2026-06-01,5828.5,5828.5,0.0,Processed
2765,FR0080,P013,2026-07-01,1058.45,1058.45,0.0,Processed
2766,FR0080,P009,2026-01-01,5152.86,5152.86,0.0,Processed
2767,FR0080,P009,2026-02-01,4847.11,4847.11,0.0,Processed
2768,FR0080,P009,2026-03-01,5707.74,5707.74,0.0,Processed
2769,FR0080,P009,2026-04-01,4917.72,4917.72,0.0,Processed
2770,FR0080,P009,2026-05-01,5418.9,5418.9,0.0,Processed
2771,FR0080,P009,2026-06-01,4977.16,4977.16,0.0,Processed
2772,FR0080,P009,2026-07-01,5508.77,5508.77,0.0,Processed
2773,FR0080,P022,2026-01-01,2412.23,2412.23,0.0,Processed
2774,FR0080,P022,2026-02-01,1984.48,1984.48,0.0,Processed
2775,FR0080,P022,2026-03-01,2358.72,2358.72,0.0,Processed
2776,FR0080,P022,2026-04-01,1086.32,1086.32,0.0,Processed
2777,FR0080,P022,2026-05-01,1555.21,1555.21,0.0,Processed
2778,FR0080,P022,2026-06-01,1574.21,1574.21,0.0,Processed
2779,FR0080,P022,2026-07-01,2470.06,2470.06,0.0,Processed
2780,FR0080,P028,2026-01-01,2684.71,2684.71,0.0,Processed
2781,FR0080,P028,2026-02-01,2724.33,2724.33,0.0,Processed
2782,FR0080,P028,2026-03-01,6589.48,13486.66,6897.18,Processed
2783,FR0080,P028,2026-04-01,2943.28,2943.28,0.0,Processed
2784,FR0080,P028,2026-05-01,2939.65,2939.65,0.0,Processed
2785,FR0080,P028,2026-06-01,3538.76,3538.76,0.0,Processed
2786,FR0080,P028,2026-07-01,3258.2,3258.2,0.0,Processed
2787,FR0081,P022,2026-01-01,0.0,0.0,0.0,Processed
2788,FR0081,P022,2026-02-01,0.0,0.0,0.0,Processed
2789,FR0081,P022,2026-03-01,0.0,0.0,0.0,Processed
2790,FR0081,P022,2026-04-01,0.0,0.0,0.0,Processed
2791,FR0081,P022,2026-05-01,0.0,0.0,0.0,Processed
2792,FR0081,P022,2026-06-01,0.0,0.0,0.0,Processed
2793,FR0081,P022,2026-07-01,0.0,0.0,0.0,Processed
2794,FR0081,P013,2026-01-01,2049.94,2049.94,0.0,Processed
2795,FR0081,P013,2026-02-01,1615.14,1615.14,0.0,Processed
2796,FR0081,P013,2026-03-01,1747.29,1747.29,0.0,Processed
2797,FR0081,P013,2026-04-01,2048.46,2048.46,0.0,Processed
2798,FR0081,P013,2026-05-01,1641.42,1641.42,0.0,Processed
2799,FR0081,P013,2026-06-01,2216.23,2216.23,0.0,Processed
2800,FR0081,P013,2026-07-01,2064.61,2064.61,0.0,Processed
2801,FR0081,P030,2026-01-01,3603.08,3603.08,0.0,Processed
2802,FR0081,P030,2026-02-01,2600.51,2600.51,0.0,Processed
2803,FR0081,P030,2026-03-01,2105.56,2105.56,0.0,Processed
2804,FR0081,P030,2026-04-01,3106.64,3106.64,0.0,Processed
2805,FR0081,P030,2026-05-01,3451.34,3451.34,0.0,Processed
2806,FR0081,P030,2026-06-01,2479.6,2479.6,0.0,Processed
2807,FR0081,P030,2026-07-01,2196.92,2196.92,0.0,Processed
2808,FR0081,P008,2026-01-01,4337.55,4337.55,0.0,Processed
2809,FR0081,P008,2026-02-01,4230.62,4230.62,0.0,Processed
2810,FR0081,P008,2026-03-01,4493.62,4493.62,0.0,Processed
2811,FR0081,P008,2026-04-01,4593.26,4593.26,0.0,Processed
2812,FR0081,P008,2026-05-01,3890.29,3890.29,0.0,Processed
2813,FR0081,P008,2026-06-01,4333.78,4333.78,0.0,Processed
2814,FR0081,P008,2026-07-01,4359.02,4359.02,0.0,Processed
2815,FR0082,P022,2026-01-01,0.0,3153.6,3153.6,Processed
2816,FR0082,P022,2026-02-01,0.0,0.0,0.0,Processed
2817,FR0082,P022,2026-03-01,0.0,0.0,0.0,Processed
2818,FR0082,P022,2026-04-01,0.0,0.0,0.0,Processed
2819,FR0082,P022,2026-05-01,0.0,0.0,0.0,Processed
2820,FR0082,P022,2026-06-01,0.0,0.0,0.0,Processed
2821,FR0082,P022,2026-07-01,0.0,0.0,0.0,Processed
2822,FR0082,P021,2026-01-01,4861.8,4861.8,0.0,Processed
2823,FR0082,P021,2026-02-01,5315.28,5315.28,0.0,Processed
2824,FR0082,P021,2026-03-01,5624.45,12051.48,6427.03,Processed
2825,FR0082,P021,2026-04-01,5297.72,5297.72,0.0,Processed
2826,FR0082,P021,2026-05-01,4741.26,4741.26,0.0,Processed
2827,FR0082,P021,2026-06-01,5616.49,5616.49,0.0,Processed
2828,FR0082,P021,2026-07-01,4698.43,4698.43,0.0,Processed
2829,FR0082,P010,2026-01-01,7935.41,7935.41,0.0,Processed
2830,FR0082,P010,2026-02-01,2167.54,2167.54,0.0,Processed
2831,FR0082,P010,2026-03-01,1927.48,1927.48,0.0,Processed
2832,FR0082,P010,2026-04-01,569.56,569.56,0.0,Processed
2833,FR0082,P010,2026-05-01,1872.57,6374.84,4502.27,Processed
2834,FR0082,P010,2026-06-01,2397.01,2397.01,0.0,Processed
2835,FR0082,P010,2026-07-01,1300.28,1300.28,0.0,Processed
2836,FR0083,P015,2026-01-01,0.0,0.0,0.0,Processed
2837,FR0083,P015,2026-02-01,0.0,0.0,0.0,Processed
2838,FR0083,P015,2026-03-01,0.0,0.0,0.0,Processed
2839,FR0083,P015,2026-04-01,0.0,0.0,0.0,Processed
2840,FR0083,P015,2026-05-01,0.0,0.0,0.0,Processed
2841,FR0083,P015,2026-06-01,0.0,0.0,0.0,Processed
2842,FR0083,P015,2026-07-01,0.0,0.0,0.0,Processed
2843,FR0083,P013,2026-01-01,308.49,308.49,0.0,Processed
2844,FR0083,P013,2026-02-01,151.78,151.78,0.0,Processed
2845,FR0083,P013,2026-03-01,0.0,0.0,0.0,Processed
2846,FR0083,P013,2026-04-01,0.0,0.0,0.0,Processed
2847,FR0083,P013,2026-05-01,241.19,241.19,0.0,Processed
2848,FR0083,P013,2026-06-01,157.64,157.64,0.0,Processed
2849,FR0083,P013,2026-07-01,0.0,0.0,0.0,Processed
2850,FR0083,P006,2026-01-01,0.0,0.0,0.0,Processed
2851,FR0083,P006,2026-02-01,0.0,0.0,0.0,Processed
2852,FR0083,P006,2026-03-01,0.0,0.0,0.0,Processed
2853,FR0083,P006,2026-04-01,0.0,0.0,0.0,Processed
2854,FR0083,P006,2026-05-01,0.0,0.0,0.0,Processed
2855,FR0083,P006,2026-06-01,0.0,0.0,0.0,Processed
2856,FR0083,P006,2026-07-01,0.0,0.0,0.0,Processed
2857,FR0083,P025,2026-01-01,10960.59,10960.59,0.0,Processed
2858,FR0083,P025,2026-02-01,10277.66,10277.66,0.0,Processed
2859,FR0083,P025,2026-03-01,12466.17,12466.17,0.0,Processed
2860,FR0083,P025,2026-04-01,11931.35,11931.35,0.0,Processed
2861,FR0083,P025,2026-05-01,11152.99,11152.99,0.0,Processed
2862,FR0083,P025,2026-06-01,10363.26,10363.26,0.0,Processed
2863,FR0083,P025,2026-07-01,10933.65,10933.65,0.0,Processed
2864,FR0083,P028,2026-01-01,4739.81,4739.81,0.0,Processed
2865,FR0083,P028,2026-02-01,3609.48,3609.48,0.0,Processed
2866,FR0083,P028,2026-03-01,4404.01,4404.01,0.0,Processed
2867,FR0083,P028,2026-04-01,3845.6,3845.6,0.0,Processed
2868,FR0083,P028,2026-05-01,4100.06,4100.06,0.0,Processed
2869,FR0083,P028,2026-06-01,4099.37,4099.37,0.0,Processed
2870,FR0083,P028,2026-07-01,3708.52,3708.52,0.0,Processed
2871,FR0083,P027,2026-01-01,0.0,0.0,0.0,Processed
2872,FR0083,P027,2026-02-01,0.0,0.0,0.0,Processed
2873,FR0083,P027,2026-03-01,0.0,0.0,0.0,Processed
2874,FR0083,P027,2026-04-01,0.0,0.0,0.0,Processed
2875,FR0083,P027,2026-05-01,0.0,0.0,0.0,Processed
2876,FR0083,P027,2026-06-01,0.0,0.0,0.0,Processed
2877,FR0083,P027,2026-07-01,0.0,0.0,0.0,Processed
2878,FR0083,P019,2026-01-01,2531.87,2531.87,0.0,Processed
2879,FR0083,P019,2026-02-01,2145.1,2145.1,0.0,Processed
2880,FR0083,P019,2026-03-01,2621.01,2621.01,0.0,Processed
2881,FR0083,P019,2026-04-01,2525.06,2525.06,0.0,Processed
2882,FR0083,P019,2026-05-01,2545.07,2545.07,0.0,Processed
2883,FR0083,P019,2026-06-01,2532.71,2532.71,0.0,Processed
2884,FR0083,P019,2026-07-01,2516.33,2516.33,0.0,Processed
2885,FR0084,P018,2026-01-01,2286.84,2286.84,0.0,Processed
2886,FR0084,P018,2026-02-01,0.0,0.0,0.0,Processed
2887,FR0084,P018,2026-03-01,0.0,0.0,0.0,Processed
2888,FR0084,P018,2026-04-01,0.0,0.0,0.0,Processed
2889,FR0084,P018,2026-05-01,0.0,0.0,0.0,Processed
2890,FR0084,P018,2026-06-01,0.0,0.0,0.0,Processed
2891,FR0084,P018,2026-07-01,0.0,0.0,0.0,Processed
2892,FR0084,P014,2026-01-01,3645.71,3645.71,0.0,Processed
2893,FR0084,P014,2026-02-01,4154.06,4154.06,0.0,Processed
2894,FR0084,P014,2026-03-01,3509.05,3509.05,0.0,Processed
2895,FR0084,P014,2026-04-01,3894.88,3894.88,0.0,Processed
2896,FR0084,P014,2026-05-01,3656.12,3656.12,0.0,Processed
2897,FR0084,P014,2026-06-01,3920.79,3920.79,0.0,Processed
2898,FR0084,P014,2026-07-01,3899.91,3899.91,0.0,Processed
2899,FR0084,P019,2026-01-01,3087.2,3087.2,0.0,Processed
2900,FR0084,P019,2026-02-01,3167.0,3167.0,0.0,Processed
2901,FR0084,P019,2026-03-01,5032.27,5032.27,0.0,Processed
2902,FR0084,P019,2026-04-01,3043.91,3043.91,0.0,Processed
2903,FR0084,P019,2026-05-01,2719.3,2719.3,0.0,Processed
2904,FR0084,P019,2026-06-01,2876.69,2876.69,0.0,Processed
2905,FR0084,P019,2026-07-01,3172.27,3172.27,0.0,Processed
2906,FR0084,P027,2026-01-01,1420.13,1420.13,0.0,Processed
2907,FR0084,P027,2026-02-01,1622.07,1622.07,0.0,Processed
2908,FR0084,P027,2026-03-01,2004.26,2004.26,0.0,Processed
2909,FR0084,P027,2026-04-01,1457.51,1457.51,0.0,Processed
2910,FR0084,P027,2026-05-01,1790.89,1790.89,0.0,Processed
2911,FR0084,P027,2026-06-01,1294.32,1294.32,0.0,Processed
2912,FR0084,P027,2026-07-01,1257.52,1257.52,0.0,Processed
2913,FR0084,P022,2026-01-01,0.0,0.0,0.0,Processed
2914,FR0084,P022,2026-02-01,0.0,0.0,0.0,Processed
2915,FR0084,P022,2026-03-01,0.0,0.0,0.0,Processed
2916,FR0084,P022,2026-04-01,0.0,0.0,0.0,Processed
2917,FR0084,P022,2026-05-01,0.0,0.0,0.0,Processed
2918,FR0084,P022,2026-06-01,0.0,0.0,0.0,Processed
2919,FR0084,P022,2026-07-01,0.0,0.0,0.0,Processed
2920,FR0084,P024,2026-01-01,2202.42,2202.42,0.0,Processed
2921,FR0084,P024,2026-02-01,1647.28,1647.28,0.0,Processed
2922,FR0084,P024,2026-03-01,1413.4,1413.4,0.0,Processed
2923,FR0084,P024,2026-04-01,2174.55,2174.55,0.0,Processed
2924,FR0084,P024,2026-05-01,1912.66,1912.66,0.0,Processed
2925,FR0084,P024,2026-06-01,2266.48,2266.48,0.0,Processed
2926,FR0084,P024,2026-07-01,2206.91,2206.91,0.0,Processed
2927,FR0085,P019,2026-01-01,8261.31,8261.31,0.0,Processed
2928,FR0085,P019,2026-02-01,8167.52,8167.52,0.0,Processed
2929,FR0085,P019,2026-03-01,7532.04,7532.04,0.0,Processed
2930,FR0085,P019,2026-04-01,8152.8,8152.8,0.0,Processed
2931,FR0085,P019,2026-05-01,13984.32,13984.32,0.0,Processed
2932,FR0085,P019,2026-06-01,7436.51,7436.51,0.0,Processed
2933,FR0085,P019,2026-07-01,8102.09,8102.09,0.0,Processed
2934,FR0085,P003,2026-01-01,8978.67,8978.67,0.0,Processed
2935,FR0085,P003,2026-02-01,9697.4,9697.4,0.0,Processed
2936,FR0085,P003,2026-03-01,9766.52,9766.52,0.0,Processed
2937,FR0085,P003,2026-04-01,9387.67,9387.67,0.0,Processed
2938,FR0085,P003,2026-05-01,9895.96,9895.96,0.0,Processed
2939,FR0085,P003,2026-06-01,9315.14,9315.14,0.0,Processed
2940,FR0085,P003,2026-07-01,8630.68,8630.68,0.0,Processed
2941,FR0085,P023,2026-01-01,2533.32,2533.32,0.0,Processed
2942,FR0085,P023,2026-02-01,2700.06,2700.06,0.0,Processed
2943,FR0085,P023,2026-03-01,2884.45,2884.45,0.0,Processed
2944,FR0085,P023,2026-04-01,2398.2,2398.2,0.0,Processed
2945,FR0085,P023,2026-05-01,2652.83,2652.83,0.0,Processed
2946,FR0085,P023,2026-06-01,2687.38,2687.38,0.0,Processed
2947,FR0085,P023,2026-07-01,2835.69,2835.69,0.0,Processed
2948,FR0085,P028,2026-01-01,2553.47,7858.51,5305.03,Processed
2949,FR0085,P028,2026-02-01,2764.35,2764.35,0.0,Processed
2950,FR0085,P028,2026-03-01,2812.54,2812.54,0.0,Processed
2951,FR0085,P028,2026-04-01,2859.84,2859.84,0.0,Processed
2952,FR0085,P028,2026-05-01,2482.36,2482.36,0.0,Processed
2953,FR0085,P028,2026-06-01,6449.76,6449.76,0.0,Processed
2954,FR0085,P028,2026-07-01,3072.09,3072.09,0.0,Processed
2955,FR0085,P009,2026-01-01,14714.26,14714.26,0.0,Processed
2956,FR0085,P009,2026-02-01,11325.29,11325.29,0.0,Processed
2957,FR0085,P009,2026-03-01,9800.77,9800.77,0.0,Processed
2958,FR0085,P009,2026-04-01,10262.83,10262.83,0.0,Processed
2959,FR0085,P009,2026-05-01,10111.66,10111.66,0.0,Processed
2960,FR0085,P009,2026-06-01,10642.75,10642.75,0.0,Processed
2961,FR0085,P009,2026-07-01,9252.4,9252.4,0.0,Processed
2962,FR0086,P002,2026-01-01,3133.89,3133.89,0.0,Processed
2963,FR0086,P002,2026-02-01,3010.52,3010.52,0.0,Processed
2964,FR0086,P002,2026-03-01,3208.55,3208.55,0.0,Processed
2965,FR0086,P002,2026-04-01,3164.56,3164.56,0.0,Processed
2966,FR0086,P002,2026-05-01,3600.98,3600.98,0.0,Processed
2967,FR0086,P002,2026-06-01,2919.09,2919.09,0.0,Processed
2968,FR0086,P002,2026-07-01,3809.03,3809.03,0.0,Processed
2969,FR0086,P027,2026-01-01,1515.49,1515.49,0.0,Processed
2970,FR0086,P027,2026-02-01,1939.08,1939.08,0.0,Processed
2971,FR0086,P027,2026-03-01,1853.11,1853.11,0.0,Processed
2972,FR0086,P027,2026-04-01,2153.34,2153.34,0.0,Processed
2973,FR0086,P027,2026-05-01,1811.63,1811.63,0.0,Processed
2974,FR0086,P027,2026-06-01,1300.97,1300.97,0.0,Processed
2975,FR0086,P027,2026-07-01,1264.51,1264.51,0.0,Processed
2976,FR0086,P005,2026-01-01,262.92,262.92,0.0,Processed
2977,FR0086,P005,2026-02-01,428.1,428.1,0.0,Processed
2978,FR0086,P005,2026-03-01,356.76,356.76,0.0,Processed
2979,FR0086,P005,2026-04-01,0.0,0.0,0.0,Processed
2980,FR0086,P005,2026-05-01,227.5,227.5,0.0,Processed
2981,FR0086,P005,2026-06-01,369.92,369.92,0.0,Processed
2982,FR0086,P005,2026-07-01,0.0,0.0,0.0,Processed
2983,FR0086,P016,2026-01-01,4895.84,4895.84,0.0,Processed
2984,FR0086,P016,2026-02-01,4849.71,4849.71,0.0,Processed
2985,FR0086,P016,2026-03-01,5055.36,5055.36,0.0,Processed
2986,FR0086,P016,2026-04-01,5046.94,5046.94,0.0,Processed
2987,FR0086,P016,2026-05-01,4891.88,4891.88,0.0,Processed
2988,FR0086,P016,2026-06-01,4254.34,4254.34,0.0,Processed
2989,FR0086,P016,2026-07-01,4640.28,4640.28,0.0,Processed
2990,FR0086,P013,2026-01-01,198.32,198.32,0.0,Processed
2991,FR0086,P013,2026-02-01,287.7,287.7,0.0,Processed
2992,FR0086,P013,2026-03-01,3645.26,6846.76,3201.51,Processed
2993,FR0086,P013,2026-04-01,2997.47,2997.47,0.0,Processed
2994,FR0086,P013,2026-05-01,801.2,801.2,0.0,Processed
2995,FR0086,P013,2026-06-01,351.48,351.48,0.0,Processed
2996,FR0086,P013,2026-07-01,832.3,832.3,0.0,Processed
2997,FR0086,P020,2026-01-01,5892.7,5892.7,0.0,Processed
2998,FR0086,P020,2026-02-01,5592.22,5592.22,0.0,Processed
2999,FR0086,P020,2026-03-01,5616.26,5616.26,0.0,Processed
3000,FR0086,P020,2026-04-01,5470.02,5470.02,0.0,Processed
3001,FR0086,P020,2026-05-01,5401.22,5401.22,0.0,Processed
3002,FR0086,P020,2026-06-01,5999.69,5999.69,0.0,Processed
3003,FR0086,P020,2026-07-01,9839.83,9839.83,0.0,Processed
3004,FR0087,P016,2026-01-01,5332.63,5332.63,0.0,Processed
3005,FR0087,P016,2026-02-01,4718.32,4718.32,0.0,Processed
3006,FR0087,P016,2026-03-01,5178.12,5178.12,0.0,Processed
3007,FR0087,P016,2026-04-01,5350.27,5350.27,0.0,Processed
3008,FR0087,P016,2026-05-01,5202.53,5202.53,0.0,Processed
3009,FR0087,P016,2026-06-01,4722.14,4722.14,0.0,Processed
3010,FR0087,P016,2026-07-01,5496.72,5496.72,0.0,Processed
3011,FR0087,P019,2026-01-01,5481.04,5481.04,0.0,Processed
3012,FR0087,P019,2026-02-01,6297.02,6297.02,0.0,Processed
3013,FR0087,P019,2026-03-01,5716.1,5716.1,0.0,Processed
3014,FR0087,P019,2026-04-01,6595.35,6595.35,0.0,Processed
3015,FR0087,P019,2026-05-01,6509.53,6509.53,0.0,Processed
3016,FR0087,P019,2026-06-01,5955.92,5955.92,0.0,Processed
3017,FR0087,P019,2026-07-01,6221.87,6221.87,0.0,Processed
3018,FR0087,P002,2026-01-01,7438.41,16298.77,8860.36,Processed
3019,FR0087,P002,2026-02-01,3255.73,3255.73,0.0,Processed
3020,FR0087,P002,2026-03-01,3633.25,3633.25,0.0,Processed
3021,FR0087,P002,2026-04-01,3402.99,3402.99,0.0,Processed
3022,FR0087,P002,2026-05-01,4363.69,4363.69,0.0,Processed
3023,FR0087,P002,2026-06-01,3536.65,3536.65,0.0,Processed
3024,FR0087,P002,2026-07-01,3376.44,3376.44,0.0,Processed
3025,FR0087,P010,2026-01-01,0.0,0.0,0.0,Processed
3026,FR0087,P010,2026-02-01,0.0,0.0,0.0,Processed
3027,FR0087,P010,2026-03-01,0.0,0.0,0.0,Processed
3028,FR0087,P010,2026-04-01,0.0,0.0,0.0,Processed
3029,FR0087,P010,2026-05-01,0.0,0.0,0.0,Processed
3030,FR0087,P010,2026-06-01,0.0,8032.87,8032.87,Processed
3031,FR0087,P010,2026-07-01,0.0,0.0,0.0,Processed
3032,FR0088,P017,2026-01-01,5714.4,5714.4,0.0,Processed
3033,FR0088,P017,2026-02-01,5464.84,5464.84,0.0,Processed
3034,FR0088,P017,2026-03-01,5627.06,5627.06,0.0,Processed
3035,FR0088,P017,2026-04-01,5284.79,5284.79,0.0,Processed
3036,FR0088,P017,2026-05-01,5756.15,5756.15,0.0,Processed
3037,FR0088,P017,2026-06-01,5674.86,5674.86,0.0,Processed
3038,FR0088,P017,2026-07-01,5491.26,5491.26,0.0,Processed
3039,FR0088,P025,2026-01-01,10834.73,10834.73,0.0,Processed
3040,FR0088,P025,2026-02-01,10210.15,10210.15,0.0,Processed
3041,FR0088,P025,2026-03-01,10593.39,10593.39,0.0,Processed
3042,FR0088,P025,2026-04-01,9252.4,9252.4,0.0,Processed
3043,FR0088,P025,2026-05-01,10473.64,10473.64,0.0,Processed
3044,FR0088,P025,2026-06-01,10974.42,10974.42,0.0,Processed
3045,FR0088,P025,2026-07-01,11247.38,11247.38,0.0,Processed
3046,FR0088,P001,2026-01-01,228.34,228.34,0.0,Processed
3047,FR0088,P001,2026-02-01,389.49,389.49,0.0,Processed
3048,FR0088,P001,2026-03-01,229.01,229.01,0.0,Processed
3049,FR0088,P001,2026-04-01,441.6,441.6,0.0,Processed
3050,FR0088,P001,2026-05-01,330.3,330.3,0.0,Processed
3051,FR0088,P001,2026-06-01,0.0,0.0,0.0,Processed
3052,FR0088,P001,2026-07-01,271.46,271.46,0.0,Processed
3053,FR0089,P015,2026-01-01,1517.85,1517.85,0.0,Processed
3054,FR0089,P015,2026-02-01,875.8,875.8,0.0,Processed
3055,FR0089,P015,2026-03-01,1569.88,1569.88,0.0,Processed
3056,FR0089,P015,2026-04-01,1635.91,1635.91,0.0,Processed
3057,FR0089,P015,2026-05-01,842.9,842.9,0.0,Processed
3058,FR0089,P015,2026-06-01,1603.22,1603.22,0.0,Processed
3059,FR0089,P015,2026-07-01,1097.8,1097.8,0.0,Processed
3060,FR0089,P012,2026-01-01,2985.6,2985.6,0.0,Processed
3061,FR0089,P012,2026-02-01,2921.81,2921.81,0.0,Processed
3062,FR0089,P012,2026-03-01,2650.45,2650.45,0.0,Processed
3063,FR0089,P012,2026-04-01,2691.26,9448.13,6756.87,Processed
3064,FR0089,P012,2026-05-01,3210.21,11012.9,7802.68,Processed
3065,FR0089,P012,2026-06-01,3167.32,3167.32,0.0,Processed
3066,FR0089,P012,2026-07-01,2928.9,2928.9,0.0,Processed
3067,FR0089,P014,2026-01-01,5743.76,5743.76,0.0,Processed
3068,FR0089,P014,2026-02-01,5690.66,5690.66,0.0,Processed
3069,FR0089,P014,2026-03-01,11077.69,11077.69,0.0,Processed
3070,FR0089,P014,2026-04-01,5742.81,5742.81,0.0,Processed
3071,FR0089,P014,2026-05-01,6049.48,6049.48,0.0,Processed
3072,FR0089,P014,2026-06-01,6167.66,6167.66,0.0,Processed
3073,FR0089,P014,2026-07-01,6515.81,6515.81,0.0,Processed
3074,FR0089,P028,2026-01-01,4528.09,4528.09,0.0,Processed
3075,FR0089,P028,2026-02-01,3927.8,3927.8,0.0,Processed
3076,FR0089,P028,2026-03-01,3670.68,3670.68,0.0,Processed
3077,FR0089,P028,2026-04-01,3612.3,3612.3,0.0,Processed
3078,FR0089,P028,2026-05-01,3995.57,3995.57,0.0,Processed
3079,FR0089,P028,2026-06-01,3908.39,3908.39,0.0,Processed
3080,FR0089,P028,2026-07-01,5062.58,5062.58,0.0,Processed
3081,FR0089,P021,2026-01-01,13316.85,13316.85,0.0,Processed
3082,FR0089,P021,2026-02-01,7806.57,7806.57,0.0,Processed
3083,FR0089,P021,2026-03-01,9226.15,9226.15,0.0,Processed
3084,FR0089,P021,2026-04-01,8256.7,8256.7,0.0,Processed
3085,FR0089,P021,2026-05-01,8939.96,8939.96,0.0,Processed
3086,FR0089,P021,2026-06-01,7677.49,7677.49,0.0,Processed
3087,FR0089,P021,2026-07-01,9225.06,9225.06,0.0,Processed
3088,FR0090,P022,2026-01-01,1989.13,1989.13,0.0,Processed
3089,FR0090,P022,2026-02-01,2258.95,2258.95,0.0,Processed
3090,FR0090,P022,2026-03-01,3239.39,3239.39,0.0,Processed
3091,FR0090,P022,2026-04-01,2692.88,2692.88,0.0,Processed
3092,FR0090,P022,2026-05-01,1987.65,1987.65,0.0,Processed
3093,FR0090,P022,2026-06-01,2235.71,2235.71,0.0,Processed
3094,FR0090,P022,2026-07-01,2354.43,2354.43,0.0,Processed
3095,FR0090,P010,2026-01-01,837.61,837.61,0.0,Processed
3096,FR0090,P010,2026-02-01,390.25,390.25,0.0,Processed
3097,FR0090,P010,2026-03-01,428.85,428.85,0.0,Processed
3098,FR0090,P010,2026-04-01,1360.75,1360.75,0.0,Processed
3099,FR0090,P010,2026-05-01,64.95,64.95,0.0,Processed
3100,FR0090,P010,2026-06-01,1327.13,1327.13,0.0,Processed
3101,FR0090,P010,2026-07-01,1052.86,1052.86,0.0,Processed
3102,FR0090,P020,2026-01-01,976.02,976.02,0.0,Processed
3103,FR0090,P020,2026-02-01,428.69,428.69,0.0,Processed
3104,FR0090,P020,2026-03-01,894.37,894.37,0.0,Processed
3105,FR0090,P020,2026-04-01,3068.72,3068.72,0.0,Processed
3106,FR0090,P020,2026-05-01,794.52,794.52,0.0,Processed
3107,FR0090,P020,2026-06-01,583.29,583.29,0.0,Processed
3108,FR0090,P020,2026-07-01,557.2,557.2,0.0,Processed
3109,FR0090,P021,2026-01-01,8281.48,8281.48,0.0,Processed
3110,FR0090,P021,2026-02-01,7348.32,7348.32,0.0,Processed
3111,FR0090,P021,2026-03-01,7504.09,7504.09,0.0,Processed
3112,FR0090,P021,2026-04-01,8202.72,8202.72,0.0,Processed
3113,FR0090,P021,2026-05-01,8679.43,8679.43,0.0,Processed
3114,FR0090,P021,2026-06-01,8575.97,8575.97,0.0,Processed
3115,FR0090,P021,2026-07-01,7690.23,7690.23,0.0,Processed
3116,FR0091,P010,2026-01-01,0.0,0.0,0.0,Processed
3117,FR0091,P010,2026-02-01,0.0,0.0,0.0,Processed
3118,FR0091,P010,2026-03-01,0.0,0.0,0.0,Processed
3119,FR0091,P010,2026-04-01,0.0,0.0,0.0,Processed
3120,FR0091,P010,2026-05-01,0.0,0.0,0.0,Processed
3121,FR0091,P010,2026-06-01,0.0,0.0,0.0,Processed
3122,FR0091,P010,2026-07-01,0.0,0.0,0.0,Processed
3123,FR0091,P006,2026-01-01,2130.61,2130.61,0.0,Processed
3124,FR0091,P006,2026-02-01,1912.49,1912.49,0.0,Processed
3125,FR0091,P006,2026-03-01,1571.17,1571.17,0.0,Processed
3126,FR0091,P006,2026-04-01,1585.9,1585.9,0.0,Processed
3127,FR0091,P006,2026-05-01,1768.24,1768.24,0.0,Processed
3128,FR0091,P006,2026-06-01,2213.21,2213.21,0.0,Processed
3129,FR0091,P006,2026-07-01,1843.69,1843.69,0.0,Processed
3130,FR0091,P023,2026-01-01,3718.92,3718.92,0.0,Processed
3131,FR0091,P023,2026-02-01,3842.89,3842.89,0.0,Processed
3132,FR0091,P023,2026-03-01,3755.44,3755.44,0.0,Processed
3133,FR0091,P023,2026-04-01,3490.2,3490.2,0.0,Processed
3134,FR0091,P023,2026-05-01,3500.43,3500.43,0.0,Processed
3135,FR0091,P023,2026-06-01,3841.9,10357.21,6515.3,Processed
3136,FR0091,P023,2026-07-01,3229.23,3229.23,0.0,Processed
3137,FR0092,P015,2026-01-01,1664.58,1664.58,0.0,Processed
3138,FR0092,P015,2026-02-01,1419.84,1419.84,0.0,Processed
3139,FR0092,P015,2026-03-01,2309.13,2309.13,0.0,Processed
3140,FR0092,P015,2026-04-01,2179.98,2179.98,0.0,Processed
3141,FR0092,P015,2026-05-01,2211.74,5039.34,2827.6,Processed
3142,FR0092,P015,2026-06-01,1662.4,1662.4,0.0,Processed
3143,FR0092,P015,2026-07-01,1448.59,1448.59,0.0,Processed
3144,FR0092,P014,2026-01-01,8943.24,8943.24,0.0,Processed
3145,FR0092,P014,2026-02-01,8873.83,8873.83,0.0,Processed
3146,FR0092,P014,2026-03-01,7998.76,7998.76,0.0,Processed
3147,FR0092,P014,2026-04-01,9053.82,9053.82,0.0,Processed
3148,FR0092,P014,2026-05-01,7956.78,7956.78,0.0,Processed
3149,FR0092,P014,2026-06-01,7730.3,7730.3,0.0,Processed
3150,FR0092,P014,2026-07-01,8964.09,8964.09,0.0,Processed
3151,FR0092,P006,2026-01-01,1648.91,1648.91,0.0,Processed
3152,FR0092,P006,2026-02-01,1794.03,1794.03,0.0,Processed
3153,FR0092,P006,2026-03-01,1304.95,1304.95,0.0,Processed
3154,FR0092,P006,2026-04-01,1933.24,1933.24,0.0,Processed
3155,FR0092,P006,2026-05-01,1491.41,1491.41,0.0,Processed
3156,FR0092,P006,2026-06-01,1659.13,1659.13,0.0,Processed
3157,FR0092,P006,2026-07-01,1629.7,1629.7,0.0,Processed
3158,FR0093,P002,2026-01-01,2533.44,2533.44,0.0,Processed
3159,FR0093,P002,2026-02-01,3262.2,3262.2,0.0,Processed
3160,FR0093,P002,2026-03-01,2878.83,2878.83,0.0,Processed
3161,FR0093,P002,2026-04-01,3227.7,3227.7,0.0,Processed
3162,FR0093,P002,2026-05-01,2592.58,2592.58,0.0,Processed
3163,FR0093,P002,2026-06-01,2474.72,2474.72,0.0,Processed
3164,FR0093,P002,2026-07-01,2488.88,2488.88,0.0,Processed
3165,FR0093,P029,2026-01-01,1422.05,1422.05,0.0,Processed
3166,FR0093,P029,2026-02-01,1430.26,1430.26,0.0,Processed
3167,FR0093,P029,2026-03-01,1356.68,1356.68,0.0,Processed
3168,FR0093,P029,2026-04-01,1191.45,1191.45,0.0,Processed
3169,FR0093,P029,2026-05-01,1346.12,1346.12,0.0,Processed
3170,FR0093,P029,2026-06-01,1306.92,1306.92,0.0,Processed
3171,FR0093,P029,2026-07-01,1350.98,1350.98,0.0,Processed
3172,FR0093,P022,2026-01-01,0.0,0.0,0.0,Processed
3173,FR0093,P022,2026-02-01,2760.81,2760.81,0.0,Processed
3174,FR0093,P022,2026-03-01,0.0,0.0,0.0,Processed
3175,FR0093,P022,2026-04-01,0.0,0.0,0.0,Processed
3176,FR0093,P022,2026-05-01,0.0,0.0,0.0,Processed
3177,FR0093,P022,2026-06-01,0.0,0.0,0.0,Processed
3178,FR0093,P022,2026-07-01,0.0,0.0,0.0,Processed
3179,FR0093,P026,2026-01-01,2879.39,2879.39,0.0,Processed
3180,FR0093,P026,2026-02-01,2302.03,2302.03,0.0,Processed
3181,FR0093,P026,2026-03-01,3286.93,3286.93,0.0,Processed
3182,FR0093,P026,2026-04-01,2923.4,2923.4,0.0,Processed
3183,FR0093,P026,2026-05-01,3739.85,3739.85,0.0,Processed
3184,FR0093,P026,2026-06-01,3123.99,3123.99,0.0,Processed
3185,FR0093,P026,2026-07-01,2827.7,2827.7,0.0,Processed
3186,FR0093,P009,2026-01-01,3257.2,3257.2,0.0,Processed
3187,FR0093,P009,2026-02-01,3383.16,3383.16,0.0,Processed
3188,FR0093,P009,2026-03-01,3436.61,3436.61,0.0,Processed
3189,FR0093,P009,2026-04-01,2932.86,2932.86,0.0,Processed
3190,FR0093,P009,2026-05-01,2965.41,2965.41,0.0,Processed
3191,FR0093,P009,2026-06-01,2942.88,8492.14,5549.25,Processed
3192,FR0093,P009,2026-07-01,2894.47,2894.47,0.0,Processed
3193,FR0093,P003,2026-01-01,9331.68,9331.68,0.0,Processed
3194,FR0093,P003,2026-02-01,10133.76,10133.76,0.0,Processed
3195,FR0093,P003,2026-03-01,10127.25,10127.25,0.0,Processed
3196,FR0093,P003,2026-04-01,8881.54,8881.54,0.0,Processed
3197,FR0093,P003,2026-05-01,8484.27,8484.27,0.0,Processed
3198,FR0093,P003,2026-06-01,8662.65,8662.65,0.0,Processed
3199,FR0093,P003,2026-07-01,9374.18,9374.18,0.0,Processed
3200,FR0093,P017,2026-01-01,5734.09,5734.09,0.0,Processed
3201,FR0093,P017,2026-02-01,5390.96,5390.96,0.0,Processed
3202,FR0093,P017,2026-03-01,6259.12,6259.12,0.0,Processed
3203,FR0093,P017,2026-04-01,6315.26,6315.26,0.0,Processed
3204,FR0093,P017,2026-05-01,5412.8,5412.8,0.0,Processed
3205,FR0093,P017,2026-06-01,5600.61,5600.61,0.0,Processed
3206,FR0093,P017,2026-07-01,5321.82,5321.82,0.0,Processed
3207,FR0094,P021,2026-01-01,4381.25,4381.25,0.0,Processed
3208,FR0094,P021,2026-02-01,4431.97,4431.97,0.0,Processed
3209,FR0094,P021,2026-03-01,4144.02,4144.02,0.0,Processed
3210,FR0094,P021,2026-04-01,8257.27,8257.27,0.0,Processed
3211,FR0094,P021,2026-05-01,4675.14,4675.14,0.0,Processed
3212,FR0094,P021,2026-06-01,4820.07,4820.07,0.0,Processed
3213,FR0094,P021,2026-07-01,4053.83,4053.83,0.0,Processed
3214,FR0094,P015,2026-01-01,2054.05,2054.05,0.0,Processed
3215,FR0094,P015,2026-02-01,1798.2,1798.2,0.0,Processed
3216,FR0094,P015,2026-03-01,1974.33,1974.33,0.0,Processed
3217,FR0094,P015,2026-04-01,1924.84,1924.84,0.0,Processed
3218,FR0094,P015,2026-05-01,1668.26,1668.26,0.0,Processed
3219,FR0094,P015,2026-06-01,2238.84,2238.84,0.0,Processed
3220,FR0094,P015,2026-07-01,1438.97,1438.97,0.0,Processed
3221,FR0094,P011,2026-01-01,6606.03,6606.03,0.0,Processed
3222,FR0094,P011,2026-02-01,5812.85,5812.85,0.0,Processed
3223,FR0094,P011,2026-03-01,6216.37,6216.37,0.0,Processed
3224,FR0094,P011,2026-04-01,6657.49,6657.49,0.0,Processed
3225,FR0094,P011,2026-05-01,5508.92,5508.92,0.0,Processed
3226,FR0094,P011,2026-06-01,5945.75,5945.75,0.0,Processed
3227,FR0094,P011,2026-07-01,6615.35,6615.35,0.0,Processed
3228,FR0094,P017,2026-01-01,3999.16,3999.16,0.0,Processed
3229,FR0094,P017,2026-02-01,4670.96,4670.96,0.0,Processed
3230,FR0094,P017,2026-03-01,4368.79,4368.79,0.0,Processed
3231,FR0094,P017,2026-04-01,4762.18,4762.18,0.0,Processed
3232,FR0094,P017,2026-05-01,4217.89,4217.89,0.0,Processed
3233,FR0094,P017,2026-06-01,4262.74,4262.74,0.0,Processed
3234,FR0094,P017,2026-07-01,4282.08,4282.08,0.0,Processed
3235,FR0094,P023,2026-01-01,4215.19,4215.19,0.0,Processed
3236,FR0094,P023,2026-02-01,3870.95,3870.95,0.0,Processed
3237,FR0094,P023,2026-03-01,4315.3,4315.3,0.0,Processed
3238,FR0094,P023,2026-04-01,4166.38,4166.38,0.0,Processed
3239,FR0094,P023,2026-05-01,4302.78,4302.78,0.0,Processed
3240,FR0094,P023,2026-06-01,4370.03,4370.03,0.0,Processed
3241,FR0094,P023,2026-07-01,4028.48,4028.48,0.0,Processed
3242,FR0095,P016,2026-01-01,2145.81,2145.81,0.0,Processed
3243,FR0095,P016,2026-02-01,2368.88,2368.88,0.0,Processed
3244,FR0095,P016,2026-03-01,2291.72,2291.72,0.0,Processed
3245,FR0095,P016,2026-04-01,2475.73,2475.73,0.0,Processed
3246,FR0095,P016,2026-05-01,2432.55,9952.57,7520.02,Processed
3247,FR0095,P016,2026-06-01,2467.5,2467.5,0.0,Processed
3248,FR0095,P016,2026-07-01,2419.91,2419.91,0.0,Processed
3249,FR0095,P028,2026-01-01,50.14,50.14,0.0,Processed
3250,FR0095,P028,2026-02-01,0.0,0.0,0.0,Processed
3251,FR0095,P028,2026-03-01,0.0,0.0,0.0,Processed
3252,FR0095,P028,2026-04-01,25.62,25.62,0.0,Processed
3253,FR0095,P028,2026-05-01,0.0,0.0,0.0,Processed
3254,FR0095,P028,2026-06-01,0.0,0.0,0.0,Processed
3255,FR0095,P028,2026-07-01,0.0,5742.84,5742.84,Processed
3256,FR0095,P027,2026-01-01,667.02,667.02,0.0,Processed
3257,FR0095,P027,2026-02-01,317.42,317.42,0.0,Processed
3258,FR0095,P027,2026-03-01,453.11,453.11,0.0,Processed
3259,FR0095,P027,2026-04-01,132.89,132.89,0.0,Processed
3260,FR0095,P027,2026-05-01,280.36,280.36,0.0,Processed
3261,FR0095,P027,2026-06-01,3662.43,3662.43,0.0,Processed
3262,FR0095,P027,2026-07-01,71.57,71.57,0.0,Processed
3263,FR0096,P012,2026-01-01,7091.77,7091.77,0.0,Processed
3264,FR0096,P012,2026-02-01,7243.29,7243.29,0.0,Processed
3265,FR0096,P012,2026-03-01,8046.3,8046.3,0.0,Processed
3266,FR0096,P012,2026-04-01,7497.51,7497.51,0.0,Processed
3267,FR0096,P012,2026-05-01,8756.92,8756.92,0.0,Processed
3268,FR0096,P012,2026-06-01,7533.79,7533.79,0.0,Processed
3269,FR0096,P012,2026-07-01,8042.85,8042.85,0.0,Processed
3270,FR0096,P005,2026-01-01,0.0,0.0,0.0,Processed
3271,FR0096,P005,2026-02-01,0.0,0.0,0.0,Processed
3272,FR0096,P005,2026-03-01,0.0,0.0,0.0,Processed
3273,FR0096,P005,2026-04-01,0.0,0.0,0.0,Processed
3274,FR0096,P005,2026-05-01,0.0,0.0,0.0,Processed
3275,FR0096,P005,2026-06-01,0.0,0.0,0.0,Processed
3276,FR0096,P005,2026-07-01,0.0,0.0,0.0,Processed
3277,FR0096,P010,2026-01-01,1251.96,1251.96,0.0,Processed
3278,FR0096,P010,2026-02-01,1877.22,1877.22,0.0,Processed
3279,FR0096,P010,2026-03-01,1720.15,1720.15,0.0,Processed
3280,FR0096,P010,2026-04-01,654.34,654.34,0.0,Processed
3281,FR0096,P010,2026-05-01,1587.78,1587.78,0.0,Processed
3282,FR0096,P010,2026-06-01,1629.4,1629.4,0.0,Processed
3283,FR0096,P010,2026-07-01,1319.95,1319.95,0.0,Processed
3284,FR0096,P027,2026-01-01,0.0,0.0,0.0,Processed
3285,FR0096,P027,2026-02-01,0.0,0.0,0.0,Processed
3286,FR0096,P027,2026-03-01,0.0,0.0,0.0,Processed
3287,FR0096,P027,2026-04-01,1797.73,10168.16,8370.43,Processed
3288,FR0096,P027,2026-05-01,0.0,0.0,0.0,Processed
3289,FR0096,P027,2026-06-01,0.0,0.0,0.0,Processed
3290,FR0096,P027,2026-07-01,0.0,0.0,0.0,Processed
3291,FR0096,P026,2026-01-01,0.0,0.0,0.0,Processed
3292,FR0096,P026,2026-02-01,0.0,0.0,0.0,Processed
3293,FR0096,P026,2026-03-01,0.0,0.0,0.0,Processed
3294,FR0096,P026,2026-04-01,0.0,0.0,0.0,Processed
3295,FR0096,P026,2026-05-01,0.0,0.0,0.0,Processed
3296,FR0096,P026,2026-06-01,0.0,0.0,0.0,Processed
3297,FR0096,P026,2026-07-01,0.0,0.0,0.0,Processed
3298,FR0097,P021,2026-01-01,6211.16,6211.16,0.0,Processed
3299,FR0097,P021,2026-02-01,5683.76,5683.76,0.0,Processed
3300,FR0097,P021,2026-03-01,6364.2,6364.2,0.0,Processed
3301,FR0097,P021,2026-04-01,6522.29,6522.29,0.0,Processed
3302,FR0097,P021,2026-05-01,6162.96,6162.96,0.0,Processed
3303,FR0097,P021,2026-06-01,5750.43,5750.43,0.0,Processed
3304,FR0097,P021,2026-07-01,6319.17,6319.17,0.0,Processed
3305,FR0097,P024,2026-01-01,810.12,810.12,0.0,Processed
3306,FR0097,P024,2026-02-01,0.0,0.0,0.0,Processed
3307,FR0097,P024,2026-03-01,0.0,0.0,0.0,Processed
3308,FR0097,P024,2026-04-01,0.0,0.0,0.0,Processed
3309,FR0097,P024,2026-05-01,0.0,0.0,0.0,Processed
3310,FR0097,P024,2026-06-01,0.0,0.0,0.0,Processed
3311,FR0097,P024,2026-07-01,0.0,0.0,0.0,Processed
3312,FR0097,P003,2026-01-01,6385.67,6385.67,0.0,Processed
3313,FR0097,P003,2026-02-01,6034.22,6034.22,0.0,Processed
3314,FR0097,P003,2026-03-01,6489.61,12474.85,5985.24,Processed
3315,FR0097,P003,2026-04-01,6102.43,6102.43,0.0,Processed
3316,FR0097,P003,2026-05-01,5800.51,5800.51,0.0,Processed
3317,FR0097,P003,2026-06-01,5584.42,5584.42,0.0,Processed
3318,FR0097,P003,2026-07-01,5395.55,5395.55,0.0,Processed
3319,FR0097,P023,2026-01-01,1764.54,1764.54,0.0,Processed
3320,FR0097,P023,2026-02-01,1606.29,1606.29,0.0,Processed
3321,FR0097,P023,2026-03-01,1606.26,1606.26,0.0,Processed
3322,FR0097,P023,2026-04-01,1621.4,1621.4,0.0,Processed
3323,FR0097,P023,2026-05-01,1827.9,1827.9,0.0,Processed
3324,FR0097,P023,2026-06-01,1663.0,1663.0,0.0,Processed
3325,FR0097,P023,2026-07-01,1557.55,1557.55,0.0,Processed
3326,FR0097,P017,2026-01-01,5828.12,5828.12,0.0,Processed
3327,FR0097,P017,2026-02-01,5803.7,5803.7,0.0,Processed
3328,FR0097,P017,2026-03-01,5441.58,5441.58,0.0,Processed
3329,FR0097,P017,2026-04-01,6186.3,6186.3,0.0,Processed
3330,FR0097,P017,2026-05-01,5440.88,5440.88,0.0,Processed
3331,FR0097,P017,2026-06-01,5493.26,5493.26,0.0,Processed
3332,FR0097,P017,2026-07-01,6379.35,6379.35,0.0,Processed
3333,FR0097,P022,2026-01-01,0.0,0.0,0.0,Processed
3334,FR0097,P022,2026-02-01,0.0,0.0,0.0,Processed
3335,FR0097,P022,2026-03-01,0.0,0.0,0.0,Processed
3336,FR0097,P022,2026-04-01,0.0,0.0,0.0,Processed
3337,FR0097,P022,2026-05-01,0.0,0.0,0.0,Processed
3338,FR0097,P022,2026-06-01,0.0,0.0,0.0,Processed
3339,FR0097,P022,2026-07-01,0.0,0.0,0.0,Processed
3340,FR0098,P023,2026-01-01,2189.92,2189.92,0.0,Processed
3341,FR0098,P023,2026-02-01,2552.68,2552.68,0.0,Processed
3342,FR0098,P023,2026-03-01,2432.39,2432.39,0.0,Processed
3343,FR0098,P023,2026-04-01,2516.56,2516.56,0.0,Processed
3344,FR0098,P023,2026-05-01,2602.03,2602.03,0.0,Processed
3345,FR0098,P023,2026-06-01,2309.84,2309.84,0.0,Processed
3346,FR0098,P023,2026-07-01,2419.69,2419.69,0.0,Processed
3347,FR0098,P005,2026-01-01,1195.04,1195.04,0.0,Processed
3348,FR0098,P005,2026-02-01,7419.37,7419.37,0.0,Processed
3349,FR0098,P005,2026-03-01,1486.25,1486.25,0.0,Processed
3350,FR0098,P005,2026-04-01,1079.84,1079.84,0.0,Processed
3351,FR0098,P005,2026-05-01,2171.08,2171.08,0.0,Processed
3352,FR0098,P005,2026-06-01,1439.06,1439.06,0.0,Processed
3353,FR0098,P005,2026-07-01,1147.87,4040.13,2892.26,Processed
3354,FR0098,P001,2026-01-01,5318.48,5318.48,0.0,Processed
3355,FR0098,P001,2026-02-01,5349.08,5349.08,0.0,Processed
3356,FR0098,P001,2026-03-01,5089.06,5089.06,0.0,Processed
3357,FR0098,P001,2026-04-01,3970.72,3970.72,0.0,Processed
3358,FR0098,P001,2026-05-01,5529.43,5529.43,0.0,Processed
3359,FR0098,P001,2026-06-01,3924.55,3924.55,0.0,Processed
3360,FR0098,P001,2026-07-01,4828.45,4828.45,0.0,Processed
3361,FR0098,P014,2026-01-01,3396.54,3396.54,0.0,Processed
3362,FR0098,P014,2026-02-01,3442.53,3442.53,0.0,Processed
3363,FR0098,P014,2026-03-01,3863.86,3863.86,0.0,Processed
3364,FR0098,P014,2026-04-01,3610.14,3610.14,0.0,Processed
3365,FR0098,P014,2026-05-01,3371.68,3371.68,0.0,Processed
3366,FR0098,P014,2026-06-01,3795.21,3795.21,0.0,Processed
3367,FR0098,P014,2026-07-01,3424.0,3424.0,0.0,Processed
3368,FR0099,P001,2026-01-01,2391.73,2391.73,0.0,Processed
3369,FR0099,P001,2026-02-01,1640.33,1640.33,0.0,Processed
3370,FR0099,P001,2026-03-01,2310.62,2310.62,0.0,Processed
3371,FR0099,P001,2026-04-01,1647.19,1647.19,0.0,Processed
3372,FR0099,P001,2026-05-01,1812.58,1812.58,0.0,Processed
3373,FR0099,P001,2026-06-01,1318.49,1318.49,0.0,Processed
3374,FR0099,P001,2026-07-01,1500.79,1500.79,0.0,Processed
3375,FR0099,P008,2026-01-01,3468.15,3468.15,0.0,Processed
3376,FR0099,P008,2026-02-01,3176.31,3176.31,0.0,Processed
3377,FR0099,P008,2026-03-01,3819.96,3819.96,0.0,Processed
3378,FR0099,P008,2026-04-01,3644.77,3644.77,0.0,Processed
3379,FR0099,P008,2026-05-01,7111.91,7111.91,0.0,Processed
3380,FR0099,P008,2026-06-01,3523.49,3523.49,0.0,Processed
3381,FR0099,P008,2026-07-01,3885.98,3885.98,0.0,Processed
3382,FR0099,P005,2026-01-01,2928.06,2928.06,0.0,Processed
3383,FR0099,P005,2026-02-01,2977.0,2977.0,0.0,Processed
3384,FR0099,P005,2026-03-01,1982.7,1982.7,0.0,Processed
3385,FR0099,P005,2026-04-01,1477.57,1477.57,0.0,Processed
3386,FR0099,P005,2026-05-01,2446.87,2446.87,0.0,Processed
3387,FR0099,P005,2026-06-01,2528.72,2528.72,0.0,Processed
3388,FR0099,P005,2026-07-01,1762.39,1762.39,0.0,Processed
3389,FR0099,P027,2026-01-01,1908.04,1908.04,0.0,Processed
3390,FR0099,P027,2026-02-01,0.0,7477.49,7477.49,Processed
3391,FR0099,P027,2026-03-01,0.0,0.0,0.0,Processed
3392,FR0099,P027,2026-04-01,0.0,0.0,0.0,Processed
3393,FR0099,P027,2026-05-01,0.0,0.0,0.0,Processed
3394,FR0099,P027,2026-06-01,0.0,0.0,0.0,Processed
3395,FR0099,P027,2026-07-01,0.0,0.0,0.0,Processed
3396,FR0099,P003,2026-01-01,9853.99,9853.99,0.0,Processed
3397,FR0099,P003,2026-02-01,5798.69,5798.69,0.0,Processed
3398,FR0099,P003,2026-03-01,5278.79,5278.79,0.0,Processed
3399,FR0099,P003,2026-04-01,5597.88,5597.88,0.0,Processed
3400,FR0099,P003,2026-05-01,5275.31,5275.31,0.0,Processed
3401,FR0099,P003,2026-06-01,5715.14,5715.14,0.0,Processed
3402,FR0099,P003,2026-07-01,5860.41,5860.41,0.0,Processed
3403,FR0099,P015,2026-01-01,203.13,203.13,0.0,Processed
3404,FR0099,P015,2026-02-01,91.63,91.63,0.0,Processed
3405,FR0099,P015,2026-03-01,0.0,0.0,0.0,Processed
3406,FR0099,P015,2026-04-01,0.0,0.0,0.0,Processed
3407,FR0099,P015,2026-05-01,209.86,209.86,0.0,Processed
3408,FR0099,P015,2026-06-01,169.6,169.6,0.0,Processed
3409,FR0099,P015,2026-07-01,0.0,0.0,0.0,Processed
3410,FR0099,P025,2026-01-01,10226.73,10226.73,0.0,Processed
3411,FR0099,P025,2026-02-01,9798.65,9798.65,0.0,Processed
3412,FR0099,P025,2026-03-01,10502.66,10502.66,0.0,Processed
3413,FR0099,P025,2026-04-01,12108.16,12108.16,0.0,Processed
3414,FR0099,P025,2026-05-01,10578.12,10578.12,0.0,Processed
3415,FR0099,P025,2026-06-01,11620.65,11620.65,0.0,Processed
3416,FR0099,P025,2026-07-01,11946.26,11946.26,0.0,Processed
3417,FR0100,P022,2026-01-01,0.0,0.0,0.0,Processed
3418,FR0100,P022,2026-02-01,0.0,0.0,0.0,Processed
3419,FR0100,P022,2026-03-01,0.0,0.0,0.0,Processed
3420,FR0100,P022,2026-04-01,0.0,0.0,0.0,Processed
3421,FR0100,P022,2026-05-01,0.0,0.0,0.0,Processed
3422,FR0100,P022,2026-06-01,0.0,0.0,0.0,Processed
3423,FR0100,P022,2026-07-01,0.0,0.0,0.0,Processed
3424,FR0100,P026,2026-01-01,0.0,0.0,0.0,Processed
3425,FR0100,P026,2026-02-01,0.0,0.0,0.0,Processed
3426,FR0100,P026,2026-03-01,0.0,0.0,0.0,Processed
3427,FR0100,P026,2026-04-01,2125.88,2125.88,0.0,Processed
3428,FR0100,P026,2026-05-01,0.0,0.0,0.0,Processed
3429,FR0100,P026,2026-06-01,0.0,0.0,0.0,Processed
3430,FR0100,P026,2026-07-01,0.0,0.0,0.0,Processed
3431,FR0100,P008,2026-01-01,5167.7,5167.7,0.0,Processed
3432,FR0100,P008,2026-02-01,5847.92,5847.92,0.0,Processed
3433,FR0100,P008,2026-03-01,6101.87,6101.87,0.0,Processed
3434,FR0100,P008,2026-04-01,5142.17,5142.17,0.0,Processed
3435,FR0100,P008,2026-05-01,5417.61,5417.61,0.0,Processed
3436,FR0100,P008,2026-06-01,5283.11,5283.11,0.0,Processed
3437,FR0100,P008,2026-07-01,5296.79,5296.79,0.0,Processed
3438,FR0100,P014,2026-01-01,2980.88,2980.88,0.0,Processed
3439,FR0100,P014,2026-02-01,2759.19,2759.19,0.0,Processed
3440,FR0100,P014,2026-03-01,2824.06,2824.06,0.0,Processed
3441,FR0100,P014,2026-04-01,3006.82,3006.82,0.0,Processed
3442,FR0100,P014,2026-05-01,2580.44,2580.44,0.0,Processed
3443,FR0100,P014,2026-06-01,2742.66,2742.66,0.0,Processed
3444,FR0100,P014,2026-07-01,6630.86,11217.88,4587.02,Processed
3445,FR0100,P017,2026-01-01,6635.4,6635.4,0.0,Processed
3446,FR0100,P017,2026-02-01,6142.54,6142.54,0.0,Processed
3447,FR0100,P017,2026-03-01,5816.65,5816.65,0.0,Processed
3448,FR0100,P017,2026-04-01,6269.62,6269.62,0.0,Processed
3449,FR0100,P017,2026-05-01,5735.6,5735.6,0.0,Processed
3450,FR0100,P017,2026-06-01,5785.16,5785.16,0.0,Processed
3451,FR0100,P017,2026-07-01,6614.26,6614.26,0.0,Processed
3452,FR0100,P027,2026-01-01,241.24,241.24,0.0,Processed
3453,FR0100,P027,2026-02-01,347.43,347.43,0.0,Processed
3454,FR0100,P027,2026-03-01,579.13,579.13,0.0,Processed
3455,FR0100,P027,2026-04-01,0.0,0.0,0.0,Processed
3456,FR0100,P027,2026-05-01,386.95,386.95,0.0,Processed
3457,FR0100,P027,2026-06-01,256.19,256.19,0.0,Processed
3458,FR0100,P027,2026-07-01,271.6,271.6,0.0,Processed
3459,FR0100,P028,2026-01-01,1396.98,1396.98,0.0,Processed
3460,FR0100,P028,2026-02-01,1388.79,1388.79,0.0,Processed
3461,FR0100,P028,2026-03-01,1732.88,1732.88,0.0,Processed
3462,FR0100,P028,2026-04-01,2003.67,2003.67,0.0,Processed
3463,FR0100,P028,2026-05-01,1552.36,1552.36,0.0,Processed
3464,FR0100,P028,2026-06-01,1796.33,1796.33,0.0,Processed
3465,FR0100,P028,2026-07-01,1952.18,1952.18,0.0,Processed
